stem,dose,blur,tilt,iou,condition,arch,model
00001,20,0.0,0.0,0.8706793802145412,no_n2v,AtomSegNet,AtomSegNet no_n2v
00001,20,0.0,0.1,0.8500583430571762,no_n2v,AtomSegNet,AtomSegNet no_n2v
00001,20,0.0,0.25,0.8485200232153222,no_n2v,AtomSegNet,AtomSegNet no_n2v
00001,20,1.0,0.0,0.8902077151335311,no_n2v,AtomSegNet,AtomSegNet no_n2v
00001,20,1.0,0.1,0.875725900116144,no_n2v,AtomSegNet,AtomSegNet no_n2v
00001,20,1.0,0.25,0.8635568513119534,no_n2v,AtomSegNet,AtomSegNet no_n2v
00001,20,2.0,0.0,0.8761627906976744,no_n2v,AtomSegNet,AtomSegNet no_n2v
00001,20,2.0,0.1,0.8683602771362586,no_n2v,AtomSegNet,AtomSegNet no_n2v
00001,20,2.0,0.25,0.8524027459954233,no_n2v,AtomSegNet,AtomSegNet no_n2v
00001,50,0.0,0.0,0.877624475104979,no_n2v,AtomSegNet,AtomSegNet no_n2v
00001,50,0.0,0.1,0.8704142011834319,no_n2v,AtomSegNet,AtomSegNet no_n2v
00001,50,0.0,0.25,0.8590203106332138,no_n2v,AtomSegNet,AtomSegNet no_n2v
00001,50,1.0,0.0,0.8747753145596165,no_n2v,AtomSegNet,AtomSegNet no_n2v
00001,50,1.0,0.1,0.8683589138134593,no_n2v,AtomSegNet,AtomSegNet no_n2v
00001,50,1.0,0.25,0.8490230905861457,no_n2v,AtomSegNet,AtomSegNet no_n2v
00001,50,2.0,0.0,0.88562874251497,no_n2v,AtomSegNet,AtomSegNet no_n2v
00001,50,2.0,0.1,0.8790887850467289,no_n2v,AtomSegNet,AtomSegNet no_n2v
00001,50,2.0,0.25,0.8601645123384254,no_n2v,AtomSegNet,AtomSegNet no_n2v
00001,200,0.0,0.0,0.8813253012048192,no_n2v,AtomSegNet,AtomSegNet no_n2v
00001,200,0.0,0.1,0.8794536817102138,no_n2v,AtomSegNet,AtomSegNet no_n2v
00001,200,0.0,0.25,0.8683574879227053,no_n2v,AtomSegNet,AtomSegNet no_n2v
00001,200,1.0,0.0,0.8804086538461539,no_n2v,AtomSegNet,AtomSegNet no_n2v
00001,200,1.0,0.1,0.8732311320754716,no_n2v,AtomSegNet,AtomSegNet no_n2v
00001,200,1.0,0.25,0.8750750750750751,no_n2v,AtomSegNet,AtomSegNet no_n2v
00001,200,2.0,0.0,0.8873740367516301,no_n2v,AtomSegNet,AtomSegNet no_n2v
00001,200,2.0,0.1,0.8768873403019745,no_n2v,AtomSegNet,AtomSegNet no_n2v
00001,200,2.0,0.25,0.8684054534676942,no_n2v,AtomSegNet,AtomSegNet no_n2v
00001,1000,0.0,0.0,0.8837068443367656,no_n2v,AtomSegNet,AtomSegNet no_n2v
00001,1000,0.0,0.1,0.8802858844550328,no_n2v,AtomSegNet,AtomSegNet no_n2v
00001,1000,0.0,0.25,0.8739445114595898,no_n2v,AtomSegNet,AtomSegNet no_n2v
00001,1000,1.0,0.0,0.8834541062801933,no_n2v,AtomSegNet,AtomSegNet no_n2v
00001,1000,1.0,0.1,0.8880285884455033,no_n2v,AtomSegNet,AtomSegNet no_n2v
00001,1000,1.0,0.25,0.8758288125376733,no_n2v,AtomSegNet,AtomSegNet no_n2v
00001,1000,2.0,0.0,0.8907462686567165,no_n2v,AtomSegNet,AtomSegNet no_n2v
00001,1000,2.0,0.1,0.8818713450292398,no_n2v,AtomSegNet,AtomSegNet no_n2v
00001,1000,2.0,0.25,0.8782816229116945,no_n2v,AtomSegNet,AtomSegNet no_n2v
00004,20,0.0,0.0,0.8870192307692307,no_n2v,AtomSegNet,AtomSegNet no_n2v
00004,20,0.0,0.1,0.8698190309398716,no_n2v,AtomSegNet,AtomSegNet no_n2v
00004,20,0.0,0.25,0.8808259587020649,no_n2v,AtomSegNet,AtomSegNet no_n2v
00004,20,1.0,0.0,0.8949579831932774,no_n2v,AtomSegNet,AtomSegNet no_n2v
00004,20,1.0,0.1,0.8960807600950119,no_n2v,AtomSegNet,AtomSegNet no_n2v
00004,20,1.0,0.25,0.9008313539192399,no_n2v,AtomSegNet,AtomSegNet no_n2v
00004,20,2.0,0.0,0.9043634190077705,no_n2v,AtomSegNet,AtomSegNet no_n2v
00004,20,2.0,0.1,0.8725099601593626,no_n2v,AtomSegNet,AtomSegNet no_n2v
00004,20,2.0,0.25,0.8834319526627219,no_n2v,AtomSegNet,AtomSegNet no_n2v
00004,50,0.0,0.0,0.8835946924004825,no_n2v,AtomSegNet,AtomSegNet no_n2v
00004,50,0.0,0.1,0.8901492537313432,no_n2v,AtomSegNet,AtomSegNet no_n2v
00004,50,0.0,0.25,0.8966346153846154,no_n2v,AtomSegNet,AtomSegNet no_n2v
00004,50,1.0,0.0,0.891500904159132,no_n2v,AtomSegNet,AtomSegNet no_n2v
00004,50,1.0,0.1,0.8918439716312057,no_n2v,AtomSegNet,AtomSegNet no_n2v
00004,50,1.0,0.25,0.8869617224880383,no_n2v,AtomSegNet,AtomSegNet no_n2v
00004,50,2.0,0.0,0.8948626045400239,no_n2v,AtomSegNet,AtomSegNet no_n2v
00004,50,2.0,0.1,0.8976470588235295,no_n2v,AtomSegNet,AtomSegNet no_n2v
00004,50,2.0,0.25,0.8969010727056019,no_n2v,AtomSegNet,AtomSegNet no_n2v
00004,200,0.0,0.0,0.8834541062801933,no_n2v,AtomSegNet,AtomSegNet no_n2v
00004,200,0.0,0.1,0.9032451923076923,no_n2v,AtomSegNet,AtomSegNet no_n2v
00004,200,0.0,0.25,0.887409200968523,no_n2v,AtomSegNet,AtomSegNet no_n2v
00004,200,1.0,0.0,0.8829209414604707,no_n2v,AtomSegNet,AtomSegNet no_n2v
00004,200,1.0,0.1,0.9027611044417767,no_n2v,AtomSegNet,AtomSegNet no_n2v
00004,200,1.0,0.25,0.8907004830917874,no_n2v,AtomSegNet,AtomSegNet no_n2v
00004,200,2.0,0.0,0.8924088463837417,no_n2v,AtomSegNet,AtomSegNet no_n2v
00004,200,2.0,0.1,0.908982748364069,no_n2v,AtomSegNet,AtomSegNet no_n2v
00004,200,2.0,0.25,0.8917464114832536,no_n2v,AtomSegNet,AtomSegNet no_n2v
00004,1000,0.0,0.0,0.884312537855845,no_n2v,AtomSegNet,AtomSegNet no_n2v
00004,1000,0.0,0.1,0.9052504526252263,no_n2v,AtomSegNet,AtomSegNet no_n2v
00004,1000,0.0,0.25,0.8907103825136612,no_n2v,AtomSegNet,AtomSegNet no_n2v
00004,1000,1.0,0.0,0.8876132930513595,no_n2v,AtomSegNet,AtomSegNet no_n2v
00004,1000,1.0,0.1,0.908433734939759,no_n2v,AtomSegNet,AtomSegNet no_n2v
00004,1000,1.0,0.25,0.8914493632504549,no_n2v,AtomSegNet,AtomSegNet no_n2v
00004,1000,2.0,0.0,0.8970059880239521,no_n2v,AtomSegNet,AtomSegNet no_n2v
00004,1000,2.0,0.1,0.9105545617173524,no_n2v,AtomSegNet,AtomSegNet no_n2v
00004,1000,2.0,0.25,0.8984984984984985,no_n2v,AtomSegNet,AtomSegNet no_n2v
00011,20,0.0,0.0,0.9131754705525197,no_n2v,AtomSegNet,AtomSegNet no_n2v
00011,20,0.0,0.1,0.8928571428571429,no_n2v,AtomSegNet,AtomSegNet no_n2v
00011,20,0.0,0.25,0.9134844868735084,no_n2v,AtomSegNet,AtomSegNet no_n2v
00011,20,1.0,0.0,0.8987951807228916,no_n2v,AtomSegNet,AtomSegNet no_n2v
00011,20,1.0,0.1,0.9042806183115338,no_n2v,AtomSegNet,AtomSegNet no_n2v
00011,20,1.0,0.25,0.9115523465703971,no_n2v,AtomSegNet,AtomSegNet no_n2v
00011,20,2.0,0.0,0.917420132610006,no_n2v,AtomSegNet,AtomSegNet no_n2v
00011,20,2.0,0.1,0.9056047197640118,no_n2v,AtomSegNet,AtomSegNet no_n2v
00011,20,2.0,0.25,0.9220855301698887,no_n2v,AtomSegNet,AtomSegNet no_n2v
00011,50,0.0,0.0,0.9068776628119294,no_n2v,AtomSegNet,AtomSegNet no_n2v
00011,50,0.0,0.1,0.9038231780167264,no_n2v,AtomSegNet,AtomSegNet no_n2v
00011,50,0.0,0.25,0.8963007883565798,no_n2v,AtomSegNet,AtomSegNet no_n2v
00011,50,1.0,0.0,0.908429351121892,no_n2v,AtomSegNet,AtomSegNet no_n2v
00011,50,1.0,0.1,0.9199759326113117,no_n2v,AtomSegNet,AtomSegNet no_n2v
00011,50,1.0,0.25,0.8927710843373494,no_n2v,AtomSegNet,AtomSegNet no_n2v
00011,50,2.0,0.0,0.9226118500604595,no_n2v,AtomSegNet,AtomSegNet no_n2v
00011,50,2.0,0.1,0.9146413752222881,no_n2v,AtomSegNet,AtomSegNet no_n2v
00011,50,2.0,0.25,0.907618476304739,no_n2v,AtomSegNet,AtomSegNet no_n2v
00011,200,0.0,0.0,0.9048780487804878,no_n2v,AtomSegNet,AtomSegNet no_n2v
00011,200,0.0,0.1,0.9164142943670502,no_n2v,AtomSegNet,AtomSegNet no_n2v
00011,200,0.0,0.25,0.8876678876678876,no_n2v,AtomSegNet,AtomSegNet no_n2v
00011,200,1.0,0.0,0.9110840438489647,no_n2v,AtomSegNet,AtomSegNet no_n2v
00011,200,1.0,0.1,0.9170702179176755,no_n2v,AtomSegNet,AtomSegNet no_n2v
00011,200,1.0,0.25,0.8904443091905052,no_n2v,AtomSegNet,AtomSegNet no_n2v
00011,200,2.0,0.0,0.9261053906723198,no_n2v,AtomSegNet,AtomSegNet no_n2v
00011,200,2.0,0.1,0.9187089061566049,no_n2v,AtomSegNet,AtomSegNet no_n2v
00011,200,2.0,0.25,0.8950542822677925,no_n2v,AtomSegNet,AtomSegNet no_n2v
00011,1000,0.0,0.0,0.9034819792302994,no_n2v,AtomSegNet,AtomSegNet no_n2v
00011,1000,0.0,0.1,0.9177330895795247,no_n2v,AtomSegNet,AtomSegNet no_n2v
00011,1000,0.0,0.25,0.89119804400978,no_n2v,AtomSegNet,AtomSegNet no_n2v
00011,1000,1.0,0.0,0.9097010372178157,no_n2v,AtomSegNet,AtomSegNet no_n2v
00011,1000,1.0,0.1,0.9163636363636364,no_n2v,AtomSegNet,AtomSegNet no_n2v
00011,1000,1.0,0.25,0.8934226552984166,no_n2v,AtomSegNet,AtomSegNet no_n2v
00011,1000,2.0,0.0,0.9245283018867925,no_n2v,AtomSegNet,AtomSegNet no_n2v
00011,1000,2.0,0.1,0.9225690276110444,no_n2v,AtomSegNet,AtomSegNet no_n2v
00011,1000,2.0,0.25,0.8976377952755905,no_n2v,AtomSegNet,AtomSegNet no_n2v
00018,20,0.0,0.0,0.8946752486834406,no_n2v,AtomSegNet,AtomSegNet no_n2v
00018,20,0.0,0.1,0.8932153392330383,no_n2v,AtomSegNet,AtomSegNet no_n2v
00018,20,0.0,0.25,0.8773255813953489,no_n2v,AtomSegNet,AtomSegNet no_n2v
00018,20,1.0,0.0,0.9010663507109005,no_n2v,AtomSegNet,AtomSegNet no_n2v
00018,20,1.0,0.1,0.8996394230769231,no_n2v,AtomSegNet,AtomSegNet no_n2v
00018,20,1.0,0.25,0.8912280701754386,no_n2v,AtomSegNet,AtomSegNet no_n2v
00018,20,2.0,0.0,0.9140670982931136,no_n2v,AtomSegNet,AtomSegNet no_n2v
00018,20,2.0,0.1,0.8740524781341108,no_n2v,AtomSegNet,AtomSegNet no_n2v
00018,20,2.0,0.25,0.8802325581395349,no_n2v,AtomSegNet,AtomSegNet no_n2v
00018,50,0.0,0.0,0.9065533980582524,no_n2v,AtomSegNet,AtomSegNet no_n2v
00018,50,0.0,0.1,0.9148550724637681,no_n2v,AtomSegNet,AtomSegNet no_n2v
00018,50,0.0,0.25,0.8912655971479501,no_n2v,AtomSegNet,AtomSegNet no_n2v
00018,50,1.0,0.0,0.8915876777251185,no_n2v,AtomSegNet,AtomSegNet no_n2v
00018,50,1.0,0.1,0.8976520168573149,no_n2v,AtomSegNet,AtomSegNet no_n2v
00018,50,1.0,0.25,0.8949554896142433,no_n2v,AtomSegNet,AtomSegNet no_n2v
00018,50,2.0,0.0,0.8751472320376914,no_n2v,AtomSegNet,AtomSegNet no_n2v
00018,50,2.0,0.1,0.899643705463183,no_n2v,AtomSegNet,AtomSegNet no_n2v
00018,50,2.0,0.25,0.8869822485207101,no_n2v,AtomSegNet,AtomSegNet no_n2v
00018,200,0.0,0.0,0.9047037263286499,no_n2v,AtomSegNet,AtomSegNet no_n2v
00018,200,0.0,0.1,0.8874617737003058,no_n2v,AtomSegNet,AtomSegNet no_n2v
00018,200,0.0,0.25,0.8941318814277072,no_n2v,AtomSegNet,AtomSegNet no_n2v
00018,200,1.0,0.0,0.9077669902912622,no_n2v,AtomSegNet,AtomSegNet no_n2v
00018,200,1.0,0.1,0.882280809319436,no_n2v,AtomSegNet,AtomSegNet no_n2v
00018,200,1.0,0.25,0.8894259818731118,no_n2v,AtomSegNet,AtomSegNet no_n2v
00018,200,2.0,0.0,0.9143897996357013,no_n2v,AtomSegNet,AtomSegNet no_n2v
00018,200,2.0,0.1,0.9029896278218426,no_n2v,AtomSegNet,AtomSegNet no_n2v
00018,200,2.0,0.25,0.8933493109646495,no_n2v,AtomSegNet,AtomSegNet no_n2v
00018,1000,0.0,0.0,0.8966360856269113,no_n2v,AtomSegNet,AtomSegNet no_n2v
00018,1000,0.0,0.1,0.8882750153468385,no_n2v,AtomSegNet,AtomSegNet no_n2v
00018,1000,0.0,0.25,0.888346552776083,no_n2v,AtomSegNet,AtomSegNet no_n2v
00018,1000,1.0,0.0,0.906934306569343,no_n2v,AtomSegNet,AtomSegNet no_n2v
00018,1000,1.0,0.1,0.8902513795217658,no_n2v,AtomSegNet,AtomSegNet no_n2v
00018,1000,1.0,0.25,0.8940316686967114,no_n2v,AtomSegNet,AtomSegNet no_n2v
00018,1000,2.0,0.0,0.914752116082225,no_n2v,AtomSegNet,AtomSegNet no_n2v
00018,1000,2.0,0.1,0.9,no_n2v,AtomSegNet,AtomSegNet no_n2v
00018,1000,2.0,0.25,0.8984894259818731,no_n2v,AtomSegNet,AtomSegNet no_n2v
00021,20,0.0,0.0,0.8870090634441088,no_n2v,AtomSegNet,AtomSegNet no_n2v
00021,20,0.0,0.1,0.8584905660377359,no_n2v,AtomSegNet,AtomSegNet no_n2v
00021,20,0.0,0.25,0.8634772462077013,no_n2v,AtomSegNet,AtomSegNet no_n2v
00021,20,1.0,0.0,0.9066100667070952,no_n2v,AtomSegNet,AtomSegNet no_n2v
00021,20,1.0,0.1,0.8516166281755196,no_n2v,AtomSegNet,AtomSegNet no_n2v
00021,20,1.0,0.25,0.8530942741469058,no_n2v,AtomSegNet,AtomSegNet no_n2v
00021,20,2.0,0.0,0.8946121965660154,no_n2v,AtomSegNet,AtomSegNet no_n2v
00021,20,2.0,0.1,0.8583765112262521,no_n2v,AtomSegNet,AtomSegNet no_n2v
00021,20,2.0,0.25,0.8380403458213257,no_n2v,AtomSegNet,AtomSegNet no_n2v
00021,50,0.0,0.0,0.8904358353510896,no_n2v,AtomSegNet,AtomSegNet no_n2v
00021,50,0.0,0.1,0.8710821998817267,no_n2v,AtomSegNet,AtomSegNet no_n2v
00021,50,0.0,0.25,0.8422287390029326,no_n2v,AtomSegNet,AtomSegNet no_n2v
00021,50,1.0,0.0,0.895946763460375,no_n2v,AtomSegNet,AtomSegNet no_n2v
00021,50,1.0,0.1,0.8660818713450292,no_n2v,AtomSegNet,AtomSegNet no_n2v
00021,50,1.0,0.25,0.8463785046728972,no_n2v,AtomSegNet,AtomSegNet no_n2v
00021,50,2.0,0.0,0.9073405535499398,no_n2v,AtomSegNet,AtomSegNet no_n2v
00021,50,2.0,0.1,0.8663967611336032,no_n2v,AtomSegNet,AtomSegNet no_n2v
00021,50,2.0,0.25,0.8473592571096924,no_n2v,AtomSegNet,AtomSegNet no_n2v
00021,200,0.0,0.0,0.8860450944546009,no_n2v,AtomSegNet,AtomSegNet no_n2v
00021,200,0.0,0.1,0.8764044943820225,no_n2v,AtomSegNet,AtomSegNet no_n2v
00021,200,0.0,0.25,0.8521377672209026,no_n2v,AtomSegNet,AtomSegNet no_n2v
00021,200,1.0,0.0,0.8939670932358318,no_n2v,AtomSegNet,AtomSegNet no_n2v
00021,200,1.0,0.1,0.8805882352941177,no_n2v,AtomSegNet,AtomSegNet no_n2v
00021,200,1.0,0.25,0.85,no_n2v,AtomSegNet,AtomSegNet no_n2v
00021,200,2.0,0.0,0.9096969696969697,no_n2v,AtomSegNet,AtomSegNet no_n2v
00021,200,2.0,0.1,0.8857644991212654,no_n2v,AtomSegNet,AtomSegNet no_n2v
00021,200,2.0,0.25,0.8664323374340949,no_n2v,AtomSegNet,AtomSegNet no_n2v
00021,1000,0.0,0.0,0.8900427611484423,no_n2v,AtomSegNet,AtomSegNet no_n2v
00021,1000,0.0,0.1,0.8771513353115727,no_n2v,AtomSegNet,AtomSegNet no_n2v
00021,1000,0.0,0.25,0.857397504456328,no_n2v,AtomSegNet,AtomSegNet no_n2v
00021,1000,1.0,0.0,0.8907203907203908,no_n2v,AtomSegNet,AtomSegNet no_n2v
00021,1000,1.0,0.1,0.8861885002963841,no_n2v,AtomSegNet,AtomSegNet no_n2v
00021,1000,1.0,0.25,0.8564650059311981,no_n2v,AtomSegNet,AtomSegNet no_n2v
00021,1000,2.0,0.0,0.8987265009096422,no_n2v,AtomSegNet,AtomSegNet no_n2v
00021,1000,2.0,0.1,0.8917010005885815,no_n2v,AtomSegNet,AtomSegNet no_n2v
00021,1000,2.0,0.25,0.8600944510035419,no_n2v,AtomSegNet,AtomSegNet no_n2v
00024,20,0.0,0.0,0.9103244837758112,no_n2v,AtomSegNet,AtomSegNet no_n2v
00024,20,0.0,0.1,0.8477905073649754,no_n2v,AtomSegNet,AtomSegNet no_n2v
00024,20,0.0,0.25,0.934949733885275,no_n2v,AtomSegNet,AtomSegNet no_n2v
00024,20,1.0,0.0,0.8573788546255506,no_n2v,AtomSegNet,AtomSegNet no_n2v
00024,20,1.0,0.1,0.9244837758112094,no_n2v,AtomSegNet,AtomSegNet no_n2v
00024,20,1.0,0.25,0.9187425860023725,no_n2v,AtomSegNet,AtomSegNet no_n2v
00024,20,2.0,0.0,0.9169087739686229,no_n2v,AtomSegNet,AtomSegNet no_n2v
00024,20,2.0,0.1,0.9150668993600931,no_n2v,AtomSegNet,AtomSegNet no_n2v
00024,20,2.0,0.25,0.8555368184373243,no_n2v,AtomSegNet,AtomSegNet no_n2v
00024,50,0.0,0.0,0.8662169758291175,no_n2v,AtomSegNet,AtomSegNet no_n2v
00024,50,0.0,0.1,0.8140756302521008,no_n2v,AtomSegNet,AtomSegNet no_n2v
00024,50,0.0,0.25,0.7740760020822488,no_n2v,AtomSegNet,AtomSegNet no_n2v
00024,50,1.0,0.0,0.74784276126558,no_n2v,AtomSegNet,AtomSegNet no_n2v
00024,50,1.0,0.1,0.8579264947888097,no_n2v,AtomSegNet,AtomSegNet no_n2v
00024,50,1.0,0.25,0.8703488372093023,no_n2v,AtomSegNet,AtomSegNet no_n2v
00024,50,2.0,0.0,0.8520518358531317,no_n2v,AtomSegNet,AtomSegNet no_n2v
00024,50,2.0,0.1,0.8844192634560907,no_n2v,AtomSegNet,AtomSegNet no_n2v
00024,50,2.0,0.25,0.8831092928112215,no_n2v,AtomSegNet,AtomSegNet no_n2v
00024,200,0.0,0.0,0.772523643603783,no_n2v,AtomSegNet,AtomSegNet no_n2v
00024,200,0.0,0.1,0.7142857142857143,no_n2v,AtomSegNet,AtomSegNet no_n2v
00024,200,0.0,0.25,0.8056460369163952,no_n2v,AtomSegNet,AtomSegNet no_n2v
00024,200,1.0,0.0,0.735653809971778,no_n2v,AtomSegNet,AtomSegNet no_n2v
00024,200,1.0,0.1,0.75,no_n2v,AtomSegNet,AtomSegNet no_n2v
00024,200,1.0,0.25,0.8942891859052248,no_n2v,AtomSegNet,AtomSegNet no_n2v
00024,200,2.0,0.0,0.8424693986162852,no_n2v,AtomSegNet,AtomSegNet no_n2v
00024,200,2.0,0.1,0.7503593675131768,no_n2v,AtomSegNet,AtomSegNet no_n2v
00024,200,2.0,0.25,0.8377630121816169,no_n2v,AtomSegNet,AtomSegNet no_n2v
00024,1000,0.0,0.0,0.7108597285067874,no_n2v,AtomSegNet,AtomSegNet no_n2v
00024,1000,0.0,0.1,0.7029702970297029,no_n2v,AtomSegNet,AtomSegNet no_n2v
00024,1000,0.0,0.25,0.7731221257026061,no_n2v,AtomSegNet,AtomSegNet no_n2v
00024,1000,1.0,0.0,0.7139629462268414,no_n2v,AtomSegNet,AtomSegNet no_n2v
00024,1000,1.0,0.1,0.6812852800694746,no_n2v,AtomSegNet,AtomSegNet no_n2v
00024,1000,1.0,0.25,0.7830334190231363,no_n2v,AtomSegNet,AtomSegNet no_n2v
00024,1000,2.0,0.0,0.6988214753382802,no_n2v,AtomSegNet,AtomSegNet no_n2v
00024,1000,2.0,0.1,0.7137096774193549,no_n2v,AtomSegNet,AtomSegNet no_n2v
00024,1000,2.0,0.25,0.7876782077393075,no_n2v,AtomSegNet,AtomSegNet no_n2v
00030,20,0.0,0.0,0.8880192655027093,no_n2v,AtomSegNet,AtomSegNet no_n2v
00030,20,0.0,0.1,0.8896065766294774,no_n2v,AtomSegNet,AtomSegNet no_n2v
00030,20,0.0,0.25,0.8633686690223793,no_n2v,AtomSegNet,AtomSegNet no_n2v
00030,20,1.0,0.0,0.8920557913887205,no_n2v,AtomSegNet,AtomSegNet no_n2v
00030,20,1.0,0.1,0.8786264061574897,no_n2v,AtomSegNet,AtomSegNet no_n2v
00030,20,1.0,0.25,0.8760330578512396,no_n2v,AtomSegNet,AtomSegNet no_n2v
00030,20,2.0,0.0,0.901877649909146,no_n2v,AtomSegNet,AtomSegNet no_n2v
00030,20,2.0,0.1,0.8923346986541837,no_n2v,AtomSegNet,AtomSegNet no_n2v
00030,20,2.0,0.25,0.861046511627907,no_n2v,AtomSegNet,AtomSegNet no_n2v
00030,50,0.0,0.0,0.8793939393939394,no_n2v,AtomSegNet,AtomSegNet no_n2v
00030,50,0.0,0.1,0.8977272727272727,no_n2v,AtomSegNet,AtomSegNet no_n2v
00030,50,0.0,0.25,0.8724672228843862,no_n2v,AtomSegNet,AtomSegNet no_n2v
00030,50,1.0,0.0,0.8888213851761847,no_n2v,AtomSegNet,AtomSegNet no_n2v
00030,50,1.0,0.1,0.8826650943396226,no_n2v,AtomSegNet,AtomSegNet no_n2v
00030,50,1.0,0.25,0.8781512605042017,no_n2v,AtomSegNet,AtomSegNet no_n2v
00030,50,2.0,0.0,0.9042745334136063,no_n2v,AtomSegNet,AtomSegNet no_n2v
00030,50,2.0,0.1,0.8909090909090909,no_n2v,AtomSegNet,AtomSegNet no_n2v
00030,50,2.0,0.25,0.8814159292035398,no_n2v,AtomSegNet,AtomSegNet no_n2v
00030,200,0.0,0.0,0.8879415347137637,no_n2v,AtomSegNet,AtomSegNet no_n2v
00030,200,0.0,0.1,0.8999400838825644,no_n2v,AtomSegNet,AtomSegNet no_n2v
00030,200,0.0,0.25,0.8751507840772015,no_n2v,AtomSegNet,AtomSegNet no_n2v
00030,200,1.0,0.0,0.8928136419001218,no_n2v,AtomSegNet,AtomSegNet no_n2v
00030,200,1.0,0.1,0.90311004784689,no_n2v,AtomSegNet,AtomSegNet no_n2v
00030,200,1.0,0.25,0.874251497005988,no_n2v,AtomSegNet,AtomSegNet no_n2v
00030,200,2.0,0.0,0.9039855072463768,no_n2v,AtomSegNet,AtomSegNet no_n2v
00030,200,2.0,0.1,0.9004711425206124,no_n2v,AtomSegNet,AtomSegNet no_n2v
00030,200,2.0,0.25,0.887106357694593,no_n2v,AtomSegNet,AtomSegNet no_n2v
00030,1000,0.0,0.0,0.886919315403423,no_n2v,AtomSegNet,AtomSegNet no_n2v
00030,1000,0.0,0.1,0.9038461538461539,no_n2v,AtomSegNet,AtomSegNet no_n2v
00030,1000,0.0,0.25,0.8752260397830018,no_n2v,AtomSegNet,AtomSegNet no_n2v
00030,1000,1.0,0.0,0.8951219512195122,no_n2v,AtomSegNet,AtomSegNet no_n2v
00030,1000,1.0,0.1,0.9057057057057057,no_n2v,AtomSegNet,AtomSegNet no_n2v
00030,1000,1.0,0.25,0.8837349397590362,no_n2v,AtomSegNet,AtomSegNet no_n2v
00030,1000,2.0,0.0,0.905397210430564,no_n2v,AtomSegNet,AtomSegNet no_n2v
00030,1000,2.0,0.1,0.9067695961995249,no_n2v,AtomSegNet,AtomSegNet no_n2v
00030,1000,2.0,0.25,0.8928143712574851,no_n2v,AtomSegNet,AtomSegNet no_n2v
00033,20,0.0,0.0,0.6695572797809219,no_n2v,AtomSegNet,AtomSegNet no_n2v
00033,20,0.0,0.1,0.708680725846003,no_n2v,AtomSegNet,AtomSegNet no_n2v
00033,20,0.0,0.25,0.665506742061766,no_n2v,AtomSegNet,AtomSegNet no_n2v
00033,20,1.0,0.0,0.7003303445021236,no_n2v,AtomSegNet,AtomSegNet no_n2v
00033,20,1.0,0.1,0.676730143985137,no_n2v,AtomSegNet,AtomSegNet no_n2v
00033,20,1.0,0.25,0.6029411764705882,no_n2v,AtomSegNet,AtomSegNet no_n2v
00033,20,2.0,0.0,0.6396708531831962,no_n2v,AtomSegNet,AtomSegNet no_n2v
00033,20,2.0,0.1,0.6818390804597702,no_n2v,AtomSegNet,AtomSegNet no_n2v
00033,20,2.0,0.25,0.61,no_n2v,AtomSegNet,AtomSegNet no_n2v
00033,50,0.0,0.0,0.714006832601269,no_n2v,AtomSegNet,AtomSegNet no_n2v
00033,50,0.0,0.1,0.7341269841269841,no_n2v,AtomSegNet,AtomSegNet no_n2v
00033,50,0.0,0.25,0.7096774193548387,no_n2v,AtomSegNet,AtomSegNet no_n2v
00033,50,1.0,0.0,0.7421479229989868,no_n2v,AtomSegNet,AtomSegNet no_n2v
00033,50,1.0,0.1,0.724188790560472,no_n2v,AtomSegNet,AtomSegNet no_n2v
00033,50,1.0,0.25,0.6799268404206675,no_n2v,AtomSegNet,AtomSegNet no_n2v
00033,50,2.0,0.0,0.6908752327746741,no_n2v,AtomSegNet,AtomSegNet no_n2v
00033,50,2.0,0.1,0.697040864255519,no_n2v,AtomSegNet,AtomSegNet no_n2v
00033,50,2.0,0.25,0.6924493554327809,no_n2v,AtomSegNet,AtomSegNet no_n2v
00033,200,0.0,0.0,0.7491323748140803,no_n2v,AtomSegNet,AtomSegNet no_n2v
00033,200,0.0,0.1,0.7600202942668696,no_n2v,AtomSegNet,AtomSegNet no_n2v
00033,200,0.0,0.25,0.7343444227005871,no_n2v,AtomSegNet,AtomSegNet no_n2v
00033,200,1.0,0.0,0.7531359759157049,no_n2v,AtomSegNet,AtomSegNet no_n2v
00033,200,1.0,0.1,0.7530181086519114,no_n2v,AtomSegNet,AtomSegNet no_n2v
00033,200,1.0,0.25,0.7344578313253012,no_n2v,AtomSegNet,AtomSegNet no_n2v
00033,200,2.0,0.0,0.7476727094561489,no_n2v,AtomSegNet,AtomSegNet no_n2v
00033,200,2.0,0.1,0.7455621301775148,no_n2v,AtomSegNet,AtomSegNet no_n2v
00033,200,2.0,0.25,0.7050987597611392,no_n2v,AtomSegNet,AtomSegNet no_n2v
00033,1000,0.0,0.0,0.7644110275689223,no_n2v,AtomSegNet,AtomSegNet no_n2v
00033,1000,0.0,0.1,0.76088044022011,no_n2v,AtomSegNet,AtomSegNet no_n2v
00033,1000,0.0,0.25,0.7516049382716049,no_n2v,AtomSegNet,AtomSegNet no_n2v
00033,1000,1.0,0.0,0.7546798029556651,no_n2v,AtomSegNet,AtomSegNet no_n2v
00033,1000,1.0,0.1,0.7593423019431988,no_n2v,AtomSegNet,AtomSegNet no_n2v
00033,1000,1.0,0.25,0.7466863033873343,no_n2v,AtomSegNet,AtomSegNet no_n2v
00033,1000,2.0,0.0,0.7316611452910554,no_n2v,AtomSegNet,AtomSegNet no_n2v
00033,1000,2.0,0.1,0.7268431001890359,no_n2v,AtomSegNet,AtomSegNet no_n2v
00033,1000,2.0,0.25,0.7267992424242424,no_n2v,AtomSegNet,AtomSegNet no_n2v
00035,20,0.0,0.0,0.8582995951417004,no_n2v,AtomSegNet,AtomSegNet no_n2v
00035,20,0.0,0.1,0.9017480409885473,no_n2v,AtomSegNet,AtomSegNet no_n2v
00035,20,0.0,0.25,0.8923869490555237,no_n2v,AtomSegNet,AtomSegNet no_n2v
00035,20,1.0,0.0,0.8895315211104685,no_n2v,AtomSegNet,AtomSegNet no_n2v
00035,20,1.0,0.1,0.8862275449101796,no_n2v,AtomSegNet,AtomSegNet no_n2v
00035,20,1.0,0.25,0.8655172413793103,no_n2v,AtomSegNet,AtomSegNet no_n2v
00035,20,2.0,0.0,0.8727165586328816,no_n2v,AtomSegNet,AtomSegNet no_n2v
00035,20,2.0,0.1,0.9212880143112702,no_n2v,AtomSegNet,AtomSegNet no_n2v
00035,20,2.0,0.25,0.868929198361615,no_n2v,AtomSegNet,AtomSegNet no_n2v
00035,50,0.0,0.0,0.8913432835820896,no_n2v,AtomSegNet,AtomSegNet no_n2v
00035,50,0.0,0.1,0.9002389486260454,no_n2v,AtomSegNet,AtomSegNet no_n2v
00035,50,0.0,0.25,0.9091456077015644,no_n2v,AtomSegNet,AtomSegNet no_n2v
00035,50,1.0,0.0,0.8945454545454545,no_n2v,AtomSegNet,AtomSegNet no_n2v
00035,50,1.0,0.1,0.8816884661117717,no_n2v,AtomSegNet,AtomSegNet no_n2v
00035,50,1.0,0.25,0.8924985233313645,no_n2v,AtomSegNet,AtomSegNet no_n2v
00035,50,2.0,0.0,0.9044471153846154,no_n2v,AtomSegNet,AtomSegNet no_n2v
00035,50,2.0,0.1,0.893048128342246,no_n2v,AtomSegNet,AtomSegNet no_n2v
00035,50,2.0,0.25,0.9183431952662722,no_n2v,AtomSegNet,AtomSegNet no_n2v
00035,200,0.0,0.0,0.9089820359281438,no_n2v,AtomSegNet,AtomSegNet no_n2v
00035,200,0.0,0.1,0.9138643067846608,no_n2v,AtomSegNet,AtomSegNet no_n2v
00035,200,0.0,0.25,0.9009730967372639,no_n2v,AtomSegNet,AtomSegNet no_n2v
00035,200,1.0,0.0,0.9253731343283582,no_n2v,AtomSegNet,AtomSegNet no_n2v
00035,200,1.0,0.1,0.9065420560747663,no_n2v,AtomSegNet,AtomSegNet no_n2v
00035,200,1.0,0.25,0.9078947368421053,no_n2v,AtomSegNet,AtomSegNet no_n2v
00035,200,2.0,0.0,0.919669226225635,no_n2v,AtomSegNet,AtomSegNet no_n2v
00035,200,2.0,0.1,0.9059029807130333,no_n2v,AtomSegNet,AtomSegNet no_n2v
00035,200,2.0,0.25,0.8958919527293191,no_n2v,AtomSegNet,AtomSegNet no_n2v
00035,1000,0.0,0.0,0.928023598820059,no_n2v,AtomSegNet,AtomSegNet no_n2v
00035,1000,0.0,0.1,0.9237485448195576,no_n2v,AtomSegNet,AtomSegNet no_n2v
00035,1000,0.0,0.25,0.8972640982691233,no_n2v,AtomSegNet,AtomSegNet no_n2v
00035,1000,1.0,0.0,0.9276044732195409,no_n2v,AtomSegNet,AtomSegNet no_n2v
00035,1000,1.0,0.1,0.9202312138728324,no_n2v,AtomSegNet,AtomSegNet no_n2v
00035,1000,1.0,0.25,0.8869277440706013,no_n2v,AtomSegNet,AtomSegNet no_n2v
00035,1000,2.0,0.0,0.9161882893226176,no_n2v,AtomSegNet,AtomSegNet no_n2v
00035,1000,2.0,0.1,0.9116809116809117,no_n2v,AtomSegNet,AtomSegNet no_n2v
00035,1000,2.0,0.25,0.8681377825618946,no_n2v,AtomSegNet,AtomSegNet no_n2v
00038,20,0.0,0.0,0.8837209302325582,no_n2v,AtomSegNet,AtomSegNet no_n2v
00038,20,0.0,0.1,0.8717494089834515,no_n2v,AtomSegNet,AtomSegNet no_n2v
00038,20,0.0,0.25,0.8884913536076327,no_n2v,AtomSegNet,AtomSegNet no_n2v
00038,20,1.0,0.0,0.8953068592057761,no_n2v,AtomSegNet,AtomSegNet no_n2v
00038,20,1.0,0.1,0.8855278766310795,no_n2v,AtomSegNet,AtomSegNet no_n2v
00038,20,1.0,0.25,0.8754448398576512,no_n2v,AtomSegNet,AtomSegNet no_n2v
00038,20,2.0,0.0,0.893679858239811,no_n2v,AtomSegNet,AtomSegNet no_n2v
00038,20,2.0,0.1,0.8820453224869262,no_n2v,AtomSegNet,AtomSegNet no_n2v
00038,20,2.0,0.25,0.859720605355064,no_n2v,AtomSegNet,AtomSegNet no_n2v
00038,50,0.0,0.0,0.8791340950090198,no_n2v,AtomSegNet,AtomSegNet no_n2v
00038,50,0.0,0.1,0.8943914081145584,no_n2v,AtomSegNet,AtomSegNet no_n2v
00038,50,0.0,0.25,0.8805256869772998,no_n2v,AtomSegNet,AtomSegNet no_n2v
00038,50,1.0,0.0,0.8914868105515588,no_n2v,AtomSegNet,AtomSegNet no_n2v
00038,50,1.0,0.1,0.8899464604402142,no_n2v,AtomSegNet,AtomSegNet no_n2v
00038,50,1.0,0.25,0.8825983313468415,no_n2v,AtomSegNet,AtomSegNet no_n2v
00038,50,2.0,0.0,0.9087656529516994,no_n2v,AtomSegNet,AtomSegNet no_n2v
00038,50,2.0,0.1,0.8870779976717112,no_n2v,AtomSegNet,AtomSegNet no_n2v
00038,50,2.0,0.25,0.8679245283018868,no_n2v,AtomSegNet,AtomSegNet no_n2v
00038,200,0.0,0.0,0.8894960534304797,no_n2v,AtomSegNet,AtomSegNet no_n2v
00038,200,0.0,0.1,0.9088729016786571,no_n2v,AtomSegNet,AtomSegNet no_n2v
00038,200,0.0,0.25,0.8886213124623721,no_n2v,AtomSegNet,AtomSegNet no_n2v
00038,200,1.0,0.0,0.897156684815487,no_n2v,AtomSegNet,AtomSegNet no_n2v
00038,200,1.0,0.1,0.9095266626722588,no_n2v,AtomSegNet,AtomSegNet no_n2v
00038,200,1.0,0.25,0.8836930455635491,no_n2v,AtomSegNet,AtomSegNet no_n2v
00038,200,2.0,0.0,0.9028194361127775,no_n2v,AtomSegNet,AtomSegNet no_n2v
00038,200,2.0,0.1,0.9060283687943262,no_n2v,AtomSegNet,AtomSegNet no_n2v
00038,200,2.0,0.25,0.892325996430696,no_n2v,AtomSegNet,AtomSegNet no_n2v
00038,1000,0.0,0.0,0.894224924012158,no_n2v,AtomSegNet,AtomSegNet no_n2v
00038,1000,0.0,0.1,0.9124924562462281,no_n2v,AtomSegNet,AtomSegNet no_n2v
00038,1000,0.0,0.25,0.8846387370977535,no_n2v,AtomSegNet,AtomSegNet no_n2v
00038,1000,1.0,0.0,0.8957575757575758,no_n2v,AtomSegNet,AtomSegNet no_n2v
00038,1000,1.0,0.1,0.9128605769230769,no_n2v,AtomSegNet,AtomSegNet no_n2v
00038,1000,1.0,0.25,0.8852657004830918,no_n2v,AtomSegNet,AtomSegNet no_n2v
00038,1000,2.0,0.0,0.9043321299638989,no_n2v,AtomSegNet,AtomSegNet no_n2v
00038,1000,2.0,0.1,0.9154258487194759,no_n2v,AtomSegNet,AtomSegNet no_n2v
00038,1000,2.0,0.25,0.8911483253588517,no_n2v,AtomSegNet,AtomSegNet no_n2v
00043,20,0.0,0.0,0.8681948424068768,no_n2v,AtomSegNet,AtomSegNet no_n2v
00043,20,0.0,0.1,0.8541320022185247,no_n2v,AtomSegNet,AtomSegNet no_n2v
00043,20,0.0,0.25,0.8911407064273307,no_n2v,AtomSegNet,AtomSegNet no_n2v
00043,20,1.0,0.0,0.8980438648488441,no_n2v,AtomSegNet,AtomSegNet no_n2v
00043,20,1.0,0.1,0.8816837315130831,no_n2v,AtomSegNet,AtomSegNet no_n2v
00043,20,1.0,0.25,0.8722063037249284,no_n2v,AtomSegNet,AtomSegNet no_n2v
00043,20,2.0,0.0,0.9089861751152074,no_n2v,AtomSegNet,AtomSegNet no_n2v
00043,20,2.0,0.1,0.8871617731721358,no_n2v,AtomSegNet,AtomSegNet no_n2v
00043,20,2.0,0.25,0.8505810736026563,no_n2v,AtomSegNet,AtomSegNet no_n2v
00043,50,0.0,0.0,0.8836104513064132,no_n2v,AtomSegNet,AtomSegNet no_n2v
00043,50,0.0,0.1,0.8583090379008746,no_n2v,AtomSegNet,AtomSegNet no_n2v
00043,50,0.0,0.25,0.8658606793321819,no_n2v,AtomSegNet,AtomSegNet no_n2v
00043,50,1.0,0.0,0.8803771361225693,no_n2v,AtomSegNet,AtomSegNet no_n2v
00043,50,1.0,0.1,0.8785923753665689,no_n2v,AtomSegNet,AtomSegNet no_n2v
00043,50,1.0,0.25,0.8595088520845231,no_n2v,AtomSegNet,AtomSegNet no_n2v
00043,50,2.0,0.0,0.8791018998272885,no_n2v,AtomSegNet,AtomSegNet no_n2v
00043,50,2.0,0.1,0.875937680323139,no_n2v,AtomSegNet,AtomSegNet no_n2v
00043,50,2.0,0.25,0.865909090909091,no_n2v,AtomSegNet,AtomSegNet no_n2v
00043,200,0.0,0.0,0.8887566924449732,no_n2v,AtomSegNet,AtomSegNet no_n2v
00043,200,0.0,0.1,0.8882282996432818,no_n2v,AtomSegNet,AtomSegNet no_n2v
00043,200,0.0,0.25,0.8779481132075472,no_n2v,AtomSegNet,AtomSegNet no_n2v
00043,200,1.0,0.0,0.9029358897543439,no_n2v,AtomSegNet,AtomSegNet no_n2v
00043,200,1.0,0.1,0.8832938388625592,no_n2v,AtomSegNet,AtomSegNet no_n2v
00043,200,1.0,0.25,0.8780346820809248,no_n2v,AtomSegNet,AtomSegNet no_n2v
00043,200,2.0,0.0,0.8962655601659751,no_n2v,AtomSegNet,AtomSegNet no_n2v
00043,200,2.0,0.1,0.8975265017667845,no_n2v,AtomSegNet,AtomSegNet no_n2v
00043,200,2.0,0.25,0.8819767441860465,no_n2v,AtomSegNet,AtomSegNet no_n2v
00043,1000,0.0,0.0,0.8894894894894895,no_n2v,AtomSegNet,AtomSegNet no_n2v
00043,1000,0.0,0.1,0.8837209302325582,no_n2v,AtomSegNet,AtomSegNet no_n2v
00043,1000,0.0,0.25,0.8898809523809523,no_n2v,AtomSegNet,AtomSegNet no_n2v
00043,1000,1.0,0.0,0.8916167664670659,no_n2v,AtomSegNet,AtomSegNet no_n2v
00043,1000,1.0,0.1,0.8870392390011891,no_n2v,AtomSegNet,AtomSegNet no_n2v
00043,1000,1.0,0.25,0.8923076923076924,no_n2v,AtomSegNet,AtomSegNet no_n2v
00043,1000,2.0,0.0,0.900059488399762,no_n2v,AtomSegNet,AtomSegNet no_n2v
00043,1000,2.0,0.1,0.8904593639575972,no_n2v,AtomSegNet,AtomSegNet no_n2v
00043,1000,2.0,0.25,0.9,no_n2v,AtomSegNet,AtomSegNet no_n2v
00044,20,0.0,0.0,0.8557800224466892,no_n2v,AtomSegNet,AtomSegNet no_n2v
00044,20,0.0,0.1,0.8696883852691218,no_n2v,AtomSegNet,AtomSegNet no_n2v
00044,20,0.0,0.25,0.868361581920904,no_n2v,AtomSegNet,AtomSegNet no_n2v
00044,20,1.0,0.0,0.8977727013135351,no_n2v,AtomSegNet,AtomSegNet no_n2v
00044,20,1.0,0.1,0.8323221180364038,no_n2v,AtomSegNet,AtomSegNet no_n2v
00044,20,1.0,0.25,0.8665530948324816,no_n2v,AtomSegNet,AtomSegNet no_n2v
00044,20,2.0,0.0,0.8877608573040046,no_n2v,AtomSegNet,AtomSegNet no_n2v
00044,20,2.0,0.1,0.8925476603119584,no_n2v,AtomSegNet,AtomSegNet no_n2v
00044,20,2.0,0.25,0.8828932261768083,no_n2v,AtomSegNet,AtomSegNet no_n2v
00044,50,0.0,0.0,0.8703488372093023,no_n2v,AtomSegNet,AtomSegNet no_n2v
00044,50,0.0,0.1,0.853841709994223,no_n2v,AtomSegNet,AtomSegNet no_n2v
00044,50,0.0,0.25,0.8629173989455184,no_n2v,AtomSegNet,AtomSegNet no_n2v
00044,50,1.0,0.0,0.8934568616097278,no_n2v,AtomSegNet,AtomSegNet no_n2v
00044,50,1.0,0.1,0.8712984054669703,no_n2v,AtomSegNet,AtomSegNet no_n2v
00044,50,1.0,0.25,0.901307966706302,no_n2v,AtomSegNet,AtomSegNet no_n2v
00044,50,2.0,0.0,0.9001701644923426,no_n2v,AtomSegNet,AtomSegNet no_n2v
00044,50,2.0,0.1,0.8839747271682941,no_n2v,AtomSegNet,AtomSegNet no_n2v
00044,50,2.0,0.25,0.8771726535341831,no_n2v,AtomSegNet,AtomSegNet no_n2v
00044,200,0.0,0.0,0.8945852534562212,no_n2v,AtomSegNet,AtomSegNet no_n2v
00044,200,0.0,0.1,0.8892753623188406,no_n2v,AtomSegNet,AtomSegNet no_n2v
00044,200,0.0,0.25,0.880685174246899,no_n2v,AtomSegNet,AtomSegNet no_n2v
00044,200,1.0,0.0,0.8931034482758621,no_n2v,AtomSegNet,AtomSegNet no_n2v
00044,200,1.0,0.1,0.8842832469775475,no_n2v,AtomSegNet,AtomSegNet no_n2v
00044,200,1.0,0.25,0.8969194312796208,no_n2v,AtomSegNet,AtomSegNet no_n2v
00044,200,2.0,0.0,0.8746518105849582,no_n2v,AtomSegNet,AtomSegNet no_n2v
00044,200,2.0,0.1,0.8741534988713319,no_n2v,AtomSegNet,AtomSegNet no_n2v
00044,200,2.0,0.25,0.8868253047011028,no_n2v,AtomSegNet,AtomSegNet no_n2v
00044,1000,0.0,0.0,0.893845285149633,no_n2v,AtomSegNet,AtomSegNet no_n2v
00044,1000,0.0,0.1,0.8975526465566306,no_n2v,AtomSegNet,AtomSegNet no_n2v
00044,1000,0.0,0.25,0.9066745422327229,no_n2v,AtomSegNet,AtomSegNet no_n2v
00044,1000,1.0,0.0,0.8885778275475924,no_n2v,AtomSegNet,AtomSegNet no_n2v
00044,1000,1.0,0.1,0.8883878241262683,no_n2v,AtomSegNet,AtomSegNet no_n2v
00044,1000,1.0,0.25,0.8998829039812647,no_n2v,AtomSegNet,AtomSegNet no_n2v
00044,1000,2.0,0.0,0.8800880088008801,no_n2v,AtomSegNet,AtomSegNet no_n2v
00044,1000,2.0,0.1,0.8843159065628476,no_n2v,AtomSegNet,AtomSegNet no_n2v
00044,1000,2.0,0.25,0.8928366762177651,no_n2v,AtomSegNet,AtomSegNet no_n2v
00046,20,0.0,0.0,0.8744019138755981,no_n2v,AtomSegNet,AtomSegNet no_n2v
00046,20,0.0,0.1,0.8788416075650118,no_n2v,AtomSegNet,AtomSegNet no_n2v
00046,20,0.0,0.25,0.877465630603706,no_n2v,AtomSegNet,AtomSegNet no_n2v
00046,20,1.0,0.0,0.8841536614645858,no_n2v,AtomSegNet,AtomSegNet no_n2v
00046,20,1.0,0.1,0.8703812316715542,no_n2v,AtomSegNet,AtomSegNet no_n2v
00046,20,1.0,0.25,0.8453908984830805,no_n2v,AtomSegNet,AtomSegNet no_n2v
00046,20,2.0,0.0,0.8747044917257684,no_n2v,AtomSegNet,AtomSegNet no_n2v
00046,20,2.0,0.1,0.877693651718113,no_n2v,AtomSegNet,AtomSegNet no_n2v
00046,20,2.0,0.25,0.8568945538818077,no_n2v,AtomSegNet,AtomSegNet no_n2v
00046,50,0.0,0.0,0.8757503001200481,no_n2v,AtomSegNet,AtomSegNet no_n2v
00046,50,0.0,0.1,0.8862559241706162,no_n2v,AtomSegNet,AtomSegNet no_n2v
00046,50,0.0,0.25,0.856885147324113,no_n2v,AtomSegNet,AtomSegNet no_n2v
00046,50,1.0,0.0,0.8756724447101016,no_n2v,AtomSegNet,AtomSegNet no_n2v
00046,50,1.0,0.1,0.88562874251497,no_n2v,AtomSegNet,AtomSegNet no_n2v
00046,50,1.0,0.25,0.8580760095011877,no_n2v,AtomSegNet,AtomSegNet no_n2v
00046,50,2.0,0.0,0.8739693757361602,no_n2v,AtomSegNet,AtomSegNet no_n2v
00046,50,2.0,0.1,0.8796296296296297,no_n2v,AtomSegNet,AtomSegNet no_n2v
00046,50,2.0,0.25,0.8457008244994111,no_n2v,AtomSegNet,AtomSegNet no_n2v
00046,200,0.0,0.0,0.872366044551475,no_n2v,AtomSegNet,AtomSegNet no_n2v
00046,200,0.0,0.1,0.8911483253588517,no_n2v,AtomSegNet,AtomSegNet no_n2v
00046,200,0.0,0.25,0.8555018137847642,no_n2v,AtomSegNet,AtomSegNet no_n2v
00046,200,1.0,0.0,0.8786057692307693,no_n2v,AtomSegNet,AtomSegNet no_n2v
00046,200,1.0,0.1,0.8881618084473528,no_n2v,AtomSegNet,AtomSegNet no_n2v
00046,200,1.0,0.25,0.8693284936479129,no_n2v,AtomSegNet,AtomSegNet no_n2v
00046,200,2.0,0.0,0.8760330578512396,no_n2v,AtomSegNet,AtomSegNet no_n2v
00046,200,2.0,0.1,0.8949852507374632,no_n2v,AtomSegNet,AtomSegNet no_n2v
00046,200,2.0,0.25,0.8713519952352591,no_n2v,AtomSegNet,AtomSegNet no_n2v
00046,1000,0.0,0.0,0.8717639975918121,no_n2v,AtomSegNet,AtomSegNet no_n2v
00046,1000,0.0,0.1,0.8936936936936937,no_n2v,AtomSegNet,AtomSegNet no_n2v
00046,1000,0.0,0.25,0.8614640048396854,no_n2v,AtomSegNet,AtomSegNet no_n2v
00046,1000,1.0,0.0,0.8778580024067388,no_n2v,AtomSegNet,AtomSegNet no_n2v
00046,1000,1.0,0.1,0.895870736086176,no_n2v,AtomSegNet,AtomSegNet no_n2v
00046,1000,1.0,0.25,0.8685162846803377,no_n2v,AtomSegNet,AtomSegNet no_n2v
00046,1000,2.0,0.0,0.8828078524687686,no_n2v,AtomSegNet,AtomSegNet no_n2v
00046,1000,2.0,0.1,0.8943620178041543,no_n2v,AtomSegNet,AtomSegNet no_n2v
00046,1000,2.0,0.25,0.8759736369083283,no_n2v,AtomSegNet,AtomSegNet no_n2v
00057,20,0.0,0.0,0.8983666061705989,no_n2v,AtomSegNet,AtomSegNet no_n2v
00057,20,0.0,0.1,0.9009489916963227,no_n2v,AtomSegNet,AtomSegNet no_n2v
00057,20,0.0,0.25,0.8867353119321624,no_n2v,AtomSegNet,AtomSegNet no_n2v
00057,20,1.0,0.0,0.9000602046959663,no_n2v,AtomSegNet,AtomSegNet no_n2v
00057,20,1.0,0.1,0.9083832335329342,no_n2v,AtomSegNet,AtomSegNet no_n2v
00057,20,1.0,0.25,0.9045915324985092,no_n2v,AtomSegNet,AtomSegNet no_n2v
00057,20,2.0,0.0,0.8935541099940864,no_n2v,AtomSegNet,AtomSegNet no_n2v
00057,20,2.0,0.1,0.9032069970845481,no_n2v,AtomSegNet,AtomSegNet no_n2v
00057,20,2.0,0.25,0.9119047619047619,no_n2v,AtomSegNet,AtomSegNet no_n2v
00057,50,0.0,0.0,0.8988561107766406,no_n2v,AtomSegNet,AtomSegNet no_n2v
00057,50,0.0,0.1,0.9073405535499398,no_n2v,AtomSegNet,AtomSegNet no_n2v
00057,50,0.0,0.25,0.8915151515151515,no_n2v,AtomSegNet,AtomSegNet no_n2v
00057,50,1.0,0.0,0.8960336538461539,no_n2v,AtomSegNet,AtomSegNet no_n2v
00057,50,1.0,0.1,0.9238152369526095,no_n2v,AtomSegNet,AtomSegNet no_n2v
00057,50,1.0,0.25,0.8916315472606864,no_n2v,AtomSegNet,AtomSegNet no_n2v
00057,50,2.0,0.0,0.9008363201911589,no_n2v,AtomSegNet,AtomSegNet no_n2v
00057,50,2.0,0.1,0.9159713945172825,no_n2v,AtomSegNet,AtomSegNet no_n2v
00057,50,2.0,0.25,0.8957091775923719,no_n2v,AtomSegNet,AtomSegNet no_n2v
00057,200,0.0,0.0,0.8928571428571429,no_n2v,AtomSegNet,AtomSegNet no_n2v
00057,200,0.0,0.1,0.9077757685352622,no_n2v,AtomSegNet,AtomSegNet no_n2v
00057,200,0.0,0.25,0.8888888888888888,no_n2v,AtomSegNet,AtomSegNet no_n2v
00057,200,1.0,0.0,0.9016990291262136,no_n2v,AtomSegNet,AtomSegNet no_n2v
00057,200,1.0,0.1,0.9139072847682119,no_n2v,AtomSegNet,AtomSegNet no_n2v
00057,200,1.0,0.25,0.9015197568389057,no_n2v,AtomSegNet,AtomSegNet no_n2v
00057,200,2.0,0.0,0.9089275014979029,no_n2v,AtomSegNet,AtomSegNet no_n2v
00057,200,2.0,0.1,0.9151838671411625,no_n2v,AtomSegNet,AtomSegNet no_n2v
00057,200,2.0,0.25,0.8975286317058468,no_n2v,AtomSegNet,AtomSegNet no_n2v
00057,1000,0.0,0.0,0.8948328267477204,no_n2v,AtomSegNet,AtomSegNet no_n2v
00057,1000,0.0,0.1,0.9117291414752116,no_n2v,AtomSegNet,AtomSegNet no_n2v
00057,1000,0.0,0.25,0.890920170627666,no_n2v,AtomSegNet,AtomSegNet no_n2v
00057,1000,1.0,0.0,0.8999393571861735,no_n2v,AtomSegNet,AtomSegNet no_n2v
00057,1000,1.0,0.1,0.9138034960819771,no_n2v,AtomSegNet,AtomSegNet no_n2v
00057,1000,1.0,0.25,0.8910529519172246,no_n2v,AtomSegNet,AtomSegNet no_n2v
00057,1000,2.0,0.0,0.9073405535499398,no_n2v,AtomSegNet,AtomSegNet no_n2v
00057,1000,2.0,0.1,0.9191616766467066,no_n2v,AtomSegNet,AtomSegNet no_n2v
00057,1000,2.0,0.25,0.9034399517199758,no_n2v,AtomSegNet,AtomSegNet no_n2v
00059,20,0.0,0.0,0.894576477757465,no_n2v,AtomSegNet,AtomSegNet no_n2v
00059,20,0.0,0.1,0.920625375826819,no_n2v,AtomSegNet,AtomSegNet no_n2v
00059,20,0.0,0.25,0.9102409638554216,no_n2v,AtomSegNet,AtomSegNet no_n2v
00059,20,1.0,0.0,0.8939119951778179,no_n2v,AtomSegNet,AtomSegNet no_n2v
00059,20,1.0,0.1,0.9162178336325554,no_n2v,AtomSegNet,AtomSegNet no_n2v
00059,20,1.0,0.25,0.9055819477434679,no_n2v,AtomSegNet,AtomSegNet no_n2v
00059,20,2.0,0.0,0.9145758661887694,no_n2v,AtomSegNet,AtomSegNet no_n2v
00059,20,2.0,0.1,0.9252225519287833,no_n2v,AtomSegNet,AtomSegNet no_n2v
00059,20,2.0,0.25,0.9092009685230025,no_n2v,AtomSegNet,AtomSegNet no_n2v
00059,50,0.0,0.0,0.9141813755325624,no_n2v,AtomSegNet,AtomSegNet no_n2v
00059,50,0.0,0.1,0.9091459721380981,no_n2v,AtomSegNet,AtomSegNet no_n2v
00059,50,0.0,0.25,0.896551724137931,no_n2v,AtomSegNet,AtomSegNet no_n2v
00059,50,1.0,0.0,0.9057177615571776,no_n2v,AtomSegNet,AtomSegNet no_n2v
00059,50,1.0,0.1,0.9254545454545454,no_n2v,AtomSegNet,AtomSegNet no_n2v
00059,50,1.0,0.25,0.9082624544349939,no_n2v,AtomSegNet,AtomSegNet no_n2v
00059,50,2.0,0.0,0.9208158368326335,no_n2v,AtomSegNet,AtomSegNet no_n2v
00059,50,2.0,0.1,0.9218843172331544,no_n2v,AtomSegNet,AtomSegNet no_n2v
00059,50,2.0,0.25,0.9010259505129753,no_n2v,AtomSegNet,AtomSegNet no_n2v
00059,200,0.0,0.0,0.9009174311926605,no_n2v,AtomSegNet,AtomSegNet no_n2v
00059,200,0.0,0.1,0.925700365408039,no_n2v,AtomSegNet,AtomSegNet no_n2v
00059,200,0.0,0.25,0.8918092909535452,no_n2v,AtomSegNet,AtomSegNet no_n2v
00059,200,1.0,0.0,0.9087035909920876,no_n2v,AtomSegNet,AtomSegNet no_n2v
00059,200,1.0,0.1,0.9282674772036474,no_n2v,AtomSegNet,AtomSegNet no_n2v
00059,200,1.0,0.25,0.8979217603911981,no_n2v,AtomSegNet,AtomSegNet no_n2v
00059,200,2.0,0.0,0.9258809234507898,no_n2v,AtomSegNet,AtomSegNet no_n2v
00059,200,2.0,0.1,0.9320096269554753,no_n2v,AtomSegNet,AtomSegNet no_n2v
00059,200,2.0,0.25,0.9079345850999394,no_n2v,AtomSegNet,AtomSegNet no_n2v
00059,1000,0.0,0.0,0.9027522935779817,no_n2v,AtomSegNet,AtomSegNet no_n2v
00059,1000,0.0,0.1,0.9195121951219513,no_n2v,AtomSegNet,AtomSegNet no_n2v
00059,1000,0.0,0.25,0.8899755501222494,no_n2v,AtomSegNet,AtomSegNet no_n2v
00059,1000,1.0,0.0,0.9138141809290954,no_n2v,AtomSegNet,AtomSegNet no_n2v
00059,1000,1.0,0.1,0.9300486618004866,no_n2v,AtomSegNet,AtomSegNet no_n2v
00059,1000,1.0,0.25,0.8926174496644296,no_n2v,AtomSegNet,AtomSegNet no_n2v
00059,1000,2.0,0.0,0.9277474195506983,no_n2v,AtomSegNet,AtomSegNet no_n2v
00059,1000,2.0,0.1,0.9358353510895884,no_n2v,AtomSegNet,AtomSegNet no_n2v
00059,1000,2.0,0.25,0.9064398541919806,no_n2v,AtomSegNet,AtomSegNet no_n2v
00062,20,0.0,0.0,0.9006282124500286,no_n2v,AtomSegNet,AtomSegNet no_n2v
00062,20,0.0,0.1,0.8857312018946122,no_n2v,AtomSegNet,AtomSegNet no_n2v
00062,20,0.0,0.25,0.8620488940628638,no_n2v,AtomSegNet,AtomSegNet no_n2v
00062,20,1.0,0.0,0.8955223880597015,no_n2v,AtomSegNet,AtomSegNet no_n2v
00062,20,1.0,0.1,0.8796025715955581,no_n2v,AtomSegNet,AtomSegNet no_n2v
00062,20,1.0,0.25,0.8371317398554753,no_n2v,AtomSegNet,AtomSegNet no_n2v
00062,20,2.0,0.0,0.8958210712183637,no_n2v,AtomSegNet,AtomSegNet no_n2v
00062,20,2.0,0.1,0.8505182760501909,no_n2v,AtomSegNet,AtomSegNet no_n2v
00062,20,2.0,0.25,0.897042093287827,no_n2v,AtomSegNet,AtomSegNet no_n2v
00062,50,0.0,0.0,0.9029358897543439,no_n2v,AtomSegNet,AtomSegNet no_n2v
00062,50,0.0,0.1,0.8750750750750751,no_n2v,AtomSegNet,AtomSegNet no_n2v
00062,50,0.0,0.25,0.8548199767711963,no_n2v,AtomSegNet,AtomSegNet no_n2v
00062,50,1.0,0.0,0.8927089508002372,no_n2v,AtomSegNet,AtomSegNet no_n2v
00062,50,1.0,0.1,0.8990442054958184,no_n2v,AtomSegNet,AtomSegNet no_n2v
00062,50,1.0,0.25,0.9032258064516129,no_n2v,AtomSegNet,AtomSegNet no_n2v
00062,50,2.0,0.0,0.8784825133372851,no_n2v,AtomSegNet,AtomSegNet no_n2v
00062,50,2.0,0.1,0.8876270173341303,no_n2v,AtomSegNet,AtomSegNet no_n2v
00062,50,2.0,0.25,0.8997627520759194,no_n2v,AtomSegNet,AtomSegNet no_n2v
00062,200,0.0,0.0,0.9071300179748353,no_n2v,AtomSegNet,AtomSegNet no_n2v
00062,200,0.0,0.1,0.9104301708898055,no_n2v,AtomSegNet,AtomSegNet no_n2v
00062,200,0.0,0.25,0.9103528050896472,no_n2v,AtomSegNet,AtomSegNet no_n2v
00062,200,1.0,0.0,0.9114676173499703,no_n2v,AtomSegNet,AtomSegNet no_n2v
00062,200,1.0,0.1,0.9199057714958775,no_n2v,AtomSegNet,AtomSegNet no_n2v
00062,200,1.0,0.25,0.9091954022988505,no_n2v,AtomSegNet,AtomSegNet no_n2v
00062,200,2.0,0.0,0.8893395133256083,no_n2v,AtomSegNet,AtomSegNet no_n2v
00062,200,2.0,0.1,0.9197674418604651,no_n2v,AtomSegNet,AtomSegNet no_n2v
00062,200,2.0,0.25,0.893760539629005,no_n2v,AtomSegNet,AtomSegNet no_n2v
00062,1000,0.0,0.0,0.9019836639439907,no_n2v,AtomSegNet,AtomSegNet no_n2v
00062,1000,0.0,0.1,0.9108796296296297,no_n2v,AtomSegNet,AtomSegNet no_n2v
00062,1000,0.0,0.25,0.8778877887788779,no_n2v,AtomSegNet,AtomSegNet no_n2v
00062,1000,1.0,0.0,0.9006391632771644,no_n2v,AtomSegNet,AtomSegNet no_n2v
00062,1000,1.0,0.1,0.9051724137931034,no_n2v,AtomSegNet,AtomSegNet no_n2v
00062,1000,1.0,0.25,0.8830313014827018,no_n2v,AtomSegNet,AtomSegNet no_n2v
00062,1000,2.0,0.0,0.90097869890616,no_n2v,AtomSegNet,AtomSegNet no_n2v
00062,1000,2.0,0.1,0.8970753655793026,no_n2v,AtomSegNet,AtomSegNet no_n2v
00062,1000,2.0,0.25,0.8560084700899947,no_n2v,AtomSegNet,AtomSegNet no_n2v
00074,20,0.0,0.0,0.9202722411278561,no_n2v,AtomSegNet,AtomSegNet no_n2v
00074,20,0.0,0.1,0.89775441949355,no_n2v,AtomSegNet,AtomSegNet no_n2v
00074,20,0.0,0.25,0.8815165876777251,no_n2v,AtomSegNet,AtomSegNet no_n2v
00074,20,1.0,0.0,0.9242718446601942,no_n2v,AtomSegNet,AtomSegNet no_n2v
00074,20,1.0,0.1,0.8796252927400469,no_n2v,AtomSegNet,AtomSegNet no_n2v
00074,20,1.0,0.25,0.8983213429256595,no_n2v,AtomSegNet,AtomSegNet no_n2v
00074,20,2.0,0.0,0.9293608841902932,no_n2v,AtomSegNet,AtomSegNet no_n2v
00074,20,2.0,0.1,0.9079008882655446,no_n2v,AtomSegNet,AtomSegNet no_n2v
00074,20,2.0,0.25,0.8714153561517114,no_n2v,AtomSegNet,AtomSegNet no_n2v
00074,50,0.0,0.0,0.9152046783625731,no_n2v,AtomSegNet,AtomSegNet no_n2v
00074,50,0.0,0.1,0.9002862595419847,no_n2v,AtomSegNet,AtomSegNet no_n2v
00074,50,0.0,0.25,0.8849642004773269,no_n2v,AtomSegNet,AtomSegNet no_n2v
00074,50,1.0,0.0,0.9348039215686275,no_n2v,AtomSegNet,AtomSegNet no_n2v
00074,50,1.0,0.1,0.9024738344433872,no_n2v,AtomSegNet,AtomSegNet no_n2v
00074,50,1.0,0.25,0.886964886964887,no_n2v,AtomSegNet,AtomSegNet no_n2v
00074,50,2.0,0.0,0.9390715667311412,no_n2v,AtomSegNet,AtomSegNet no_n2v
00074,50,2.0,0.1,0.9018957345971564,no_n2v,AtomSegNet,AtomSegNet no_n2v
00074,50,2.0,0.25,0.8925301204819277,no_n2v,AtomSegNet,AtomSegNet no_n2v
00074,200,0.0,0.0,0.9187469407733725,no_n2v,AtomSegNet,AtomSegNet no_n2v
00074,200,0.0,0.1,0.9221093372036768,no_n2v,AtomSegNet,AtomSegNet no_n2v
00074,200,0.0,0.25,0.8877551020408163,no_n2v,AtomSegNet,AtomSegNet no_n2v
00074,200,1.0,0.0,0.9209370424597365,no_n2v,AtomSegNet,AtomSegNet no_n2v
00074,200,1.0,0.1,0.9198271723475756,no_n2v,AtomSegNet,AtomSegNet no_n2v
00074,200,1.0,0.25,0.8923375363724539,no_n2v,AtomSegNet,AtomSegNet no_n2v
00074,200,2.0,0.0,0.9262135922330097,no_n2v,AtomSegNet,AtomSegNet no_n2v
00074,200,2.0,0.1,0.9241050119331742,no_n2v,AtomSegNet,AtomSegNet no_n2v
00074,200,2.0,0.25,0.899662325132658,no_n2v,AtomSegNet,AtomSegNet no_n2v
00074,1000,0.0,0.0,0.9176066699362433,no_n2v,AtomSegNet,AtomSegNet no_n2v
00074,1000,0.0,0.1,0.924455205811138,no_n2v,AtomSegNet,AtomSegNet no_n2v
00074,1000,0.0,0.25,0.8852698104035003,no_n2v,AtomSegNet,AtomSegNet no_n2v
00074,1000,1.0,0.0,0.9202544031311155,no_n2v,AtomSegNet,AtomSegNet no_n2v
00074,1000,1.0,0.1,0.9247467438494935,no_n2v,AtomSegNet,AtomSegNet no_n2v
00074,1000,1.0,0.25,0.8851187590887057,no_n2v,AtomSegNet,AtomSegNet no_n2v
00074,1000,2.0,0.0,0.9296116504854369,no_n2v,AtomSegNet,AtomSegNet no_n2v
00074,1000,2.0,0.1,0.9279923700524559,no_n2v,AtomSegNet,AtomSegNet no_n2v
00074,1000,2.0,0.25,0.8986975397973951,no_n2v,AtomSegNet,AtomSegNet no_n2v
00077,20,0.0,0.0,0.9211170994610485,no_n2v,AtomSegNet,AtomSegNet no_n2v
00077,20,0.0,0.1,0.8968973747016706,no_n2v,AtomSegNet,AtomSegNet no_n2v
00077,20,0.0,0.25,0.885781990521327,no_n2v,AtomSegNet,AtomSegNet no_n2v
00077,20,1.0,0.0,0.9127680311890838,no_n2v,AtomSegNet,AtomSegNet no_n2v
00077,20,1.0,0.1,0.9092205323193916,no_n2v,AtomSegNet,AtomSegNet no_n2v
00077,20,1.0,0.25,0.9102687140115163,no_n2v,AtomSegNet,AtomSegNet no_n2v
00077,20,2.0,0.0,0.9216634429400387,no_n2v,AtomSegNet,AtomSegNet no_n2v
00077,20,2.0,0.1,0.8976157082748948,no_n2v,AtomSegNet,AtomSegNet no_n2v
00077,20,2.0,0.25,0.8834184858337204,no_n2v,AtomSegNet,AtomSegNet no_n2v
00077,50,0.0,0.0,0.9171162334477685,no_n2v,AtomSegNet,AtomSegNet no_n2v
00077,50,0.0,0.1,0.9136760426770126,no_n2v,AtomSegNet,AtomSegNet no_n2v
00077,50,0.0,0.25,0.9043478260869565,no_n2v,AtomSegNet,AtomSegNet no_n2v
00077,50,1.0,0.0,0.9266862170087976,no_n2v,AtomSegNet,AtomSegNet no_n2v
00077,50,1.0,0.1,0.9001910219675263,no_n2v,AtomSegNet,AtomSegNet no_n2v
00077,50,1.0,0.25,0.9007744433688286,no_n2v,AtomSegNet,AtomSegNet no_n2v
00077,50,2.0,0.0,0.9386562804284323,no_n2v,AtomSegNet,AtomSegNet no_n2v
00077,50,2.0,0.1,0.918957345971564,no_n2v,AtomSegNet,AtomSegNet no_n2v
00077,50,2.0,0.25,0.8981348637015782,no_n2v,AtomSegNet,AtomSegNet no_n2v
00077,200,0.0,0.0,0.9331037875061485,no_n2v,AtomSegNet,AtomSegNet no_n2v
00077,200,0.0,0.1,0.9258720930232558,no_n2v,AtomSegNet,AtomSegNet no_n2v
00077,200,0.0,0.25,0.883698296836983,no_n2v,AtomSegNet,AtomSegNet no_n2v
00077,200,1.0,0.0,0.9278704612365064,no_n2v,AtomSegNet,AtomSegNet no_n2v
00077,200,1.0,0.1,0.9179140511830034,no_n2v,AtomSegNet,AtomSegNet no_n2v
00077,200,1.0,0.25,0.8921951219512195,no_n2v,AtomSegNet,AtomSegNet no_n2v
00077,200,2.0,0.0,0.9439297903461726,no_n2v,AtomSegNet,AtomSegNet no_n2v
00077,200,2.0,0.1,0.929220468675275,no_n2v,AtomSegNet,AtomSegNet no_n2v
00077,200,2.0,0.25,0.8980582524271845,no_n2v,AtomSegNet,AtomSegNet no_n2v
00077,1000,0.0,0.0,0.9198623402163225,no_n2v,AtomSegNet,AtomSegNet no_n2v
00077,1000,0.0,0.1,0.9214735821619001,no_n2v,AtomSegNet,AtomSegNet no_n2v
00077,1000,0.0,0.25,0.8862973760932945,no_n2v,AtomSegNet,AtomSegNet no_n2v
00077,1000,1.0,0.0,0.9278704612365064,no_n2v,AtomSegNet,AtomSegNet no_n2v
00077,1000,1.0,0.1,0.9210271317829457,no_n2v,AtomSegNet,AtomSegNet no_n2v
00077,1000,1.0,0.25,0.8886728245017015,no_n2v,AtomSegNet,AtomSegNet no_n2v
00077,1000,2.0,0.0,0.9443631039531479,no_n2v,AtomSegNet,AtomSegNet no_n2v
00077,1000,2.0,0.1,0.9290848107331098,no_n2v,AtomSegNet,AtomSegNet no_n2v
00077,1000,2.0,0.25,0.8998063891577929,no_n2v,AtomSegNet,AtomSegNet no_n2v
00080,20,0.0,0.0,0.868677494199536,no_n2v,AtomSegNet,AtomSegNet no_n2v
00080,20,0.0,0.1,0.9024159166271909,no_n2v,AtomSegNet,AtomSegNet no_n2v
00080,20,0.0,0.25,0.8733766233766234,no_n2v,AtomSegNet,AtomSegNet no_n2v
00080,20,1.0,0.0,0.8837876614060258,no_n2v,AtomSegNet,AtomSegNet no_n2v
00080,20,1.0,0.1,0.8893129770992366,no_n2v,AtomSegNet,AtomSegNet no_n2v
00080,20,1.0,0.25,0.8667582417582418,no_n2v,AtomSegNet,AtomSegNet no_n2v
00080,20,2.0,0.0,0.8750576302443522,no_n2v,AtomSegNet,AtomSegNet no_n2v
00080,20,2.0,0.1,0.8839779005524862,no_n2v,AtomSegNet,AtomSegNet no_n2v
00080,20,2.0,0.25,0.8890934192360792,no_n2v,AtomSegNet,AtomSegNet no_n2v
00080,50,0.0,0.0,0.9134751773049645,no_n2v,AtomSegNet,AtomSegNet no_n2v
00080,50,0.0,0.1,0.8984819734345351,no_n2v,AtomSegNet,AtomSegNet no_n2v
00080,50,0.0,0.25,0.9218146718146718,no_n2v,AtomSegNet,AtomSegNet no_n2v
00080,50,1.0,0.0,0.9282639885222381,no_n2v,AtomSegNet,AtomSegNet no_n2v
00080,50,1.0,0.1,0.9002341920374707,no_n2v,AtomSegNet,AtomSegNet no_n2v
00080,50,1.0,0.25,0.9027052681537732,no_n2v,AtomSegNet,AtomSegNet no_n2v
00080,50,2.0,0.0,0.9158576051779935,no_n2v,AtomSegNet,AtomSegNet no_n2v
00080,50,2.0,0.1,0.8859813084112149,no_n2v,AtomSegNet,AtomSegNet no_n2v
00080,50,2.0,0.25,0.8990182328190743,no_n2v,AtomSegNet,AtomSegNet no_n2v
00080,200,0.0,0.0,0.9382896015549077,no_n2v,AtomSegNet,AtomSegNet no_n2v
00080,200,0.0,0.1,0.9319066147859922,no_n2v,AtomSegNet,AtomSegNet no_n2v
00080,200,0.0,0.25,0.9198841698841699,no_n2v,AtomSegNet,AtomSegNet no_n2v
00080,200,1.0,0.0,0.9392344497607655,no_n2v,AtomSegNet,AtomSegNet no_n2v
00080,200,1.0,0.1,0.9185149469623916,no_n2v,AtomSegNet,AtomSegNet no_n2v
00080,200,1.0,0.25,0.9089581304771178,no_n2v,AtomSegNet,AtomSegNet no_n2v
00080,200,2.0,0.0,0.9325471698113208,no_n2v,AtomSegNet,AtomSegNet no_n2v
00080,200,2.0,0.1,0.9370797310278578,no_n2v,AtomSegNet,AtomSegNet no_n2v
00080,200,2.0,0.25,0.9297820823244553,no_n2v,AtomSegNet,AtomSegNet no_n2v
00080,1000,0.0,0.0,0.9401054144705319,no_n2v,AtomSegNet,AtomSegNet no_n2v
00080,1000,0.0,0.1,0.9337811900191939,no_n2v,AtomSegNet,AtomSegNet no_n2v
00080,1000,0.0,0.25,0.9255267025967663,no_n2v,AtomSegNet,AtomSegNet no_n2v
00080,1000,1.0,0.0,0.9364928909952607,no_n2v,AtomSegNet,AtomSegNet no_n2v
00080,1000,1.0,0.1,0.9424184261036468,no_n2v,AtomSegNet,AtomSegNet no_n2v
00080,1000,1.0,0.25,0.925146771037182,no_n2v,AtomSegNet,AtomSegNet no_n2v
00080,1000,2.0,0.0,0.9229340761374187,no_n2v,AtomSegNet,AtomSegNet no_n2v
00080,1000,2.0,0.1,0.9330802088277171,no_n2v,AtomSegNet,AtomSegNet no_n2v
00080,1000,2.0,0.25,0.9330120481927711,no_n2v,AtomSegNet,AtomSegNet no_n2v
00081,20,0.0,0.0,0.8992212551534585,no_n2v,AtomSegNet,AtomSegNet no_n2v
00081,20,0.0,0.1,0.9112534309240622,no_n2v,AtomSegNet,AtomSegNet no_n2v
00081,20,0.0,0.25,0.9271028037383178,no_n2v,AtomSegNet,AtomSegNet no_n2v
00081,20,1.0,0.0,0.9099307159353349,no_n2v,AtomSegNet,AtomSegNet no_n2v
00081,20,1.0,0.1,0.9122887163088168,no_n2v,AtomSegNet,AtomSegNet no_n2v
00081,20,1.0,0.25,0.9145101663585952,no_n2v,AtomSegNet,AtomSegNet no_n2v
00081,20,2.0,0.0,0.91324200913242,no_n2v,AtomSegNet,AtomSegNet no_n2v
00081,20,2.0,0.1,0.9195561719833565,no_n2v,AtomSegNet,AtomSegNet no_n2v
00081,20,2.0,0.25,0.890625,no_n2v,AtomSegNet,AtomSegNet no_n2v
00081,50,0.0,0.0,0.9148338792700047,no_n2v,AtomSegNet,AtomSegNet no_n2v
00081,50,0.0,0.1,0.9131665880132138,no_n2v,AtomSegNet,AtomSegNet no_n2v
00081,50,0.0,0.25,0.9513618677042801,no_n2v,AtomSegNet,AtomSegNet no_n2v
00081,50,1.0,0.0,0.9191729323308271,no_n2v,AtomSegNet,AtomSegNet no_n2v
00081,50,1.0,0.1,0.9238820171265462,no_n2v,AtomSegNet,AtomSegNet no_n2v
00081,50,1.0,0.25,0.9173040152963671,no_n2v,AtomSegNet,AtomSegNet no_n2v
00081,50,2.0,0.0,0.9216697936210131,no_n2v,AtomSegNet,AtomSegNet no_n2v
00081,50,2.0,0.1,0.9341544291804832,no_n2v,AtomSegNet,AtomSegNet no_n2v
00081,50,2.0,0.25,0.9370529327610873,no_n2v,AtomSegNet,AtomSegNet no_n2v
00081,200,0.0,0.0,0.9300095877277086,no_n2v,AtomSegNet,AtomSegNet no_n2v
00081,200,0.0,0.1,0.9359844810863239,no_n2v,AtomSegNet,AtomSegNet no_n2v
00081,200,0.0,0.25,0.9372568093385214,no_n2v,AtomSegNet,AtomSegNet no_n2v
00081,200,1.0,0.0,0.9309683604985618,no_n2v,AtomSegNet,AtomSegNet no_n2v
00081,200,1.0,0.1,0.9295366795366795,no_n2v,AtomSegNet,AtomSegNet no_n2v
00081,200,1.0,0.25,0.928190198932557,no_n2v,AtomSegNet,AtomSegNet no_n2v
00081,200,2.0,0.0,0.9390595009596929,no_n2v,AtomSegNet,AtomSegNet no_n2v
00081,200,2.0,0.1,0.9354684512428298,no_n2v,AtomSegNet,AtomSegNet no_n2v
00081,200,2.0,0.25,0.9514189514189514,no_n2v,AtomSegNet,AtomSegNet no_n2v
00081,1000,0.0,0.0,0.9345524542829644,no_n2v,AtomSegNet,AtomSegNet no_n2v
00081,1000,0.0,0.1,0.924264351181862,no_n2v,AtomSegNet,AtomSegNet no_n2v
00081,1000,0.0,0.25,0.9365994236311239,no_n2v,AtomSegNet,AtomSegNet no_n2v
00081,1000,1.0,0.0,0.9276473406804024,no_n2v,AtomSegNet,AtomSegNet no_n2v
00081,1000,1.0,0.1,0.9407228915662651,no_n2v,AtomSegNet,AtomSegNet no_n2v
00081,1000,1.0,0.25,0.937440305635148,no_n2v,AtomSegNet,AtomSegNet no_n2v
00081,1000,2.0,0.0,0.9361400189214759,no_n2v,AtomSegNet,AtomSegNet no_n2v
00081,1000,2.0,0.1,0.9353304802662863,no_n2v,AtomSegNet,AtomSegNet no_n2v
00081,1000,2.0,0.25,0.9382075471698114,no_n2v,AtomSegNet,AtomSegNet no_n2v
00001,20,0.0,0.0,0.8557692307692307,no_n2v,UNetPP,UNetPP no_n2v
00001,20,0.0,0.1,0.8675721561969439,no_n2v,UNetPP,UNetPP no_n2v
00001,20,0.0,0.25,0.8768197088465846,no_n2v,UNetPP,UNetPP no_n2v
00001,20,1.0,0.0,0.8649133293484758,no_n2v,UNetPP,UNetPP no_n2v
00001,20,1.0,0.1,0.8719512195121951,no_n2v,UNetPP,UNetPP no_n2v
00001,20,1.0,0.25,0.8845086063298168,no_n2v,UNetPP,UNetPP no_n2v
00001,20,2.0,0.0,0.8698224852071006,no_n2v,UNetPP,UNetPP no_n2v
00001,20,2.0,0.1,0.8831024930747923,no_n2v,UNetPP,UNetPP no_n2v
00001,20,2.0,0.25,0.8669201520912547,no_n2v,UNetPP,UNetPP no_n2v
00001,50,0.0,0.0,0.8532608695652174,no_n2v,UNetPP,UNetPP no_n2v
00001,50,0.0,0.1,0.888953488372093,no_n2v,UNetPP,UNetPP no_n2v
00001,50,0.0,0.25,0.8879954049396899,no_n2v,UNetPP,UNetPP no_n2v
00001,50,1.0,0.0,0.8622572815533981,no_n2v,UNetPP,UNetPP no_n2v
00001,50,1.0,0.1,0.8853503184713376,no_n2v,UNetPP,UNetPP no_n2v
00001,50,1.0,0.25,0.8864553314121038,no_n2v,UNetPP,UNetPP no_n2v
00001,50,2.0,0.0,0.8614457831325302,no_n2v,UNetPP,UNetPP no_n2v
00001,50,2.0,0.1,0.8911680911680911,no_n2v,UNetPP,UNetPP no_n2v
00001,50,2.0,0.25,0.8912919749573136,no_n2v,UNetPP,UNetPP no_n2v
00001,200,0.0,0.0,0.8613801452784504,no_n2v,UNetPP,UNetPP no_n2v
00001,200,0.0,0.1,0.8932783018867925,no_n2v,UNetPP,UNetPP no_n2v
00001,200,0.0,0.25,0.9026128266033254,no_n2v,UNetPP,UNetPP no_n2v
00001,200,1.0,0.0,0.8625678119349005,no_n2v,UNetPP,UNetPP no_n2v
00001,200,1.0,0.1,0.8896028037383178,no_n2v,UNetPP,UNetPP no_n2v
00001,200,1.0,0.25,0.9052941176470588,no_n2v,UNetPP,UNetPP no_n2v
00001,200,2.0,0.0,0.8710635769459298,no_n2v,UNetPP,UNetPP no_n2v
00001,200,2.0,0.1,0.8829908675799086,no_n2v,UNetPP,UNetPP no_n2v
00001,200,2.0,0.25,0.8988439306358381,no_n2v,UNetPP,UNetPP no_n2v
00001,1000,0.0,0.0,0.8620689655172413,no_n2v,UNetPP,UNetPP no_n2v
00001,1000,0.0,0.1,0.8899352560329605,no_n2v,UNetPP,UNetPP no_n2v
00001,1000,0.0,0.25,0.9033787788974511,no_n2v,UNetPP,UNetPP no_n2v
00001,1000,1.0,0.0,0.8664652567975831,no_n2v,UNetPP,UNetPP no_n2v
00001,1000,1.0,0.1,0.8969375736160189,no_n2v,UNetPP,UNetPP no_n2v
00001,1000,1.0,0.25,0.9063981042654028,no_n2v,UNetPP,UNetPP no_n2v
00001,1000,2.0,0.0,0.8761167361524718,no_n2v,UNetPP,UNetPP no_n2v
00001,1000,2.0,0.1,0.8889528193325662,no_n2v,UNetPP,UNetPP no_n2v
00001,1000,2.0,0.25,0.9070175438596492,no_n2v,UNetPP,UNetPP no_n2v
00004,20,0.0,0.0,0.8700427089688835,no_n2v,UNetPP,UNetPP no_n2v
00004,20,0.0,0.1,0.8955479452054794,no_n2v,UNetPP,UNetPP no_n2v
00004,20,0.0,0.25,0.9049539170506913,no_n2v,UNetPP,UNetPP no_n2v
00004,20,1.0,0.0,0.8763702801461632,no_n2v,UNetPP,UNetPP no_n2v
00004,20,1.0,0.1,0.9055843408175014,no_n2v,UNetPP,UNetPP no_n2v
00004,20,1.0,0.25,0.9159953970080552,no_n2v,UNetPP,UNetPP no_n2v
00004,20,2.0,0.0,0.9043848964677222,no_n2v,UNetPP,UNetPP no_n2v
00004,20,2.0,0.1,0.8592154755507792,no_n2v,UNetPP,UNetPP no_n2v
00004,20,2.0,0.25,0.9075678798382438,no_n2v,UNetPP,UNetPP no_n2v
00004,50,0.0,0.0,0.8798780487804878,no_n2v,UNetPP,UNetPP no_n2v
00004,50,0.0,0.1,0.9214285714285714,no_n2v,UNetPP,UNetPP no_n2v
00004,50,0.0,0.25,0.9197166469893743,no_n2v,UNetPP,UNetPP no_n2v
00004,50,1.0,0.0,0.8872638634978671,no_n2v,UNetPP,UNetPP no_n2v
00004,50,1.0,0.1,0.9018118059614261,no_n2v,UNetPP,UNetPP no_n2v
00004,50,1.0,0.25,0.9199529134785168,no_n2v,UNetPP,UNetPP no_n2v
00004,50,2.0,0.0,0.8950879320800486,no_n2v,UNetPP,UNetPP no_n2v
00004,50,2.0,0.1,0.9080393290919607,no_n2v,UNetPP,UNetPP no_n2v
00004,50,2.0,0.25,0.913472706155633,no_n2v,UNetPP,UNetPP no_n2v
00004,200,0.0,0.0,0.8792682926829268,no_n2v,UNetPP,UNetPP no_n2v
00004,200,0.0,0.1,0.9174698795180722,no_n2v,UNetPP,UNetPP no_n2v
00004,200,0.0,0.25,0.9269764634882317,no_n2v,UNetPP,UNetPP no_n2v
00004,200,1.0,0.0,0.8811700182815356,no_n2v,UNetPP,UNetPP no_n2v
00004,200,1.0,0.1,0.9235400361228175,no_n2v,UNetPP,UNetPP no_n2v
00004,200,1.0,0.25,0.9300783604581073,no_n2v,UNetPP,UNetPP no_n2v
00004,200,2.0,0.0,0.8985507246376812,no_n2v,UNetPP,UNetPP no_n2v
00004,200,2.0,0.1,0.9287410926365796,no_n2v,UNetPP,UNetPP no_n2v
00004,200,2.0,0.25,0.93122009569378,no_n2v,UNetPP,UNetPP no_n2v
00004,1000,0.0,0.0,0.876979293544458,no_n2v,UNetPP,UNetPP no_n2v
00004,1000,0.0,0.1,0.9214026602176542,no_n2v,UNetPP,UNetPP no_n2v
00004,1000,0.0,0.25,0.9327272727272727,no_n2v,UNetPP,UNetPP no_n2v
00004,1000,1.0,0.0,0.8909866017052375,no_n2v,UNetPP,UNetPP no_n2v
00004,1000,1.0,0.1,0.9228915662650602,no_n2v,UNetPP,UNetPP no_n2v
00004,1000,1.0,0.25,0.9304715840386941,no_n2v,UNetPP,UNetPP no_n2v
00004,1000,2.0,0.0,0.9041013268998793,no_n2v,UNetPP,UNetPP no_n2v
00004,1000,2.0,0.1,0.9295522388059702,no_n2v,UNetPP,UNetPP no_n2v
00004,1000,2.0,0.25,0.9358513189448441,no_n2v,UNetPP,UNetPP no_n2v
00011,20,0.0,0.0,0.8924205378973105,no_n2v,UNetPP,UNetPP no_n2v
00011,20,0.0,0.1,0.9026903262736119,no_n2v,UNetPP,UNetPP no_n2v
00011,20,0.0,0.25,0.9257767548906789,no_n2v,UNetPP,UNetPP no_n2v
00011,20,1.0,0.0,0.8794887401095557,no_n2v,UNetPP,UNetPP no_n2v
00011,20,1.0,0.1,0.9144661308840414,no_n2v,UNetPP,UNetPP no_n2v
00011,20,1.0,0.25,0.9235225955967555,no_n2v,UNetPP,UNetPP no_n2v
00011,20,2.0,0.0,0.9032258064516129,no_n2v,UNetPP,UNetPP no_n2v
00011,20,2.0,0.1,0.8992117117117117,no_n2v,UNetPP,UNetPP no_n2v
00011,20,2.0,0.25,0.8833151581243184,no_n2v,UNetPP,UNetPP no_n2v
00011,50,0.0,0.0,0.8833943833943834,no_n2v,UNetPP,UNetPP no_n2v
00011,50,0.0,0.1,0.9155345540460721,no_n2v,UNetPP,UNetPP no_n2v
00011,50,0.0,0.25,0.9341246290801187,no_n2v,UNetPP,UNetPP no_n2v
00011,50,1.0,0.0,0.8898408812729498,no_n2v,UNetPP,UNetPP no_n2v
00011,50,1.0,0.1,0.9247630331753555,no_n2v,UNetPP,UNetPP no_n2v
00011,50,1.0,0.25,0.9319526627218935,no_n2v,UNetPP,UNetPP no_n2v
00011,50,2.0,0.0,0.9129640900791236,no_n2v,UNetPP,UNetPP no_n2v
00011,50,2.0,0.1,0.9099254159495124,no_n2v,UNetPP,UNetPP no_n2v
00011,50,2.0,0.25,0.9244186046511628,no_n2v,UNetPP,UNetPP no_n2v
00011,200,0.0,0.0,0.8909313725490197,no_n2v,UNetPP,UNetPP no_n2v
00011,200,0.0,0.1,0.9175691937424789,no_n2v,UNetPP,UNetPP no_n2v
00011,200,0.0,0.25,0.926194797338173,no_n2v,UNetPP,UNetPP no_n2v
00011,200,1.0,0.0,0.8985949908368968,no_n2v,UNetPP,UNetPP no_n2v
00011,200,1.0,0.1,0.9218280216476248,no_n2v,UNetPP,UNetPP no_n2v
00011,200,1.0,0.25,0.9285714285714286,no_n2v,UNetPP,UNetPP no_n2v
00011,200,2.0,0.0,0.9154501216545012,no_n2v,UNetPP,UNetPP no_n2v
00011,200,2.0,0.1,0.9310344827586207,no_n2v,UNetPP,UNetPP no_n2v
00011,200,2.0,0.25,0.9337313432835821,no_n2v,UNetPP,UNetPP no_n2v
00011,1000,0.0,0.0,0.8958333333333334,no_n2v,UNetPP,UNetPP no_n2v
00011,1000,0.0,0.1,0.9217707701637355,no_n2v,UNetPP,UNetPP no_n2v
00011,1000,0.0,0.25,0.9343863912515188,no_n2v,UNetPP,UNetPP no_n2v
00011,1000,1.0,0.0,0.8998167379352474,no_n2v,UNetPP,UNetPP no_n2v
00011,1000,1.0,0.1,0.926194797338173,no_n2v,UNetPP,UNetPP no_n2v
00011,1000,1.0,0.25,0.9346642468239564,no_n2v,UNetPP,UNetPP no_n2v
00011,1000,2.0,0.0,0.9137826350941105,no_n2v,UNetPP,UNetPP no_n2v
00011,1000,2.0,0.1,0.9332140727489565,no_n2v,UNetPP,UNetPP no_n2v
00011,1000,2.0,0.25,0.9341711549970078,no_n2v,UNetPP,UNetPP no_n2v
00018,20,0.0,0.0,0.9310551558752997,no_n2v,UNetPP,UNetPP no_n2v
00018,20,0.0,0.1,0.9182948490230906,no_n2v,UNetPP,UNetPP no_n2v
00018,20,0.0,0.25,0.9216152019002375,no_n2v,UNetPP,UNetPP no_n2v
00018,20,1.0,0.0,0.9196160767846431,no_n2v,UNetPP,UNetPP no_n2v
00018,20,1.0,0.1,0.892706449668475,no_n2v,UNetPP,UNetPP no_n2v
00018,20,1.0,0.25,0.9156342182890855,no_n2v,UNetPP,UNetPP no_n2v
00018,20,2.0,0.0,0.9258160237388724,no_n2v,UNetPP,UNetPP no_n2v
00018,20,2.0,0.1,0.9249106078665077,no_n2v,UNetPP,UNetPP no_n2v
00018,20,2.0,0.25,0.924865831842576,no_n2v,UNetPP,UNetPP no_n2v
00018,50,0.0,0.0,0.8882138517618469,no_n2v,UNetPP,UNetPP no_n2v
00018,50,0.0,0.1,0.9142857142857143,no_n2v,UNetPP,UNetPP no_n2v
00018,50,0.0,0.25,0.9183796856106409,no_n2v,UNetPP,UNetPP no_n2v
00018,50,1.0,0.0,0.8855602156980228,no_n2v,UNetPP,UNetPP no_n2v
00018,50,1.0,0.1,0.9134906231094979,no_n2v,UNetPP,UNetPP no_n2v
00018,50,1.0,0.25,0.9232164449818622,no_n2v,UNetPP,UNetPP no_n2v
00018,50,2.0,0.0,0.8889548693586699,no_n2v,UNetPP,UNetPP no_n2v
00018,50,2.0,0.1,0.916267942583732,no_n2v,UNetPP,UNetPP no_n2v
00018,50,2.0,0.25,0.9150602409638554,no_n2v,UNetPP,UNetPP no_n2v
00018,200,0.0,0.0,0.900609756097561,no_n2v,UNetPP,UNetPP no_n2v
00018,200,0.0,0.1,0.8943533697632058,no_n2v,UNetPP,UNetPP no_n2v
00018,200,0.0,0.25,0.905140758873929,no_n2v,UNetPP,UNetPP no_n2v
00018,200,1.0,0.0,0.8976377952755905,no_n2v,UNetPP,UNetPP no_n2v
00018,200,1.0,0.1,0.8932275777913362,no_n2v,UNetPP,UNetPP no_n2v
00018,200,1.0,0.25,0.9054301403294692,no_n2v,UNetPP,UNetPP no_n2v
00018,200,2.0,0.0,0.898428053204353,no_n2v,UNetPP,UNetPP no_n2v
00018,200,2.0,0.1,0.9079345850999394,no_n2v,UNetPP,UNetPP no_n2v
00018,200,2.0,0.25,0.9099756690997567,no_n2v,UNetPP,UNetPP no_n2v
00018,1000,0.0,0.0,0.8929008567931457,no_n2v,UNetPP,UNetPP no_n2v
00018,1000,0.0,0.1,0.908256880733945,no_n2v,UNetPP,UNetPP no_n2v
00018,1000,0.0,0.25,0.8938650306748466,no_n2v,UNetPP,UNetPP no_n2v
00018,1000,1.0,0.0,0.8978102189781022,no_n2v,UNetPP,UNetPP no_n2v
00018,1000,1.0,0.1,0.9068776628119294,no_n2v,UNetPP,UNetPP no_n2v
00018,1000,1.0,0.25,0.9019607843137255,no_n2v,UNetPP,UNetPP no_n2v
00018,1000,2.0,0.0,0.9039274924471299,no_n2v,UNetPP,UNetPP no_n2v
00018,1000,2.0,0.1,0.905307599517491,no_n2v,UNetPP,UNetPP no_n2v
00018,1000,2.0,0.25,0.9078144078144078,no_n2v,UNetPP,UNetPP no_n2v
00021,20,0.0,0.0,0.8567990373044525,no_n2v,UNetPP,UNetPP no_n2v
00021,20,0.0,0.1,0.8906071019473081,no_n2v,UNetPP,UNetPP no_n2v
00021,20,0.0,0.25,0.8896321070234113,no_n2v,UNetPP,UNetPP no_n2v
00021,20,1.0,0.0,0.8631452581032413,no_n2v,UNetPP,UNetPP no_n2v
00021,20,1.0,0.1,0.8664459161147903,no_n2v,UNetPP,UNetPP no_n2v
00021,20,1.0,0.25,0.8889505830094392,no_n2v,UNetPP,UNetPP no_n2v
00021,20,2.0,0.0,0.8647371529828707,no_n2v,UNetPP,UNetPP no_n2v
00021,20,2.0,0.1,0.8780889621087314,no_n2v,UNetPP,UNetPP no_n2v
00021,20,2.0,0.25,0.876243093922652,no_n2v,UNetPP,UNetPP no_n2v
00021,50,0.0,0.0,0.8546546546546546,no_n2v,UNetPP,UNetPP no_n2v
00021,50,0.0,0.1,0.8888888888888888,no_n2v,UNetPP,UNetPP no_n2v
00021,50,0.0,0.25,0.8981001727115717,no_n2v,UNetPP,UNetPP no_n2v
00021,50,1.0,0.0,0.8567146282973621,no_n2v,UNetPP,UNetPP no_n2v
00021,50,1.0,0.1,0.8816534541336354,no_n2v,UNetPP,UNetPP no_n2v
00021,50,1.0,0.25,0.9013271783035199,no_n2v,UNetPP,UNetPP no_n2v
00021,50,2.0,0.0,0.8715050565139798,no_n2v,UNetPP,UNetPP no_n2v
00021,50,2.0,0.1,0.8808724832214765,no_n2v,UNetPP,UNetPP no_n2v
00021,50,2.0,0.25,0.8904653802497162,no_n2v,UNetPP,UNetPP no_n2v
00021,200,0.0,0.0,0.8572292800967937,no_n2v,UNetPP,UNetPP no_n2v
00021,200,0.0,0.1,0.8843217850851439,no_n2v,UNetPP,UNetPP no_n2v
00021,200,0.0,0.25,0.8994677705499704,no_n2v,UNetPP,UNetPP no_n2v
00021,200,1.0,0.0,0.8612786489746683,no_n2v,UNetPP,UNetPP no_n2v
00021,200,1.0,0.1,0.8786127167630058,no_n2v,UNetPP,UNetPP no_n2v
00021,200,1.0,0.25,0.8969732246798603,no_n2v,UNetPP,UNetPP no_n2v
00021,200,2.0,0.0,0.8724672228843862,no_n2v,UNetPP,UNetPP no_n2v
00021,200,2.0,0.1,0.884373211219233,no_n2v,UNetPP,UNetPP no_n2v
00021,200,2.0,0.25,0.903503733486502,no_n2v,UNetPP,UNetPP no_n2v
00021,1000,0.0,0.0,0.8610271903323263,no_n2v,UNetPP,UNetPP no_n2v
00021,1000,0.0,0.1,0.8834608593290171,no_n2v,UNetPP,UNetPP no_n2v
00021,1000,0.0,0.25,0.9029411764705882,no_n2v,UNetPP,UNetPP no_n2v
00021,1000,1.0,0.0,0.8609271523178808,no_n2v,UNetPP,UNetPP no_n2v
00021,1000,1.0,0.1,0.883177570093458,no_n2v,UNetPP,UNetPP no_n2v
00021,1000,1.0,0.25,0.9001761597181445,no_n2v,UNetPP,UNetPP no_n2v
00021,1000,2.0,0.0,0.8717183770883055,no_n2v,UNetPP,UNetPP no_n2v
00021,1000,2.0,0.1,0.8808022922636103,no_n2v,UNetPP,UNetPP no_n2v
00021,1000,2.0,0.25,0.9032069970845481,no_n2v,UNetPP,UNetPP no_n2v
00024,20,0.0,0.0,0.9154929577464789,no_n2v,UNetPP,UNetPP no_n2v
00024,20,0.0,0.1,0.9151053864168618,no_n2v,UNetPP,UNetPP no_n2v
00024,20,0.0,0.25,0.8862612612612613,no_n2v,UNetPP,UNetPP no_n2v
00024,20,1.0,0.0,0.909821941412981,no_n2v,UNetPP,UNetPP no_n2v
00024,20,1.0,0.1,0.9341176470588235,no_n2v,UNetPP,UNetPP no_n2v
00024,20,1.0,0.25,0.9002293577981652,no_n2v,UNetPP,UNetPP no_n2v
00024,20,2.0,0.0,0.9131684876365728,no_n2v,UNetPP,UNetPP no_n2v
00024,20,2.0,0.1,0.8960964408725602,no_n2v,UNetPP,UNetPP no_n2v
00024,20,2.0,0.25,0.8766891891891891,no_n2v,UNetPP,UNetPP no_n2v
00024,50,0.0,0.0,0.9372781065088758,no_n2v,UNetPP,UNetPP no_n2v
00024,50,0.0,0.1,0.9221238938053097,no_n2v,UNetPP,UNetPP no_n2v
00024,50,0.0,0.25,0.888095238095238,no_n2v,UNetPP,UNetPP no_n2v
00024,50,1.0,0.0,0.9129181084198386,no_n2v,UNetPP,UNetPP no_n2v
00024,50,1.0,0.1,0.9171044950379451,no_n2v,UNetPP,UNetPP no_n2v
00024,50,1.0,0.25,0.8917800118273211,no_n2v,UNetPP,UNetPP no_n2v
00024,50,2.0,0.0,0.9287369640787949,no_n2v,UNetPP,UNetPP no_n2v
00024,50,2.0,0.1,0.9155581260844419,no_n2v,UNetPP,UNetPP no_n2v
00024,50,2.0,0.25,0.9256198347107438,no_n2v,UNetPP,UNetPP no_n2v
00024,200,0.0,0.0,0.9132446500867554,no_n2v,UNetPP,UNetPP no_n2v
00024,200,0.0,0.1,0.9195064629847238,no_n2v,UNetPP,UNetPP no_n2v
00024,200,0.0,0.25,0.9019725044829647,no_n2v,UNetPP,UNetPP no_n2v
00024,200,1.0,0.0,0.9195136074116966,no_n2v,UNetPP,UNetPP no_n2v
00024,200,1.0,0.1,0.9123112659698026,no_n2v,UNetPP,UNetPP no_n2v
00024,200,1.0,0.25,0.8851873884592505,no_n2v,UNetPP,UNetPP no_n2v
00024,200,2.0,0.0,0.9128466327108092,no_n2v,UNetPP,UNetPP no_n2v
00024,200,2.0,0.1,0.9103009259259259,no_n2v,UNetPP,UNetPP no_n2v
00024,200,2.0,0.25,0.9080257762155829,no_n2v,UNetPP,UNetPP no_n2v
00024,1000,0.0,0.0,0.8739035087719298,no_n2v,UNetPP,UNetPP no_n2v
00024,1000,0.0,0.1,0.9130938586326767,no_n2v,UNetPP,UNetPP no_n2v
00024,1000,0.0,0.25,0.8968583283935981,no_n2v,UNetPP,UNetPP no_n2v
00024,1000,1.0,0.0,0.9006772009029346,no_n2v,UNetPP,UNetPP no_n2v
00024,1000,1.0,0.1,0.9101382488479263,no_n2v,UNetPP,UNetPP no_n2v
00024,1000,1.0,0.25,0.8975725281231498,no_n2v,UNetPP,UNetPP no_n2v
00024,1000,2.0,0.0,0.8786064235166031,no_n2v,UNetPP,UNetPP no_n2v
00024,1000,2.0,0.1,0.9022046353872244,no_n2v,UNetPP,UNetPP no_n2v
00024,1000,2.0,0.25,0.9028671737858397,no_n2v,UNetPP,UNetPP no_n2v
00030,20,0.0,0.0,0.8855054811205847,no_n2v,UNetPP,UNetPP no_n2v
00030,20,0.0,0.1,0.8818984547461368,no_n2v,UNetPP,UNetPP no_n2v
00030,20,0.0,0.25,0.8970753655793026,no_n2v,UNetPP,UNetPP no_n2v
00030,20,1.0,0.0,0.8721071863580999,no_n2v,UNetPP,UNetPP no_n2v
00030,20,1.0,0.1,0.8941709111488398,no_n2v,UNetPP,UNetPP no_n2v
00030,20,1.0,0.25,0.9037703995498031,no_n2v,UNetPP,UNetPP no_n2v
00030,20,2.0,0.0,0.8838475499092558,no_n2v,UNetPP,UNetPP no_n2v
00030,20,2.0,0.1,0.8765027322404372,no_n2v,UNetPP,UNetPP no_n2v
00030,20,2.0,0.25,0.8851463279955826,no_n2v,UNetPP,UNetPP no_n2v
00030,50,0.0,0.0,0.8668295662797801,no_n2v,UNetPP,UNetPP no_n2v
00030,50,0.0,0.1,0.9049008168028004,no_n2v,UNetPP,UNetPP no_n2v
00030,50,0.0,0.25,0.925904317386231,no_n2v,UNetPP,UNetPP no_n2v
00030,50,1.0,0.0,0.8766788766788767,no_n2v,UNetPP,UNetPP no_n2v
00030,50,1.0,0.1,0.8925525866969869,no_n2v,UNetPP,UNetPP no_n2v
00030,50,1.0,0.25,0.927400468384075,no_n2v,UNetPP,UNetPP no_n2v
00030,50,2.0,0.0,0.8905592303066747,no_n2v,UNetPP,UNetPP no_n2v
00030,50,2.0,0.1,0.891389983117614,no_n2v,UNetPP,UNetPP no_n2v
00030,50,2.0,0.25,0.9247990815154994,no_n2v,UNetPP,UNetPP no_n2v
00030,200,0.0,0.0,0.8750761730652041,no_n2v,UNetPP,UNetPP no_n2v
00030,200,0.0,0.1,0.9054932073242764,no_n2v,UNetPP,UNetPP no_n2v
00030,200,0.0,0.25,0.9327731092436975,no_n2v,UNetPP,UNetPP no_n2v
00030,200,1.0,0.0,0.8790273556231003,no_n2v,UNetPP,UNetPP no_n2v
00030,200,1.0,0.1,0.9107981220657277,no_n2v,UNetPP,UNetPP no_n2v
00030,200,1.0,0.25,0.9322235434007135,no_n2v,UNetPP,UNetPP no_n2v
00030,200,2.0,0.0,0.895117540687161,no_n2v,UNetPP,UNetPP no_n2v
00030,200,2.0,0.1,0.8986834573554665,no_n2v,UNetPP,UNetPP no_n2v
00030,200,2.0,0.25,0.9309537741369222,no_n2v,UNetPP,UNetPP no_n2v
00030,1000,0.0,0.0,0.8762949421084705,no_n2v,UNetPP,UNetPP no_n2v
00030,1000,0.0,0.1,0.913895486935867,no_n2v,UNetPP,UNetPP no_n2v
00030,1000,0.0,0.25,0.9334532374100719,no_n2v,UNetPP,UNetPP no_n2v
00030,1000,1.0,0.0,0.8813146682897139,no_n2v,UNetPP,UNetPP no_n2v
00030,1000,1.0,0.1,0.9131205673758865,no_n2v,UNetPP,UNetPP no_n2v
00030,1000,1.0,0.25,0.935445307830245,no_n2v,UNetPP,UNetPP no_n2v
00030,1000,2.0,0.0,0.8958458759783263,no_n2v,UNetPP,UNetPP no_n2v
00030,1000,2.0,0.1,0.9090909090909091,no_n2v,UNetPP,UNetPP no_n2v
00030,1000,2.0,0.25,0.9317647058823529,no_n2v,UNetPP,UNetPP no_n2v
00033,20,0.0,0.0,0.7018633540372671,no_n2v,UNetPP,UNetPP no_n2v
00033,20,0.0,0.1,0.7024114930733709,no_n2v,UNetPP,UNetPP no_n2v
00033,20,0.0,0.25,0.7155425219941349,no_n2v,UNetPP,UNetPP no_n2v
00033,20,1.0,0.0,0.7151454363089268,no_n2v,UNetPP,UNetPP no_n2v
00033,20,1.0,0.1,0.6921529175050302,no_n2v,UNetPP,UNetPP no_n2v
00033,20,1.0,0.25,0.6182276354472911,no_n2v,UNetPP,UNetPP no_n2v
00033,20,2.0,0.0,0.7163509471585244,no_n2v,UNetPP,UNetPP no_n2v
00033,20,2.0,0.1,0.713220675944334,no_n2v,UNetPP,UNetPP no_n2v
00033,20,2.0,0.25,0.6640281442392261,no_n2v,UNetPP,UNetPP no_n2v
00033,50,0.0,0.0,0.7235602094240837,no_n2v,UNetPP,UNetPP no_n2v
00033,50,0.0,0.1,0.7320774463631606,no_n2v,UNetPP,UNetPP no_n2v
00033,50,0.0,0.25,0.7314906219151036,no_n2v,UNetPP,UNetPP no_n2v
00033,50,1.0,0.0,0.7569331158238173,no_n2v,UNetPP,UNetPP no_n2v
00033,50,1.0,0.1,0.7232375979112271,no_n2v,UNetPP,UNetPP no_n2v
00033,50,1.0,0.25,0.6971428571428572,no_n2v,UNetPP,UNetPP no_n2v
00033,50,2.0,0.0,0.746449237243556,no_n2v,UNetPP,UNetPP no_n2v
00033,50,2.0,0.1,0.7186234817813765,no_n2v,UNetPP,UNetPP no_n2v
00033,50,2.0,0.25,0.7473417721518988,no_n2v,UNetPP,UNetPP no_n2v
00033,200,0.0,0.0,0.7640326975476839,no_n2v,UNetPP,UNetPP no_n2v
00033,200,0.0,0.1,0.7716319824753559,no_n2v,UNetPP,UNetPP no_n2v
00033,200,0.0,0.25,0.7814498933901919,no_n2v,UNetPP,UNetPP no_n2v
00033,200,1.0,0.0,0.7723577235772358,no_n2v,UNetPP,UNetPP no_n2v
00033,200,1.0,0.1,0.7627027027027027,no_n2v,UNetPP,UNetPP no_n2v
00033,200,1.0,0.25,0.7942430703624733,no_n2v,UNetPP,UNetPP no_n2v
00033,200,2.0,0.0,0.7808807733619764,no_n2v,UNetPP,UNetPP no_n2v
00033,200,2.0,0.1,0.7768773635872501,no_n2v,UNetPP,UNetPP no_n2v
00033,200,2.0,0.25,0.7754785307811691,no_n2v,UNetPP,UNetPP no_n2v
00033,1000,0.0,0.0,0.79011660188784,no_n2v,UNetPP,UNetPP no_n2v
00033,1000,0.0,0.1,0.7886626307099615,no_n2v,UNetPP,UNetPP no_n2v
00033,1000,0.0,0.25,0.7983827493261455,no_n2v,UNetPP,UNetPP no_n2v
00033,1000,1.0,0.0,0.7873626373626373,no_n2v,UNetPP,UNetPP no_n2v
00033,1000,1.0,0.1,0.7800218340611353,no_n2v,UNetPP,UNetPP no_n2v
00033,1000,1.0,0.25,0.7984873041599135,no_n2v,UNetPP,UNetPP no_n2v
00033,1000,2.0,0.0,0.7841765339074274,no_n2v,UNetPP,UNetPP no_n2v
00033,1000,2.0,0.1,0.7814498933901919,no_n2v,UNetPP,UNetPP no_n2v
00033,1000,2.0,0.25,0.7816571130797291,no_n2v,UNetPP,UNetPP no_n2v
00035,20,0.0,0.0,0.8692886061307113,no_n2v,UNetPP,UNetPP no_n2v
00035,20,0.0,0.1,0.859796285200719,no_n2v,UNetPP,UNetPP no_n2v
00035,20,0.0,0.25,0.8872832369942196,no_n2v,UNetPP,UNetPP no_n2v
00035,20,1.0,0.0,0.881326352530541,no_n2v,UNetPP,UNetPP no_n2v
00035,20,1.0,0.1,0.8577456298975287,no_n2v,UNetPP,UNetPP no_n2v
00035,20,1.0,0.25,0.9046773238602723,no_n2v,UNetPP,UNetPP no_n2v
00035,20,2.0,0.0,0.8482558139534884,no_n2v,UNetPP,UNetPP no_n2v
00035,20,2.0,0.1,0.8813056379821959,no_n2v,UNetPP,UNetPP no_n2v
00035,20,2.0,0.25,0.8348134991119005,no_n2v,UNetPP,UNetPP no_n2v
00035,50,0.0,0.0,0.8785498489425981,no_n2v,UNetPP,UNetPP no_n2v
00035,50,0.0,0.1,0.8677438659485338,no_n2v,UNetPP,UNetPP no_n2v
00035,50,0.0,0.25,0.8173543689320388,no_n2v,UNetPP,UNetPP no_n2v
00035,50,1.0,0.0,0.8428398058252428,no_n2v,UNetPP,UNetPP no_n2v
00035,50,1.0,0.1,0.8603251053582179,no_n2v,UNetPP,UNetPP no_n2v
00035,50,1.0,0.25,0.8414707655213984,no_n2v,UNetPP,UNetPP no_n2v
00035,50,2.0,0.0,0.8700906344410876,no_n2v,UNetPP,UNetPP no_n2v
00035,50,2.0,0.1,0.8810232004759072,no_n2v,UNetPP,UNetPP no_n2v
00035,50,2.0,0.25,0.8696428571428572,no_n2v,UNetPP,UNetPP no_n2v
00035,200,0.0,0.0,0.793040293040293,no_n2v,UNetPP,UNetPP no_n2v
00035,200,0.0,0.1,0.8021911138161899,no_n2v,UNetPP,UNetPP no_n2v
00035,200,0.0,0.25,0.8013406459475929,no_n2v,UNetPP,UNetPP no_n2v
00035,200,1.0,0.0,0.8026796589524969,no_n2v,UNetPP,UNetPP no_n2v
00035,200,1.0,0.1,0.7964763061968408,no_n2v,UNetPP,UNetPP no_n2v
00035,200,1.0,0.25,0.8325213154689404,no_n2v,UNetPP,UNetPP no_n2v
00035,200,2.0,0.0,0.8064516129032258,no_n2v,UNetPP,UNetPP no_n2v
00035,200,2.0,0.1,0.8138972809667674,no_n2v,UNetPP,UNetPP no_n2v
00035,200,2.0,0.25,0.8365853658536585,no_n2v,UNetPP,UNetPP no_n2v
00035,1000,0.0,0.0,0.784577723378213,no_n2v,UNetPP,UNetPP no_n2v
00035,1000,0.0,0.1,0.7851897184822522,no_n2v,UNetPP,UNetPP no_n2v
00035,1000,0.0,0.25,0.7977873386601106,no_n2v,UNetPP,UNetPP no_n2v
00035,1000,1.0,0.0,0.797924297924298,no_n2v,UNetPP,UNetPP no_n2v
00035,1000,1.0,0.1,0.7877300613496933,no_n2v,UNetPP,UNetPP no_n2v
00035,1000,1.0,0.25,0.7987767584097859,no_n2v,UNetPP,UNetPP no_n2v
00035,1000,2.0,0.0,0.8069427527405603,no_n2v,UNetPP,UNetPP no_n2v
00035,1000,2.0,0.1,0.8015873015873016,no_n2v,UNetPP,UNetPP no_n2v
00035,1000,2.0,0.25,0.8141377209018891,no_n2v,UNetPP,UNetPP no_n2v
00038,20,0.0,0.0,0.8609946075494308,no_n2v,UNetPP,UNetPP no_n2v
00038,20,0.0,0.1,0.8912919749573136,no_n2v,UNetPP,UNetPP no_n2v
00038,20,0.0,0.25,0.8868450390189521,no_n2v,UNetPP,UNetPP no_n2v
00038,20,1.0,0.0,0.8737160120845922,no_n2v,UNetPP,UNetPP no_n2v
00038,20,1.0,0.1,0.89563244469654,no_n2v,UNetPP,UNetPP no_n2v
00038,20,1.0,0.25,0.8756936736958935,no_n2v,UNetPP,UNetPP no_n2v
00038,20,2.0,0.0,0.8713519952352591,no_n2v,UNetPP,UNetPP no_n2v
00038,20,2.0,0.1,0.8723986856516976,no_n2v,UNetPP,UNetPP no_n2v
00038,20,2.0,0.25,0.873972602739726,no_n2v,UNetPP,UNetPP no_n2v
00038,50,0.0,0.0,0.8577456298975287,no_n2v,UNetPP,UNetPP no_n2v
00038,50,0.0,0.1,0.8956876456876457,no_n2v,UNetPP,UNetPP no_n2v
00038,50,0.0,0.25,0.9057591623036649,no_n2v,UNetPP,UNetPP no_n2v
00038,50,1.0,0.0,0.8700906344410876,no_n2v,UNetPP,UNetPP no_n2v
00038,50,1.0,0.1,0.8924050632911392,no_n2v,UNetPP,UNetPP no_n2v
00038,50,1.0,0.25,0.9030582804385459,no_n2v,UNetPP,UNetPP no_n2v
00038,50,2.0,0.0,0.8908872901678657,no_n2v,UNetPP,UNetPP no_n2v
00038,50,2.0,0.1,0.880672268907563,no_n2v,UNetPP,UNetPP no_n2v
00038,50,2.0,0.25,0.8826530612244898,no_n2v,UNetPP,UNetPP no_n2v
00038,200,0.0,0.0,0.8643246517262265,no_n2v,UNetPP,UNetPP no_n2v
00038,200,0.0,0.1,0.8940553266627428,no_n2v,UNetPP,UNetPP no_n2v
00038,200,0.0,0.25,0.9057714958775029,no_n2v,UNetPP,UNetPP no_n2v
00038,200,1.0,0.0,0.8725075528700906,no_n2v,UNetPP,UNetPP no_n2v
00038,200,1.0,0.1,0.898533724340176,no_n2v,UNetPP,UNetPP no_n2v
00038,200,1.0,0.25,0.9050966608084359,no_n2v,UNetPP,UNetPP no_n2v
00038,200,2.0,0.0,0.8861593768723787,no_n2v,UNetPP,UNetPP no_n2v
00038,200,2.0,0.1,0.893739230327398,no_n2v,UNetPP,UNetPP no_n2v
00038,200,2.0,0.25,0.9040139616055847,no_n2v,UNetPP,UNetPP no_n2v
00038,1000,0.0,0.0,0.8686440677966102,no_n2v,UNetPP,UNetPP no_n2v
00038,1000,0.0,0.1,0.8970414201183432,no_n2v,UNetPP,UNetPP no_n2v
00038,1000,0.0,0.25,0.9008264462809917,no_n2v,UNetPP,UNetPP no_n2v
00038,1000,1.0,0.0,0.8738684369342185,no_n2v,UNetPP,UNetPP no_n2v
00038,1000,1.0,0.1,0.8977673325499412,no_n2v,UNetPP,UNetPP no_n2v
00038,1000,1.0,0.25,0.9016489988221437,no_n2v,UNetPP,UNetPP no_n2v
00038,1000,2.0,0.0,0.8775267538644471,no_n2v,UNetPP,UNetPP no_n2v
00038,1000,2.0,0.1,0.8979710144927536,no_n2v,UNetPP,UNetPP no_n2v
00038,1000,2.0,0.25,0.900523560209424,no_n2v,UNetPP,UNetPP no_n2v
00043,20,0.0,0.0,0.8299394606494221,no_n2v,UNetPP,UNetPP no_n2v
00043,20,0.0,0.1,0.83224043715847,no_n2v,UNetPP,UNetPP no_n2v
00043,20,0.0,0.25,0.9019725044829647,no_n2v,UNetPP,UNetPP no_n2v
00043,20,1.0,0.0,0.8535895986433013,no_n2v,UNetPP,UNetPP no_n2v
00043,20,1.0,0.1,0.859139183901621,no_n2v,UNetPP,UNetPP no_n2v
00043,20,1.0,0.25,0.8850029638411381,no_n2v,UNetPP,UNetPP no_n2v
00043,20,2.0,0.0,0.8510989010989011,no_n2v,UNetPP,UNetPP no_n2v
00043,20,2.0,0.1,0.8712206047032475,no_n2v,UNetPP,UNetPP no_n2v
00043,20,2.0,0.25,0.8782161234991424,no_n2v,UNetPP,UNetPP no_n2v
00043,50,0.0,0.0,0.8456221198156681,no_n2v,UNetPP,UNetPP no_n2v
00043,50,0.0,0.1,0.8627906976744186,no_n2v,UNetPP,UNetPP no_n2v
00043,50,0.0,0.25,0.8750733137829912,no_n2v,UNetPP,UNetPP no_n2v
00043,50,1.0,0.0,0.8426136363636364,no_n2v,UNetPP,UNetPP no_n2v
00043,50,1.0,0.1,0.8556701030927835,no_n2v,UNetPP,UNetPP no_n2v
00043,50,1.0,0.25,0.8780918727915195,no_n2v,UNetPP,UNetPP no_n2v
00043,50,2.0,0.0,0.8505875769445999,no_n2v,UNetPP,UNetPP no_n2v
00043,50,2.0,0.1,0.853024307518372,no_n2v,UNetPP,UNetPP no_n2v
00043,50,2.0,0.25,0.8733216579100992,no_n2v,UNetPP,UNetPP no_n2v
00043,200,0.0,0.0,0.8657326328079393,no_n2v,UNetPP,UNetPP no_n2v
00043,200,0.0,0.1,0.8730723606168446,no_n2v,UNetPP,UNetPP no_n2v
00043,200,0.0,0.25,0.8770245950809838,no_n2v,UNetPP,UNetPP no_n2v
00043,200,1.0,0.0,0.8733955659276547,no_n2v,UNetPP,UNetPP no_n2v
00043,200,1.0,0.1,0.8696418085731062,no_n2v,UNetPP,UNetPP no_n2v
00043,200,1.0,0.25,0.8832547169811321,no_n2v,UNetPP,UNetPP no_n2v
00043,200,2.0,0.0,0.8638443935926774,no_n2v,UNetPP,UNetPP no_n2v
00043,200,2.0,0.1,0.8842105263157894,no_n2v,UNetPP,UNetPP no_n2v
00043,200,2.0,0.25,0.8790560471976401,no_n2v,UNetPP,UNetPP no_n2v
00043,1000,0.0,0.0,0.8696933962264151,no_n2v,UNetPP,UNetPP no_n2v
00043,1000,0.0,0.1,0.8714454976303317,no_n2v,UNetPP,UNetPP no_n2v
00043,1000,0.0,0.25,0.8846153846153846,no_n2v,UNetPP,UNetPP no_n2v
00043,1000,1.0,0.0,0.8690058479532163,no_n2v,UNetPP,UNetPP no_n2v
00043,1000,1.0,0.1,0.8701527614571093,no_n2v,UNetPP,UNetPP no_n2v
00043,1000,1.0,0.25,0.8888888888888888,no_n2v,UNetPP,UNetPP no_n2v
00043,1000,2.0,0.0,0.8702953097857556,no_n2v,UNetPP,UNetPP no_n2v
00043,1000,2.0,0.1,0.8747815958066395,no_n2v,UNetPP,UNetPP no_n2v
00043,1000,2.0,0.25,0.8882318154937907,no_n2v,UNetPP,UNetPP no_n2v
00044,20,0.0,0.0,0.8531139835487661,no_n2v,UNetPP,UNetPP no_n2v
00044,20,0.0,0.1,0.8670244484197973,no_n2v,UNetPP,UNetPP no_n2v
00044,20,0.0,0.25,0.8641686182669789,no_n2v,UNetPP,UNetPP no_n2v
00044,20,1.0,0.0,0.8922439313203079,no_n2v,UNetPP,UNetPP no_n2v
00044,20,1.0,0.1,0.835990888382688,no_n2v,UNetPP,UNetPP no_n2v
00044,20,1.0,0.25,0.8602771362586605,no_n2v,UNetPP,UNetPP no_n2v
00044,20,2.0,0.0,0.9050746268656716,no_n2v,UNetPP,UNetPP no_n2v
00044,20,2.0,0.1,0.8928571428571429,no_n2v,UNetPP,UNetPP no_n2v
00044,20,2.0,0.25,0.8910256410256411,no_n2v,UNetPP,UNetPP no_n2v
00044,50,0.0,0.0,0.8850299401197604,no_n2v,UNetPP,UNetPP no_n2v
00044,50,0.0,0.1,0.8481238832638476,no_n2v,UNetPP,UNetPP no_n2v
00044,50,0.0,0.25,0.8618618618618619,no_n2v,UNetPP,UNetPP no_n2v
00044,50,1.0,0.0,0.8731475992886781,no_n2v,UNetPP,UNetPP no_n2v
00044,50,1.0,0.1,0.8781636256621542,no_n2v,UNetPP,UNetPP no_n2v
00044,50,1.0,0.25,0.8786407766990292,no_n2v,UNetPP,UNetPP no_n2v
00044,50,2.0,0.0,0.9030939871570345,no_n2v,UNetPP,UNetPP no_n2v
00044,50,2.0,0.1,0.8668238067177372,no_n2v,UNetPP,UNetPP no_n2v
00044,50,2.0,0.25,0.8824582338902148,no_n2v,UNetPP,UNetPP no_n2v
00044,200,0.0,0.0,0.8708920187793427,no_n2v,UNetPP,UNetPP no_n2v
00044,200,0.0,0.1,0.8680800942285041,no_n2v,UNetPP,UNetPP no_n2v
00044,200,0.0,0.25,0.8620275944811038,no_n2v,UNetPP,UNetPP no_n2v
00044,200,1.0,0.0,0.8775147928994083,no_n2v,UNetPP,UNetPP no_n2v
00044,200,1.0,0.1,0.8701298701298701,no_n2v,UNetPP,UNetPP no_n2v
00044,200,1.0,0.25,0.8802395209580839,no_n2v,UNetPP,UNetPP no_n2v
00044,200,2.0,0.0,0.8639769452449567,no_n2v,UNetPP,UNetPP no_n2v
00044,200,2.0,0.1,0.8741991846243448,no_n2v,UNetPP,UNetPP no_n2v
00044,200,2.0,0.25,0.8836662749706228,no_n2v,UNetPP,UNetPP no_n2v
00044,1000,0.0,0.0,0.859146697837522,no_n2v,UNetPP,UNetPP no_n2v
00044,1000,0.0,0.1,0.8669402110199297,no_n2v,UNetPP,UNetPP no_n2v
00044,1000,0.0,0.25,0.8762641284949435,no_n2v,UNetPP,UNetPP no_n2v
00044,1000,1.0,0.0,0.8601521357519017,no_n2v,UNetPP,UNetPP no_n2v
00044,1000,1.0,0.1,0.8618075801749271,no_n2v,UNetPP,UNetPP no_n2v
00044,1000,1.0,0.25,0.8761114404267931,no_n2v,UNetPP,UNetPP no_n2v
00044,1000,2.0,0.0,0.8620092378752887,no_n2v,UNetPP,UNetPP no_n2v
00044,1000,2.0,0.1,0.8692129629629629,no_n2v,UNetPP,UNetPP no_n2v
00044,1000,2.0,0.25,0.8796511627906977,no_n2v,UNetPP,UNetPP no_n2v
00046,20,0.0,0.0,0.8701456310679612,no_n2v,UNetPP,UNetPP no_n2v
00046,20,0.0,0.1,0.9020618556701031,no_n2v,UNetPP,UNetPP no_n2v
00046,20,0.0,0.25,0.9070438799076213,no_n2v,UNetPP,UNetPP no_n2v
00046,20,1.0,0.0,0.8785670916818458,no_n2v,UNetPP,UNetPP no_n2v
00046,20,1.0,0.1,0.901312036508842,no_n2v,UNetPP,UNetPP no_n2v
00046,20,1.0,0.25,0.885730528709494,no_n2v,UNetPP,UNetPP no_n2v
00046,20,2.0,0.0,0.8769507803121248,no_n2v,UNetPP,UNetPP no_n2v
00046,20,2.0,0.1,0.8875209848908786,no_n2v,UNetPP,UNetPP no_n2v
00046,20,2.0,0.25,0.8885762521102982,no_n2v,UNetPP,UNetPP no_n2v
00046,50,0.0,0.0,0.8627569528415961,no_n2v,UNetPP,UNetPP no_n2v
00046,50,0.0,0.1,0.906799531066823,no_n2v,UNetPP,UNetPP no_n2v
00046,50,0.0,0.25,0.9126559714795008,no_n2v,UNetPP,UNetPP no_n2v
00046,50,1.0,0.0,0.8680387409200968,no_n2v,UNetPP,UNetPP no_n2v
00046,50,1.0,0.1,0.9047900650502662,no_n2v,UNetPP,UNetPP no_n2v
00046,50,1.0,0.25,0.9104829210836278,no_n2v,UNetPP,UNetPP no_n2v
00046,50,2.0,0.0,0.8812537673297167,no_n2v,UNetPP,UNetPP no_n2v
00046,50,2.0,0.1,0.8927552766685681,no_n2v,UNetPP,UNetPP no_n2v
00046,50,2.0,0.25,0.9044289044289044,no_n2v,UNetPP,UNetPP no_n2v
00046,200,0.0,0.0,0.8621736490588949,no_n2v,UNetPP,UNetPP no_n2v
00046,200,0.0,0.1,0.9024536205864752,no_n2v,UNetPP,UNetPP no_n2v
00046,200,0.0,0.25,0.9084888621312462,no_n2v,UNetPP,UNetPP no_n2v
00046,200,1.0,0.0,0.8740157480314961,no_n2v,UNetPP,UNetPP no_n2v
00046,200,1.0,0.1,0.8969194312796208,no_n2v,UNetPP,UNetPP no_n2v
00046,200,1.0,0.25,0.9206730769230769,no_n2v,UNetPP,UNetPP no_n2v
00046,200,2.0,0.0,0.8853046594982079,no_n2v,UNetPP,UNetPP no_n2v
00046,200,2.0,0.1,0.9024390243902439,no_n2v,UNetPP,UNetPP no_n2v
00046,200,2.0,0.25,0.9204747774480713,no_n2v,UNetPP,UNetPP no_n2v
00046,1000,0.0,0.0,0.8680851063829788,no_n2v,UNetPP,UNetPP no_n2v
00046,1000,0.0,0.1,0.9057057057057057,no_n2v,UNetPP,UNetPP no_n2v
00046,1000,0.0,0.25,0.9139072847682119,no_n2v,UNetPP,UNetPP no_n2v
00046,1000,1.0,0.0,0.8734866828087167,no_n2v,UNetPP,UNetPP no_n2v
00046,1000,1.0,0.1,0.909688995215311,no_n2v,UNetPP,UNetPP no_n2v
00046,1000,1.0,0.25,0.9202159568086383,no_n2v,UNetPP,UNetPP no_n2v
00046,1000,2.0,0.0,0.8828451882845189,no_n2v,UNetPP,UNetPP no_n2v
00046,1000,2.0,0.1,0.9062133645955451,no_n2v,UNetPP,UNetPP no_n2v
00046,1000,2.0,0.25,0.9220238095238096,no_n2v,UNetPP,UNetPP no_n2v
00057,20,0.0,0.0,0.8841911764705882,no_n2v,UNetPP,UNetPP no_n2v
00057,20,0.0,0.1,0.9073537927041112,no_n2v,UNetPP,UNetPP no_n2v
00057,20,0.0,0.25,0.9134275618374559,no_n2v,UNetPP,UNetPP no_n2v
00057,20,1.0,0.0,0.8921389396709324,no_n2v,UNetPP,UNetPP no_n2v
00057,20,1.0,0.1,0.9188876013904983,no_n2v,UNetPP,UNetPP no_n2v
00057,20,1.0,0.25,0.9157530294287363,no_n2v,UNetPP,UNetPP no_n2v
00057,20,2.0,0.0,0.8976997578692494,no_n2v,UNetPP,UNetPP no_n2v
00057,20,2.0,0.1,0.9073863636363636,no_n2v,UNetPP,UNetPP no_n2v
00057,20,2.0,0.25,0.9243306169965075,no_n2v,UNetPP,UNetPP no_n2v
00057,50,0.0,0.0,0.8907203907203908,no_n2v,UNetPP,UNetPP no_n2v
00057,50,0.0,0.1,0.9138554216867469,no_n2v,UNetPP,UNetPP no_n2v
00057,50,0.0,0.25,0.9217443249701314,no_n2v,UNetPP,UNetPP no_n2v
00057,50,1.0,0.0,0.8888888888888888,no_n2v,UNetPP,UNetPP no_n2v
00057,50,1.0,0.1,0.9226618705035972,no_n2v,UNetPP,UNetPP no_n2v
00057,50,1.0,0.25,0.9144385026737968,no_n2v,UNetPP,UNetPP no_n2v
00057,50,2.0,0.0,0.8974514563106796,no_n2v,UNetPP,UNetPP no_n2v
00057,50,2.0,0.1,0.9185840707964602,no_n2v,UNetPP,UNetPP no_n2v
00057,50,2.0,0.25,0.92,no_n2v,UNetPP,UNetPP no_n2v
00057,200,0.0,0.0,0.8863080684596577,no_n2v,UNetPP,UNetPP no_n2v
00057,200,0.0,0.1,0.9125151883353585,no_n2v,UNetPP,UNetPP no_n2v
00057,200,0.0,0.25,0.9193450576106731,no_n2v,UNetPP,UNetPP no_n2v
00057,200,1.0,0.0,0.8882101405009163,no_n2v,UNetPP,UNetPP no_n2v
00057,200,1.0,0.1,0.9155609167671894,no_n2v,UNetPP,UNetPP no_n2v
00057,200,1.0,0.25,0.9268440145102781,no_n2v,UNetPP,UNetPP no_n2v
00057,200,2.0,0.0,0.907496977025393,no_n2v,UNetPP,UNetPP no_n2v
00057,200,2.0,0.1,0.9237187127532777,no_n2v,UNetPP,UNetPP no_n2v
00057,200,2.0,0.25,0.9298140371925615,no_n2v,UNetPP,UNetPP no_n2v
00057,1000,0.0,0.0,0.8887530562347188,no_n2v,UNetPP,UNetPP no_n2v
00057,1000,0.0,0.1,0.9202678027997565,no_n2v,UNetPP,UNetPP no_n2v
00057,1000,0.0,0.25,0.9179829890643986,no_n2v,UNetPP,UNetPP no_n2v
00057,1000,1.0,0.0,0.892204628501827,no_n2v,UNetPP,UNetPP no_n2v
00057,1000,1.0,0.1,0.92,no_n2v,UNetPP,UNetPP no_n2v
00057,1000,1.0,0.25,0.9224242424242424,no_n2v,UNetPP,UNetPP no_n2v
00057,1000,2.0,0.0,0.9067231980617807,no_n2v,UNetPP,UNetPP no_n2v
00057,1000,2.0,0.1,0.9251497005988024,no_n2v,UNetPP,UNetPP no_n2v
00057,1000,2.0,0.25,0.9345345345345345,no_n2v,UNetPP,UNetPP no_n2v
00059,20,0.0,0.0,0.8756923076923077,no_n2v,UNetPP,UNetPP no_n2v
00059,20,0.0,0.1,0.91874637260592,no_n2v,UNetPP,UNetPP no_n2v
00059,20,0.0,0.25,0.9164759725400458,no_n2v,UNetPP,UNetPP no_n2v
00059,20,1.0,0.0,0.8766707168894289,no_n2v,UNetPP,UNetPP no_n2v
00059,20,1.0,0.1,0.9255626081938835,no_n2v,UNetPP,UNetPP no_n2v
00059,20,1.0,0.25,0.9135661133371494,no_n2v,UNetPP,UNetPP no_n2v
00059,20,2.0,0.0,0.9077669902912622,no_n2v,UNetPP,UNetPP no_n2v
00059,20,2.0,0.1,0.9054809843400448,no_n2v,UNetPP,UNetPP no_n2v
00059,20,2.0,0.25,0.9207634470792365,no_n2v,UNetPP,UNetPP no_n2v
00059,50,0.0,0.0,0.8955132145052244,no_n2v,UNetPP,UNetPP no_n2v
00059,50,0.0,0.1,0.917906008328376,no_n2v,UNetPP,UNetPP no_n2v
00059,50,0.0,0.25,0.9246171967020024,no_n2v,UNetPP,UNetPP no_n2v
00059,50,1.0,0.0,0.8866421568627451,no_n2v,UNetPP,UNetPP no_n2v
00059,50,1.0,0.1,0.9418813660874775,no_n2v,UNetPP,UNetPP no_n2v
00059,50,1.0,0.25,0.9210371243370654,no_n2v,UNetPP,UNetPP no_n2v
00059,50,2.0,0.0,0.9061175045427013,no_n2v,UNetPP,UNetPP no_n2v
00059,50,2.0,0.1,0.9317784256559767,no_n2v,UNetPP,UNetPP no_n2v
00059,50,2.0,0.25,0.9269433080070134,no_n2v,UNetPP,UNetPP no_n2v
00059,200,0.0,0.0,0.8819188191881919,no_n2v,UNetPP,UNetPP no_n2v
00059,200,0.0,0.1,0.9203379601689801,no_n2v,UNetPP,UNetPP no_n2v
00059,200,0.0,0.25,0.920625375826819,no_n2v,UNetPP,UNetPP no_n2v
00059,200,1.0,0.0,0.8950276243093923,no_n2v,UNetPP,UNetPP no_n2v
00059,200,1.0,0.1,0.9321321321321321,no_n2v,UNetPP,UNetPP no_n2v
00059,200,1.0,0.25,0.9231692677070829,no_n2v,UNetPP,UNetPP no_n2v
00059,200,2.0,0.0,0.9055453991468617,no_n2v,UNetPP,UNetPP no_n2v
00059,200,2.0,0.1,0.9371665678719621,no_n2v,UNetPP,UNetPP no_n2v
00059,200,2.0,0.25,0.9217081850533808,no_n2v,UNetPP,UNetPP no_n2v
00059,1000,0.0,0.0,0.8828220858895706,no_n2v,UNetPP,UNetPP no_n2v
00059,1000,0.0,0.1,0.9177253478523896,no_n2v,UNetPP,UNetPP no_n2v
00059,1000,0.0,0.25,0.9181708784596871,no_n2v,UNetPP,UNetPP no_n2v
00059,1000,1.0,0.0,0.8920907418761496,no_n2v,UNetPP,UNetPP no_n2v
00059,1000,1.0,0.1,0.9240506329113924,no_n2v,UNetPP,UNetPP no_n2v
00059,1000,1.0,0.25,0.920311563810665,no_n2v,UNetPP,UNetPP no_n2v
00059,1000,2.0,0.0,0.91102985984156,no_n2v,UNetPP,UNetPP no_n2v
00059,1000,2.0,0.1,0.9325044404973357,no_n2v,UNetPP,UNetPP no_n2v
00059,1000,2.0,0.25,0.9255952380952381,no_n2v,UNetPP,UNetPP no_n2v
00062,20,0.0,0.0,0.8783858485351023,no_n2v,UNetPP,UNetPP no_n2v
00062,20,0.0,0.1,0.8937575030012005,no_n2v,UNetPP,UNetPP no_n2v
00062,20,0.0,0.25,0.870023419203747,no_n2v,UNetPP,UNetPP no_n2v
00062,20,1.0,0.0,0.8621509209744503,no_n2v,UNetPP,UNetPP no_n2v
00062,20,1.0,0.1,0.8848413631022327,no_n2v,UNetPP,UNetPP no_n2v
00062,20,1.0,0.25,0.8078026391279404,no_n2v,UNetPP,UNetPP no_n2v
00062,20,2.0,0.0,0.8657060518731988,no_n2v,UNetPP,UNetPP no_n2v
00062,20,2.0,0.1,0.8529411764705882,no_n2v,UNetPP,UNetPP no_n2v
00062,20,2.0,0.25,0.8844393592677345,no_n2v,UNetPP,UNetPP no_n2v
00062,50,0.0,0.0,0.8894259818731118,no_n2v,UNetPP,UNetPP no_n2v
00062,50,0.0,0.1,0.8340374170187085,no_n2v,UNetPP,UNetPP no_n2v
00062,50,0.0,0.25,0.8026315789473685,no_n2v,UNetPP,UNetPP no_n2v
00062,50,1.0,0.0,0.867505995203837,no_n2v,UNetPP,UNetPP no_n2v
00062,50,1.0,0.1,0.8547317661241712,no_n2v,UNetPP,UNetPP no_n2v
00062,50,1.0,0.25,0.8562838244137102,no_n2v,UNetPP,UNetPP no_n2v
00062,50,2.0,0.0,0.8473372781065088,no_n2v,UNetPP,UNetPP no_n2v
00062,50,2.0,0.1,0.8299939283545841,no_n2v,UNetPP,UNetPP no_n2v
00062,50,2.0,0.25,0.8411104548139398,no_n2v,UNetPP,UNetPP no_n2v
00062,200,0.0,0.0,0.8073394495412844,no_n2v,UNetPP,UNetPP no_n2v
00062,200,0.0,0.1,0.8065693430656934,no_n2v,UNetPP,UNetPP no_n2v
00062,200,0.0,0.25,0.7975683890577507,no_n2v,UNetPP,UNetPP no_n2v
00062,200,1.0,0.0,0.8319123020706456,no_n2v,UNetPP,UNetPP no_n2v
00062,200,1.0,0.1,0.8254257907542579,no_n2v,UNetPP,UNetPP no_n2v
00062,200,1.0,0.25,0.8027744270205066,no_n2v,UNetPP,UNetPP no_n2v
00062,200,2.0,0.0,0.8246987951807229,no_n2v,UNetPP,UNetPP no_n2v
00062,200,2.0,0.1,0.8339371980676329,no_n2v,UNetPP,UNetPP no_n2v
00062,200,2.0,0.25,0.8225709112854557,no_n2v,UNetPP,UNetPP no_n2v
00062,1000,0.0,0.0,0.7911818738518065,no_n2v,UNetPP,UNetPP no_n2v
00062,1000,0.0,0.1,0.772671568627451,no_n2v,UNetPP,UNetPP no_n2v
00062,1000,0.0,0.25,0.7618757612667478,no_n2v,UNetPP,UNetPP no_n2v
00062,1000,1.0,0.0,0.793398533007335,no_n2v,UNetPP,UNetPP no_n2v
00062,1000,1.0,0.1,0.7750611246943765,no_n2v,UNetPP,UNetPP no_n2v
00062,1000,1.0,0.25,0.7714285714285715,no_n2v,UNetPP,UNetPP no_n2v
00062,1000,2.0,0.0,0.8043875685557587,no_n2v,UNetPP,UNetPP no_n2v
00062,1000,2.0,0.1,0.7886723507917174,no_n2v,UNetPP,UNetPP no_n2v
00062,1000,2.0,0.25,0.7793939393939394,no_n2v,UNetPP,UNetPP no_n2v
00074,20,0.0,0.0,0.8755512003919648,no_n2v,UNetPP,UNetPP no_n2v
00074,20,0.0,0.1,0.9316914498141264,no_n2v,UNetPP,UNetPP no_n2v
00074,20,0.0,0.25,0.9194156456173421,no_n2v,UNetPP,UNetPP no_n2v
00074,20,1.0,0.0,0.8928919182083739,no_n2v,UNetPP,UNetPP no_n2v
00074,20,1.0,0.1,0.9034608378870674,no_n2v,UNetPP,UNetPP no_n2v
00074,20,1.0,0.25,0.9290780141843972,no_n2v,UNetPP,UNetPP no_n2v
00074,20,2.0,0.0,0.9033980582524271,no_n2v,UNetPP,UNetPP no_n2v
00074,20,2.0,0.1,0.8867342441604231,no_n2v,UNetPP,UNetPP no_n2v
00074,20,2.0,0.25,0.9050661798265632,no_n2v,UNetPP,UNetPP no_n2v
00074,50,0.0,0.0,0.8795888399412628,no_n2v,UNetPP,UNetPP no_n2v
00074,50,0.0,0.1,0.9205827067669173,no_n2v,UNetPP,UNetPP no_n2v
00074,50,0.0,0.25,0.9107312440645774,no_n2v,UNetPP,UNetPP no_n2v
00074,50,1.0,0.0,0.884313725490196,no_n2v,UNetPP,UNetPP no_n2v
00074,50,1.0,0.1,0.9141248240262787,no_n2v,UNetPP,UNetPP no_n2v
00074,50,1.0,0.25,0.9209257473481196,no_n2v,UNetPP,UNetPP no_n2v
00074,50,2.0,0.0,0.9102439024390244,no_n2v,UNetPP,UNetPP no_n2v
00074,50,2.0,0.1,0.9130032392410921,no_n2v,UNetPP,UNetPP no_n2v
00074,50,2.0,0.25,0.9271235521235521,no_n2v,UNetPP,UNetPP no_n2v
00074,200,0.0,0.0,0.8715686274509804,no_n2v,UNetPP,UNetPP no_n2v
00074,200,0.0,0.1,0.9240812379110251,no_n2v,UNetPP,UNetPP no_n2v
00074,200,0.0,0.25,0.908029197080292,no_n2v,UNetPP,UNetPP no_n2v
00074,200,1.0,0.0,0.8814306712395884,no_n2v,UNetPP,UNetPP no_n2v
00074,200,1.0,0.1,0.9257662835249042,no_n2v,UNetPP,UNetPP no_n2v
00074,200,1.0,0.25,0.9086047642197375,no_n2v,UNetPP,UNetPP no_n2v
00074,200,2.0,0.0,0.8975109809663251,no_n2v,UNetPP,UNetPP no_n2v
00074,200,2.0,0.1,0.9314938154138915,no_n2v,UNetPP,UNetPP no_n2v
00074,200,2.0,0.25,0.9277049975739932,no_n2v,UNetPP,UNetPP no_n2v
00074,1000,0.0,0.0,0.878921568627451,no_n2v,UNetPP,UNetPP no_n2v
00074,1000,0.0,0.1,0.9239709443099273,no_n2v,UNetPP,UNetPP no_n2v
00074,1000,0.0,0.25,0.9058077110785749,no_n2v,UNetPP,UNetPP no_n2v
00074,1000,1.0,0.0,0.8813725490196078,no_n2v,UNetPP,UNetPP no_n2v
00074,1000,1.0,0.1,0.9227053140096618,no_n2v,UNetPP,UNetPP no_n2v
00074,1000,1.0,0.25,0.9092240117130308,no_n2v,UNetPP,UNetPP no_n2v
00074,1000,2.0,0.0,0.9012645914396887,no_n2v,UNetPP,UNetPP no_n2v
00074,1000,2.0,0.1,0.9267364414843007,no_n2v,UNetPP,UNetPP no_n2v
00074,1000,2.0,0.25,0.9249146757679181,no_n2v,UNetPP,UNetPP no_n2v
00077,20,0.0,0.0,0.8828163466272771,no_n2v,UNetPP,UNetPP no_n2v
00077,20,0.0,0.1,0.9222894369474174,no_n2v,UNetPP,UNetPP no_n2v
00077,20,0.0,0.25,0.9232218558643429,no_n2v,UNetPP,UNetPP no_n2v
00077,20,1.0,0.0,0.889651790093183,no_n2v,UNetPP,UNetPP no_n2v
00077,20,1.0,0.1,0.9188073394495413,no_n2v,UNetPP,UNetPP no_n2v
00077,20,1.0,0.25,0.9305887984681666,no_n2v,UNetPP,UNetPP no_n2v
00077,20,2.0,0.0,0.8960975609756098,no_n2v,UNetPP,UNetPP no_n2v
00077,20,2.0,0.1,0.903269144648455,no_n2v,UNetPP,UNetPP no_n2v
00077,20,2.0,0.25,0.9071787837219936,no_n2v,UNetPP,UNetPP no_n2v
00077,50,0.0,0.0,0.8730314960629921,no_n2v,UNetPP,UNetPP no_n2v
00077,50,0.0,0.1,0.9234083293441838,no_n2v,UNetPP,UNetPP no_n2v
00077,50,0.0,0.25,0.9436345966958212,no_n2v,UNetPP,UNetPP no_n2v
00077,50,1.0,0.0,0.8848991637973438,no_n2v,UNetPP,UNetPP no_n2v
00077,50,1.0,0.1,0.9251539554713406,no_n2v,UNetPP,UNetPP no_n2v
00077,50,1.0,0.25,0.9310009718172984,no_n2v,UNetPP,UNetPP no_n2v
00077,50,2.0,0.0,0.8974484789008832,no_n2v,UNetPP,UNetPP no_n2v
00077,50,2.0,0.1,0.9231481481481482,no_n2v,UNetPP,UNetPP no_n2v
00077,50,2.0,0.25,0.9365924491771539,no_n2v,UNetPP,UNetPP no_n2v
00077,200,0.0,0.0,0.8911330049261084,no_n2v,UNetPP,UNetPP no_n2v
00077,200,0.0,0.1,0.9242718446601942,no_n2v,UNetPP,UNetPP no_n2v
00077,200,0.0,0.25,0.9075794621026895,no_n2v,UNetPP,UNetPP no_n2v
00077,200,1.0,0.0,0.8843503937007874,no_n2v,UNetPP,UNetPP no_n2v
00077,200,1.0,0.1,0.9230024213075061,no_n2v,UNetPP,UNetPP no_n2v
00077,200,1.0,0.25,0.9154034229828851,no_n2v,UNetPP,UNetPP no_n2v
00077,200,2.0,0.0,0.9143416544297601,no_n2v,UNetPP,UNetPP no_n2v
00077,200,2.0,0.1,0.9370829361296473,no_n2v,UNetPP,UNetPP no_n2v
00077,200,2.0,0.25,0.9195121951219513,no_n2v,UNetPP,UNetPP no_n2v
00077,1000,0.0,0.0,0.8857705563761694,no_n2v,UNetPP,UNetPP no_n2v
00077,1000,0.0,0.1,0.9245374878286271,no_n2v,UNetPP,UNetPP no_n2v
00077,1000,0.0,0.25,0.907843137254902,no_n2v,UNetPP,UNetPP no_n2v
00077,1000,1.0,0.0,0.8942449581898672,no_n2v,UNetPP,UNetPP no_n2v
00077,1000,1.0,0.1,0.9295432458697764,no_n2v,UNetPP,UNetPP no_n2v
00077,1000,1.0,0.25,0.9089128305582762,no_n2v,UNetPP,UNetPP no_n2v
00077,1000,2.0,0.0,0.9171974522292994,no_n2v,UNetPP,UNetPP no_n2v
00077,1000,2.0,0.1,0.9371099375900144,no_n2v,UNetPP,UNetPP no_n2v
00077,1000,2.0,0.25,0.9208211143695014,no_n2v,UNetPP,UNetPP no_n2v
00080,20,0.0,0.0,0.8368007397133611,no_n2v,UNetPP,UNetPP no_n2v
00080,20,0.0,0.1,0.870527306967985,no_n2v,UNetPP,UNetPP no_n2v
00080,20,0.0,0.25,0.8890462700661,no_n2v,UNetPP,UNetPP no_n2v
00080,20,1.0,0.0,0.882768361581921,no_n2v,UNetPP,UNetPP no_n2v
00080,20,1.0,0.1,0.8766018035121025,no_n2v,UNetPP,UNetPP no_n2v
00080,20,1.0,0.25,0.8758782201405152,no_n2v,UNetPP,UNetPP no_n2v
00080,20,2.0,0.0,0.8610467809170912,no_n2v,UNetPP,UNetPP no_n2v
00080,20,2.0,0.1,0.8862559241706162,no_n2v,UNetPP,UNetPP no_n2v
00080,20,2.0,0.25,0.8925035360678925,no_n2v,UNetPP,UNetPP no_n2v
00080,50,0.0,0.0,0.8683088583609664,no_n2v,UNetPP,UNetPP no_n2v
00080,50,0.0,0.1,0.8770764119601329,no_n2v,UNetPP,UNetPP no_n2v
00080,50,0.0,0.25,0.8829787234042553,no_n2v,UNetPP,UNetPP no_n2v
00080,50,1.0,0.0,0.880019120458891,no_n2v,UNetPP,UNetPP no_n2v
00080,50,1.0,0.1,0.8885727833096254,no_n2v,UNetPP,UNetPP no_n2v
00080,50,1.0,0.25,0.8737541528239202,no_n2v,UNetPP,UNetPP no_n2v
00080,50,2.0,0.0,0.8949579831932774,no_n2v,UNetPP,UNetPP no_n2v
00080,50,2.0,0.1,0.8458352508053383,no_n2v,UNetPP,UNetPP no_n2v
00080,50,2.0,0.25,0.8869358669833729,no_n2v,UNetPP,UNetPP no_n2v
00080,200,0.0,0.0,0.873447946513849,no_n2v,UNetPP,UNetPP no_n2v
00080,200,0.0,0.1,0.875417661097852,no_n2v,UNetPP,UNetPP no_n2v
00080,200,0.0,0.25,0.8960660514813016,no_n2v,UNetPP,UNetPP no_n2v
00080,200,1.0,0.0,0.8746465598491989,no_n2v,UNetPP,UNetPP no_n2v
00080,200,1.0,0.1,0.8838648262732033,no_n2v,UNetPP,UNetPP no_n2v
00080,200,1.0,0.25,0.8721951219512195,no_n2v,UNetPP,UNetPP no_n2v
00080,200,2.0,0.0,0.8817802503477051,no_n2v,UNetPP,UNetPP no_n2v
00080,200,2.0,0.1,0.881572714353387,no_n2v,UNetPP,UNetPP no_n2v
00080,200,2.0,0.25,0.8996606883179835,no_n2v,UNetPP,UNetPP no_n2v
00080,1000,0.0,0.0,0.8745247148288974,no_n2v,UNetPP,UNetPP no_n2v
00080,1000,0.0,0.1,0.8770413064361191,no_n2v,UNetPP,UNetPP no_n2v
00080,1000,0.0,0.25,0.8824390243902439,no_n2v,UNetPP,UNetPP no_n2v
00080,1000,1.0,0.0,0.8777830412126955,no_n2v,UNetPP,UNetPP no_n2v
00080,1000,1.0,0.1,0.880019120458891,no_n2v,UNetPP,UNetPP no_n2v
00080,1000,1.0,0.25,0.8869946419873356,no_n2v,UNetPP,UNetPP no_n2v
00080,1000,2.0,0.0,0.8771683075480544,no_n2v,UNetPP,UNetPP no_n2v
00080,1000,2.0,0.1,0.8830242510699001,no_n2v,UNetPP,UNetPP no_n2v
00080,1000,2.0,0.25,0.8989412897016362,no_n2v,UNetPP,UNetPP no_n2v
00081,20,0.0,0.0,0.9286058851905451,no_n2v,UNetPP,UNetPP no_n2v
00081,20,0.0,0.1,0.9239961759082218,no_n2v,UNetPP,UNetPP no_n2v
00081,20,0.0,0.25,0.9129186602870814,no_n2v,UNetPP,UNetPP no_n2v
00081,20,1.0,0.0,0.9295238095238095,no_n2v,UNetPP,UNetPP no_n2v
00081,20,1.0,0.1,0.9324712643678161,no_n2v,UNetPP,UNetPP no_n2v
00081,20,1.0,0.25,0.8915719696969697,no_n2v,UNetPP,UNetPP no_n2v
00081,20,2.0,0.0,0.9307071665875652,no_n2v,UNetPP,UNetPP no_n2v
00081,20,2.0,0.1,0.9274881516587677,no_n2v,UNetPP,UNetPP no_n2v
00081,20,2.0,0.25,0.8980338363054412,no_n2v,UNetPP,UNetPP no_n2v
00081,50,0.0,0.0,0.9226277372262773,no_n2v,UNetPP,UNetPP no_n2v
00081,50,0.0,0.1,0.913128355295266,no_n2v,UNetPP,UNetPP no_n2v
00081,50,0.0,0.25,0.9205265724037055,no_n2v,UNetPP,UNetPP no_n2v
00081,50,1.0,0.0,0.914616497829233,no_n2v,UNetPP,UNetPP no_n2v
00081,50,1.0,0.1,0.9137677609015189,no_n2v,UNetPP,UNetPP no_n2v
00081,50,1.0,0.25,0.8936893203883495,no_n2v,UNetPP,UNetPP no_n2v
00081,50,2.0,0.0,0.9279103750608865,no_n2v,UNetPP,UNetPP no_n2v
00081,50,2.0,0.1,0.9358786098874204,no_n2v,UNetPP,UNetPP no_n2v
00081,50,2.0,0.25,0.9200385356454721,no_n2v,UNetPP,UNetPP no_n2v
00081,200,0.0,0.0,0.9081081081081082,no_n2v,UNetPP,UNetPP no_n2v
00081,200,0.0,0.1,0.9022593320235757,no_n2v,UNetPP,UNetPP no_n2v
00081,200,0.0,0.25,0.8950980392156863,no_n2v,UNetPP,UNetPP no_n2v
00081,200,1.0,0.0,0.917687408133268,no_n2v,UNetPP,UNetPP no_n2v
00081,200,1.0,0.1,0.9053457577243746,no_n2v,UNetPP,UNetPP no_n2v
00081,200,1.0,0.25,0.8924731182795699,no_n2v,UNetPP,UNetPP no_n2v
00081,200,2.0,0.0,0.9186274509803921,no_n2v,UNetPP,UNetPP no_n2v
00081,200,2.0,0.1,0.9213372664700098,no_n2v,UNetPP,UNetPP no_n2v
00081,200,2.0,0.25,0.9092682926829269,no_n2v,UNetPP,UNetPP no_n2v
00081,1000,0.0,0.0,0.9045745204131825,no_n2v,UNetPP,UNetPP no_n2v
00081,1000,0.0,0.1,0.887905604719764,no_n2v,UNetPP,UNetPP no_n2v
00081,1000,0.0,0.25,0.8829578844270323,no_n2v,UNetPP,UNetPP no_n2v
00081,1000,1.0,0.0,0.9011313330054107,no_n2v,UNetPP,UNetPP no_n2v
00081,1000,1.0,0.1,0.9070796460176991,no_n2v,UNetPP,UNetPP no_n2v
00081,1000,1.0,0.25,0.8895945285784074,no_n2v,UNetPP,UNetPP no_n2v
00081,1000,2.0,0.0,0.917359413202934,no_n2v,UNetPP,UNetPP no_n2v
00081,1000,2.0,0.1,0.9049951028403526,no_n2v,UNetPP,UNetPP no_n2v
00081,1000,2.0,0.25,0.9004371053909664,no_n2v,UNetPP,UNetPP no_n2v
00001,20,0.0,0.0,0.871625674865027,no_n2v,HRNet,HRNet no_n2v
00001,20,0.0,0.1,0.8549946294307197,no_n2v,HRNet,HRNet no_n2v
00001,20,0.0,0.25,0.8739352640545145,no_n2v,HRNet,HRNet no_n2v
00001,20,1.0,0.0,0.8822474596533174,no_n2v,HRNet,HRNet no_n2v
00001,20,1.0,0.1,0.8405194805194806,no_n2v,HRNet,HRNet no_n2v
00001,20,1.0,0.25,0.876391982182628,no_n2v,HRNet,HRNet no_n2v
00001,20,2.0,0.0,0.8886925795053003,no_n2v,HRNet,HRNet no_n2v
00001,20,2.0,0.1,0.8289810547875064,no_n2v,HRNet,HRNet no_n2v
00001,20,2.0,0.25,0.8565264293419633,no_n2v,HRNet,HRNet no_n2v
00001,50,0.0,0.0,0.8632530120481928,no_n2v,HRNet,HRNet no_n2v
00001,50,0.0,0.1,0.8784378437843784,no_n2v,HRNet,HRNet no_n2v
00001,50,0.0,0.25,0.8832662449683726,no_n2v,HRNet,HRNet no_n2v
00001,50,1.0,0.0,0.8716707021791767,no_n2v,HRNet,HRNet no_n2v
00001,50,1.0,0.1,0.8664495114006515,no_n2v,HRNet,HRNet no_n2v
00001,50,1.0,0.25,0.8820160366552119,no_n2v,HRNet,HRNet no_n2v
00001,50,2.0,0.0,0.8735769922109047,no_n2v,HRNet,HRNet no_n2v
00001,50,2.0,0.1,0.8566137566137566,no_n2v,HRNet,HRNet no_n2v
00001,50,2.0,0.25,0.8790276992651216,no_n2v,HRNet,HRNet no_n2v
00001,200,0.0,0.0,0.8639661426844014,no_n2v,HRNet,HRNet no_n2v
00001,200,0.0,0.1,0.883008356545961,no_n2v,HRNet,HRNet no_n2v
00001,200,0.0,0.25,0.9056493884682586,no_n2v,HRNet,HRNet no_n2v
00001,200,1.0,0.0,0.862874251497006,no_n2v,HRNet,HRNet no_n2v
00001,200,1.0,0.1,0.8769994484280199,no_n2v,HRNet,HRNet no_n2v
00001,200,1.0,0.25,0.8980414746543779,no_n2v,HRNet,HRNet no_n2v
00001,200,2.0,0.0,0.8726303317535545,no_n2v,HRNet,HRNet no_n2v
00001,200,2.0,0.1,0.8622174381054898,no_n2v,HRNet,HRNet no_n2v
00001,200,2.0,0.25,0.8843767625493514,no_n2v,HRNet,HRNet no_n2v
00001,1000,0.0,0.0,0.8616125150421179,no_n2v,HRNet,HRNet no_n2v
00001,1000,0.0,0.1,0.8756936736958935,no_n2v,HRNet,HRNet no_n2v
00001,1000,0.0,0.25,0.8947065592635213,no_n2v,HRNet,HRNet no_n2v
00001,1000,1.0,0.0,0.8618421052631579,no_n2v,HRNet,HRNet no_n2v
00001,1000,1.0,0.1,0.8760376314333149,no_n2v,HRNet,HRNet no_n2v
00001,1000,1.0,0.25,0.8941647597254004,no_n2v,HRNet,HRNet no_n2v
00001,1000,2.0,0.0,0.8730723606168446,no_n2v,HRNet,HRNet no_n2v
00001,1000,2.0,0.1,0.8610662358642972,no_n2v,HRNet,HRNet no_n2v
00001,1000,2.0,0.25,0.8892636312535133,no_n2v,HRNet,HRNet no_n2v
00004,20,0.0,0.0,0.8853155339805825,no_n2v,HRNet,HRNet no_n2v
00004,20,0.0,0.1,0.8528784648187633,no_n2v,HRNet,HRNet no_n2v
00004,20,0.0,0.25,0.9027617951668585,no_n2v,HRNet,HRNet no_n2v
00004,20,1.0,0.0,0.8939393939393939,no_n2v,HRNet,HRNet no_n2v
00004,20,1.0,0.1,0.8626609442060086,no_n2v,HRNet,HRNet no_n2v
00004,20,1.0,0.25,0.9147331786542924,no_n2v,HRNet,HRNet no_n2v
00004,20,2.0,0.0,0.9134095009019844,no_n2v,HRNet,HRNet no_n2v
00004,20,2.0,0.1,0.8028870084619214,no_n2v,HRNet,HRNet no_n2v
00004,20,2.0,0.25,0.9029293509477312,no_n2v,HRNet,HRNet no_n2v
00004,50,0.0,0.0,0.8928136419001218,no_n2v,HRNet,HRNet no_n2v
00004,50,0.0,0.1,0.888457269700333,no_n2v,HRNet,HRNet no_n2v
00004,50,0.0,0.25,0.911318553092182,no_n2v,HRNet,HRNet no_n2v
00004,50,1.0,0.0,0.8947048082775411,no_n2v,HRNet,HRNet no_n2v
00004,50,1.0,0.1,0.8774617067833698,no_n2v,HRNet,HRNet no_n2v
00004,50,1.0,0.25,0.9060324825986079,no_n2v,HRNet,HRNet no_n2v
00004,50,2.0,0.0,0.9022329511164756,no_n2v,HRNet,HRNet no_n2v
00004,50,2.0,0.1,0.8634903640256959,no_n2v,HRNet,HRNet no_n2v
00004,50,2.0,0.25,0.9017704169046259,no_n2v,HRNet,HRNet no_n2v
00004,200,0.0,0.0,0.8809234507897934,no_n2v,HRNet,HRNet no_n2v
00004,200,0.0,0.1,0.9042492917847026,no_n2v,HRNet,HRNet no_n2v
00004,200,0.0,0.25,0.9103244837758112,no_n2v,HRNet,HRNet no_n2v
00004,200,1.0,0.0,0.8797814207650273,no_n2v,HRNet,HRNet no_n2v
00004,200,1.0,0.1,0.9023150762281197,no_n2v,HRNet,HRNet no_n2v
00004,200,1.0,0.25,0.9123319696084161,no_n2v,HRNet,HRNet no_n2v
00004,200,2.0,0.0,0.8910950661853189,no_n2v,HRNet,HRNet no_n2v
00004,200,2.0,0.1,0.8850385038503851,no_n2v,HRNet,HRNet no_n2v
00004,200,2.0,0.25,0.9159907300115875,no_n2v,HRNet,HRNet no_n2v
00004,1000,0.0,0.0,0.8826747720364742,no_n2v,HRNet,HRNet no_n2v
00004,1000,0.0,0.1,0.9082621082621083,no_n2v,HRNet,HRNet no_n2v
00004,1000,0.0,0.25,0.9197422378441711,no_n2v,HRNet,HRNet no_n2v
00004,1000,1.0,0.0,0.8878107944208611,no_n2v,HRNet,HRNet no_n2v
00004,1000,1.0,0.1,0.9055963821368005,no_n2v,HRNet,HRNet no_n2v
00004,1000,1.0,0.25,0.9165694282380397,no_n2v,HRNet,HRNet no_n2v
00004,1000,2.0,0.0,0.895083932853717,no_n2v,HRNet,HRNet no_n2v
00004,1000,2.0,0.1,0.8879072335726118,no_n2v,HRNet,HRNet no_n2v
00004,1000,2.0,0.25,0.9154200230149597,no_n2v,HRNet,HRNet no_n2v
00011,20,0.0,0.0,0.9035409035409036,no_n2v,HRNet,HRNet no_n2v
00011,20,0.0,0.1,0.8632707774798928,no_n2v,HRNet,HRNet no_n2v
00011,20,0.0,0.25,0.913516609392898,no_n2v,HRNet,HRNet no_n2v
00011,20,1.0,0.0,0.896782027929569,no_n2v,HRNet,HRNet no_n2v
00011,20,1.0,0.1,0.8579003181336161,no_n2v,HRNet,HRNet no_n2v
00011,20,1.0,0.25,0.9115095430884904,no_n2v,HRNet,HRNet no_n2v
00011,20,2.0,0.0,0.916969696969697,no_n2v,HRNet,HRNet no_n2v
00011,20,2.0,0.1,0.842790213430505,no_n2v,HRNet,HRNet no_n2v
00011,20,2.0,0.25,0.8888277380297194,no_n2v,HRNet,HRNet no_n2v
00011,50,0.0,0.0,0.8986568986568987,no_n2v,HRNet,HRNet no_n2v
00011,50,0.0,0.1,0.8861386138613861,no_n2v,HRNet,HRNet no_n2v
00011,50,0.0,0.25,0.9312388855957321,no_n2v,HRNet,HRNet no_n2v
00011,50,1.0,0.0,0.9004884004884005,no_n2v,HRNet,HRNet no_n2v
00011,50,1.0,0.1,0.884446878422782,no_n2v,HRNet,HRNet no_n2v
00011,50,1.0,0.25,0.9242513211978861,no_n2v,HRNet,HRNet no_n2v
00011,50,2.0,0.0,0.9198542805100182,no_n2v,HRNet,HRNet no_n2v
00011,50,2.0,0.1,0.8526315789473684,no_n2v,HRNet,HRNet no_n2v
00011,50,2.0,0.25,0.9189655172413793,no_n2v,HRNet,HRNet no_n2v
00011,200,0.0,0.0,0.8918753817959683,no_n2v,HRNet,HRNet no_n2v
00011,200,0.0,0.1,0.910643141718839,no_n2v,HRNet,HRNet no_n2v
00011,200,0.0,0.25,0.933849821215733,no_n2v,HRNet,HRNet no_n2v
00011,200,1.0,0.0,0.8974984746796827,no_n2v,HRNet,HRNet no_n2v
00011,200,1.0,0.1,0.9045736871823828,no_n2v,HRNet,HRNet no_n2v
00011,200,1.0,0.25,0.9330965068087625,no_n2v,HRNet,HRNet no_n2v
00011,200,2.0,0.0,0.9157064887810794,no_n2v,HRNet,HRNet no_n2v
00011,200,2.0,0.1,0.8896247240618101,no_n2v,HRNet,HRNet no_n2v
00011,200,2.0,0.25,0.9295282469423413,no_n2v,HRNet,HRNet no_n2v
00011,1000,0.0,0.0,0.889431887599267,no_n2v,HRNet,HRNet no_n2v
00011,1000,0.0,0.1,0.912,no_n2v,HRNet,HRNet no_n2v
00011,1000,0.0,0.25,0.9372781065088758,no_n2v,HRNet,HRNet no_n2v
00011,1000,1.0,0.0,0.8957952468007313,no_n2v,HRNet,HRNet no_n2v
00011,1000,1.0,0.1,0.9081111741349972,no_n2v,HRNet,HRNet no_n2v
00011,1000,1.0,0.25,0.935256032960565,no_n2v,HRNet,HRNet no_n2v
00011,1000,2.0,0.0,0.9121744397334949,no_n2v,HRNet,HRNet no_n2v
00011,1000,2.0,0.1,0.8865013774104683,no_n2v,HRNet,HRNet no_n2v
00011,1000,2.0,0.25,0.9163323782234957,no_n2v,HRNet,HRNet no_n2v
00018,20,0.0,0.0,0.8871951219512195,no_n2v,HRNet,HRNet no_n2v
00018,20,0.0,0.1,0.8685331710286062,no_n2v,HRNet,HRNet no_n2v
00018,20,0.0,0.25,0.8802145411203814,no_n2v,HRNet,HRNet no_n2v
00018,20,1.0,0.0,0.8775757575757576,no_n2v,HRNet,HRNet no_n2v
00018,20,1.0,0.1,0.833435394978567,no_n2v,HRNet,HRNet no_n2v
00018,20,1.0,0.25,0.8971906754333533,no_n2v,HRNet,HRNet no_n2v
00018,20,2.0,0.0,0.901131625967838,no_n2v,HRNet,HRNet no_n2v
00018,20,2.0,0.1,0.8707360861759426,no_n2v,HRNet,HRNet no_n2v
00018,20,2.0,0.25,0.8941454760496748,no_n2v,HRNet,HRNet no_n2v
00018,50,0.0,0.0,0.8141104294478527,no_n2v,HRNet,HRNet no_n2v
00018,50,0.0,0.1,0.8332307692307692,no_n2v,HRNet,HRNet no_n2v
00018,50,0.0,0.25,0.8767455980570734,no_n2v,HRNet,HRNet no_n2v
00018,50,1.0,0.0,0.8135283363802559,no_n2v,HRNet,HRNet no_n2v
00018,50,1.0,0.1,0.8191881918819188,no_n2v,HRNet,HRNet no_n2v
00018,50,1.0,0.25,0.8830694275274056,no_n2v,HRNet,HRNet no_n2v
00018,50,2.0,0.0,0.8379351740696278,no_n2v,HRNet,HRNet no_n2v
00018,50,2.0,0.1,0.8509468540012217,no_n2v,HRNet,HRNet no_n2v
00018,50,2.0,0.25,0.8796128251663642,no_n2v,HRNet,HRNet no_n2v
00018,200,0.0,0.0,0.8143822987092809,no_n2v,HRNet,HRNet no_n2v
00018,200,0.0,0.1,0.8117719190680565,no_n2v,HRNet,HRNet no_n2v
00018,200,0.0,0.25,0.8731617647058824,no_n2v,HRNet,HRNet no_n2v
00018,200,1.0,0.0,0.8220183486238533,no_n2v,HRNet,HRNet no_n2v
00018,200,1.0,0.1,0.804923076923077,no_n2v,HRNet,HRNet no_n2v
00018,200,1.0,0.25,0.8711246200607903,no_n2v,HRNet,HRNet no_n2v
00018,200,2.0,0.0,0.8344573881054568,no_n2v,HRNet,HRNet no_n2v
00018,200,2.0,0.1,0.8338423946243128,no_n2v,HRNet,HRNet no_n2v
00018,200,2.0,0.25,0.8838475499092558,no_n2v,HRNet,HRNet no_n2v
00018,1000,0.0,0.0,0.8596813725490197,no_n2v,HRNet,HRNet no_n2v
00018,1000,0.0,0.1,0.8539877300613496,no_n2v,HRNet,HRNet no_n2v
00018,1000,0.0,0.25,0.888618381010347,no_n2v,HRNet,HRNet no_n2v
00018,1000,1.0,0.0,0.8691131498470948,no_n2v,HRNet,HRNet no_n2v
00018,1000,1.0,0.1,0.8622167789344765,no_n2v,HRNet,HRNet no_n2v
00018,1000,1.0,0.25,0.8877427184466019,no_n2v,HRNet,HRNet no_n2v
00018,1000,2.0,0.0,0.8769043266301036,no_n2v,HRNet,HRNet no_n2v
00018,1000,2.0,0.1,0.8709677419354839,no_n2v,HRNet,HRNet no_n2v
00018,1000,2.0,0.25,0.9009009009009009,no_n2v,HRNet,HRNet no_n2v
00021,20,0.0,0.0,0.8616577221228384,no_n2v,HRNet,HRNet no_n2v
00021,20,0.0,0.1,0.8556092324208266,no_n2v,HRNet,HRNet no_n2v
00021,20,0.0,0.25,0.8806978052898143,no_n2v,HRNet,HRNet no_n2v
00021,20,1.0,0.0,0.8736526946107784,no_n2v,HRNet,HRNet no_n2v
00021,20,1.0,0.1,0.8260869565217391,no_n2v,HRNet,HRNet no_n2v
00021,20,1.0,0.25,0.8754189944134079,no_n2v,HRNet,HRNet no_n2v
00021,20,2.0,0.0,0.8698190309398716,no_n2v,HRNet,HRNet no_n2v
00021,20,2.0,0.1,0.8137651821862348,no_n2v,HRNet,HRNet no_n2v
00021,20,2.0,0.25,0.8674496644295302,no_n2v,HRNet,HRNet no_n2v
00021,50,0.0,0.0,0.85833831440526,no_n2v,HRNet,HRNet no_n2v
00021,50,0.0,0.1,0.8655416439847577,no_n2v,HRNet,HRNet no_n2v
00021,50,0.0,0.25,0.8783552255853798,no_n2v,HRNet,HRNet no_n2v
00021,50,1.0,0.0,0.86463923673226,no_n2v,HRNet,HRNet no_n2v
00021,50,1.0,0.1,0.857830037413148,no_n2v,HRNet,HRNet no_n2v
00021,50,1.0,0.25,0.8788571428571429,no_n2v,HRNet,HRNet no_n2v
00021,50,2.0,0.0,0.8762522097819682,no_n2v,HRNet,HRNet no_n2v
00021,50,2.0,0.1,0.8370640291514836,no_n2v,HRNet,HRNet no_n2v
00021,50,2.0,0.25,0.8742953776775648,no_n2v,HRNet,HRNet no_n2v
00021,200,0.0,0.0,0.8518296340731853,no_n2v,HRNet,HRNet no_n2v
00021,200,0.0,0.1,0.8710033076074972,no_n2v,HRNet,HRNet no_n2v
00021,200,0.0,0.25,0.8829971181556195,no_n2v,HRNet,HRNet no_n2v
00021,200,1.0,0.0,0.8542413381123058,no_n2v,HRNet,HRNet no_n2v
00021,200,1.0,0.1,0.8631178707224335,no_n2v,HRNet,HRNet no_n2v
00021,200,1.0,0.25,0.8816534541336354,no_n2v,HRNet,HRNet no_n2v
00021,200,2.0,0.0,0.8718861209964412,no_n2v,HRNet,HRNet no_n2v
00021,200,2.0,0.1,0.8599033816425121,no_n2v,HRNet,HRNet no_n2v
00021,200,2.0,0.25,0.8776418242491657,no_n2v,HRNet,HRNet no_n2v
00021,1000,0.0,0.0,0.8532934131736527,no_n2v,HRNet,HRNet no_n2v
00021,1000,0.0,0.1,0.869757174392936,no_n2v,HRNet,HRNet no_n2v
00021,1000,0.0,0.25,0.8770445572476029,no_n2v,HRNet,HRNet no_n2v
00021,1000,1.0,0.0,0.855098389982111,no_n2v,HRNet,HRNet no_n2v
00021,1000,1.0,0.1,0.8680175246440307,no_n2v,HRNet,HRNet no_n2v
00021,1000,1.0,0.25,0.8773213280810355,no_n2v,HRNet,HRNet no_n2v
00021,1000,2.0,0.0,0.8651685393258427,no_n2v,HRNet,HRNet no_n2v
00021,1000,2.0,0.1,0.85553772070626,no_n2v,HRNet,HRNet no_n2v
00021,1000,2.0,0.25,0.8779264214046822,no_n2v,HRNet,HRNet no_n2v
00024,20,0.0,0.0,0.8874172185430463,no_n2v,HRNet,HRNet no_n2v
00024,20,0.0,0.1,0.8986810551558753,no_n2v,HRNet,HRNet no_n2v
00024,20,0.0,0.25,0.8936039360393604,no_n2v,HRNet,HRNet no_n2v
00024,20,1.0,0.0,0.9040524433849821,no_n2v,HRNet,HRNet no_n2v
00024,20,1.0,0.1,0.9033412887828163,no_n2v,HRNet,HRNet no_n2v
00024,20,1.0,0.25,0.8968446601941747,no_n2v,HRNet,HRNet no_n2v
00024,20,2.0,0.0,0.8806057076295865,no_n2v,HRNet,HRNet no_n2v
00024,20,2.0,0.1,0.9059171597633137,no_n2v,HRNet,HRNet no_n2v
00024,20,2.0,0.25,0.8994581577363034,no_n2v,HRNet,HRNet no_n2v
00024,50,0.0,0.0,0.8833131801692866,no_n2v,HRNet,HRNet no_n2v
00024,50,0.0,0.1,0.896888346552776,no_n2v,HRNet,HRNet no_n2v
00024,50,0.0,0.25,0.8445404071560765,no_n2v,HRNet,HRNet no_n2v
00024,50,1.0,0.0,0.8904274533413606,no_n2v,HRNet,HRNet no_n2v
00024,50,1.0,0.1,0.9069627851140456,no_n2v,HRNet,HRNet no_n2v
00024,50,1.0,0.25,0.8525601480567551,no_n2v,HRNet,HRNet no_n2v
00024,50,2.0,0.0,0.8932853717026379,no_n2v,HRNet,HRNet no_n2v
00024,50,2.0,0.1,0.8929001203369434,no_n2v,HRNet,HRNet no_n2v
00024,50,2.0,0.25,0.8597560975609756,no_n2v,HRNet,HRNet no_n2v
00024,200,0.0,0.0,0.898965307364577,no_n2v,HRNet,HRNet no_n2v
00024,200,0.0,0.1,0.888346552776083,no_n2v,HRNet,HRNet no_n2v
00024,200,0.0,0.25,0.8449230769230769,no_n2v,HRNet,HRNet no_n2v
00024,200,1.0,0.0,0.9043004239854634,no_n2v,HRNet,HRNet no_n2v
00024,200,1.0,0.1,0.9080949482653682,no_n2v,HRNet,HRNet no_n2v
00024,200,1.0,0.25,0.8491379310344828,no_n2v,HRNet,HRNet no_n2v
00024,200,2.0,0.0,0.9136690647482014,no_n2v,HRNet,HRNet no_n2v
00024,200,2.0,0.1,0.913751507840772,no_n2v,HRNet,HRNet no_n2v
00024,200,2.0,0.25,0.8766114180478821,no_n2v,HRNet,HRNet no_n2v
00024,1000,0.0,0.0,0.899529964747356,no_n2v,HRNet,HRNet no_n2v
00024,1000,0.0,0.1,0.9216395418927065,no_n2v,HRNet,HRNet no_n2v
00024,1000,0.0,0.25,0.9078144078144078,no_n2v,HRNet,HRNet no_n2v
00024,1000,1.0,0.0,0.8913294797687862,no_n2v,HRNet,HRNet no_n2v
00024,1000,1.0,0.1,0.9152744630071599,no_n2v,HRNet,HRNet no_n2v
00024,1000,1.0,0.25,0.9119611414693382,no_n2v,HRNet,HRNet no_n2v
00024,1000,2.0,0.0,0.8669265033407573,no_n2v,HRNet,HRNet no_n2v
00024,1000,2.0,0.1,0.9127872716558633,no_n2v,HRNet,HRNet no_n2v
00024,1000,2.0,0.25,0.9170673076923077,no_n2v,HRNet,HRNet no_n2v
00030,20,0.0,0.0,0.8961748633879781,no_n2v,HRNet,HRNet no_n2v
00030,20,0.0,0.1,0.8436685773840542,no_n2v,HRNet,HRNet no_n2v
00030,20,0.0,0.25,0.8922462941847207,no_n2v,HRNet,HRNet no_n2v
00030,20,1.0,0.0,0.8875379939209727,no_n2v,HRNet,HRNet no_n2v
00030,20,1.0,0.1,0.855543710021322,no_n2v,HRNet,HRNet no_n2v
00030,20,1.0,0.25,0.9071225071225071,no_n2v,HRNet,HRNet no_n2v
00030,20,2.0,0.0,0.8973429951690821,no_n2v,HRNet,HRNet no_n2v
00030,20,2.0,0.1,0.8290685772773797,no_n2v,HRNet,HRNet no_n2v
00030,20,2.0,0.25,0.8889512058328659,no_n2v,HRNet,HRNet no_n2v
00030,50,0.0,0.0,0.8772036474164133,no_n2v,HRNet,HRNet no_n2v
00030,50,0.0,0.1,0.8854166666666666,no_n2v,HRNet,HRNet no_n2v
00030,50,0.0,0.25,0.9099307159353349,no_n2v,HRNet,HRNet no_n2v
00030,50,1.0,0.0,0.8847087378640777,no_n2v,HRNet,HRNet no_n2v
00030,50,1.0,0.1,0.865343347639485,no_n2v,HRNet,HRNet no_n2v
00030,50,1.0,0.25,0.9105171411969785,no_n2v,HRNet,HRNet no_n2v
00030,50,2.0,0.0,0.8934131736526946,no_n2v,HRNet,HRNet no_n2v
00030,50,2.0,0.1,0.8448275862068966,no_n2v,HRNet,HRNet no_n2v
00030,50,2.0,0.25,0.8975801913337085,no_n2v,HRNet,HRNet no_n2v
00030,200,0.0,0.0,0.8699334543254689,no_n2v,HRNet,HRNet no_n2v
00030,200,0.0,0.1,0.8868450390189521,no_n2v,HRNet,HRNet no_n2v
00030,200,0.0,0.25,0.9053975623911782,no_n2v,HRNet,HRNet no_n2v
00030,200,1.0,0.0,0.8787878787878788,no_n2v,HRNet,HRNet no_n2v
00030,200,1.0,0.1,0.8792535675082327,no_n2v,HRNet,HRNet no_n2v
00030,200,1.0,0.25,0.89937106918239,no_n2v,HRNet,HRNet no_n2v
00030,200,2.0,0.0,0.885954381752701,no_n2v,HRNet,HRNet no_n2v
00030,200,2.0,0.1,0.863174772848744,no_n2v,HRNet,HRNet no_n2v
00030,200,2.0,0.25,0.8986486486486487,no_n2v,HRNet,HRNet no_n2v
00030,1000,0.0,0.0,0.8725075528700906,no_n2v,HRNet,HRNet no_n2v
00030,1000,0.0,0.1,0.8847438752783965,no_n2v,HRNet,HRNet no_n2v
00030,1000,0.0,0.25,0.8968072976054732,no_n2v,HRNet,HRNet no_n2v
00030,1000,1.0,0.0,0.8773413897280967,no_n2v,HRNet,HRNet no_n2v
00030,1000,1.0,0.1,0.8807947019867549,no_n2v,HRNet,HRNet no_n2v
00030,1000,1.0,0.25,0.8942905596382137,no_n2v,HRNet,HRNet no_n2v
00030,1000,2.0,0.0,0.8879568603954464,no_n2v,HRNet,HRNet no_n2v
00030,1000,2.0,0.1,0.8664512654819602,no_n2v,HRNet,HRNet no_n2v
00030,1000,2.0,0.25,0.888641425389755,no_n2v,HRNet,HRNet no_n2v
00033,20,0.0,0.0,0.6657559198542805,no_n2v,HRNet,HRNet no_n2v
00033,20,0.0,0.1,0.6705122288878634,no_n2v,HRNet,HRNet no_n2v
00033,20,0.0,0.25,0.605111294311624,no_n2v,HRNet,HRNet no_n2v
00033,20,1.0,0.0,0.6728089887640449,no_n2v,HRNet,HRNet no_n2v
00033,20,1.0,0.1,0.6125632377740303,no_n2v,HRNet,HRNet no_n2v
00033,20,1.0,0.25,0.5274530641161884,no_n2v,HRNet,HRNet no_n2v
00033,20,2.0,0.0,0.6229979466119097,no_n2v,HRNet,HRNet no_n2v
00033,20,2.0,0.1,0.647419072615923,no_n2v,HRNet,HRNet no_n2v
00033,20,2.0,0.25,0.5616942909760589,no_n2v,HRNet,HRNet no_n2v
00033,50,0.0,0.0,0.7153249272550921,no_n2v,HRNet,HRNet no_n2v
00033,50,0.0,0.1,0.7175834970530451,no_n2v,HRNet,HRNet no_n2v
00033,50,0.0,0.25,0.642702468601126,no_n2v,HRNet,HRNet no_n2v
00033,50,1.0,0.0,0.7817796610169492,no_n2v,HRNet,HRNet no_n2v
00033,50,1.0,0.1,0.7191510365251728,no_n2v,HRNet,HRNet no_n2v
00033,50,1.0,0.25,0.6258932324506095,no_n2v,HRNet,HRNet no_n2v
00033,50,2.0,0.0,0.7084120982986768,no_n2v,HRNet,HRNet no_n2v
00033,50,2.0,0.1,0.6659132007233273,no_n2v,HRNet,HRNet no_n2v
00033,50,2.0,0.25,0.6442721791559001,no_n2v,HRNet,HRNet no_n2v
00033,200,0.0,0.0,0.7580398162327718,no_n2v,HRNet,HRNet no_n2v
00033,200,0.0,0.1,0.7382989431303473,no_n2v,HRNet,HRNet no_n2v
00033,200,0.0,0.25,0.6957943925233645,no_n2v,HRNet,HRNet no_n2v
00033,200,1.0,0.0,0.7554763117677025,no_n2v,HRNet,HRNet no_n2v
00033,200,1.0,0.1,0.7279012345679012,no_n2v,HRNet,HRNet no_n2v
00033,200,1.0,0.25,0.6930147058823529,no_n2v,HRNet,HRNet no_n2v
00033,200,2.0,0.0,0.7682926829268293,no_n2v,HRNet,HRNet no_n2v
00033,200,2.0,0.1,0.7293086660175268,no_n2v,HRNet,HRNet no_n2v
00033,200,2.0,0.25,0.6606751424813678,no_n2v,HRNet,HRNet no_n2v
00033,1000,0.0,0.0,0.7059933931099576,no_n2v,HRNet,HRNet no_n2v
00033,1000,0.0,0.1,0.7066541705716963,no_n2v,HRNet,HRNet no_n2v
00033,1000,0.0,0.25,0.6650570676031606,no_n2v,HRNet,HRNet no_n2v
00033,1000,1.0,0.0,0.6917744916820703,no_n2v,HRNet,HRNet no_n2v
00033,1000,1.0,0.1,0.6964368347987043,no_n2v,HRNet,HRNet no_n2v
00033,1000,1.0,0.25,0.6652040368582711,no_n2v,HRNet,HRNet no_n2v
00033,1000,2.0,0.0,0.6519861830742659,no_n2v,HRNet,HRNet no_n2v
00033,1000,2.0,0.1,0.6595466434176112,no_n2v,HRNet,HRNet no_n2v
00033,1000,2.0,0.25,0.6309870887130362,no_n2v,HRNet,HRNet no_n2v
00035,20,0.0,0.0,0.8410372040586246,no_n2v,HRNet,HRNet no_n2v
00035,20,0.0,0.1,0.8525373134328358,no_n2v,HRNet,HRNet no_n2v
00035,20,0.0,0.25,0.8355367530407192,no_n2v,HRNet,HRNet no_n2v
00035,20,1.0,0.0,0.8861414606095457,no_n2v,HRNet,HRNet no_n2v
00035,20,1.0,0.1,0.8312064965197216,no_n2v,HRNet,HRNet no_n2v
00035,20,1.0,0.25,0.8508042151968941,no_n2v,HRNet,HRNet no_n2v
00035,20,2.0,0.0,0.8288590604026845,no_n2v,HRNet,HRNet no_n2v
00035,20,2.0,0.1,0.8535353535353535,no_n2v,HRNet,HRNet no_n2v
00035,20,2.0,0.25,0.8133802816901409,no_n2v,HRNet,HRNet no_n2v
00035,50,0.0,0.0,0.8661556603773585,no_n2v,HRNet,HRNet no_n2v
00035,50,0.0,0.1,0.8778040141676505,no_n2v,HRNet,HRNet no_n2v
00035,50,0.0,0.25,0.8556021569802277,no_n2v,HRNet,HRNet no_n2v
00035,50,1.0,0.0,0.8435788192331102,no_n2v,HRNet,HRNet no_n2v
00035,50,1.0,0.1,0.8784825133372851,no_n2v,HRNet,HRNet no_n2v
00035,50,1.0,0.25,0.8631090487238979,no_n2v,HRNet,HRNet no_n2v
00035,50,2.0,0.0,0.8956574185765983,no_n2v,HRNet,HRNet no_n2v
00035,50,2.0,0.1,0.8861356932153392,no_n2v,HRNet,HRNet no_n2v
00035,50,2.0,0.25,0.8776443682104059,no_n2v,HRNet,HRNet no_n2v
00035,200,0.0,0.0,0.8495736906211937,no_n2v,HRNet,HRNet no_n2v
00035,200,0.0,0.1,0.8831325301204819,no_n2v,HRNet,HRNet no_n2v
00035,200,0.0,0.25,0.8967780429594272,no_n2v,HRNet,HRNet no_n2v
00035,200,1.0,0.0,0.8656078191814295,no_n2v,HRNet,HRNet no_n2v
00035,200,1.0,0.1,0.8747742323901264,no_n2v,HRNet,HRNet no_n2v
00035,200,1.0,0.25,0.899284862932062,no_n2v,HRNet,HRNet no_n2v
00035,200,2.0,0.0,0.8853349426674714,no_n2v,HRNet,HRNet no_n2v
00035,200,2.0,0.1,0.8883582089552239,no_n2v,HRNet,HRNet no_n2v
00035,200,2.0,0.25,0.8992339422510313,no_n2v,HRNet,HRNet no_n2v
00035,1000,0.0,0.0,0.9035779260157671,no_n2v,HRNet,HRNet no_n2v
00035,1000,0.0,0.1,0.9105105105105105,no_n2v,HRNet,HRNet no_n2v
00035,1000,0.0,0.25,0.9068249258160237,no_n2v,HRNet,HRNet no_n2v
00035,1000,1.0,0.0,0.9071729957805907,no_n2v,HRNet,HRNet no_n2v
00035,1000,1.0,0.1,0.9118705035971223,no_n2v,HRNet,HRNet no_n2v
00035,1000,1.0,0.25,0.9009433962264151,no_n2v,HRNet,HRNet no_n2v
00035,1000,2.0,0.0,0.911190053285968,no_n2v,HRNet,HRNet no_n2v
00035,1000,2.0,0.1,0.9039481437831467,no_n2v,HRNet,HRNet no_n2v
00035,1000,2.0,0.25,0.8993015133876601,no_n2v,HRNet,HRNet no_n2v
00038,20,0.0,0.0,0.8784431137724551,no_n2v,HRNet,HRNet no_n2v
00038,20,0.0,0.1,0.8585157501334757,no_n2v,HRNet,HRNet no_n2v
00038,20,0.0,0.25,0.8938257357184074,no_n2v,HRNet,HRNet no_n2v
00038,20,1.0,0.0,0.891973445986723,no_n2v,HRNet,HRNet no_n2v
00038,20,1.0,0.1,0.8626402993051844,no_n2v,HRNet,HRNet no_n2v
00038,20,1.0,0.25,0.8913793103448275,no_n2v,HRNet,HRNet no_n2v
00038,20,2.0,0.0,0.8894173602853745,no_n2v,HRNet,HRNet no_n2v
00038,20,2.0,0.1,0.8251783893985729,no_n2v,HRNet,HRNet no_n2v
00038,20,2.0,0.25,0.8703394546466333,no_n2v,HRNet,HRNet no_n2v
00038,50,0.0,0.0,0.8693284936479129,no_n2v,HRNet,HRNet no_n2v
00038,50,0.0,0.1,0.8713896457765667,no_n2v,HRNet,HRNet no_n2v
00038,50,0.0,0.25,0.908246225319396,no_n2v,HRNet,HRNet no_n2v
00038,50,1.0,0.0,0.8778718258766627,no_n2v,HRNet,HRNet no_n2v
00038,50,1.0,0.1,0.867750677506775,no_n2v,HRNet,HRNet no_n2v
00038,50,1.0,0.25,0.8969907407407407,no_n2v,HRNet,HRNet no_n2v
00038,50,2.0,0.0,0.9006582884500299,no_n2v,HRNet,HRNet no_n2v
00038,50,2.0,0.1,0.849235635213495,no_n2v,HRNet,HRNet no_n2v
00038,50,2.0,0.25,0.8783783783783784,no_n2v,HRNet,HRNet no_n2v
00038,200,0.0,0.0,0.8626739261947973,no_n2v,HRNet,HRNet no_n2v
00038,200,0.0,0.1,0.8780487804878049,no_n2v,HRNet,HRNet no_n2v
00038,200,0.0,0.25,0.9044585987261147,no_n2v,HRNet,HRNet no_n2v
00038,200,1.0,0.0,0.873341375150784,no_n2v,HRNet,HRNet no_n2v
00038,200,1.0,0.1,0.8774834437086093,no_n2v,HRNet,HRNet no_n2v
00038,200,1.0,0.25,0.8959770114942529,no_n2v,HRNet,HRNet no_n2v
00038,200,2.0,0.0,0.8872901678657075,no_n2v,HRNet,HRNet no_n2v
00038,200,2.0,0.1,0.8633674018289403,no_n2v,HRNet,HRNet no_n2v
00038,200,2.0,0.25,0.8987485779294653,no_n2v,HRNet,HRNet no_n2v
00038,1000,0.0,0.0,0.8659420289855072,no_n2v,HRNet,HRNet no_n2v
00038,1000,0.0,0.1,0.879531511433352,no_n2v,HRNet,HRNet no_n2v
00038,1000,0.0,0.25,0.8962536023054755,no_n2v,HRNet,HRNet no_n2v
00038,1000,1.0,0.0,0.8739445114595898,no_n2v,HRNet,HRNet no_n2v
00038,1000,1.0,0.1,0.8776978417266187,no_n2v,HRNet,HRNet no_n2v
00038,1000,1.0,0.25,0.8979942693409743,no_n2v,HRNet,HRNet no_n2v
00038,1000,2.0,0.0,0.8802145411203814,no_n2v,HRNet,HRNet no_n2v
00038,1000,2.0,0.1,0.8596019365250135,no_n2v,HRNet,HRNet no_n2v
00038,1000,2.0,0.25,0.8912676056338028,no_n2v,HRNet,HRNet no_n2v
00043,20,0.0,0.0,0.8281584582441114,no_n2v,HRNet,HRNet no_n2v
00043,20,0.0,0.1,0.8207150368033649,no_n2v,HRNet,HRNet no_n2v
00043,20,0.0,0.25,0.8928150765606596,no_n2v,HRNet,HRNet no_n2v
00043,20,1.0,0.0,0.8548913043478261,no_n2v,HRNet,HRNet no_n2v
00043,20,1.0,0.1,0.8520107238605898,no_n2v,HRNet,HRNet no_n2v
00043,20,1.0,0.25,0.8711903392754456,no_n2v,HRNet,HRNet no_n2v
00043,20,2.0,0.0,0.8301497160557563,no_n2v,HRNet,HRNet no_n2v
00043,20,2.0,0.1,0.8471544715447155,no_n2v,HRNet,HRNet no_n2v
00043,20,2.0,0.25,0.8616317530319736,no_n2v,HRNet,HRNet no_n2v
00043,50,0.0,0.0,0.8654060066740823,no_n2v,HRNet,HRNet no_n2v
00043,50,0.0,0.1,0.8701814058956916,no_n2v,HRNet,HRNet no_n2v
00043,50,0.0,0.25,0.8766961651917404,no_n2v,HRNet,HRNet no_n2v
00043,50,1.0,0.0,0.8513071895424836,no_n2v,HRNet,HRNet no_n2v
00043,50,1.0,0.1,0.8689538807649044,no_n2v,HRNet,HRNet no_n2v
00043,50,1.0,0.25,0.8744103773584906,no_n2v,HRNet,HRNet no_n2v
00043,50,2.0,0.0,0.8366701791359326,no_n2v,HRNet,HRNet no_n2v
00043,50,2.0,0.1,0.8558904109589041,no_n2v,HRNet,HRNet no_n2v
00043,50,2.0,0.25,0.8731988472622478,no_n2v,HRNet,HRNet no_n2v
00043,200,0.0,0.0,0.8660366870483602,no_n2v,HRNet,HRNet no_n2v
00043,200,0.0,0.1,0.8899135446685879,no_n2v,HRNet,HRNet no_n2v
00043,200,0.0,0.25,0.8659485338120886,no_n2v,HRNet,HRNet no_n2v
00043,200,1.0,0.0,0.8768971332209107,no_n2v,HRNet,HRNet no_n2v
00043,200,1.0,0.1,0.8795662100456622,no_n2v,HRNet,HRNet no_n2v
00043,200,1.0,0.25,0.8794826572604351,no_n2v,HRNet,HRNet no_n2v
00043,200,2.0,0.0,0.8627665390924002,no_n2v,HRNet,HRNet no_n2v
00043,200,2.0,0.1,0.8792621576299608,no_n2v,HRNet,HRNet no_n2v
00043,200,2.0,0.25,0.8824221046443269,no_n2v,HRNet,HRNet no_n2v
00043,1000,0.0,0.0,0.8624514697726012,no_n2v,HRNet,HRNet no_n2v
00043,1000,0.0,0.1,0.8773318258903335,no_n2v,HRNet,HRNet no_n2v
00043,1000,0.0,0.25,0.8892835997631735,no_n2v,HRNet,HRNet no_n2v
00043,1000,1.0,0.0,0.8587912087912087,no_n2v,HRNet,HRNet no_n2v
00043,1000,1.0,0.1,0.8719239373601789,no_n2v,HRNet,HRNet no_n2v
00043,1000,1.0,0.25,0.884457478005865,no_n2v,HRNet,HRNet no_n2v
00043,1000,2.0,0.0,0.8561384532179557,no_n2v,HRNet,HRNet no_n2v
00043,1000,2.0,0.1,0.8597161572052402,no_n2v,HRNet,HRNet no_n2v
00043,1000,2.0,0.25,0.8901801278326554,no_n2v,HRNet,HRNet no_n2v
00044,20,0.0,0.0,0.8487972508591065,no_n2v,HRNet,HRNet no_n2v
00044,20,0.0,0.1,0.878316032295271,no_n2v,HRNet,HRNet no_n2v
00044,20,0.0,0.25,0.8759598346131128,no_n2v,HRNet,HRNet no_n2v
00044,20,1.0,0.0,0.9043427230046949,no_n2v,HRNet,HRNet no_n2v
00044,20,1.0,0.1,0.8448566610455311,no_n2v,HRNet,HRNet no_n2v
00044,20,1.0,0.25,0.8665105386416861,no_n2v,HRNet,HRNet no_n2v
00044,20,2.0,0.0,0.917743830787309,no_n2v,HRNet,HRNet no_n2v
00044,20,2.0,0.1,0.8790697674418605,no_n2v,HRNet,HRNet no_n2v
00044,20,2.0,0.25,0.8914454277286136,no_n2v,HRNet,HRNet no_n2v
00044,50,0.0,0.0,0.8628398791540786,no_n2v,HRNet,HRNet no_n2v
00044,50,0.0,0.1,0.8359281437125748,no_n2v,HRNet,HRNet no_n2v
00044,50,0.0,0.25,0.8233532934131736,no_n2v,HRNet,HRNet no_n2v
00044,50,1.0,0.0,0.8596802841918295,no_n2v,HRNet,HRNet no_n2v
00044,50,1.0,0.1,0.863877430760165,no_n2v,HRNet,HRNet no_n2v
00044,50,1.0,0.25,0.8477865372953305,no_n2v,HRNet,HRNet no_n2v
00044,50,2.0,0.0,0.8707639287765652,no_n2v,HRNet,HRNet no_n2v
00044,50,2.0,0.1,0.8462887200467563,no_n2v,HRNet,HRNet no_n2v
00044,50,2.0,0.25,0.8548672566371681,no_n2v,HRNet,HRNet no_n2v
00044,200,0.0,0.0,0.8731387730792138,no_n2v,HRNet,HRNet no_n2v
00044,200,0.0,0.1,0.8651079136690647,no_n2v,HRNet,HRNet no_n2v
00044,200,0.0,0.25,0.8265861027190332,no_n2v,HRNet,HRNet no_n2v
00044,200,1.0,0.0,0.8738792588164973,no_n2v,HRNet,HRNet no_n2v
00044,200,1.0,0.1,0.8632580261593341,no_n2v,HRNet,HRNet no_n2v
00044,200,1.0,0.25,0.8466183574879227,no_n2v,HRNet,HRNet no_n2v
00044,200,2.0,0.0,0.8606651376146789,no_n2v,HRNet,HRNet no_n2v
00044,200,2.0,0.1,0.8804475853945819,no_n2v,HRNet,HRNet no_n2v
00044,200,2.0,0.25,0.8548483045806068,no_n2v,HRNet,HRNet no_n2v
00044,1000,0.0,0.0,0.8771929824561403,no_n2v,HRNet,HRNet no_n2v
00044,1000,0.0,0.1,0.8843457943925234,no_n2v,HRNet,HRNet no_n2v
00044,1000,0.0,0.25,0.868421052631579,no_n2v,HRNet,HRNet no_n2v
00044,1000,1.0,0.0,0.8804410911201392,no_n2v,HRNet,HRNet no_n2v
00044,1000,1.0,0.1,0.8782608695652174,no_n2v,HRNet,HRNet no_n2v
00044,1000,1.0,0.25,0.8680926916221033,no_n2v,HRNet,HRNet no_n2v
00044,1000,2.0,0.0,0.877283105022831,no_n2v,HRNet,HRNet no_n2v
00044,1000,2.0,0.1,0.8779235596120936,no_n2v,HRNet,HRNet no_n2v
00044,1000,2.0,0.25,0.8668604651162791,no_n2v,HRNet,HRNet no_n2v
00046,20,0.0,0.0,0.8875453446191052,no_n2v,HRNet,HRNet no_n2v
00046,20,0.0,0.1,0.8517932489451476,no_n2v,HRNet,HRNet no_n2v
00046,20,0.0,0.25,0.8905444126074499,no_n2v,HRNet,HRNet no_n2v
00046,20,1.0,0.0,0.8842231553689263,no_n2v,HRNet,HRNet no_n2v
00046,20,1.0,0.1,0.850131926121372,no_n2v,HRNet,HRNet no_n2v
00046,20,1.0,0.25,0.8774703557312253,no_n2v,HRNet,HRNet no_n2v
00046,20,2.0,0.0,0.8932213557288542,no_n2v,HRNet,HRNet no_n2v
00046,20,2.0,0.1,0.8284540318438623,no_n2v,HRNet,HRNet no_n2v
00046,20,2.0,0.25,0.8668508287292818,no_n2v,HRNet,HRNet no_n2v
00046,50,0.0,0.0,0.8753026634382567,no_n2v,HRNet,HRNet no_n2v
00046,50,0.0,0.1,0.8739815317762086,no_n2v,HRNet,HRNet no_n2v
00046,50,0.0,0.25,0.8867706528018486,no_n2v,HRNet,HRNet no_n2v
00046,50,1.0,0.0,0.8737980769230769,no_n2v,HRNet,HRNet no_n2v
00046,50,1.0,0.1,0.8769906644700713,no_n2v,HRNet,HRNet no_n2v
00046,50,1.0,0.25,0.884505431675243,no_n2v,HRNet,HRNet no_n2v
00046,50,2.0,0.0,0.8852361028093245,no_n2v,HRNet,HRNet no_n2v
00046,50,2.0,0.1,0.8403536141445658,no_n2v,HRNet,HRNet no_n2v
00046,50,2.0,0.25,0.8793397837222539,no_n2v,HRNet,HRNet no_n2v
00046,200,0.0,0.0,0.8622356495468277,no_n2v,HRNet,HRNet no_n2v
00046,200,0.0,0.1,0.8858421936205931,no_n2v,HRNet,HRNet no_n2v
00046,200,0.0,0.25,0.8980667838312829,no_n2v,HRNet,HRNet no_n2v
00046,200,1.0,0.0,0.867833433916717,no_n2v,HRNet,HRNet no_n2v
00046,200,1.0,0.1,0.8780487804878049,no_n2v,HRNet,HRNet no_n2v
00046,200,1.0,0.25,0.8974507531865585,no_n2v,HRNet,HRNet no_n2v
00046,200,2.0,0.0,0.8758131283264341,no_n2v,HRNet,HRNet no_n2v
00046,200,2.0,0.1,0.8738444806960305,no_n2v,HRNet,HRNet no_n2v
00046,200,2.0,0.25,0.8905275099262621,no_n2v,HRNet,HRNet no_n2v
00046,1000,0.0,0.0,0.8605914302957152,no_n2v,HRNet,HRNet no_n2v
00046,1000,0.0,0.1,0.8841634023503078,no_n2v,HRNet,HRNet no_n2v
00046,1000,0.0,0.25,0.8944636678200693,no_n2v,HRNet,HRNet no_n2v
00046,1000,1.0,0.0,0.8683894230769231,no_n2v,HRNet,HRNet no_n2v
00046,1000,1.0,0.1,0.8837597330367074,no_n2v,HRNet,HRNet no_n2v
00046,1000,1.0,0.25,0.8916143753565317,no_n2v,HRNet,HRNet no_n2v
00046,1000,2.0,0.0,0.8735224586288416,no_n2v,HRNet,HRNet no_n2v
00046,1000,2.0,0.1,0.8754778809393774,no_n2v,HRNet,HRNet no_n2v
00046,1000,2.0,0.25,0.8890765765765766,no_n2v,HRNet,HRNet no_n2v
00057,20,0.0,0.0,0.8966565349544073,no_n2v,HRNet,HRNet no_n2v
00057,20,0.0,0.1,0.8665231431646933,no_n2v,HRNet,HRNet no_n2v
00057,20,0.0,0.25,0.9049586776859504,no_n2v,HRNet,HRNet no_n2v
00057,20,1.0,0.0,0.8999393571861735,no_n2v,HRNet,HRNet no_n2v
00057,20,1.0,0.1,0.8783269961977186,no_n2v,HRNet,HRNet no_n2v
00057,20,1.0,0.25,0.9023823358512493,no_n2v,HRNet,HRNet no_n2v
00057,20,2.0,0.0,0.9008363201911589,no_n2v,HRNet,HRNet no_n2v
00057,20,2.0,0.1,0.8299180327868853,no_n2v,HRNet,HRNet no_n2v
00057,20,2.0,0.25,0.9148571428571428,no_n2v,HRNet,HRNet no_n2v
00057,50,0.0,0.0,0.8966565349544073,no_n2v,HRNet,HRNet no_n2v
00057,50,0.0,0.1,0.8894444444444445,no_n2v,HRNet,HRNet no_n2v
00057,50,0.0,0.25,0.9143192488262911,no_n2v,HRNet,HRNet no_n2v
00057,50,1.0,0.0,0.8946093276801939,no_n2v,HRNet,HRNet no_n2v
00057,50,1.0,0.1,0.893687707641196,no_n2v,HRNet,HRNet no_n2v
00057,50,1.0,0.25,0.9070718877849211,no_n2v,HRNet,HRNet no_n2v
00057,50,2.0,0.0,0.9053646775165762,no_n2v,HRNet,HRNet no_n2v
00057,50,2.0,0.1,0.8748645720476707,no_n2v,HRNet,HRNet no_n2v
00057,50,2.0,0.25,0.8974799541809851,no_n2v,HRNet,HRNet no_n2v
00057,200,0.0,0.0,0.8833535844471446,no_n2v,HRNet,HRNet no_n2v
00057,200,0.0,0.1,0.8994318181818182,no_n2v,HRNet,HRNet no_n2v
00057,200,0.0,0.25,0.9183431952662722,no_n2v,HRNet,HRNet no_n2v
00057,200,1.0,0.0,0.8901032179720705,no_n2v,HRNet,HRNet no_n2v
00057,200,1.0,0.1,0.8921953958450309,no_n2v,HRNet,HRNet no_n2v
00057,200,1.0,0.25,0.9206815511163338,no_n2v,HRNet,HRNet no_n2v
00057,200,2.0,0.0,0.9018072289156627,no_n2v,HRNet,HRNet no_n2v
00057,200,2.0,0.1,0.8782751091703057,no_n2v,HRNet,HRNet no_n2v
00057,200,2.0,0.25,0.9127167630057803,no_n2v,HRNet,HRNet no_n2v
00057,1000,0.0,0.0,0.889294403892944,no_n2v,HRNet,HRNet no_n2v
00057,1000,0.0,0.1,0.8977853492333902,no_n2v,HRNet,HRNet no_n2v
00057,1000,0.0,0.25,0.9183793305930711,no_n2v,HRNet,HRNet no_n2v
00057,1000,1.0,0.0,0.8906439854191981,no_n2v,HRNet,HRNet no_n2v
00057,1000,1.0,0.1,0.8930180180180181,no_n2v,HRNet,HRNet no_n2v
00057,1000,1.0,0.25,0.9164719626168224,no_n2v,HRNet,HRNet no_n2v
00057,1000,2.0,0.0,0.8992762364294331,no_n2v,HRNet,HRNet no_n2v
00057,1000,2.0,0.1,0.8764415156507414,no_n2v,HRNet,HRNet no_n2v
00057,1000,2.0,0.25,0.9091428571428571,no_n2v,HRNet,HRNet no_n2v
00059,20,0.0,0.0,0.8961916461916462,no_n2v,HRNet,HRNet no_n2v
00059,20,0.0,0.1,0.8681672025723473,no_n2v,HRNet,HRNet no_n2v
00059,20,0.0,0.25,0.9155657668006892,no_n2v,HRNet,HRNet no_n2v
00059,20,1.0,0.0,0.8971393791844188,no_n2v,HRNet,HRNet no_n2v
00059,20,1.0,0.1,0.8566895822316235,no_n2v,HRNet,HRNet no_n2v
00059,20,1.0,0.25,0.9151862464183381,no_n2v,HRNet,HRNet no_n2v
00059,20,2.0,0.0,0.919664268585132,no_n2v,HRNet,HRNet no_n2v
00059,20,2.0,0.1,0.8398133748055988,no_n2v,HRNet,HRNet no_n2v
00059,20,2.0,0.25,0.9311150029188558,no_n2v,HRNet,HRNet no_n2v
00059,50,0.0,0.0,0.90263319044703,no_n2v,HRNet,HRNet no_n2v
00059,50,0.0,0.1,0.8996636771300448,no_n2v,HRNet,HRNet no_n2v
00059,50,0.0,0.25,0.9336075205640423,no_n2v,HRNet,HRNet no_n2v
00059,50,1.0,0.0,0.8971848225214198,no_n2v,HRNet,HRNet no_n2v
00059,50,1.0,0.1,0.8899284534947716,no_n2v,HRNet,HRNet no_n2v
00059,50,1.0,0.25,0.9388235294117647,no_n2v,HRNet,HRNet no_n2v
00059,50,2.0,0.0,0.9192284508740205,no_n2v,HRNet,HRNet no_n2v
00059,50,2.0,0.1,0.8643162393162394,no_n2v,HRNet,HRNet no_n2v
00059,50,2.0,0.25,0.9255196304849884,no_n2v,HRNet,HRNet no_n2v
00059,200,0.0,0.0,0.8870472682627378,no_n2v,HRNet,HRNet no_n2v
00059,200,0.0,0.1,0.9104308390022676,no_n2v,HRNet,HRNet no_n2v
00059,200,0.0,0.25,0.9365737996443391,no_n2v,HRNet,HRNet no_n2v
00059,200,1.0,0.0,0.8983466013472137,no_n2v,HRNet,HRNet no_n2v
00059,200,1.0,0.1,0.9024116657319126,no_n2v,HRNet,HRNet no_n2v
00059,200,1.0,0.25,0.943026706231454,no_n2v,HRNet,HRNet no_n2v
00059,200,2.0,0.0,0.9136253041362531,no_n2v,HRNet,HRNet no_n2v
00059,200,2.0,0.1,0.8809393773894046,no_n2v,HRNet,HRNet no_n2v
00059,200,2.0,0.25,0.9282822440717178,no_n2v,HRNet,HRNet no_n2v
00059,1000,0.0,0.0,0.8878676470588235,no_n2v,HRNet,HRNet no_n2v
00059,1000,0.0,0.1,0.9110604332953249,no_n2v,HRNet,HRNet no_n2v
00059,1000,0.0,0.25,0.9320445225541887,no_n2v,HRNet,HRNet no_n2v
00059,1000,1.0,0.0,0.8990825688073395,no_n2v,HRNet,HRNet no_n2v
00059,1000,1.0,0.1,0.9032076533483399,no_n2v,HRNet,HRNet no_n2v
00059,1000,1.0,0.25,0.9279488669378269,no_n2v,HRNet,HRNet no_n2v
00059,1000,2.0,0.0,0.9193450576106731,no_n2v,HRNet,HRNet no_n2v
00059,1000,2.0,0.1,0.8769733260751225,no_n2v,HRNet,HRNet no_n2v
00059,1000,2.0,0.25,0.9197707736389685,no_n2v,HRNet,HRNet no_n2v
00062,20,0.0,0.0,0.8705555555555555,no_n2v,HRNet,HRNet no_n2v
00062,20,0.0,0.1,0.8713942307692307,no_n2v,HRNet,HRNet no_n2v
00062,20,0.0,0.25,0.8321678321678322,no_n2v,HRNet,HRNet no_n2v
00062,20,1.0,0.0,0.8759783263094522,no_n2v,HRNet,HRNet no_n2v
00062,20,1.0,0.1,0.8613744075829384,no_n2v,HRNet,HRNet no_n2v
00062,20,1.0,0.25,0.8054024255788313,no_n2v,HRNet,HRNet no_n2v
00062,20,2.0,0.0,0.865351131746953,no_n2v,HRNet,HRNet no_n2v
00062,20,2.0,0.1,0.8621636463481603,no_n2v,HRNet,HRNet no_n2v
00062,20,2.0,0.25,0.8217344753747323,no_n2v,HRNet,HRNet no_n2v
00062,50,0.0,0.0,0.8844036697247707,no_n2v,HRNet,HRNet no_n2v
00062,50,0.0,0.1,0.8494231936854888,no_n2v,HRNet,HRNet no_n2v
00062,50,0.0,0.25,0.8242074927953891,no_n2v,HRNet,HRNet no_n2v
00062,50,1.0,0.0,0.8531175059952039,no_n2v,HRNet,HRNet no_n2v
00062,50,1.0,0.1,0.8529234478601567,no_n2v,HRNet,HRNet no_n2v
00062,50,1.0,0.25,0.8553496712492529,no_n2v,HRNet,HRNet no_n2v
00062,50,2.0,0.0,0.854066985645933,no_n2v,HRNet,HRNet no_n2v
00062,50,2.0,0.1,0.8591800356506238,no_n2v,HRNet,HRNet no_n2v
00062,50,2.0,0.25,0.8525073746312685,no_n2v,HRNet,HRNet no_n2v
00062,200,0.0,0.0,0.8374233128834356,no_n2v,HRNet,HRNet no_n2v
00062,200,0.0,0.1,0.8684531059683313,no_n2v,HRNet,HRNet no_n2v
00062,200,0.0,0.25,0.8755312689738919,no_n2v,HRNet,HRNet no_n2v
00062,200,1.0,0.0,0.8568818514007308,no_n2v,HRNet,HRNet no_n2v
00062,200,1.0,0.1,0.8747709224190593,no_n2v,HRNet,HRNet no_n2v
00062,200,1.0,0.25,0.8865419432709717,no_n2v,HRNet,HRNet no_n2v
00062,200,2.0,0.0,0.8622356495468277,no_n2v,HRNet,HRNet no_n2v
00062,200,2.0,0.1,0.8858173076923077,no_n2v,HRNet,HRNet no_n2v
00062,200,2.0,0.25,0.8952095808383234,no_n2v,HRNet,HRNet no_n2v
00062,1000,0.0,0.0,0.8578313253012049,no_n2v,HRNet,HRNet no_n2v
00062,1000,0.0,0.1,0.8762019230769231,no_n2v,HRNet,HRNet no_n2v
00062,1000,0.0,0.25,0.8798586572438163,no_n2v,HRNet,HRNet no_n2v
00062,1000,1.0,0.0,0.8661037394451147,no_n2v,HRNet,HRNet no_n2v
00062,1000,1.0,0.1,0.8758949880668258,no_n2v,HRNet,HRNet no_n2v
00062,1000,1.0,0.25,0.8834608593290171,no_n2v,HRNet,HRNet no_n2v
00062,1000,2.0,0.0,0.8733572281959379,no_n2v,HRNet,HRNet no_n2v
00062,1000,2.0,0.1,0.8794326241134752,no_n2v,HRNet,HRNet no_n2v
00062,1000,2.0,0.25,0.887291546866015,no_n2v,HRNet,HRNet no_n2v
00074,20,0.0,0.0,0.901018922852984,no_n2v,HRNet,HRNet no_n2v
00074,20,0.0,0.1,0.876414273281114,no_n2v,HRNet,HRNet no_n2v
00074,20,0.0,0.25,0.8942218080149115,no_n2v,HRNet,HRNet no_n2v
00074,20,1.0,0.0,0.9093553078041687,no_n2v,HRNet,HRNet no_n2v
00074,20,1.0,0.1,0.8600257621296694,no_n2v,HRNet,HRNet no_n2v
00074,20,1.0,0.25,0.9199246349505417,no_n2v,HRNet,HRNet no_n2v
00074,20,2.0,0.0,0.9173076923076923,no_n2v,HRNet,HRNet no_n2v
00074,20,2.0,0.1,0.8230988206588044,no_n2v,HRNet,HRNet no_n2v
00074,20,2.0,0.25,0.8766321476812247,no_n2v,HRNet,HRNet no_n2v
00074,50,0.0,0.0,0.8900193798449613,no_n2v,HRNet,HRNet no_n2v
00074,50,0.0,0.1,0.8780166739798158,no_n2v,HRNet,HRNet no_n2v
00074,50,0.0,0.25,0.9093034128097242,no_n2v,HRNet,HRNet no_n2v
00074,50,1.0,0.0,0.9007782101167315,no_n2v,HRNet,HRNet no_n2v
00074,50,1.0,0.1,0.880564125165271,no_n2v,HRNet,HRNet no_n2v
00074,50,1.0,0.25,0.9079696394686907,no_n2v,HRNet,HRNet no_n2v
00074,50,2.0,0.0,0.9142994703899856,no_n2v,HRNet,HRNet no_n2v
00074,50,2.0,0.1,0.8683074265975821,no_n2v,HRNet,HRNet no_n2v
00074,50,2.0,0.25,0.9232591189009948,no_n2v,HRNet,HRNet no_n2v
00074,200,0.0,0.0,0.8842975206611571,no_n2v,HRNet,HRNet no_n2v
00074,200,0.0,0.1,0.9047619047619048,no_n2v,HRNet,HRNet no_n2v
00074,200,0.0,0.25,0.9184938036224977,no_n2v,HRNet,HRNet no_n2v
00074,200,1.0,0.0,0.8946090335114133,no_n2v,HRNet,HRNet no_n2v
00074,200,1.0,0.1,0.8928571428571429,no_n2v,HRNet,HRNet no_n2v
00074,200,1.0,0.25,0.9284692417739628,no_n2v,HRNet,HRNet no_n2v
00074,200,2.0,0.0,0.8987951807228916,no_n2v,HRNet,HRNet no_n2v
00074,200,2.0,0.1,0.8838737949167397,no_n2v,HRNet,HRNet no_n2v
00074,200,2.0,0.25,0.9207688701359588,no_n2v,HRNet,HRNet no_n2v
00074,1000,0.0,0.0,0.8878096163186012,no_n2v,HRNet,HRNet no_n2v
00074,1000,0.0,0.1,0.8980604420387912,no_n2v,HRNet,HRNet no_n2v
00074,1000,0.0,0.25,0.921875,no_n2v,HRNet,HRNet no_n2v
00074,1000,1.0,0.0,0.8905569007263923,no_n2v,HRNet,HRNet no_n2v
00074,1000,1.0,0.1,0.8941229250785105,no_n2v,HRNet,HRNet no_n2v
00074,1000,1.0,0.25,0.9205827067669173,no_n2v,HRNet,HRNet no_n2v
00074,1000,2.0,0.0,0.8976076555023923,no_n2v,HRNet,HRNet no_n2v
00074,1000,2.0,0.1,0.8795971978984238,no_n2v,HRNet,HRNet no_n2v
00074,1000,2.0,0.25,0.9113573407202216,no_n2v,HRNet,HRNet no_n2v
00077,20,0.0,0.0,0.9185076092292587,no_n2v,HRNet,HRNet no_n2v
00077,20,0.0,0.1,0.8728850325379609,no_n2v,HRNet,HRNet no_n2v
00077,20,0.0,0.25,0.8998596162845109,no_n2v,HRNet,HRNet no_n2v
00077,20,1.0,0.0,0.9151219512195122,no_n2v,HRNet,HRNet no_n2v
00077,20,1.0,0.1,0.8652360515021459,no_n2v,HRNet,HRNet no_n2v
00077,20,1.0,0.25,0.9243577545195052,no_n2v,HRNet,HRNet no_n2v
00077,20,2.0,0.0,0.9180804653417354,no_n2v,HRNet,HRNet no_n2v
00077,20,2.0,0.1,0.8429166666666666,no_n2v,HRNet,HRNet no_n2v
00077,20,2.0,0.25,0.8911472448057814,no_n2v,HRNet,HRNet no_n2v
00077,50,0.0,0.0,0.9016152716593245,no_n2v,HRNet,HRNet no_n2v
00077,50,0.0,0.1,0.9023841655420602,no_n2v,HRNet,HRNet no_n2v
00077,50,0.0,0.25,0.9285037878787878,no_n2v,HRNet,HRNet no_n2v
00077,50,1.0,0.0,0.9131501472031404,no_n2v,HRNet,HRNet no_n2v
00077,50,1.0,0.1,0.8806494076349276,no_n2v,HRNet,HRNet no_n2v
00077,50,1.0,0.25,0.9356388088376562,no_n2v,HRNet,HRNet no_n2v
00077,50,2.0,0.0,0.9217687074829932,no_n2v,HRNet,HRNet no_n2v
00077,50,2.0,0.1,0.8637334472447672,no_n2v,HRNet,HRNet no_n2v
00077,50,2.0,0.25,0.9261176470588235,no_n2v,HRNet,HRNet no_n2v
00077,200,0.0,0.0,0.9058361942128494,no_n2v,HRNet,HRNet no_n2v
00077,200,0.0,0.1,0.9119525547445255,no_n2v,HRNet,HRNet no_n2v
00077,200,0.0,0.25,0.9302884615384616,no_n2v,HRNet,HRNet no_n2v
00077,200,1.0,0.0,0.9031311154598826,no_n2v,HRNet,HRNet no_n2v
00077,200,1.0,0.1,0.9064061790095411,no_n2v,HRNet,HRNet no_n2v
00077,200,1.0,0.25,0.9329822881761608,no_n2v,HRNet,HRNet no_n2v
00077,200,2.0,0.0,0.9223300970873787,no_n2v,HRNet,HRNet no_n2v
00077,200,2.0,0.1,0.8817110432125709,no_n2v,HRNet,HRNet no_n2v
00077,200,2.0,0.25,0.9283341243474134,no_n2v,HRNet,HRNet no_n2v
00077,1000,0.0,0.0,0.898876404494382,no_n2v,HRNet,HRNet no_n2v
00077,1000,0.0,0.1,0.9034888989578613,no_n2v,HRNet,HRNet no_n2v
00077,1000,0.0,0.25,0.9261013737565135,no_n2v,HRNet,HRNet no_n2v
00077,1000,1.0,0.0,0.9035087719298246,no_n2v,HRNet,HRNet no_n2v
00077,1000,1.0,0.1,0.903750564844103,no_n2v,HRNet,HRNet no_n2v
00077,1000,1.0,0.25,0.9239489844119037,no_n2v,HRNet,HRNet no_n2v
00077,1000,2.0,0.0,0.920135527589545,no_n2v,HRNet,HRNet no_n2v
00077,1000,2.0,0.1,0.8846491228070176,no_n2v,HRNet,HRNet no_n2v
00077,1000,2.0,0.25,0.9197761194029851,no_n2v,HRNet,HRNet no_n2v
00080,20,0.0,0.0,0.8347865993575034,no_n2v,HRNet,HRNet no_n2v
00080,20,0.0,0.1,0.8976157082748948,no_n2v,HRNet,HRNet no_n2v
00080,20,0.0,0.25,0.8621517771373679,no_n2v,HRNet,HRNet no_n2v
00080,20,1.0,0.0,0.8745335820895522,no_n2v,HRNet,HRNet no_n2v
00080,20,1.0,0.1,0.8775023832221163,no_n2v,HRNet,HRNet no_n2v
00080,20,1.0,0.25,0.8400921658986175,no_n2v,HRNet,HRNet no_n2v
00080,20,2.0,0.0,0.823554976097349,no_n2v,HRNet,HRNet no_n2v
00080,20,2.0,0.1,0.8591864103710326,no_n2v,HRNet,HRNet no_n2v
00080,20,2.0,0.25,0.8669767441860465,no_n2v,HRNet,HRNet no_n2v
00080,50,0.0,0.0,0.8744650499286734,no_n2v,HRNet,HRNet no_n2v
00080,50,0.0,0.1,0.8631378159275155,no_n2v,HRNet,HRNet no_n2v
00080,50,0.0,0.25,0.8414396887159533,no_n2v,HRNet,HRNet no_n2v
00080,50,1.0,0.0,0.888781896966779,no_n2v,HRNet,HRNet no_n2v
00080,50,1.0,0.1,0.8673031026252983,no_n2v,HRNet,HRNet no_n2v
00080,50,1.0,0.25,0.8310062590274434,no_n2v,HRNet,HRNet no_n2v
00080,50,2.0,0.0,0.8938260056127222,no_n2v,HRNet,HRNet no_n2v
00080,50,2.0,0.1,0.8568075117370892,no_n2v,HRNet,HRNet no_n2v
00080,50,2.0,0.25,0.8497854077253219,no_n2v,HRNet,HRNet no_n2v
00080,200,0.0,0.0,0.9039492930277914,no_n2v,HRNet,HRNet no_n2v
00080,200,0.0,0.1,0.8770651117589893,no_n2v,HRNet,HRNet no_n2v
00080,200,0.0,0.25,0.8566536203522505,no_n2v,HRNet,HRNet no_n2v
00080,200,1.0,0.0,0.8906324298621018,no_n2v,HRNet,HRNet no_n2v
00080,200,1.0,0.1,0.885024154589372,no_n2v,HRNet,HRNet no_n2v
00080,200,1.0,0.25,0.8293885601577909,no_n2v,HRNet,HRNet no_n2v
00080,200,2.0,0.0,0.8979020979020979,no_n2v,HRNet,HRNet no_n2v
00080,200,2.0,0.1,0.884871550903901,no_n2v,HRNet,HRNet no_n2v
00080,200,2.0,0.25,0.8671568627450981,no_n2v,HRNet,HRNet no_n2v
00080,1000,0.0,0.0,0.9114707282246549,no_n2v,HRNet,HRNet no_n2v
00080,1000,0.0,0.1,0.9136276391554703,no_n2v,HRNet,HRNet no_n2v
00080,1000,0.0,0.25,0.8783585735222277,no_n2v,HRNet,HRNet no_n2v
00080,1000,1.0,0.0,0.9091769157994324,no_n2v,HRNet,HRNet no_n2v
00080,1000,1.0,0.1,0.915035799522673,no_n2v,HRNet,HRNet no_n2v
00080,1000,1.0,0.25,0.8879142300194932,no_n2v,HRNet,HRNet no_n2v
00080,1000,2.0,0.0,0.9085027726432532,no_n2v,HRNet,HRNet no_n2v
00080,1000,2.0,0.1,0.919431279620853,no_n2v,HRNet,HRNet no_n2v
00080,1000,2.0,0.25,0.8989412897016362,no_n2v,HRNet,HRNet no_n2v
00081,20,0.0,0.0,0.8996687174633223,no_n2v,HRNet,HRNet no_n2v
00081,20,0.0,0.1,0.8913043478260869,no_n2v,HRNet,HRNet no_n2v
00081,20,0.0,0.25,0.9126491646778043,no_n2v,HRNet,HRNet no_n2v
00081,20,1.0,0.0,0.9116101290014333,no_n2v,HRNet,HRNet no_n2v
00081,20,1.0,0.1,0.9028436018957346,no_n2v,HRNet,HRNet no_n2v
00081,20,1.0,0.25,0.8795637743006164,no_n2v,HRNet,HRNet no_n2v
00081,20,2.0,0.0,0.9090909090909091,no_n2v,HRNet,HRNet no_n2v
00081,20,2.0,0.1,0.9096958174904943,no_n2v,HRNet,HRNet no_n2v
00081,20,2.0,0.25,0.9024058102587381,no_n2v,HRNet,HRNet no_n2v
00081,50,0.0,0.0,0.9014968614196041,no_n2v,HRNet,HRNet no_n2v
00081,50,0.0,0.1,0.8760975609756098,no_n2v,HRNet,HRNet no_n2v
00081,50,0.0,0.25,0.9091792132102963,no_n2v,HRNet,HRNet no_n2v
00081,50,1.0,0.0,0.8996157540826129,no_n2v,HRNet,HRNet no_n2v
00081,50,1.0,0.1,0.884029484029484,no_n2v,HRNet,HRNet no_n2v
00081,50,1.0,0.25,0.8792766373411535,no_n2v,HRNet,HRNet no_n2v
00081,50,2.0,0.0,0.9072115384615385,no_n2v,HRNet,HRNet no_n2v
00081,50,2.0,0.1,0.9071914480077745,no_n2v,HRNet,HRNet no_n2v
00081,50,2.0,0.25,0.8829174664107485,no_n2v,HRNet,HRNet no_n2v
00081,200,0.0,0.0,0.8949435444280806,no_n2v,HRNet,HRNet no_n2v
00081,200,0.0,0.1,0.887905604719764,no_n2v,HRNet,HRNet no_n2v
00081,200,0.0,0.25,0.885012285012285,no_n2v,HRNet,HRNet no_n2v
00081,200,1.0,0.0,0.9099363680861479,no_n2v,HRNet,HRNet no_n2v
00081,200,1.0,0.1,0.8914004914004914,no_n2v,HRNet,HRNet no_n2v
00081,200,1.0,0.25,0.8781800391389433,no_n2v,HRNet,HRNet no_n2v
00081,200,2.0,0.0,0.9097120546608102,no_n2v,HRNet,HRNet no_n2v
00081,200,2.0,0.1,0.9056695992179863,no_n2v,HRNet,HRNet no_n2v
00081,200,2.0,0.25,0.9075425790754258,no_n2v,HRNet,HRNet no_n2v
00081,1000,0.0,0.0,0.915568570034163,no_n2v,HRNet,HRNet no_n2v
00081,1000,0.0,0.1,0.9002932551319648,no_n2v,HRNet,HRNet no_n2v
00081,1000,0.0,0.25,0.9133398247322297,no_n2v,HRNet,HRNet no_n2v
00081,1000,1.0,0.0,0.9172749391727494,no_n2v,HRNet,HRNet no_n2v
00081,1000,1.0,0.1,0.9128529698149951,no_n2v,HRNet,HRNet no_n2v
00081,1000,1.0,0.25,0.9163038219641993,no_n2v,HRNet,HRNet no_n2v
00081,1000,2.0,0.0,0.9269932756964457,no_n2v,HRNet,HRNet no_n2v
00081,1000,2.0,0.1,0.9175108538350217,no_n2v,HRNet,HRNet no_n2v
00081,1000,2.0,0.25,0.920438303954264,no_n2v,HRNet,HRNet no_n2v
00001,20,0.0,0.0,0.8739495798319328,no_n2v,SwinUNet,SwinUNet no_n2v
00001,20,0.0,0.1,0.8739393939393939,no_n2v,SwinUNet,SwinUNet no_n2v
00001,20,0.0,0.25,0.8668280871670703,no_n2v,SwinUNet,SwinUNet no_n2v
00001,20,1.0,0.0,0.8854731766124171,no_n2v,SwinUNet,SwinUNet no_n2v
00001,20,1.0,0.1,0.9019725044829647,no_n2v,SwinUNet,SwinUNet no_n2v
00001,20,1.0,0.25,0.8851190476190476,no_n2v,SwinUNet,SwinUNet no_n2v
00001,20,2.0,0.0,0.8869361452841242,no_n2v,SwinUNet,SwinUNet no_n2v
00001,20,2.0,0.1,0.8994646044021416,no_n2v,SwinUNet,SwinUNet no_n2v
00001,20,2.0,0.25,0.8894173602853745,no_n2v,SwinUNet,SwinUNet no_n2v
00001,50,0.0,0.0,0.8674698795180723,no_n2v,SwinUNet,SwinUNet no_n2v
00001,50,0.0,0.1,0.890920170627666,no_n2v,SwinUNet,SwinUNet no_n2v
00001,50,0.0,0.25,0.8830620855937311,no_n2v,SwinUNet,SwinUNet no_n2v
00001,50,1.0,0.0,0.8726500909642207,no_n2v,SwinUNet,SwinUNet no_n2v
00001,50,1.0,0.1,0.8848009650180941,no_n2v,SwinUNet,SwinUNet no_n2v
00001,50,1.0,0.25,0.8762019230769231,no_n2v,SwinUNet,SwinUNet no_n2v
00001,50,2.0,0.0,0.8780048076923077,no_n2v,SwinUNet,SwinUNet no_n2v
00001,50,2.0,0.1,0.899581589958159,no_n2v,SwinUNet,SwinUNet no_n2v
00001,50,2.0,0.25,0.8872315035799523,no_n2v,SwinUNet,SwinUNet no_n2v
00001,200,0.0,0.0,0.876969696969697,no_n2v,SwinUNet,SwinUNet no_n2v
00001,200,0.0,0.1,0.8884172225591267,no_n2v,SwinUNet,SwinUNet no_n2v
00001,200,0.0,0.25,0.8872727272727273,no_n2v,SwinUNet,SwinUNet no_n2v
00001,200,1.0,0.0,0.8770343580470162,no_n2v,SwinUNet,SwinUNet no_n2v
00001,200,1.0,0.1,0.8868832731648616,no_n2v,SwinUNet,SwinUNet no_n2v
00001,200,1.0,0.25,0.8927922471229558,no_n2v,SwinUNet,SwinUNet no_n2v
00001,200,2.0,0.0,0.881547619047619,no_n2v,SwinUNet,SwinUNet no_n2v
00001,200,2.0,0.1,0.9030915576694412,no_n2v,SwinUNet,SwinUNet no_n2v
00001,200,2.0,0.25,0.8921977367480644,no_n2v,SwinUNet,SwinUNet no_n2v
00001,1000,0.0,0.0,0.8671497584541062,no_n2v,SwinUNet,SwinUNet no_n2v
00001,1000,0.0,0.1,0.8841978287092883,no_n2v,SwinUNet,SwinUNet no_n2v
00001,1000,0.0,0.25,0.8784764207980653,no_n2v,SwinUNet,SwinUNet no_n2v
00001,1000,1.0,0.0,0.8764315852923448,no_n2v,SwinUNet,SwinUNet no_n2v
00001,1000,1.0,0.1,0.890832328106152,no_n2v,SwinUNet,SwinUNet no_n2v
00001,1000,1.0,0.25,0.8901699029126213,no_n2v,SwinUNet,SwinUNet no_n2v
00001,1000,2.0,0.0,0.8873659117997617,no_n2v,SwinUNet,SwinUNet no_n2v
00001,1000,2.0,0.1,0.905952380952381,no_n2v,SwinUNet,SwinUNet no_n2v
00001,1000,2.0,0.25,0.8921977367480644,no_n2v,SwinUNet,SwinUNet no_n2v
00004,20,0.0,0.0,0.8754448398576512,no_n2v,SwinUNet,SwinUNet no_n2v
00004,20,0.0,0.1,0.8801410105757932,no_n2v,SwinUNet,SwinUNet no_n2v
00004,20,0.0,0.25,0.8973747016706444,no_n2v,SwinUNet,SwinUNet no_n2v
00004,20,1.0,0.0,0.8801652892561983,no_n2v,SwinUNet,SwinUNet no_n2v
00004,20,1.0,0.1,0.8943329397874853,no_n2v,SwinUNet,SwinUNet no_n2v
00004,20,1.0,0.25,0.9208158368326335,no_n2v,SwinUNet,SwinUNet no_n2v
00004,20,2.0,0.0,0.8878558977338756,no_n2v,SwinUNet,SwinUNet no_n2v
00004,20,2.0,0.1,0.8646239554317549,no_n2v,SwinUNet,SwinUNet no_n2v
00004,20,2.0,0.25,0.9060283687943262,no_n2v,SwinUNet,SwinUNet no_n2v
00004,50,0.0,0.0,0.8787335722819594,no_n2v,SwinUNet,SwinUNet no_n2v
00004,50,0.0,0.1,0.8887573964497042,no_n2v,SwinUNet,SwinUNet no_n2v
00004,50,0.0,0.25,0.9115361625821877,no_n2v,SwinUNet,SwinUNet no_n2v
00004,50,1.0,0.0,0.8876270173341303,no_n2v,SwinUNet,SwinUNet no_n2v
00004,50,1.0,0.1,0.8912529550827423,no_n2v,SwinUNet,SwinUNet no_n2v
00004,50,1.0,0.25,0.91548463356974,no_n2v,SwinUNet,SwinUNet no_n2v
00004,50,2.0,0.0,0.880868544600939,no_n2v,SwinUNet,SwinUNet no_n2v
00004,50,2.0,0.1,0.8958090803259604,no_n2v,SwinUNet,SwinUNet no_n2v
00004,50,2.0,0.25,0.9185098952270081,no_n2v,SwinUNet,SwinUNet no_n2v
00004,200,0.0,0.0,0.8649133293484758,no_n2v,SwinUNet,SwinUNet no_n2v
00004,200,0.0,0.1,0.889815366289458,no_n2v,SwinUNet,SwinUNet no_n2v
00004,200,0.0,0.25,0.9027611044417767,no_n2v,SwinUNet,SwinUNet no_n2v
00004,200,1.0,0.0,0.8602150537634409,no_n2v,SwinUNet,SwinUNet no_n2v
00004,200,1.0,0.1,0.8932617769827073,no_n2v,SwinUNet,SwinUNet no_n2v
00004,200,1.0,0.25,0.9087112171837709,no_n2v,SwinUNet,SwinUNet no_n2v
00004,200,2.0,0.0,0.8716136631330977,no_n2v,SwinUNet,SwinUNet no_n2v
00004,200,2.0,0.1,0.9059579439252337,no_n2v,SwinUNet,SwinUNet no_n2v
00004,200,2.0,0.25,0.9129411764705883,no_n2v,SwinUNet,SwinUNet no_n2v
00004,1000,0.0,0.0,0.8562052505966588,no_n2v,SwinUNet,SwinUNet no_n2v
00004,1000,0.0,0.1,0.8880285884455033,no_n2v,SwinUNet,SwinUNet no_n2v
00004,1000,0.0,0.25,0.9038231780167264,no_n2v,SwinUNet,SwinUNet no_n2v
00004,1000,1.0,0.0,0.8631766805472932,no_n2v,SwinUNet,SwinUNet no_n2v
00004,1000,1.0,0.1,0.8915234143449912,no_n2v,SwinUNet,SwinUNet no_n2v
00004,1000,1.0,0.25,0.9123434704830053,no_n2v,SwinUNet,SwinUNet no_n2v
00004,1000,2.0,0.0,0.8726525821596244,no_n2v,SwinUNet,SwinUNet no_n2v
00004,1000,2.0,0.1,0.9062133645955451,no_n2v,SwinUNet,SwinUNet no_n2v
00004,1000,2.0,0.25,0.9105356091818717,no_n2v,SwinUNet,SwinUNet no_n2v
00011,20,0.0,0.0,0.9193742478941035,no_n2v,SwinUNet,SwinUNet no_n2v
00011,20,0.0,0.1,0.9173157579388855,no_n2v,SwinUNet,SwinUNet no_n2v
00011,20,0.0,0.25,0.9178885630498533,no_n2v,SwinUNet,SwinUNet no_n2v
00011,20,1.0,0.0,0.9092537313432836,no_n2v,SwinUNet,SwinUNet no_n2v
00011,20,1.0,0.1,0.9268146370725855,no_n2v,SwinUNet,SwinUNet no_n2v
00011,20,1.0,0.25,0.927120669056153,no_n2v,SwinUNet,SwinUNet no_n2v
00011,20,2.0,0.0,0.9208333333333333,no_n2v,SwinUNet,SwinUNet no_n2v
00011,20,2.0,0.1,0.9185705916813123,no_n2v,SwinUNet,SwinUNet no_n2v
00011,20,2.0,0.25,0.9157175398633257,no_n2v,SwinUNet,SwinUNet no_n2v
00011,50,0.0,0.0,0.9201451905626135,no_n2v,SwinUNet,SwinUNet no_n2v
00011,50,0.0,0.1,0.9306634787806336,no_n2v,SwinUNet,SwinUNet no_n2v
00011,50,0.0,0.25,0.9400726392251816,no_n2v,SwinUNet,SwinUNet no_n2v
00011,50,1.0,0.0,0.9149064574532287,no_n2v,SwinUNet,SwinUNet no_n2v
00011,50,1.0,0.1,0.9301492537313433,no_n2v,SwinUNet,SwinUNet no_n2v
00011,50,1.0,0.25,0.9370125974805039,no_n2v,SwinUNet,SwinUNet no_n2v
00011,50,2.0,0.0,0.9322135572885423,no_n2v,SwinUNet,SwinUNet no_n2v
00011,50,2.0,0.1,0.9389810426540285,no_n2v,SwinUNet,SwinUNet no_n2v
00011,50,2.0,0.25,0.9220103986135182,no_n2v,SwinUNet,SwinUNet no_n2v
00011,200,0.0,0.0,0.9195612431444241,no_n2v,SwinUNet,SwinUNet no_n2v
00011,200,0.0,0.1,0.9323170731707318,no_n2v,SwinUNet,SwinUNet no_n2v
00011,200,0.0,0.25,0.9416413373860182,no_n2v,SwinUNet,SwinUNet no_n2v
00011,200,1.0,0.0,0.9246200607902736,no_n2v,SwinUNet,SwinUNet no_n2v
00011,200,1.0,0.1,0.945995145631068,no_n2v,SwinUNet,SwinUNet no_n2v
00011,200,1.0,0.25,0.9443772672309553,no_n2v,SwinUNet,SwinUNet no_n2v
00011,200,2.0,0.0,0.9375,no_n2v,SwinUNet,SwinUNet no_n2v
00011,200,2.0,0.1,0.9455741626794258,no_n2v,SwinUNet,SwinUNet no_n2v
00011,200,2.0,0.25,0.939773404889684,no_n2v,SwinUNet,SwinUNet no_n2v
00011,1000,0.0,0.0,0.9175320708613317,no_n2v,SwinUNet,SwinUNet no_n2v
00011,1000,0.0,0.1,0.9407090464547677,no_n2v,SwinUNet,SwinUNet no_n2v
00011,1000,0.0,0.25,0.9413919413919414,no_n2v,SwinUNet,SwinUNet no_n2v
00011,1000,1.0,0.0,0.9257455873402313,no_n2v,SwinUNet,SwinUNet no_n2v
00011,1000,1.0,0.1,0.9452887537993921,no_n2v,SwinUNet,SwinUNet no_n2v
00011,1000,1.0,0.25,0.9452554744525548,no_n2v,SwinUNet,SwinUNet no_n2v
00011,1000,2.0,0.0,0.9366706875753921,no_n2v,SwinUNet,SwinUNet no_n2v
00011,1000,2.0,0.1,0.9479041916167664,no_n2v,SwinUNet,SwinUNet no_n2v
00011,1000,2.0,0.25,0.9381320642474718,no_n2v,SwinUNet,SwinUNet no_n2v
00018,20,0.0,0.0,0.9156553398058253,no_n2v,SwinUNet,SwinUNet no_n2v
00018,20,0.0,0.1,0.9196859903381642,no_n2v,SwinUNet,SwinUNet no_n2v
00018,20,0.0,0.25,0.8955847255369929,no_n2v,SwinUNet,SwinUNet no_n2v
00018,20,1.0,0.0,0.8851761846901579,no_n2v,SwinUNet,SwinUNet no_n2v
00018,20,1.0,0.1,0.8954767726161369,no_n2v,SwinUNet,SwinUNet no_n2v
00018,20,1.0,0.25,0.8964891041162227,no_n2v,SwinUNet,SwinUNet no_n2v
00018,20,2.0,0.0,0.9019725044829647,no_n2v,SwinUNet,SwinUNet no_n2v
00018,20,2.0,0.1,0.9085989176187613,no_n2v,SwinUNet,SwinUNet no_n2v
00018,20,2.0,0.25,0.9025549613784908,no_n2v,SwinUNet,SwinUNet no_n2v
00018,50,0.0,0.0,0.9163636363636364,no_n2v,SwinUNet,SwinUNet no_n2v
00018,50,0.0,0.1,0.9097968936678614,no_n2v,SwinUNet,SwinUNet no_n2v
00018,50,0.0,0.25,0.9269461077844311,no_n2v,SwinUNet,SwinUNet no_n2v
00018,50,1.0,0.0,0.8958953004164188,no_n2v,SwinUNet,SwinUNet no_n2v
00018,50,1.0,0.1,0.9049360146252285,no_n2v,SwinUNet,SwinUNet no_n2v
00018,50,1.0,0.25,0.9296452194828623,no_n2v,SwinUNet,SwinUNet no_n2v
00018,50,2.0,0.0,0.889341875364007,no_n2v,SwinUNet,SwinUNet no_n2v
00018,50,2.0,0.1,0.9303156640857654,no_n2v,SwinUNet,SwinUNet no_n2v
00018,50,2.0,0.25,0.9169653524492234,no_n2v,SwinUNet,SwinUNet no_n2v
00018,200,0.0,0.0,0.9101796407185628,no_n2v,SwinUNet,SwinUNet no_n2v
00018,200,0.0,0.1,0.9029585798816568,no_n2v,SwinUNet,SwinUNet no_n2v
00018,200,0.0,0.25,0.9202416918429003,no_n2v,SwinUNet,SwinUNet no_n2v
00018,200,1.0,0.0,0.8945518453427065,no_n2v,SwinUNet,SwinUNet no_n2v
00018,200,1.0,0.1,0.9116055321707757,no_n2v,SwinUNet,SwinUNet no_n2v
00018,200,1.0,0.25,0.9210998206814106,no_n2v,SwinUNet,SwinUNet no_n2v
00018,200,2.0,0.0,0.91005291005291,no_n2v,SwinUNet,SwinUNet no_n2v
00018,200,2.0,0.1,0.9160798122065728,no_n2v,SwinUNet,SwinUNet no_n2v
00018,200,2.0,0.25,0.9181494661921709,no_n2v,SwinUNet,SwinUNet no_n2v
00018,1000,0.0,0.0,0.9002389486260454,no_n2v,SwinUNet,SwinUNet no_n2v
00018,1000,0.0,0.1,0.9083832335329342,no_n2v,SwinUNet,SwinUNet no_n2v
00018,1000,0.0,0.25,0.9150602409638554,no_n2v,SwinUNet,SwinUNet no_n2v
00018,1000,1.0,0.0,0.9040284360189573,no_n2v,SwinUNet,SwinUNet no_n2v
00018,1000,1.0,0.1,0.9087112171837709,no_n2v,SwinUNet,SwinUNet no_n2v
00018,1000,1.0,0.25,0.909688995215311,no_n2v,SwinUNet,SwinUNet no_n2v
00018,1000,2.0,0.0,0.9109026963657679,no_n2v,SwinUNet,SwinUNet no_n2v
00018,1000,2.0,0.1,0.9112808460634547,no_n2v,SwinUNet,SwinUNet no_n2v
00018,1000,2.0,0.25,0.9196217494089834,no_n2v,SwinUNet,SwinUNet no_n2v
00021,20,0.0,0.0,0.8803571428571428,no_n2v,SwinUNet,SwinUNet no_n2v
00021,20,0.0,0.1,0.8780193236714976,no_n2v,SwinUNet,SwinUNet no_n2v
00021,20,0.0,0.25,0.8654545454545455,no_n2v,SwinUNet,SwinUNet no_n2v
00021,20,1.0,0.0,0.8868263473053892,no_n2v,SwinUNet,SwinUNet no_n2v
00021,20,1.0,0.1,0.8741839762611276,no_n2v,SwinUNet,SwinUNet no_n2v
00021,20,1.0,0.25,0.8735632183908046,no_n2v,SwinUNet,SwinUNet no_n2v
00021,20,2.0,0.0,0.8820093457943925,no_n2v,SwinUNet,SwinUNet no_n2v
00021,20,2.0,0.1,0.8868035190615836,no_n2v,SwinUNet,SwinUNet no_n2v
00021,20,2.0,0.25,0.8725431804645623,no_n2v,SwinUNet,SwinUNet no_n2v
00021,50,0.0,0.0,0.8663484486873508,no_n2v,SwinUNet,SwinUNet no_n2v
00021,50,0.0,0.1,0.8795399515738499,no_n2v,SwinUNet,SwinUNet no_n2v
00021,50,0.0,0.25,0.873639661426844,no_n2v,SwinUNet,SwinUNet no_n2v
00021,50,1.0,0.0,0.8731387730792138,no_n2v,SwinUNet,SwinUNet no_n2v
00021,50,1.0,0.1,0.8926858513189448,no_n2v,SwinUNet,SwinUNet no_n2v
00021,50,1.0,0.25,0.8704038577456299,no_n2v,SwinUNet,SwinUNet no_n2v
00021,50,2.0,0.0,0.8916518650088809,no_n2v,SwinUNet,SwinUNet no_n2v
00021,50,2.0,0.1,0.8969982342554443,no_n2v,SwinUNet,SwinUNet no_n2v
00021,50,2.0,0.25,0.8733727810650888,no_n2v,SwinUNet,SwinUNet no_n2v
00021,200,0.0,0.0,0.8708509354254678,no_n2v,SwinUNet,SwinUNet no_n2v
00021,200,0.0,0.1,0.8744719372359686,no_n2v,SwinUNet,SwinUNet no_n2v
00021,200,0.0,0.25,0.8606904906117504,no_n2v,SwinUNet,SwinUNet no_n2v
00021,200,1.0,0.0,0.8768115942028986,no_n2v,SwinUNet,SwinUNet no_n2v
00021,200,1.0,0.1,0.8839976204640095,no_n2v,SwinUNet,SwinUNet no_n2v
00021,200,1.0,0.25,0.874625074985003,no_n2v,SwinUNet,SwinUNet no_n2v
00021,200,2.0,0.0,0.8901492537313432,no_n2v,SwinUNet,SwinUNet no_n2v
00021,200,2.0,0.1,0.8980438648488441,no_n2v,SwinUNet,SwinUNet no_n2v
00021,200,2.0,0.25,0.8904677323860273,no_n2v,SwinUNet,SwinUNet no_n2v
00021,1000,0.0,0.0,0.8738684369342185,no_n2v,SwinUNet,SwinUNet no_n2v
00021,1000,0.0,0.1,0.8773301262778112,no_n2v,SwinUNet,SwinUNet no_n2v
00021,1000,0.0,0.25,0.8663455749548464,no_n2v,SwinUNet,SwinUNet no_n2v
00021,1000,1.0,0.0,0.879372738238842,no_n2v,SwinUNet,SwinUNet no_n2v
00021,1000,1.0,0.1,0.8836930455635491,no_n2v,SwinUNet,SwinUNet no_n2v
00021,1000,1.0,0.25,0.8703481392557023,no_n2v,SwinUNet,SwinUNet no_n2v
00021,1000,2.0,0.0,0.8873659117997617,no_n2v,SwinUNet,SwinUNet no_n2v
00021,1000,2.0,0.1,0.8923076923076924,no_n2v,SwinUNet,SwinUNet no_n2v
00021,1000,2.0,0.25,0.8836515513126492,no_n2v,SwinUNet,SwinUNet no_n2v
00024,20,0.0,0.0,0.8867497168742922,no_n2v,SwinUNet,SwinUNet no_n2v
00024,20,0.0,0.1,0.6695059625212947,no_n2v,SwinUNet,SwinUNet no_n2v
00024,20,0.0,0.25,0.8837342497136311,no_n2v,SwinUNet,SwinUNet no_n2v
00024,20,1.0,0.0,0.8579205225911812,no_n2v,SwinUNet,SwinUNet no_n2v
00024,20,1.0,0.1,0.8738292011019284,no_n2v,SwinUNet,SwinUNet no_n2v
00024,20,1.0,0.25,0.8758465011286681,no_n2v,SwinUNet,SwinUNet no_n2v
00024,20,2.0,0.0,0.8546042003231018,no_n2v,SwinUNet,SwinUNet no_n2v
00024,20,2.0,0.1,0.8374539715938979,no_n2v,SwinUNet,SwinUNet no_n2v
00024,20,2.0,0.25,0.8888888888888888,no_n2v,SwinUNet,SwinUNet no_n2v
00024,50,0.0,0.0,0.8887646730016769,no_n2v,SwinUNet,SwinUNet no_n2v
00024,50,0.0,0.1,0.7209090909090909,no_n2v,SwinUNet,SwinUNet no_n2v
00024,50,0.0,0.25,0.904093567251462,no_n2v,SwinUNet,SwinUNet no_n2v
00024,50,1.0,0.0,0.8869710467706013,no_n2v,SwinUNet,SwinUNet no_n2v
00024,50,1.0,0.1,0.8643516006511123,no_n2v,SwinUNet,SwinUNet no_n2v
00024,50,1.0,0.25,0.9191740412979351,no_n2v,SwinUNet,SwinUNet no_n2v
00024,50,2.0,0.0,0.8711256117455138,no_n2v,SwinUNet,SwinUNet no_n2v
00024,50,2.0,0.1,0.8734873487348734,no_n2v,SwinUNet,SwinUNet no_n2v
00024,50,2.0,0.25,0.8839686098654709,no_n2v,SwinUNet,SwinUNet no_n2v
00024,200,0.0,0.0,0.9032992036405005,no_n2v,SwinUNet,SwinUNet no_n2v
00024,200,0.0,0.1,0.9080924855491329,no_n2v,SwinUNet,SwinUNet no_n2v
00024,200,0.0,0.25,0.9089306698002351,no_n2v,SwinUNet,SwinUNet no_n2v
00024,200,1.0,0.0,0.8929168990518683,no_n2v,SwinUNet,SwinUNet no_n2v
00024,200,1.0,0.1,0.8898826159865847,no_n2v,SwinUNet,SwinUNet no_n2v
00024,200,1.0,0.25,0.9204946996466431,no_n2v,SwinUNet,SwinUNet no_n2v
00024,200,2.0,0.0,0.8626077586206896,no_n2v,SwinUNet,SwinUNet no_n2v
00024,200,2.0,0.1,0.8801331853496115,no_n2v,SwinUNet,SwinUNet no_n2v
00024,200,2.0,0.25,0.8930782217220034,no_n2v,SwinUNet,SwinUNet no_n2v
00024,1000,0.0,0.0,0.8988700564971751,no_n2v,SwinUNet,SwinUNet no_n2v
00024,1000,0.0,0.1,0.9,no_n2v,SwinUNet,SwinUNet no_n2v
00024,1000,0.0,0.25,0.9136094674556213,no_n2v,SwinUNet,SwinUNet no_n2v
00024,1000,1.0,0.0,0.8948545861297539,no_n2v,SwinUNet,SwinUNet no_n2v
00024,1000,1.0,0.1,0.8925154755205402,no_n2v,SwinUNet,SwinUNet no_n2v
00024,1000,1.0,0.25,0.9162241887905604,no_n2v,SwinUNet,SwinUNet no_n2v
00024,1000,2.0,0.0,0.8747958628198149,no_n2v,SwinUNet,SwinUNet no_n2v
00024,1000,2.0,0.1,0.8786541643684501,no_n2v,SwinUNet,SwinUNet no_n2v
00024,1000,2.0,0.25,0.9104563835932987,no_n2v,SwinUNet,SwinUNet no_n2v
00030,20,0.0,0.0,0.9010856453558505,no_n2v,SwinUNet,SwinUNet no_n2v
00030,20,0.0,0.1,0.9221014492753623,no_n2v,SwinUNet,SwinUNet no_n2v
00030,20,0.0,0.25,0.8842620943049602,no_n2v,SwinUNet,SwinUNet no_n2v
00030,20,1.0,0.0,0.9070609535304768,no_n2v,SwinUNet,SwinUNet no_n2v
00030,20,1.0,0.1,0.9004199160167966,no_n2v,SwinUNet,SwinUNet no_n2v
00030,20,1.0,0.25,0.8970767356881851,no_n2v,SwinUNet,SwinUNet no_n2v
00030,20,2.0,0.0,0.9053892215568863,no_n2v,SwinUNet,SwinUNet no_n2v
00030,20,2.0,0.1,0.9237695078031213,no_n2v,SwinUNet,SwinUNet no_n2v
00030,20,2.0,0.25,0.9048473967684022,no_n2v,SwinUNet,SwinUNet no_n2v
00030,50,0.0,0.0,0.8979963570127505,no_n2v,SwinUNet,SwinUNet no_n2v
00030,50,0.0,0.1,0.9180825242718447,no_n2v,SwinUNet,SwinUNet no_n2v
00030,50,0.0,0.25,0.9143377885783718,no_n2v,SwinUNet,SwinUNet no_n2v
00030,50,1.0,0.0,0.8976377952755905,no_n2v,SwinUNet,SwinUNet no_n2v
00030,50,1.0,0.1,0.9095840867992767,no_n2v,SwinUNet,SwinUNet no_n2v
00030,50,1.0,0.25,0.9056372549019608,no_n2v,SwinUNet,SwinUNet no_n2v
00030,50,2.0,0.0,0.9150209455415919,no_n2v,SwinUNet,SwinUNet no_n2v
00030,50,2.0,0.1,0.9123222748815166,no_n2v,SwinUNet,SwinUNet no_n2v
00030,50,2.0,0.25,0.9281400966183575,no_n2v,SwinUNet,SwinUNet no_n2v
00030,200,0.0,0.0,0.8958207147183526,no_n2v,SwinUNet,SwinUNet no_n2v
00030,200,0.0,0.1,0.9069908814589666,no_n2v,SwinUNet,SwinUNet no_n2v
00030,200,0.0,0.25,0.9003667481662592,no_n2v,SwinUNet,SwinUNet no_n2v
00030,200,1.0,0.0,0.9,no_n2v,SwinUNet,SwinUNet no_n2v
00030,200,1.0,0.1,0.9152542372881356,no_n2v,SwinUNet,SwinUNet no_n2v
00030,200,1.0,0.25,0.9085365853658537,no_n2v,SwinUNet,SwinUNet no_n2v
00030,200,2.0,0.0,0.9061566049013747,no_n2v,SwinUNet,SwinUNet no_n2v
00030,200,2.0,0.1,0.920311563810665,no_n2v,SwinUNet,SwinUNet no_n2v
00030,200,2.0,0.25,0.9176187612748046,no_n2v,SwinUNet,SwinUNet no_n2v
00030,1000,0.0,0.0,0.8919247115968427,no_n2v,SwinUNet,SwinUNet no_n2v
00030,1000,0.0,0.1,0.9073735527117611,no_n2v,SwinUNet,SwinUNet no_n2v
00030,1000,0.0,0.25,0.8983466013472137,no_n2v,SwinUNet,SwinUNet no_n2v
00030,1000,1.0,0.0,0.8952784503631961,no_n2v,SwinUNet,SwinUNet no_n2v
00030,1000,1.0,0.1,0.9125151883353585,no_n2v,SwinUNet,SwinUNet no_n2v
00030,1000,1.0,0.25,0.9138141809290954,no_n2v,SwinUNet,SwinUNet no_n2v
00030,1000,2.0,0.0,0.9069627851140456,no_n2v,SwinUNet,SwinUNet no_n2v
00030,1000,2.0,0.1,0.918918918918919,no_n2v,SwinUNet,SwinUNet no_n2v
00030,1000,2.0,0.25,0.9166666666666666,no_n2v,SwinUNet,SwinUNet no_n2v
00033,20,0.0,0.0,0.43540125213431985,no_n2v,SwinUNet,SwinUNet no_n2v
00033,20,0.0,0.1,0.3680922633349351,no_n2v,SwinUNet,SwinUNet no_n2v
00033,20,0.0,0.25,0.5237771739130435,no_n2v,SwinUNet,SwinUNet no_n2v
00033,20,1.0,0.0,0.4158121964382083,no_n2v,SwinUNet,SwinUNet no_n2v
00033,20,1.0,0.1,0.3645758231194424,no_n2v,SwinUNet,SwinUNet no_n2v
00033,20,1.0,0.25,0.200601543088793,no_n2v,SwinUNet,SwinUNet no_n2v
00033,20,2.0,0.0,0.4412517780938834,no_n2v,SwinUNet,SwinUNet no_n2v
00033,20,2.0,0.1,0.39129334345735256,no_n2v,SwinUNet,SwinUNet no_n2v
00033,20,2.0,0.25,0.3308902780771718,no_n2v,SwinUNet,SwinUNet no_n2v
00033,50,0.0,0.0,0.5829819854350325,no_n2v,SwinUNet,SwinUNet no_n2v
00033,50,0.0,0.1,0.5534682080924855,no_n2v,SwinUNet,SwinUNet no_n2v
00033,50,0.0,0.25,0.5675575352635486,no_n2v,SwinUNet,SwinUNet no_n2v
00033,50,1.0,0.0,0.6253567060741949,no_n2v,SwinUNet,SwinUNet no_n2v
00033,50,1.0,0.1,0.5665554319614386,no_n2v,SwinUNet,SwinUNet no_n2v
00033,50,1.0,0.25,0.5083388925950634,no_n2v,SwinUNet,SwinUNet no_n2v
00033,50,2.0,0.0,0.4430051813471503,no_n2v,SwinUNet,SwinUNet no_n2v
00033,50,2.0,0.1,0.5353889278206027,no_n2v,SwinUNet,SwinUNet no_n2v
00033,50,2.0,0.25,0.5461346633416458,no_n2v,SwinUNet,SwinUNet no_n2v
00033,200,0.0,0.0,0.6145295752282652,no_n2v,SwinUNet,SwinUNet no_n2v
00033,200,0.0,0.1,0.6244897959183674,no_n2v,SwinUNet,SwinUNet no_n2v
00033,200,0.0,0.25,0.6192790603483191,no_n2v,SwinUNet,SwinUNet no_n2v
00033,200,1.0,0.0,0.6407484407484407,no_n2v,SwinUNet,SwinUNet no_n2v
00033,200,1.0,0.1,0.6269938650306749,no_n2v,SwinUNet,SwinUNet no_n2v
00033,200,1.0,0.25,0.5986739469578783,no_n2v,SwinUNet,SwinUNet no_n2v
00033,200,2.0,0.0,0.6117461568782026,no_n2v,SwinUNet,SwinUNet no_n2v
00033,200,2.0,0.1,0.5977501939487975,no_n2v,SwinUNet,SwinUNet no_n2v
00033,200,2.0,0.25,0.5766204571000375,no_n2v,SwinUNet,SwinUNet no_n2v
00033,1000,0.0,0.0,0.6485232067510549,no_n2v,SwinUNet,SwinUNet no_n2v
00033,1000,0.0,0.1,0.6465880370682393,no_n2v,SwinUNet,SwinUNet no_n2v
00033,1000,0.0,0.25,0.6389816360601002,no_n2v,SwinUNet,SwinUNet no_n2v
00033,1000,1.0,0.0,0.6462699077954736,no_n2v,SwinUNet,SwinUNet no_n2v
00033,1000,1.0,0.1,0.6418721270371918,no_n2v,SwinUNet,SwinUNet no_n2v
00033,1000,1.0,0.25,0.638218151540383,no_n2v,SwinUNet,SwinUNet no_n2v
00033,1000,2.0,0.0,0.6155378486055777,no_n2v,SwinUNet,SwinUNet no_n2v
00033,1000,2.0,0.1,0.6079747335175681,no_n2v,SwinUNet,SwinUNet no_n2v
00033,1000,2.0,0.25,0.6026698076168041,no_n2v,SwinUNet,SwinUNet no_n2v
00035,20,0.0,0.0,0.8534333525678015,no_n2v,SwinUNet,SwinUNet no_n2v
00035,20,0.0,0.1,0.858343337334934,no_n2v,SwinUNet,SwinUNet no_n2v
00035,20,0.0,0.25,0.8548931383577053,no_n2v,SwinUNet,SwinUNet no_n2v
00035,20,1.0,0.0,0.8725261932479628,no_n2v,SwinUNet,SwinUNet no_n2v
00035,20,1.0,0.1,0.8732897085068412,no_n2v,SwinUNet,SwinUNet no_n2v
00035,20,1.0,0.25,0.8759464181712289,no_n2v,SwinUNet,SwinUNet no_n2v
00035,20,2.0,0.0,0.8497076023391813,no_n2v,SwinUNet,SwinUNet no_n2v
00035,20,2.0,0.1,0.8975409836065574,no_n2v,SwinUNet,SwinUNet no_n2v
00035,20,2.0,0.25,0.8420731707317073,no_n2v,SwinUNet,SwinUNet no_n2v
00035,50,0.0,0.0,0.900758902510216,no_n2v,SwinUNet,SwinUNet no_n2v
00035,50,0.0,0.1,0.8733216579100992,no_n2v,SwinUNet,SwinUNet no_n2v
00035,50,0.0,0.25,0.8936936936936937,no_n2v,SwinUNet,SwinUNet no_n2v
00035,50,1.0,0.0,0.869281045751634,no_n2v,SwinUNet,SwinUNet no_n2v
00035,50,1.0,0.1,0.8738372093023256,no_n2v,SwinUNet,SwinUNet no_n2v
00035,50,1.0,0.25,0.8896591565569035,no_n2v,SwinUNet,SwinUNet no_n2v
00035,50,2.0,0.0,0.9004124926340601,no_n2v,SwinUNet,SwinUNet no_n2v
00035,50,2.0,0.1,0.893542757417103,no_n2v,SwinUNet,SwinUNet no_n2v
00035,50,2.0,0.25,0.8878186968838527,no_n2v,SwinUNet,SwinUNet no_n2v
00035,200,0.0,0.0,0.9064966605950212,no_n2v,SwinUNet,SwinUNet no_n2v
00035,200,0.0,0.1,0.9212266987372218,no_n2v,SwinUNet,SwinUNet no_n2v
00035,200,0.0,0.25,0.9123741859088218,no_n2v,SwinUNet,SwinUNet no_n2v
00035,200,1.0,0.0,0.9214026602176542,no_n2v,SwinUNet,SwinUNet no_n2v
00035,200,1.0,0.1,0.9010137149672034,no_n2v,SwinUNet,SwinUNet no_n2v
00035,200,1.0,0.25,0.913681738109219,no_n2v,SwinUNet,SwinUNet no_n2v
00035,200,2.0,0.0,0.9271641791044776,no_n2v,SwinUNet,SwinUNet no_n2v
00035,200,2.0,0.1,0.9172087522176227,no_n2v,SwinUNet,SwinUNet no_n2v
00035,200,2.0,0.25,0.8949460533787621,no_n2v,SwinUNet,SwinUNet no_n2v
00035,1000,0.0,0.0,0.9112318840579711,no_n2v,SwinUNet,SwinUNet no_n2v
00035,1000,0.0,0.1,0.9302184466019418,no_n2v,SwinUNet,SwinUNet no_n2v
00035,1000,0.0,0.25,0.9332129963898917,no_n2v,SwinUNet,SwinUNet no_n2v
00035,1000,1.0,0.0,0.9224242424242424,no_n2v,SwinUNet,SwinUNet no_n2v
00035,1000,1.0,0.1,0.918625678119349,no_n2v,SwinUNet,SwinUNet no_n2v
00035,1000,1.0,0.25,0.9255952380952381,no_n2v,SwinUNet,SwinUNet no_n2v
00035,1000,2.0,0.0,0.9273809523809524,no_n2v,SwinUNet,SwinUNet no_n2v
00035,1000,2.0,0.1,0.9289127837514934,no_n2v,SwinUNet,SwinUNet no_n2v
00035,1000,2.0,0.25,0.9236641221374046,no_n2v,SwinUNet,SwinUNet no_n2v
00038,20,0.0,0.0,0.8752969121140143,no_n2v,SwinUNet,SwinUNet no_n2v
00038,20,0.0,0.1,0.8901032179720705,no_n2v,SwinUNet,SwinUNet no_n2v
00038,20,0.0,0.25,0.8536585365853658,no_n2v,SwinUNet,SwinUNet no_n2v
00038,20,1.0,0.0,0.8854041013268998,no_n2v,SwinUNet,SwinUNet no_n2v
00038,20,1.0,0.1,0.8920215956808638,no_n2v,SwinUNet,SwinUNet no_n2v
00038,20,1.0,0.25,0.867513611615245,no_n2v,SwinUNet,SwinUNet no_n2v
00038,20,2.0,0.0,0.8835978835978836,no_n2v,SwinUNet,SwinUNet no_n2v
00038,20,2.0,0.1,0.8865121806298277,no_n2v,SwinUNet,SwinUNet no_n2v
00038,20,2.0,0.25,0.890625,no_n2v,SwinUNet,SwinUNet no_n2v
00038,50,0.0,0.0,0.8686440677966102,no_n2v,SwinUNet,SwinUNet no_n2v
00038,50,0.0,0.1,0.8837772397094431,no_n2v,SwinUNet,SwinUNet no_n2v
00038,50,0.0,0.25,0.886654478976234,no_n2v,SwinUNet,SwinUNet no_n2v
00038,50,1.0,0.0,0.8744744744744745,no_n2v,SwinUNet,SwinUNet no_n2v
00038,50,1.0,0.1,0.8860072376357057,no_n2v,SwinUNet,SwinUNet no_n2v
00038,50,1.0,0.25,0.8853850818677986,no_n2v,SwinUNet,SwinUNet no_n2v
00038,50,2.0,0.0,0.8943914081145584,no_n2v,SwinUNet,SwinUNet no_n2v
00038,50,2.0,0.1,0.8927933293627159,no_n2v,SwinUNet,SwinUNet no_n2v
00038,50,2.0,0.25,0.8730445246690735,no_n2v,SwinUNet,SwinUNet no_n2v
00038,200,0.0,0.0,0.8743932038834952,no_n2v,SwinUNet,SwinUNet no_n2v
00038,200,0.0,0.1,0.8800726832222895,no_n2v,SwinUNet,SwinUNet no_n2v
00038,200,0.0,0.25,0.8814589665653495,no_n2v,SwinUNet,SwinUNet no_n2v
00038,200,1.0,0.0,0.8727382388419783,no_n2v,SwinUNet,SwinUNet no_n2v
00038,200,1.0,0.1,0.888145896656535,no_n2v,SwinUNet,SwinUNet no_n2v
00038,200,1.0,0.25,0.8855054811205847,no_n2v,SwinUNet,SwinUNet no_n2v
00038,200,2.0,0.0,0.8878896882494005,no_n2v,SwinUNet,SwinUNet no_n2v
00038,200,2.0,0.1,0.9003601440576231,no_n2v,SwinUNet,SwinUNet no_n2v
00038,200,2.0,0.25,0.8937839468919735,no_n2v,SwinUNet,SwinUNet no_n2v
00038,1000,0.0,0.0,0.873862947240752,no_n2v,SwinUNet,SwinUNet no_n2v
00038,1000,0.0,0.1,0.8788800973828362,no_n2v,SwinUNet,SwinUNet no_n2v
00038,1000,0.0,0.25,0.8691931540342298,no_n2v,SwinUNet,SwinUNet no_n2v
00038,1000,1.0,0.0,0.8793939393939394,no_n2v,SwinUNet,SwinUNet no_n2v
00038,1000,1.0,0.1,0.8845223700120919,no_n2v,SwinUNet,SwinUNet no_n2v
00038,1000,1.0,0.25,0.8769043266301036,no_n2v,SwinUNet,SwinUNet no_n2v
00038,1000,2.0,0.0,0.8879568603954464,no_n2v,SwinUNet,SwinUNet no_n2v
00038,1000,2.0,0.1,0.8953698135898978,no_n2v,SwinUNet,SwinUNet no_n2v
00038,1000,2.0,0.25,0.8855421686746988,no_n2v,SwinUNet,SwinUNet no_n2v
00043,20,0.0,0.0,0.823250920568122,no_n2v,SwinUNet,SwinUNet no_n2v
00043,20,0.0,0.1,0.8426124197002142,no_n2v,SwinUNet,SwinUNet no_n2v
00043,20,0.0,0.25,0.8938944872554832,no_n2v,SwinUNet,SwinUNet no_n2v
00043,20,1.0,0.0,0.8463215258855585,no_n2v,SwinUNet,SwinUNet no_n2v
00043,20,1.0,0.1,0.8621070049641478,no_n2v,SwinUNet,SwinUNet no_n2v
00043,20,1.0,0.25,0.8612099644128114,no_n2v,SwinUNet,SwinUNet no_n2v
00043,20,2.0,0.0,0.8318537859007833,no_n2v,SwinUNet,SwinUNet no_n2v
00043,20,2.0,0.1,0.8752107925801011,no_n2v,SwinUNet,SwinUNet no_n2v
00043,20,2.0,0.25,0.8644646924829157,no_n2v,SwinUNet,SwinUNet no_n2v
00043,50,0.0,0.0,0.8519736842105263,no_n2v,SwinUNet,SwinUNet no_n2v
00043,50,0.0,0.1,0.8619922092376182,no_n2v,SwinUNet,SwinUNet no_n2v
00043,50,0.0,0.25,0.8740740740740741,no_n2v,SwinUNet,SwinUNet no_n2v
00043,50,1.0,0.0,0.8519324986390855,no_n2v,SwinUNet,SwinUNet no_n2v
00043,50,1.0,0.1,0.8596004439511654,no_n2v,SwinUNet,SwinUNet no_n2v
00043,50,1.0,0.25,0.8706015891032917,no_n2v,SwinUNet,SwinUNet no_n2v
00043,50,2.0,0.0,0.8414376321353065,no_n2v,SwinUNet,SwinUNet no_n2v
00043,50,2.0,0.1,0.8633849557522124,no_n2v,SwinUNet,SwinUNet no_n2v
00043,50,2.0,0.25,0.8812217194570136,no_n2v,SwinUNet,SwinUNet no_n2v
00043,200,0.0,0.0,0.8650442477876106,no_n2v,SwinUNet,SwinUNet no_n2v
00043,200,0.0,0.1,0.8889528193325662,no_n2v,SwinUNet,SwinUNet no_n2v
00043,200,0.0,0.25,0.8751458576429405,no_n2v,SwinUNet,SwinUNet no_n2v
00043,200,1.0,0.0,0.8879456706281834,no_n2v,SwinUNet,SwinUNet no_n2v
00043,200,1.0,0.1,0.8827195467422096,no_n2v,SwinUNet,SwinUNet no_n2v
00043,200,1.0,0.25,0.8739448508722566,no_n2v,SwinUNet,SwinUNet no_n2v
00043,200,2.0,0.0,0.8578378378378378,no_n2v,SwinUNet,SwinUNet no_n2v
00043,200,2.0,0.1,0.8786031042128604,no_n2v,SwinUNet,SwinUNet no_n2v
00043,200,2.0,0.25,0.8764172335600907,no_n2v,SwinUNet,SwinUNet no_n2v
00043,1000,0.0,0.0,0.8851428571428571,no_n2v,SwinUNet,SwinUNet no_n2v
00043,1000,0.0,0.1,0.881336405529954,no_n2v,SwinUNet,SwinUNet no_n2v
00043,1000,0.0,0.25,0.8831395348837209,no_n2v,SwinUNet,SwinUNet no_n2v
00043,1000,1.0,0.0,0.8830210107893243,no_n2v,SwinUNet,SwinUNet no_n2v
00043,1000,1.0,0.1,0.8893348623853211,no_n2v,SwinUNet,SwinUNet no_n2v
00043,1000,1.0,0.25,0.8879813302217037,no_n2v,SwinUNet,SwinUNet no_n2v
00043,1000,2.0,0.0,0.8729281767955801,no_n2v,SwinUNet,SwinUNet no_n2v
00043,1000,2.0,0.1,0.8754863813229572,no_n2v,SwinUNet,SwinUNet no_n2v
00043,1000,2.0,0.25,0.8781179138321995,no_n2v,SwinUNet,SwinUNet no_n2v
00044,20,0.0,0.0,0.8439138031450204,no_n2v,SwinUNet,SwinUNet no_n2v
00044,20,0.0,0.1,0.8971631205673759,no_n2v,SwinUNet,SwinUNet no_n2v
00044,20,0.0,0.25,0.8910597986974541,no_n2v,SwinUNet,SwinUNet no_n2v
00044,20,1.0,0.0,0.8636103151862464,no_n2v,SwinUNet,SwinUNet no_n2v
00044,20,1.0,0.1,0.8706697459584296,no_n2v,SwinUNet,SwinUNet no_n2v
00044,20,1.0,0.25,0.8826979472140762,no_n2v,SwinUNet,SwinUNet no_n2v
00044,20,2.0,0.0,0.8887614678899083,no_n2v,SwinUNet,SwinUNet no_n2v
00044,20,2.0,0.1,0.8831858407079646,no_n2v,SwinUNet,SwinUNet no_n2v
00044,20,2.0,0.25,0.9047058823529411,no_n2v,SwinUNet,SwinUNet no_n2v
00044,50,0.0,0.0,0.8685782556750299,no_n2v,SwinUNet,SwinUNet no_n2v
00044,50,0.0,0.1,0.8613095238095239,no_n2v,SwinUNet,SwinUNet no_n2v
00044,50,0.0,0.25,0.8745498199279712,no_n2v,SwinUNet,SwinUNet no_n2v
00044,50,1.0,0.0,0.8812572759022119,no_n2v,SwinUNet,SwinUNet no_n2v
00044,50,1.0,0.1,0.8976936723832052,no_n2v,SwinUNet,SwinUNet no_n2v
00044,50,1.0,0.25,0.8810679611650486,no_n2v,SwinUNet,SwinUNet no_n2v
00044,50,2.0,0.0,0.8858267716535433,no_n2v,SwinUNet,SwinUNet no_n2v
00044,50,2.0,0.1,0.8707246376811594,no_n2v,SwinUNet,SwinUNet no_n2v
00044,50,2.0,0.25,0.9049295774647887,no_n2v,SwinUNet,SwinUNet no_n2v
00044,200,0.0,0.0,0.8974809607498535,no_n2v,SwinUNet,SwinUNet no_n2v
00044,200,0.0,0.1,0.8888235294117647,no_n2v,SwinUNet,SwinUNet no_n2v
00044,200,0.0,0.25,0.875,no_n2v,SwinUNet,SwinUNet no_n2v
00044,200,1.0,0.0,0.9012345679012346,no_n2v,SwinUNet,SwinUNet no_n2v
00044,200,1.0,0.1,0.8841676367869615,no_n2v,SwinUNet,SwinUNet no_n2v
00044,200,1.0,0.25,0.8904677323860273,no_n2v,SwinUNet,SwinUNet no_n2v
00044,200,2.0,0.0,0.8705882352941177,no_n2v,SwinUNet,SwinUNet no_n2v
00044,200,2.0,0.1,0.8949798038084247,no_n2v,SwinUNet,SwinUNet no_n2v
00044,200,2.0,0.25,0.8950724637681159,no_n2v,SwinUNet,SwinUNet no_n2v
00044,1000,0.0,0.0,0.878316032295271,no_n2v,SwinUNet,SwinUNet no_n2v
00044,1000,0.0,0.1,0.8856476079346558,no_n2v,SwinUNet,SwinUNet no_n2v
00044,1000,0.0,0.25,0.8854415274463007,no_n2v,SwinUNet,SwinUNet no_n2v
00044,1000,1.0,0.0,0.882183908045977,no_n2v,SwinUNet,SwinUNet no_n2v
00044,1000,1.0,0.1,0.8815713460427499,no_n2v,SwinUNet,SwinUNet no_n2v
00044,1000,1.0,0.25,0.8908659549228944,no_n2v,SwinUNet,SwinUNet no_n2v
00044,1000,2.0,0.0,0.875140607424072,no_n2v,SwinUNet,SwinUNet no_n2v
00044,1000,2.0,0.1,0.8841985168282943,no_n2v,SwinUNet,SwinUNet no_n2v
00044,1000,2.0,0.25,0.8895953757225433,no_n2v,SwinUNet,SwinUNet no_n2v
00046,20,0.0,0.0,0.8911483253588517,no_n2v,SwinUNet,SwinUNet no_n2v
00046,20,0.0,0.1,0.8898756660746003,no_n2v,SwinUNet,SwinUNet no_n2v
00046,20,0.0,0.25,0.9028194361127775,no_n2v,SwinUNet,SwinUNet no_n2v
00046,20,1.0,0.0,0.8967780429594272,no_n2v,SwinUNet,SwinUNet no_n2v
00046,20,1.0,0.1,0.8788416075650118,no_n2v,SwinUNet,SwinUNet no_n2v
00046,20,1.0,0.25,0.8855633802816901,no_n2v,SwinUNet,SwinUNet no_n2v
00046,20,2.0,0.0,0.8953349282296651,no_n2v,SwinUNet,SwinUNet no_n2v
00046,20,2.0,0.1,0.9016968987712113,no_n2v,SwinUNet,SwinUNet no_n2v
00046,20,2.0,0.25,0.8877964141122036,no_n2v,SwinUNet,SwinUNet no_n2v
00046,50,0.0,0.0,0.8813967489464178,no_n2v,SwinUNet,SwinUNet no_n2v
00046,50,0.0,0.1,0.9032835820895523,no_n2v,SwinUNet,SwinUNet no_n2v
00046,50,0.0,0.25,0.8944543828264758,no_n2v,SwinUNet,SwinUNet no_n2v
00046,50,1.0,0.0,0.8822115384615384,no_n2v,SwinUNet,SwinUNet no_n2v
00046,50,1.0,0.1,0.895933014354067,no_n2v,SwinUNet,SwinUNet no_n2v
00046,50,1.0,0.25,0.8949232585596222,no_n2v,SwinUNet,SwinUNet no_n2v
00046,50,2.0,0.0,0.8908011869436202,no_n2v,SwinUNet,SwinUNet no_n2v
00046,50,2.0,0.1,0.8995354239256679,no_n2v,SwinUNet,SwinUNet no_n2v
00046,50,2.0,0.25,0.8911764705882353,no_n2v,SwinUNet,SwinUNet no_n2v
00046,200,0.0,0.0,0.8804347826086957,no_n2v,SwinUNet,SwinUNet no_n2v
00046,200,0.0,0.1,0.8924924924924925,no_n2v,SwinUNet,SwinUNet no_n2v
00046,200,0.0,0.25,0.8986202759448111,no_n2v,SwinUNet,SwinUNet no_n2v
00046,200,1.0,0.0,0.885078219013237,no_n2v,SwinUNet,SwinUNet no_n2v
00046,200,1.0,0.1,0.8964691801316577,no_n2v,SwinUNet,SwinUNet no_n2v
00046,200,1.0,0.25,0.9050746268656716,no_n2v,SwinUNet,SwinUNet no_n2v
00046,200,2.0,0.0,0.8956727919383521,no_n2v,SwinUNet,SwinUNet no_n2v
00046,200,2.0,0.1,0.903244837758112,no_n2v,SwinUNet,SwinUNet no_n2v
00046,200,2.0,0.25,0.906635349383441,no_n2v,SwinUNet,SwinUNet no_n2v
00046,1000,0.0,0.0,0.880894800483676,no_n2v,SwinUNet,SwinUNet no_n2v
00046,1000,0.0,0.1,0.8947684906794949,no_n2v,SwinUNet,SwinUNet no_n2v
00046,1000,0.0,0.25,0.8967587034813925,no_n2v,SwinUNet,SwinUNet no_n2v
00046,1000,1.0,0.0,0.8816816816816817,no_n2v,SwinUNet,SwinUNet no_n2v
00046,1000,1.0,0.1,0.9033613445378151,no_n2v,SwinUNet,SwinUNet no_n2v
00046,1000,1.0,0.25,0.898092967818832,no_n2v,SwinUNet,SwinUNet no_n2v
00046,1000,2.0,0.0,0.893048128342246,no_n2v,SwinUNet,SwinUNet no_n2v
00046,1000,2.0,0.1,0.9062314540059347,no_n2v,SwinUNet,SwinUNet no_n2v
00046,1000,2.0,0.25,0.908929627439385,no_n2v,SwinUNet,SwinUNet no_n2v
00057,20,0.0,0.0,0.8875669244497323,no_n2v,SwinUNet,SwinUNet no_n2v
00057,20,0.0,0.1,0.9047900650502662,no_n2v,SwinUNet,SwinUNet no_n2v
00057,20,0.0,0.25,0.9106819553409776,no_n2v,SwinUNet,SwinUNet no_n2v
00057,20,1.0,0.0,0.8875074008288928,no_n2v,SwinUNet,SwinUNet no_n2v
00057,20,1.0,0.1,0.9004683840749415,no_n2v,SwinUNet,SwinUNet no_n2v
00057,20,1.0,0.25,0.9268585131894485,no_n2v,SwinUNet,SwinUNet no_n2v
00057,20,2.0,0.0,0.8816397228637414,no_n2v,SwinUNet,SwinUNet no_n2v
00057,20,2.0,0.1,0.8875,no_n2v,SwinUNet,SwinUNet no_n2v
00057,20,2.0,0.25,0.920728126834997,no_n2v,SwinUNet,SwinUNet no_n2v
00057,50,0.0,0.0,0.8944211157768446,no_n2v,SwinUNet,SwinUNet no_n2v
00057,50,0.0,0.1,0.9105011933174224,no_n2v,SwinUNet,SwinUNet no_n2v
00057,50,0.0,0.25,0.9231227651966627,no_n2v,SwinUNet,SwinUNet no_n2v
00057,50,1.0,0.0,0.8877731836975783,no_n2v,SwinUNet,SwinUNet no_n2v
00057,50,1.0,0.1,0.9124260355029585,no_n2v,SwinUNet,SwinUNet no_n2v
00057,50,1.0,0.25,0.9210053859964094,no_n2v,SwinUNet,SwinUNet no_n2v
00057,50,2.0,0.0,0.8952941176470588,no_n2v,SwinUNet,SwinUNet no_n2v
00057,50,2.0,0.1,0.90807962529274,no_n2v,SwinUNet,SwinUNet no_n2v
00057,50,2.0,0.25,0.9245614035087719,no_n2v,SwinUNet,SwinUNet no_n2v
00057,200,0.0,0.0,0.8969442780107849,no_n2v,SwinUNet,SwinUNet no_n2v
00057,200,0.0,0.1,0.9138240574506283,no_n2v,SwinUNet,SwinUNet no_n2v
00057,200,0.0,0.25,0.9210998206814106,no_n2v,SwinUNet,SwinUNet no_n2v
00057,200,1.0,0.0,0.9052189562087583,no_n2v,SwinUNet,SwinUNet no_n2v
00057,200,1.0,0.1,0.9147286821705426,no_n2v,SwinUNet,SwinUNet no_n2v
00057,200,1.0,0.25,0.9273809523809524,no_n2v,SwinUNet,SwinUNet no_n2v
00057,200,2.0,0.0,0.9067846607669616,no_n2v,SwinUNet,SwinUNet no_n2v
00057,200,2.0,0.1,0.9181765049678551,no_n2v,SwinUNet,SwinUNet no_n2v
00057,200,2.0,0.25,0.9187134502923977,no_n2v,SwinUNet,SwinUNet no_n2v
00057,1000,0.0,0.0,0.9018072289156627,no_n2v,SwinUNet,SwinUNet no_n2v
00057,1000,0.0,0.1,0.9171668667466987,no_n2v,SwinUNet,SwinUNet no_n2v
00057,1000,0.0,0.25,0.9253910950661853,no_n2v,SwinUNet,SwinUNet no_n2v
00057,1000,1.0,0.0,0.9044471153846154,no_n2v,SwinUNet,SwinUNet no_n2v
00057,1000,1.0,0.1,0.9181600955794504,no_n2v,SwinUNet,SwinUNet no_n2v
00057,1000,1.0,0.25,0.9223880597014925,no_n2v,SwinUNet,SwinUNet no_n2v
00057,1000,2.0,0.0,0.9043683589138135,no_n2v,SwinUNet,SwinUNet no_n2v
00057,1000,2.0,0.1,0.9159811985898942,no_n2v,SwinUNet,SwinUNet no_n2v
00057,1000,2.0,0.25,0.9215456674473068,no_n2v,SwinUNet,SwinUNet no_n2v
00059,20,0.0,0.0,0.9045287637698899,no_n2v,SwinUNet,SwinUNet no_n2v
00059,20,0.0,0.1,0.9198286413708691,no_n2v,SwinUNet,SwinUNet no_n2v
00059,20,0.0,0.25,0.9019488428745432,no_n2v,SwinUNet,SwinUNet no_n2v
00059,20,1.0,0.0,0.9082066869300912,no_n2v,SwinUNet,SwinUNet no_n2v
00059,20,1.0,0.1,0.9214975845410628,no_n2v,SwinUNet,SwinUNet no_n2v
00059,20,1.0,0.25,0.9030704394942806,no_n2v,SwinUNet,SwinUNet no_n2v
00059,20,2.0,0.0,0.9306634787806336,no_n2v,SwinUNet,SwinUNet no_n2v
00059,20,2.0,0.1,0.9253112033195021,no_n2v,SwinUNet,SwinUNet no_n2v
00059,20,2.0,0.25,0.9070904645476773,no_n2v,SwinUNet,SwinUNet no_n2v
00059,50,0.0,0.0,0.9201219512195122,no_n2v,SwinUNet,SwinUNet no_n2v
00059,50,0.0,0.1,0.9095354523227384,no_n2v,SwinUNet,SwinUNet no_n2v
00059,50,0.0,0.25,0.9139719341061623,no_n2v,SwinUNet,SwinUNet no_n2v
00059,50,1.0,0.0,0.903107861060329,no_n2v,SwinUNet,SwinUNet no_n2v
00059,50,1.0,0.1,0.9378048780487804,no_n2v,SwinUNet,SwinUNet no_n2v
00059,50,1.0,0.25,0.9245283018867925,no_n2v,SwinUNet,SwinUNet no_n2v
00059,50,2.0,0.0,0.9192100538599641,no_n2v,SwinUNet,SwinUNet no_n2v
00059,50,2.0,0.1,0.9350180505415162,no_n2v,SwinUNet,SwinUNet no_n2v
00059,50,2.0,0.25,0.9284855769230769,no_n2v,SwinUNet,SwinUNet no_n2v
00059,200,0.0,0.0,0.9007352941176471,no_n2v,SwinUNet,SwinUNet no_n2v
00059,200,0.0,0.1,0.9203919167176975,no_n2v,SwinUNet,SwinUNet no_n2v
00059,200,0.0,0.25,0.917841814837523,no_n2v,SwinUNet,SwinUNet no_n2v
00059,200,1.0,0.0,0.9066503965832825,no_n2v,SwinUNet,SwinUNet no_n2v
00059,200,1.0,0.1,0.926873857404022,no_n2v,SwinUNet,SwinUNet no_n2v
00059,200,1.0,0.25,0.927217125382263,no_n2v,SwinUNet,SwinUNet no_n2v
00059,200,2.0,0.0,0.9253187613843351,no_n2v,SwinUNet,SwinUNet no_n2v
00059,200,2.0,0.1,0.9336550060313631,no_n2v,SwinUNet,SwinUNet no_n2v
00059,200,2.0,0.25,0.9407496977025392,no_n2v,SwinUNet,SwinUNet no_n2v
00059,1000,0.0,0.0,0.8962782184258694,no_n2v,SwinUNet,SwinUNet no_n2v
00059,1000,0.0,0.1,0.9119804400977995,no_n2v,SwinUNet,SwinUNet no_n2v
00059,1000,0.0,0.25,0.9171779141104295,no_n2v,SwinUNet,SwinUNet no_n2v
00059,1000,1.0,0.0,0.9019488428745432,no_n2v,SwinUNet,SwinUNet no_n2v
00059,1000,1.0,0.1,0.9255643685173887,no_n2v,SwinUNet,SwinUNet no_n2v
00059,1000,1.0,0.25,0.9193646915088577,no_n2v,SwinUNet,SwinUNet no_n2v
00059,1000,2.0,0.0,0.9209414604707302,no_n2v,SwinUNet,SwinUNet no_n2v
00059,1000,2.0,0.1,0.9341787439613527,no_n2v,SwinUNet,SwinUNet no_n2v
00059,1000,2.0,0.25,0.936931473620376,no_n2v,SwinUNet,SwinUNet no_n2v
00062,20,0.0,0.0,0.876357056694813,no_n2v,SwinUNet,SwinUNet no_n2v
00062,20,0.0,0.1,0.8143382352941176,no_n2v,SwinUNet,SwinUNet no_n2v
00062,20,0.0,0.25,0.7932464454976303,no_n2v,SwinUNet,SwinUNet no_n2v
00062,20,1.0,0.0,0.7823421213979154,no_n2v,SwinUNet,SwinUNet no_n2v
00062,20,1.0,0.1,0.8032393521295741,no_n2v,SwinUNet,SwinUNet no_n2v
00062,20,1.0,0.25,0.7115825688073395,no_n2v,SwinUNet,SwinUNet no_n2v
00062,20,2.0,0.0,0.7992722862340813,no_n2v,SwinUNet,SwinUNet no_n2v
00062,20,2.0,0.1,0.8225157955198162,no_n2v,SwinUNet,SwinUNet no_n2v
00062,20,2.0,0.25,0.8130460104834013,no_n2v,SwinUNet,SwinUNet no_n2v
00062,50,0.0,0.0,0.8278787878787879,no_n2v,SwinUNet,SwinUNet no_n2v
00062,50,0.0,0.1,0.7921686746987951,no_n2v,SwinUNet,SwinUNet no_n2v
00062,50,0.0,0.25,0.7599318955732123,no_n2v,SwinUNet,SwinUNet no_n2v
00062,50,1.0,0.0,0.8499399759903962,no_n2v,SwinUNet,SwinUNet no_n2v
00062,50,1.0,0.1,0.8228228228228228,no_n2v,SwinUNet,SwinUNet no_n2v
00062,50,1.0,0.25,0.8108916816277678,no_n2v,SwinUNet,SwinUNet no_n2v
00062,50,2.0,0.0,0.836612999403697,no_n2v,SwinUNet,SwinUNet no_n2v
00062,50,2.0,0.1,0.8379988088147707,no_n2v,SwinUNet,SwinUNet no_n2v
00062,50,2.0,0.25,0.8404872389791184,no_n2v,SwinUNet,SwinUNet no_n2v
00062,200,0.0,0.0,0.8465736810187993,no_n2v,SwinUNet,SwinUNet no_n2v
00062,200,0.0,0.1,0.8671497584541062,no_n2v,SwinUNet,SwinUNet no_n2v
00062,200,0.0,0.25,0.8725961538461539,no_n2v,SwinUNet,SwinUNet no_n2v
00062,200,1.0,0.0,0.8627569528415961,no_n2v,SwinUNet,SwinUNet no_n2v
00062,200,1.0,0.1,0.8731117824773413,no_n2v,SwinUNet,SwinUNet no_n2v
00062,200,1.0,0.25,0.8855780691299165,no_n2v,SwinUNet,SwinUNet no_n2v
00062,200,2.0,0.0,0.8818236352729454,no_n2v,SwinUNet,SwinUNet no_n2v
00062,200,2.0,0.1,0.8995186522262335,no_n2v,SwinUNet,SwinUNet no_n2v
00062,200,2.0,0.25,0.8780200353565115,no_n2v,SwinUNet,SwinUNet no_n2v
00062,1000,0.0,0.0,0.8673899939722725,no_n2v,SwinUNet,SwinUNet no_n2v
00062,1000,0.0,0.1,0.8788612961841308,no_n2v,SwinUNet,SwinUNet no_n2v
00062,1000,0.0,0.25,0.8790226460071514,no_n2v,SwinUNet,SwinUNet no_n2v
00062,1000,1.0,0.0,0.8745476477683957,no_n2v,SwinUNet,SwinUNet no_n2v
00062,1000,1.0,0.1,0.8768028846153846,no_n2v,SwinUNet,SwinUNet no_n2v
00062,1000,1.0,0.25,0.8872315035799523,no_n2v,SwinUNet,SwinUNet no_n2v
00062,1000,2.0,0.0,0.8872987477638641,no_n2v,SwinUNet,SwinUNet no_n2v
00062,1000,2.0,0.1,0.896551724137931,no_n2v,SwinUNet,SwinUNet no_n2v
00062,1000,2.0,0.25,0.8937169700528479,no_n2v,SwinUNet,SwinUNet no_n2v
00074,20,0.0,0.0,0.9194565744784086,no_n2v,SwinUNet,SwinUNet no_n2v
00074,20,0.0,0.1,0.9392318911035489,no_n2v,SwinUNet,SwinUNet no_n2v
00074,20,0.0,0.25,0.9042809042809042,no_n2v,SwinUNet,SwinUNet no_n2v
00074,20,1.0,0.0,0.925459825750242,no_n2v,SwinUNet,SwinUNet no_n2v
00074,20,1.0,0.1,0.9140249759846302,no_n2v,SwinUNet,SwinUNet no_n2v
00074,20,1.0,0.25,0.9055690072639225,no_n2v,SwinUNet,SwinUNet no_n2v
00074,20,2.0,0.0,0.9323164918970448,no_n2v,SwinUNet,SwinUNet no_n2v
00074,20,2.0,0.1,0.927127409496944,no_n2v,SwinUNet,SwinUNet no_n2v
00074,20,2.0,0.25,0.8959700093720713,no_n2v,SwinUNet,SwinUNet no_n2v
00074,50,0.0,0.0,0.9090024330900244,no_n2v,SwinUNet,SwinUNet no_n2v
00074,50,0.0,0.1,0.9170284611673902,no_n2v,SwinUNet,SwinUNet no_n2v
00074,50,0.0,0.25,0.9141221374045801,no_n2v,SwinUNet,SwinUNet no_n2v
00074,50,1.0,0.0,0.9188532555879495,no_n2v,SwinUNet,SwinUNet no_n2v
00074,50,1.0,0.1,0.9195568400770713,no_n2v,SwinUNet,SwinUNet no_n2v
00074,50,1.0,0.25,0.9002409638554217,no_n2v,SwinUNet,SwinUNet no_n2v
00074,50,2.0,0.0,0.9345524542829644,no_n2v,SwinUNet,SwinUNet no_n2v
00074,50,2.0,0.1,0.9281953087601723,no_n2v,SwinUNet,SwinUNet no_n2v
00074,50,2.0,0.25,0.9236677868458953,no_n2v,SwinUNet,SwinUNet no_n2v
00074,200,0.0,0.0,0.9059912323429128,no_n2v,SwinUNet,SwinUNet no_n2v
00074,200,0.0,0.1,0.9245742092457421,no_n2v,SwinUNet,SwinUNet no_n2v
00074,200,0.0,0.25,0.9090029041626331,no_n2v,SwinUNet,SwinUNet no_n2v
00074,200,1.0,0.0,0.9178415167719981,no_n2v,SwinUNet,SwinUNet no_n2v
00074,200,1.0,0.1,0.9221093372036768,no_n2v,SwinUNet,SwinUNet no_n2v
00074,200,1.0,0.25,0.9124579124579124,no_n2v,SwinUNet,SwinUNet no_n2v
00074,200,2.0,0.0,0.9186440677966101,no_n2v,SwinUNet,SwinUNet no_n2v
00074,200,2.0,0.1,0.9386091127098322,no_n2v,SwinUNet,SwinUNet no_n2v
00074,200,2.0,0.25,0.930952380952381,no_n2v,SwinUNet,SwinUNet no_n2v
00074,1000,0.0,0.0,0.9035557720409158,no_n2v,SwinUNet,SwinUNet no_n2v
00074,1000,0.0,0.1,0.9247572815533981,no_n2v,SwinUNet,SwinUNet no_n2v
00074,1000,0.0,0.25,0.9037252056119981,no_n2v,SwinUNet,SwinUNet no_n2v
00074,1000,1.0,0.0,0.9080739299610895,no_n2v,SwinUNet,SwinUNet no_n2v
00074,1000,1.0,0.1,0.9204655674102813,no_n2v,SwinUNet,SwinUNet no_n2v
00074,1000,1.0,0.25,0.9070775156475686,no_n2v,SwinUNet,SwinUNet no_n2v
00074,1000,2.0,0.0,0.9166666666666666,no_n2v,SwinUNet,SwinUNet no_n2v
00074,1000,2.0,0.1,0.9349904397705545,no_n2v,SwinUNet,SwinUNet no_n2v
00074,1000,2.0,0.25,0.9143672692673644,no_n2v,SwinUNet,SwinUNet no_n2v
00077,20,0.0,0.0,0.9310176125244618,no_n2v,SwinUNet,SwinUNet no_n2v
00077,20,0.0,0.1,0.9103682170542635,no_n2v,SwinUNet,SwinUNet no_n2v
00077,20,0.0,0.25,0.8858402743753062,no_n2v,SwinUNet,SwinUNet no_n2v
00077,20,1.0,0.0,0.9250720461095101,no_n2v,SwinUNet,SwinUNet no_n2v
00077,20,1.0,0.1,0.9381343644272595,no_n2v,SwinUNet,SwinUNet no_n2v
00077,20,1.0,0.25,0.9003403014098201,no_n2v,SwinUNet,SwinUNet no_n2v
00077,20,2.0,0.0,0.9204052098408104,no_n2v,SwinUNet,SwinUNet no_n2v
00077,20,2.0,0.1,0.9357142857142857,no_n2v,SwinUNet,SwinUNet no_n2v
00077,20,2.0,0.25,0.9118483412322275,no_n2v,SwinUNet,SwinUNet no_n2v
00077,50,0.0,0.0,0.9198435972629521,no_n2v,SwinUNet,SwinUNet no_n2v
00077,50,0.0,0.1,0.9255996084189917,no_n2v,SwinUNet,SwinUNet no_n2v
00077,50,0.0,0.25,0.9297218155197657,no_n2v,SwinUNet,SwinUNet no_n2v
00077,50,1.0,0.0,0.9231141199226306,no_n2v,SwinUNet,SwinUNet no_n2v
00077,50,1.0,0.1,0.936958614051973,no_n2v,SwinUNet,SwinUNet no_n2v
00077,50,1.0,0.25,0.9367956883880451,no_n2v,SwinUNet,SwinUNet no_n2v
00077,50,2.0,0.0,0.9325626204238922,no_n2v,SwinUNet,SwinUNet no_n2v
00077,50,2.0,0.1,0.937382297551789,no_n2v,SwinUNet,SwinUNet no_n2v
00077,50,2.0,0.25,0.9406084017382906,no_n2v,SwinUNet,SwinUNet no_n2v
00077,200,0.0,0.0,0.927734375,no_n2v,SwinUNet,SwinUNet no_n2v
00077,200,0.0,0.1,0.9301075268817204,no_n2v,SwinUNet,SwinUNet no_n2v
00077,200,0.0,0.25,0.922173274596182,no_n2v,SwinUNet,SwinUNet no_n2v
00077,200,1.0,0.0,0.9268649439297904,no_n2v,SwinUNet,SwinUNet no_n2v
00077,200,1.0,0.1,0.92578125,no_n2v,SwinUNet,SwinUNet no_n2v
00077,200,1.0,0.25,0.9325513196480938,no_n2v,SwinUNet,SwinUNet no_n2v
00077,200,2.0,0.0,0.9397299903567985,no_n2v,SwinUNet,SwinUNet no_n2v
00077,200,2.0,0.1,0.9448176583493282,no_n2v,SwinUNet,SwinUNet no_n2v
00077,200,2.0,0.25,0.9349198640116562,no_n2v,SwinUNet,SwinUNet no_n2v
00077,1000,0.0,0.0,0.9228138739618954,no_n2v,SwinUNet,SwinUNet no_n2v
00077,1000,0.0,0.1,0.9261613691931541,no_n2v,SwinUNet,SwinUNet no_n2v
00077,1000,0.0,0.25,0.924620655898189,no_n2v,SwinUNet,SwinUNet no_n2v
00077,1000,1.0,0.0,0.9264849074975657,no_n2v,SwinUNet,SwinUNet no_n2v
00077,1000,1.0,0.1,0.9327485380116959,no_n2v,SwinUNet,SwinUNet no_n2v
00077,1000,1.0,0.25,0.9289911851126347,no_n2v,SwinUNet,SwinUNet no_n2v
00077,1000,2.0,0.0,0.9327569644572526,no_n2v,SwinUNet,SwinUNet no_n2v
00077,1000,2.0,0.1,0.9442575684766938,no_n2v,SwinUNet,SwinUNet no_n2v
00077,1000,2.0,0.25,0.9404646660212972,no_n2v,SwinUNet,SwinUNet no_n2v
00080,20,0.0,0.0,0.8453703703703703,no_n2v,SwinUNet,SwinUNet no_n2v
00080,20,0.0,0.1,0.8559808612440192,no_n2v,SwinUNet,SwinUNet no_n2v
00080,20,0.0,0.25,0.84684260131951,no_n2v,SwinUNet,SwinUNet no_n2v
00080,20,1.0,0.0,0.8413597733711048,no_n2v,SwinUNet,SwinUNet no_n2v
00080,20,1.0,0.1,0.8818973862536302,no_n2v,SwinUNet,SwinUNet no_n2v
00080,20,1.0,0.25,0.8412476722532588,no_n2v,SwinUNet,SwinUNet no_n2v
00080,20,2.0,0.0,0.8456561922365989,no_n2v,SwinUNet,SwinUNet no_n2v
00080,20,2.0,0.1,0.8702830188679245,no_n2v,SwinUNet,SwinUNet no_n2v
00080,20,2.0,0.25,0.8697696285848613,no_n2v,SwinUNet,SwinUNet no_n2v
00080,50,0.0,0.0,0.8583609663666508,no_n2v,SwinUNet,SwinUNet no_n2v
00080,50,0.0,0.1,0.8713615023474178,no_n2v,SwinUNet,SwinUNet no_n2v
00080,50,0.0,0.25,0.8930968360498562,no_n2v,SwinUNet,SwinUNet no_n2v
00080,50,1.0,0.0,0.8535329901731399,no_n2v,SwinUNet,SwinUNet no_n2v
00080,50,1.0,0.1,0.8825187969924813,no_n2v,SwinUNet,SwinUNet no_n2v
00080,50,1.0,0.25,0.8827717133364974,no_n2v,SwinUNet,SwinUNet no_n2v
00080,50,2.0,0.0,0.8570127504553734,no_n2v,SwinUNet,SwinUNet no_n2v
00080,50,2.0,0.1,0.8604543347241539,no_n2v,SwinUNet,SwinUNet no_n2v
00080,50,2.0,0.25,0.8819990745025451,no_n2v,SwinUNet,SwinUNet no_n2v
00080,200,0.0,0.0,0.916023166023166,no_n2v,SwinUNet,SwinUNet no_n2v
00080,200,0.0,0.1,0.902554399243141,no_n2v,SwinUNet,SwinUNet no_n2v
00080,200,0.0,0.25,0.9243373493975904,no_n2v,SwinUNet,SwinUNet no_n2v
00080,200,1.0,0.0,0.8918291550603529,no_n2v,SwinUNet,SwinUNet no_n2v
00080,200,1.0,0.1,0.8991041961338991,no_n2v,SwinUNet,SwinUNet no_n2v
00080,200,1.0,0.25,0.9029597282872392,no_n2v,SwinUNet,SwinUNet no_n2v
00080,200,2.0,0.0,0.8872282608695652,no_n2v,SwinUNet,SwinUNet no_n2v
00080,200,2.0,0.1,0.890984360625575,no_n2v,SwinUNet,SwinUNet no_n2v
00080,200,2.0,0.25,0.9144359464627151,no_n2v,SwinUNet,SwinUNet no_n2v
00080,1000,0.0,0.0,0.8910286519492719,no_n2v,SwinUNet,SwinUNet no_n2v
00080,1000,0.0,0.1,0.902081362346263,no_n2v,SwinUNet,SwinUNet no_n2v
00080,1000,0.0,0.25,0.9036608863198459,no_n2v,SwinUNet,SwinUNet no_n2v
00080,1000,1.0,0.0,0.897423887587822,no_n2v,SwinUNet,SwinUNet no_n2v
00080,1000,1.0,0.1,0.8940459446788561,no_n2v,SwinUNet,SwinUNet no_n2v
00080,1000,1.0,0.25,0.9043519846963175,no_n2v,SwinUNet,SwinUNet no_n2v
00080,1000,2.0,0.0,0.8903049613108784,no_n2v,SwinUNet,SwinUNet no_n2v
00080,1000,2.0,0.1,0.9040074557315937,no_n2v,SwinUNet,SwinUNet no_n2v
00080,1000,2.0,0.25,0.9108490566037736,no_n2v,SwinUNet,SwinUNet no_n2v
00081,20,0.0,0.0,0.889744824265768,no_n2v,SwinUNet,SwinUNet no_n2v
00081,20,0.0,0.1,0.8845410628019323,no_n2v,SwinUNet,SwinUNet no_n2v
00081,20,0.0,0.25,0.8938656280428432,no_n2v,SwinUNet,SwinUNet no_n2v
00081,20,1.0,0.0,0.8828351012536162,no_n2v,SwinUNet,SwinUNet no_n2v
00081,20,1.0,0.1,0.8972007722007722,no_n2v,SwinUNet,SwinUNet no_n2v
00081,20,1.0,0.25,0.8396543446951512,no_n2v,SwinUNet,SwinUNet no_n2v
00081,20,2.0,0.0,0.889947594092425,no_n2v,SwinUNet,SwinUNet no_n2v
00081,20,2.0,0.1,0.9167468719923003,no_n2v,SwinUNet,SwinUNet no_n2v
00081,20,2.0,0.25,0.8722404884922499,no_n2v,SwinUNet,SwinUNet no_n2v
00081,50,0.0,0.0,0.9033653846153846,no_n2v,SwinUNet,SwinUNet no_n2v
00081,50,0.0,0.1,0.8862536302032914,no_n2v,SwinUNet,SwinUNet no_n2v
00081,50,0.0,0.25,0.8972142170989433,no_n2v,SwinUNet,SwinUNet no_n2v
00081,50,1.0,0.0,0.9015766841853798,no_n2v,SwinUNet,SwinUNet no_n2v
00081,50,1.0,0.1,0.8972370334464372,no_n2v,SwinUNet,SwinUNet no_n2v
00081,50,1.0,0.25,0.8826108134437408,no_n2v,SwinUNet,SwinUNet no_n2v
00081,50,2.0,0.0,0.9024975984630164,no_n2v,SwinUNet,SwinUNet no_n2v
00081,50,2.0,0.1,0.9150671785028791,no_n2v,SwinUNet,SwinUNet no_n2v
00081,50,2.0,0.25,0.896633475580844,no_n2v,SwinUNet,SwinUNet no_n2v
00081,200,0.0,0.0,0.920873786407767,no_n2v,SwinUNet,SwinUNet no_n2v
00081,200,0.0,0.1,0.9246841593780369,no_n2v,SwinUNet,SwinUNet no_n2v
00081,200,0.0,0.25,0.9072718399219132,no_n2v,SwinUNet,SwinUNet no_n2v
00081,200,1.0,0.0,0.9225216554379211,no_n2v,SwinUNet,SwinUNet no_n2v
00081,200,1.0,0.1,0.9212445308701993,no_n2v,SwinUNet,SwinUNet no_n2v
00081,200,1.0,0.25,0.9052682455292412,no_n2v,SwinUNet,SwinUNet no_n2v
00081,200,2.0,0.0,0.9276126558005753,no_n2v,SwinUNet,SwinUNet no_n2v
00081,200,2.0,0.1,0.9244102070293693,no_n2v,SwinUNet,SwinUNet no_n2v
00081,200,2.0,0.25,0.9130019120458891,no_n2v,SwinUNet,SwinUNet no_n2v
00081,1000,0.0,0.0,0.9180009704027171,no_n2v,SwinUNet,SwinUNet no_n2v
00081,1000,0.0,0.1,0.9046228710462287,no_n2v,SwinUNet,SwinUNet no_n2v
00081,1000,0.0,0.25,0.8997566909975669,no_n2v,SwinUNet,SwinUNet no_n2v
00081,1000,1.0,0.0,0.9219583131362094,no_n2v,SwinUNet,SwinUNet no_n2v
00081,1000,1.0,0.1,0.9263208919049928,no_n2v,SwinUNet,SwinUNet no_n2v
00081,1000,1.0,0.25,0.906886517943744,no_n2v,SwinUNet,SwinUNet no_n2v
00081,1000,2.0,0.0,0.9237368922783603,no_n2v,SwinUNet,SwinUNet no_n2v
00081,1000,2.0,0.1,0.928468554968795,no_n2v,SwinUNet,SwinUNet no_n2v
00081,1000,2.0,0.25,0.916030534351145,no_n2v,SwinUNet,SwinUNet no_n2v
00001,20,0.0,0.0,0.8371531966224367,with_n2v,AtomSegNet,AtomSegNet with_n2v
00001,20,0.0,0.1,0.8687281213535589,with_n2v,AtomSegNet,AtomSegNet with_n2v
00001,20,0.0,0.25,0.8814463544754001,with_n2v,AtomSegNet,AtomSegNet with_n2v
00001,20,1.0,0.0,0.8632530120481928,with_n2v,AtomSegNet,AtomSegNet with_n2v
00001,20,1.0,0.1,0.8833238474672738,with_n2v,AtomSegNet,AtomSegNet with_n2v
00001,20,1.0,0.25,0.8987119437939111,with_n2v,AtomSegNet,AtomSegNet with_n2v
00001,20,2.0,0.0,0.8619668246445498,with_n2v,AtomSegNet,AtomSegNet with_n2v
00001,20,2.0,0.1,0.8770856507230256,with_n2v,AtomSegNet,AtomSegNet with_n2v
00001,20,2.0,0.25,0.881781838949172,with_n2v,AtomSegNet,AtomSegNet with_n2v
00001,50,0.0,0.0,0.8329312424607962,with_n2v,AtomSegNet,AtomSegNet with_n2v
00001,50,0.0,0.1,0.8801628853984875,with_n2v,AtomSegNet,AtomSegNet with_n2v
00001,50,0.0,0.25,0.8855457227138643,with_n2v,AtomSegNet,AtomSegNet with_n2v
00001,50,1.0,0.0,0.837378640776699,with_n2v,AtomSegNet,AtomSegNet with_n2v
00001,50,1.0,0.1,0.8728423475258918,with_n2v,AtomSegNet,AtomSegNet with_n2v
00001,50,1.0,0.25,0.8836385115180153,with_n2v,AtomSegNet,AtomSegNet with_n2v
00001,50,2.0,0.0,0.8461998803111909,with_n2v,AtomSegNet,AtomSegNet with_n2v
00001,50,2.0,0.1,0.8816837315130831,with_n2v,AtomSegNet,AtomSegNet with_n2v
00001,50,2.0,0.25,0.8838973162193698,with_n2v,AtomSegNet,AtomSegNet with_n2v
00001,200,0.0,0.0,0.8353365384615384,with_n2v,AtomSegNet,AtomSegNet with_n2v
00001,200,0.0,0.1,0.8744915746658919,with_n2v,AtomSegNet,AtomSegNet with_n2v
00001,200,0.0,0.25,0.8818991097922849,with_n2v,AtomSegNet,AtomSegNet with_n2v
00001,200,1.0,0.0,0.8414414414414414,with_n2v,AtomSegNet,AtomSegNet with_n2v
00001,200,1.0,0.1,0.8730525100980958,with_n2v,AtomSegNet,AtomSegNet with_n2v
00001,200,1.0,0.25,0.8794826572604351,with_n2v,AtomSegNet,AtomSegNet with_n2v
00001,200,2.0,0.0,0.8578227245687091,with_n2v,AtomSegNet,AtomSegNet with_n2v
00001,200,2.0,0.1,0.8690744920993227,with_n2v,AtomSegNet,AtomSegNet with_n2v
00001,200,2.0,0.25,0.8802083333333334,with_n2v,AtomSegNet,AtomSegNet with_n2v
00001,1000,0.0,0.0,0.8363417569193743,with_n2v,AtomSegNet,AtomSegNet with_n2v
00001,1000,0.0,0.1,0.8699708454810495,with_n2v,AtomSegNet,AtomSegNet with_n2v
00001,1000,0.0,0.25,0.8703812316715542,with_n2v,AtomSegNet,AtomSegNet with_n2v
00001,1000,1.0,0.0,0.842042042042042,with_n2v,AtomSegNet,AtomSegNet with_n2v
00001,1000,1.0,0.1,0.8723157283807312,with_n2v,AtomSegNet,AtomSegNet with_n2v
00001,1000,1.0,0.25,0.8710433763188745,with_n2v,AtomSegNet,AtomSegNet with_n2v
00001,1000,2.0,0.0,0.857397504456328,with_n2v,AtomSegNet,AtomSegNet with_n2v
00001,1000,2.0,0.1,0.873151308304892,with_n2v,AtomSegNet,AtomSegNet with_n2v
00001,1000,2.0,0.25,0.8760806916426513,with_n2v,AtomSegNet,AtomSegNet with_n2v
00004,20,0.0,0.0,0.8460133901399878,with_n2v,AtomSegNet,AtomSegNet with_n2v
00004,20,0.0,0.1,0.8873403019744484,with_n2v,AtomSegNet,AtomSegNet with_n2v
00004,20,0.0,0.25,0.904561824729892,with_n2v,AtomSegNet,AtomSegNet with_n2v
00004,20,1.0,0.0,0.8587878787878788,with_n2v,AtomSegNet,AtomSegNet with_n2v
00004,20,1.0,0.1,0.9065804935370153,with_n2v,AtomSegNet,AtomSegNet with_n2v
00004,20,1.0,0.25,0.9095808383233533,with_n2v,AtomSegNet,AtomSegNet with_n2v
00004,20,2.0,0.0,0.8695129284425737,with_n2v,AtomSegNet,AtomSegNet with_n2v
00004,20,2.0,0.1,0.8692774407060121,with_n2v,AtomSegNet,AtomSegNet with_n2v
00004,20,2.0,0.25,0.9018551765409935,with_n2v,AtomSegNet,AtomSegNet with_n2v
00004,50,0.0,0.0,0.851244687310261,with_n2v,AtomSegNet,AtomSegNet with_n2v
00004,50,0.0,0.1,0.9011764705882352,with_n2v,AtomSegNet,AtomSegNet with_n2v
00004,50,0.0,0.25,0.8949909474954737,with_n2v,AtomSegNet,AtomSegNet with_n2v
00004,50,1.0,0.0,0.8574029126213593,with_n2v,AtomSegNet,AtomSegNet with_n2v
00004,50,1.0,0.1,0.896551724137931,with_n2v,AtomSegNet,AtomSegNet with_n2v
00004,50,1.0,0.25,0.8920047732696897,with_n2v,AtomSegNet,AtomSegNet with_n2v
00004,50,2.0,0.0,0.866787221217601,with_n2v,AtomSegNet,AtomSegNet with_n2v
00004,50,2.0,0.1,0.8872521246458923,with_n2v,AtomSegNet,AtomSegNet with_n2v
00004,50,2.0,0.25,0.9042553191489362,with_n2v,AtomSegNet,AtomSegNet with_n2v
00004,200,0.0,0.0,0.8484299516908212,with_n2v,AtomSegNet,AtomSegNet with_n2v
00004,200,0.0,0.1,0.9024822695035462,with_n2v,AtomSegNet,AtomSegNet with_n2v
00004,200,0.0,0.25,0.8717183770883055,with_n2v,AtomSegNet,AtomSegNet with_n2v
00004,200,1.0,0.0,0.8441087613293051,with_n2v,AtomSegNet,AtomSegNet with_n2v
00004,200,1.0,0.1,0.9070455891059799,with_n2v,AtomSegNet,AtomSegNet with_n2v
00004,200,1.0,0.25,0.8815165876777251,with_n2v,AtomSegNet,AtomSegNet with_n2v
00004,200,2.0,0.0,0.8607292289300658,with_n2v,AtomSegNet,AtomSegNet with_n2v
00004,200,2.0,0.1,0.9077726218097448,with_n2v,AtomSegNet,AtomSegNet with_n2v
00004,200,2.0,0.25,0.8853427895981087,with_n2v,AtomSegNet,AtomSegNet with_n2v
00004,1000,0.0,0.0,0.8473652331920049,with_n2v,AtomSegNet,AtomSegNet with_n2v
00004,1000,0.0,0.1,0.901131625967838,with_n2v,AtomSegNet,AtomSegNet with_n2v
00004,1000,0.0,0.25,0.8792385484830458,with_n2v,AtomSegNet,AtomSegNet with_n2v
00004,1000,1.0,0.0,0.8577481840193705,with_n2v,AtomSegNet,AtomSegNet with_n2v
00004,1000,1.0,0.1,0.9062314540059347,with_n2v,AtomSegNet,AtomSegNet with_n2v
00004,1000,1.0,0.25,0.8787158145065398,with_n2v,AtomSegNet,AtomSegNet with_n2v
00004,1000,2.0,0.0,0.8676207513416816,with_n2v,AtomSegNet,AtomSegNet with_n2v
00004,1000,2.0,0.1,0.907656341320865,with_n2v,AtomSegNet,AtomSegNet with_n2v
00004,1000,2.0,0.25,0.8868698710433763,with_n2v,AtomSegNet,AtomSegNet with_n2v
00011,20,0.0,0.0,0.8613138686131386,with_n2v,AtomSegNet,AtomSegNet with_n2v
00011,20,0.0,0.1,0.909358446144791,with_n2v,AtomSegNet,AtomSegNet with_n2v
00011,20,0.0,0.25,0.9229390681003584,with_n2v,AtomSegNet,AtomSegNet with_n2v
00011,20,1.0,0.0,0.8596597812879708,with_n2v,AtomSegNet,AtomSegNet with_n2v
00011,20,1.0,0.1,0.9090909090909091,with_n2v,AtomSegNet,AtomSegNet with_n2v
00011,20,1.0,0.25,0.9191797346200241,with_n2v,AtomSegNet,AtomSegNet with_n2v
00011,20,2.0,0.0,0.8754556500607533,with_n2v,AtomSegNet,AtomSegNet with_n2v
00011,20,2.0,0.1,0.9136732329084588,with_n2v,AtomSegNet,AtomSegNet with_n2v
00011,20,2.0,0.25,0.9107040641099027,with_n2v,AtomSegNet,AtomSegNet with_n2v
00011,50,0.0,0.0,0.8605359317904994,with_n2v,AtomSegNet,AtomSegNet with_n2v
00011,50,0.0,0.1,0.913681738109219,with_n2v,AtomSegNet,AtomSegNet with_n2v
00011,50,0.0,0.25,0.9038461538461539,with_n2v,AtomSegNet,AtomSegNet with_n2v
00011,50,1.0,0.0,0.860280658938377,with_n2v,AtomSegNet,AtomSegNet with_n2v
00011,50,1.0,0.1,0.9137323943661971,with_n2v,AtomSegNet,AtomSegNet with_n2v
00011,50,1.0,0.25,0.9108970499698976,with_n2v,AtomSegNet,AtomSegNet with_n2v
00011,50,2.0,0.0,0.8787878787878788,with_n2v,AtomSegNet,AtomSegNet with_n2v
00011,50,2.0,0.1,0.9105597230236584,with_n2v,AtomSegNet,AtomSegNet with_n2v
00011,50,2.0,0.25,0.9224393132030787,with_n2v,AtomSegNet,AtomSegNet with_n2v
00011,200,0.0,0.0,0.8567073170731707,with_n2v,AtomSegNet,AtomSegNet with_n2v
00011,200,0.0,0.1,0.9082787373436569,with_n2v,AtomSegNet,AtomSegNet with_n2v
00011,200,0.0,0.25,0.891973445986723,with_n2v,AtomSegNet,AtomSegNet with_n2v
00011,200,1.0,0.0,0.8675577156743621,with_n2v,AtomSegNet,AtomSegNet with_n2v
00011,200,1.0,0.1,0.9075829383886256,with_n2v,AtomSegNet,AtomSegNet with_n2v
00011,200,1.0,0.25,0.8939484721390054,with_n2v,AtomSegNet,AtomSegNet with_n2v
00011,200,2.0,0.0,0.8810386473429952,with_n2v,AtomSegNet,AtomSegNet with_n2v
00011,200,2.0,0.1,0.9111630625365283,with_n2v,AtomSegNet,AtomSegNet with_n2v
00011,200,2.0,0.25,0.9032640949554896,with_n2v,AtomSegNet,AtomSegNet with_n2v
00011,1000,0.0,0.0,0.8536585365853658,with_n2v,AtomSegNet,AtomSegNet with_n2v
00011,1000,0.0,0.1,0.9041342121030557,with_n2v,AtomSegNet,AtomSegNet with_n2v
00011,1000,0.0,0.25,0.8910179640718563,with_n2v,AtomSegNet,AtomSegNet with_n2v
00011,1000,1.0,0.0,0.8606208155812538,with_n2v,AtomSegNet,AtomSegNet with_n2v
00011,1000,1.0,0.1,0.9105011933174224,with_n2v,AtomSegNet,AtomSegNet with_n2v
00011,1000,1.0,0.25,0.8902147971360382,with_n2v,AtomSegNet,AtomSegNet with_n2v
00011,1000,2.0,0.0,0.8786231884057971,with_n2v,AtomSegNet,AtomSegNet with_n2v
00011,1000,2.0,0.1,0.9094650205761317,with_n2v,AtomSegNet,AtomSegNet with_n2v
00011,1000,2.0,0.25,0.8973004694835681,with_n2v,AtomSegNet,AtomSegNet with_n2v
00018,20,0.0,0.0,0.9059880239520958,with_n2v,AtomSegNet,AtomSegNet with_n2v
00018,20,0.0,0.1,0.8840315725561627,with_n2v,AtomSegNet,AtomSegNet with_n2v
00018,20,0.0,0.25,0.8722388059701492,with_n2v,AtomSegNet,AtomSegNet with_n2v
00018,20,1.0,0.0,0.8731298623578695,with_n2v,AtomSegNet,AtomSegNet with_n2v
00018,20,1.0,0.1,0.8567961165048543,with_n2v,AtomSegNet,AtomSegNet with_n2v
00018,20,1.0,0.25,0.8896260554885405,with_n2v,AtomSegNet,AtomSegNet with_n2v
00018,20,2.0,0.0,0.9074626865671642,with_n2v,AtomSegNet,AtomSegNet with_n2v
00018,20,2.0,0.1,0.8915518274415818,with_n2v,AtomSegNet,AtomSegNet with_n2v
00018,20,2.0,0.25,0.902291917973462,with_n2v,AtomSegNet,AtomSegNet with_n2v
00018,50,0.0,0.0,0.8694325808419768,with_n2v,AtomSegNet,AtomSegNet with_n2v
00018,50,0.0,0.1,0.8750765462339253,with_n2v,AtomSegNet,AtomSegNet with_n2v
00018,50,0.0,0.25,0.8835657974530018,with_n2v,AtomSegNet,AtomSegNet with_n2v
00018,50,1.0,0.0,0.8508088675853804,with_n2v,AtomSegNet,AtomSegNet with_n2v
00018,50,1.0,0.1,0.8613496932515338,with_n2v,AtomSegNet,AtomSegNet with_n2v
00018,50,1.0,0.25,0.9024539877300614,with_n2v,AtomSegNet,AtomSegNet with_n2v
00018,50,2.0,0.0,0.8520710059171598,with_n2v,AtomSegNet,AtomSegNet with_n2v
00018,50,2.0,0.1,0.8950242718446602,with_n2v,AtomSegNet,AtomSegNet with_n2v
00018,50,2.0,0.25,0.876357056694813,with_n2v,AtomSegNet,AtomSegNet with_n2v
00018,200,0.0,0.0,0.8731026108075288,with_n2v,AtomSegNet,AtomSegNet with_n2v
00018,200,0.0,0.1,0.8591378263509412,with_n2v,AtomSegNet,AtomSegNet with_n2v
00018,200,0.0,0.25,0.8784764207980653,with_n2v,AtomSegNet,AtomSegNet with_n2v
00018,200,1.0,0.0,0.8701142513529766,with_n2v,AtomSegNet,AtomSegNet with_n2v
00018,200,1.0,0.1,0.8543570993296771,with_n2v,AtomSegNet,AtomSegNet with_n2v
00018,200,1.0,0.25,0.8812121212121212,with_n2v,AtomSegNet,AtomSegNet with_n2v
00018,200,2.0,0.0,0.876207729468599,with_n2v,AtomSegNet,AtomSegNet with_n2v
00018,200,2.0,0.1,0.8732649366324683,with_n2v,AtomSegNet,AtomSegNet with_n2v
00018,200,2.0,0.25,0.8822822822822823,with_n2v,AtomSegNet,AtomSegNet with_n2v
00018,1000,0.0,0.0,0.8714198659354052,with_n2v,AtomSegNet,AtomSegNet with_n2v
00018,1000,0.0,0.1,0.8635809987819733,with_n2v,AtomSegNet,AtomSegNet with_n2v
00018,1000,0.0,0.25,0.8716094032549728,with_n2v,AtomSegNet,AtomSegNet with_n2v
00018,1000,1.0,0.0,0.8759878419452888,with_n2v,AtomSegNet,AtomSegNet with_n2v
00018,1000,1.0,0.1,0.8658980582524272,with_n2v,AtomSegNet,AtomSegNet with_n2v
00018,1000,1.0,0.25,0.8717026378896883,with_n2v,AtomSegNet,AtomSegNet with_n2v
00018,1000,2.0,0.0,0.8875453446191052,with_n2v,AtomSegNet,AtomSegNet with_n2v
00018,1000,2.0,0.1,0.8715319662243667,with_n2v,AtomSegNet,AtomSegNet with_n2v
00018,1000,2.0,0.25,0.8811940298507462,with_n2v,AtomSegNet,AtomSegNet with_n2v
00021,20,0.0,0.0,0.8485214242607121,with_n2v,AtomSegNet,AtomSegNet with_n2v
00021,20,0.0,0.1,0.8836937463471654,with_n2v,AtomSegNet,AtomSegNet with_n2v
00021,20,0.0,0.25,0.8820782253356684,with_n2v,AtomSegNet,AtomSegNet with_n2v
00021,20,1.0,0.0,0.8493647912885662,with_n2v,AtomSegNet,AtomSegNet with_n2v
00021,20,1.0,0.1,0.8636619718309859,with_n2v,AtomSegNet,AtomSegNet with_n2v
00021,20,1.0,0.25,0.8742824339839265,with_n2v,AtomSegNet,AtomSegNet with_n2v
00021,20,2.0,0.0,0.8550207961972668,with_n2v,AtomSegNet,AtomSegNet with_n2v
00021,20,2.0,0.1,0.8752796420581656,with_n2v,AtomSegNet,AtomSegNet with_n2v
00021,20,2.0,0.25,0.8681635002878526,with_n2v,AtomSegNet,AtomSegNet with_n2v
00021,50,0.0,0.0,0.8351318944844125,with_n2v,AtomSegNet,AtomSegNet with_n2v
00021,50,0.0,0.1,0.8802570093457944,with_n2v,AtomSegNet,AtomSegNet with_n2v
00021,50,0.0,0.25,0.8728763913298184,with_n2v,AtomSegNet,AtomSegNet with_n2v
00021,50,1.0,0.0,0.8369175627240143,with_n2v,AtomSegNet,AtomSegNet with_n2v
00021,50,1.0,0.1,0.8785960874568469,with_n2v,AtomSegNet,AtomSegNet with_n2v
00021,50,1.0,0.25,0.8771929824561403,with_n2v,AtomSegNet,AtomSegNet with_n2v
00021,50,2.0,0.0,0.8536585365853658,with_n2v,AtomSegNet,AtomSegNet with_n2v
00021,50,2.0,0.1,0.8793006204173717,with_n2v,AtomSegNet,AtomSegNet with_n2v
00021,50,2.0,0.25,0.8773041474654378,with_n2v,AtomSegNet,AtomSegNet with_n2v
00021,200,0.0,0.0,0.827027027027027,with_n2v,AtomSegNet,AtomSegNet with_n2v
00021,200,0.0,0.1,0.8766006984866124,with_n2v,AtomSegNet,AtomSegNet with_n2v
00021,200,0.0,0.25,0.8652148322542672,with_n2v,AtomSegNet,AtomSegNet with_n2v
00021,200,1.0,0.0,0.8364289994008388,with_n2v,AtomSegNet,AtomSegNet with_n2v
00021,200,1.0,0.1,0.8730614589316484,with_n2v,AtomSegNet,AtomSegNet with_n2v
00021,200,1.0,0.25,0.8670150987224158,with_n2v,AtomSegNet,AtomSegNet with_n2v
00021,200,2.0,0.0,0.8568033273915627,with_n2v,AtomSegNet,AtomSegNet with_n2v
00021,200,2.0,0.1,0.8799089356858281,with_n2v,AtomSegNet,AtomSegNet with_n2v
00021,200,2.0,0.25,0.8745743473325767,with_n2v,AtomSegNet,AtomSegNet with_n2v
00021,1000,0.0,0.0,0.8324291742013261,with_n2v,AtomSegNet,AtomSegNet with_n2v
00021,1000,0.0,0.1,0.8744158878504673,with_n2v,AtomSegNet,AtomSegNet with_n2v
00021,1000,0.0,0.25,0.8661233993015134,with_n2v,AtomSegNet,AtomSegNet with_n2v
00021,1000,1.0,0.0,0.8340323547034152,with_n2v,AtomSegNet,AtomSegNet with_n2v
00021,1000,1.0,0.1,0.8752900232018561,with_n2v,AtomSegNet,AtomSegNet with_n2v
00021,1000,1.0,0.25,0.8660869565217392,with_n2v,AtomSegNet,AtomSegNet with_n2v
00021,1000,2.0,0.0,0.8519619500594531,with_n2v,AtomSegNet,AtomSegNet with_n2v
00021,1000,2.0,0.1,0.877283105022831,with_n2v,AtomSegNet,AtomSegNet with_n2v
00021,1000,2.0,0.25,0.8663224325874929,with_n2v,AtomSegNet,AtomSegNet with_n2v
00024,20,0.0,0.0,0.8918590522478737,with_n2v,AtomSegNet,AtomSegNet with_n2v
00024,20,0.0,0.1,0.8909526662672259,with_n2v,AtomSegNet,AtomSegNet with_n2v
00024,20,0.0,0.25,0.8520971302428256,with_n2v,AtomSegNet,AtomSegNet with_n2v
00024,20,1.0,0.0,0.9181216134858519,with_n2v,AtomSegNet,AtomSegNet with_n2v
00024,20,1.0,0.1,0.9264793783622236,with_n2v,AtomSegNet,AtomSegNet with_n2v
00024,20,1.0,0.25,0.9076023391812865,with_n2v,AtomSegNet,AtomSegNet with_n2v
00024,20,2.0,0.0,0.9178571428571428,with_n2v,AtomSegNet,AtomSegNet with_n2v
00024,20,2.0,0.1,0.9284009546539379,with_n2v,AtomSegNet,AtomSegNet with_n2v
00024,20,2.0,0.25,0.8763532763532763,with_n2v,AtomSegNet,AtomSegNet with_n2v
00024,50,0.0,0.0,0.9008567931456548,with_n2v,AtomSegNet,AtomSegNet with_n2v
00024,50,0.0,0.1,0.8512110726643599,with_n2v,AtomSegNet,AtomSegNet with_n2v
00024,50,0.0,0.25,0.8906344410876132,with_n2v,AtomSegNet,AtomSegNet with_n2v
00024,50,1.0,0.0,0.9038929440389294,with_n2v,AtomSegNet,AtomSegNet with_n2v
00024,50,1.0,0.1,0.9026392961876832,with_n2v,AtomSegNet,AtomSegNet with_n2v
00024,50,1.0,0.25,0.8825581395348837,with_n2v,AtomSegNet,AtomSegNet with_n2v
00024,50,2.0,0.0,0.9222357229647631,with_n2v,AtomSegNet,AtomSegNet with_n2v
00024,50,2.0,0.1,0.8953216374269006,with_n2v,AtomSegNet,AtomSegNet with_n2v
00024,50,2.0,0.25,0.8820782253356684,with_n2v,AtomSegNet,AtomSegNet with_n2v
00024,200,0.0,0.0,0.899878640776699,with_n2v,AtomSegNet,AtomSegNet with_n2v
00024,200,0.0,0.1,0.8959952181709504,with_n2v,AtomSegNet,AtomSegNet with_n2v
00024,200,0.0,0.25,0.8808104886769964,with_n2v,AtomSegNet,AtomSegNet with_n2v
00024,200,1.0,0.0,0.911070780399274,with_n2v,AtomSegNet,AtomSegNet with_n2v
00024,200,1.0,0.1,0.8830341632889404,with_n2v,AtomSegNet,AtomSegNet with_n2v
00024,200,1.0,0.25,0.9028776978417267,with_n2v,AtomSegNet,AtomSegNet with_n2v
00024,200,2.0,0.0,0.9142857142857143,with_n2v,AtomSegNet,AtomSegNet with_n2v
00024,200,2.0,0.1,0.9009433962264151,with_n2v,AtomSegNet,AtomSegNet with_n2v
00024,200,2.0,0.25,0.8906432748538011,with_n2v,AtomSegNet,AtomSegNet with_n2v
00024,1000,0.0,0.0,0.8949253731343284,with_n2v,AtomSegNet,AtomSegNet with_n2v
00024,1000,0.0,0.1,0.8938053097345132,with_n2v,AtomSegNet,AtomSegNet with_n2v
00024,1000,0.0,0.25,0.8947681331747919,with_n2v,AtomSegNet,AtomSegNet with_n2v
00024,1000,1.0,0.0,0.9035928143712575,with_n2v,AtomSegNet,AtomSegNet with_n2v
00024,1000,1.0,0.1,0.8982951205173427,with_n2v,AtomSegNet,AtomSegNet with_n2v
00024,1000,1.0,0.25,0.8972073677956031,with_n2v,AtomSegNet,AtomSegNet with_n2v
00024,1000,2.0,0.0,0.9097877358490566,with_n2v,AtomSegNet,AtomSegNet with_n2v
00024,1000,2.0,0.1,0.8942807625649913,with_n2v,AtomSegNet,AtomSegNet with_n2v
00024,1000,2.0,0.25,0.8963093145869947,with_n2v,AtomSegNet,AtomSegNet with_n2v
00030,20,0.0,0.0,0.8644688644688645,with_n2v,AtomSegNet,AtomSegNet with_n2v
00030,20,0.0,0.1,0.9164231443600234,with_n2v,AtomSegNet,AtomSegNet with_n2v
00030,20,0.0,0.25,0.8932153392330383,with_n2v,AtomSegNet,AtomSegNet with_n2v
00030,20,1.0,0.0,0.8528875379939209,with_n2v,AtomSegNet,AtomSegNet with_n2v
00030,20,1.0,0.1,0.9035294117647059,with_n2v,AtomSegNet,AtomSegNet with_n2v
00030,20,1.0,0.25,0.9084380610412927,with_n2v,AtomSegNet,AtomSegNet with_n2v
00030,20,2.0,0.0,0.8711246200607903,with_n2v,AtomSegNet,AtomSegNet with_n2v
00030,20,2.0,0.1,0.897877223178428,with_n2v,AtomSegNet,AtomSegNet with_n2v
00030,20,2.0,0.25,0.8979591836734694,with_n2v,AtomSegNet,AtomSegNet with_n2v
00030,50,0.0,0.0,0.8569689592209373,with_n2v,AtomSegNet,AtomSegNet with_n2v
00030,50,0.0,0.1,0.9061946902654867,with_n2v,AtomSegNet,AtomSegNet with_n2v
00030,50,0.0,0.25,0.908716136631331,with_n2v,AtomSegNet,AtomSegNet with_n2v
00030,50,1.0,0.0,0.8638297872340426,with_n2v,AtomSegNet,AtomSegNet with_n2v
00030,50,1.0,0.1,0.8922987840185292,with_n2v,AtomSegNet,AtomSegNet with_n2v
00030,50,1.0,0.25,0.8914319248826291,with_n2v,AtomSegNet,AtomSegNet with_n2v
00030,50,2.0,0.0,0.8781664656212304,with_n2v,AtomSegNet,AtomSegNet with_n2v
00030,50,2.0,0.1,0.8939566704675028,with_n2v,AtomSegNet,AtomSegNet with_n2v
00030,50,2.0,0.25,0.8966918165989554,with_n2v,AtomSegNet,AtomSegNet with_n2v
00030,200,0.0,0.0,0.8608748481166464,with_n2v,AtomSegNet,AtomSegNet with_n2v
00030,200,0.0,0.1,0.8966529653552554,with_n2v,AtomSegNet,AtomSegNet with_n2v
00030,200,0.0,0.25,0.8896797153024911,with_n2v,AtomSegNet,AtomSegNet with_n2v
00030,200,1.0,0.0,0.8607902735562311,with_n2v,AtomSegNet,AtomSegNet with_n2v
00030,200,1.0,0.1,0.9052077238150965,with_n2v,AtomSegNet,AtomSegNet with_n2v
00030,200,1.0,0.25,0.8873900293255131,with_n2v,AtomSegNet,AtomSegNet with_n2v
00030,200,2.0,0.0,0.8747742323901264,with_n2v,AtomSegNet,AtomSegNet with_n2v
00030,200,2.0,0.1,0.8951890034364262,with_n2v,AtomSegNet,AtomSegNet with_n2v
00030,200,2.0,0.25,0.8917674150834772,with_n2v,AtomSegNet,AtomSegNet with_n2v
00030,1000,0.0,0.0,0.850546780072904,with_n2v,AtomSegNet,AtomSegNet with_n2v
00030,1000,0.0,0.1,0.9035294117647059,with_n2v,AtomSegNet,AtomSegNet with_n2v
00030,1000,0.0,0.25,0.8830099941211053,with_n2v,AtomSegNet,AtomSegNet with_n2v
00030,1000,1.0,0.0,0.8611279563371741,with_n2v,AtomSegNet,AtomSegNet with_n2v
00030,1000,1.0,0.1,0.9017543859649123,with_n2v,AtomSegNet,AtomSegNet with_n2v
00030,1000,1.0,0.25,0.8946752486834406,with_n2v,AtomSegNet,AtomSegNet with_n2v
00030,1000,2.0,0.0,0.8756009615384616,with_n2v,AtomSegNet,AtomSegNet with_n2v
00030,1000,2.0,0.1,0.9028901734104047,with_n2v,AtomSegNet,AtomSegNet with_n2v
00030,1000,2.0,0.25,0.8867165037377803,with_n2v,AtomSegNet,AtomSegNet with_n2v
00033,20,0.0,0.0,0.6727272727272727,with_n2v,AtomSegNet,AtomSegNet with_n2v
00033,20,0.0,0.1,0.6790361445783133,with_n2v,AtomSegNet,AtomSegNet with_n2v
00033,20,0.0,0.25,0.635655560363479,with_n2v,AtomSegNet,AtomSegNet with_n2v
00033,20,1.0,0.0,0.6897398134511536,with_n2v,AtomSegNet,AtomSegNet with_n2v
00033,20,1.0,0.1,0.6486733760292772,with_n2v,AtomSegNet,AtomSegNet with_n2v
00033,20,1.0,0.25,0.5896923691570116,with_n2v,AtomSegNet,AtomSegNet with_n2v
00033,20,2.0,0.0,0.6537937301226715,with_n2v,AtomSegNet,AtomSegNet with_n2v
00033,20,2.0,0.1,0.6419156414762741,with_n2v,AtomSegNet,AtomSegNet with_n2v
00033,20,2.0,0.25,0.6041162227602905,with_n2v,AtomSegNet,AtomSegNet with_n2v
00033,50,0.0,0.0,0.6801560214529497,with_n2v,AtomSegNet,AtomSegNet with_n2v
00033,50,0.0,0.1,0.6779257849666984,with_n2v,AtomSegNet,AtomSegNet with_n2v
00033,50,0.0,0.25,0.6299615877080665,with_n2v,AtomSegNet,AtomSegNet with_n2v
00033,50,1.0,0.0,0.7075993960744842,with_n2v,AtomSegNet,AtomSegNet with_n2v
00033,50,1.0,0.1,0.6720455624110109,with_n2v,AtomSegNet,AtomSegNet with_n2v
00033,50,1.0,0.25,0.606023102310231,with_n2v,AtomSegNet,AtomSegNet with_n2v
00033,50,2.0,0.0,0.6732580037664784,with_n2v,AtomSegNet,AtomSegNet with_n2v
00033,50,2.0,0.1,0.656648451730419,with_n2v,AtomSegNet,AtomSegNet with_n2v
00033,50,2.0,0.25,0.6152892561983471,with_n2v,AtomSegNet,AtomSegNet with_n2v
00033,200,0.0,0.0,0.6921951219512195,with_n2v,AtomSegNet,AtomSegNet with_n2v
00033,200,0.0,0.1,0.687048627828599,with_n2v,AtomSegNet,AtomSegNet with_n2v
00033,200,0.0,0.25,0.6072160721607216,with_n2v,AtomSegNet,AtomSegNet with_n2v
00033,200,1.0,0.0,0.6931762395679921,with_n2v,AtomSegNet,AtomSegNet with_n2v
00033,200,1.0,0.1,0.6817532158170557,with_n2v,AtomSegNet,AtomSegNet with_n2v
00033,200,1.0,0.25,0.5949620151939224,with_n2v,AtomSegNet,AtomSegNet with_n2v
00033,200,2.0,0.0,0.6954612005856515,with_n2v,AtomSegNet,AtomSegNet with_n2v
00033,200,2.0,0.1,0.6730143985137018,with_n2v,AtomSegNet,AtomSegNet with_n2v
00033,200,2.0,0.25,0.5846695346108721,with_n2v,AtomSegNet,AtomSegNet with_n2v
00033,1000,0.0,0.0,0.688715953307393,with_n2v,AtomSegNet,AtomSegNet with_n2v
00033,1000,0.0,0.1,0.676333021515435,with_n2v,AtomSegNet,AtomSegNet with_n2v
00033,1000,0.0,0.25,0.590027700831025,with_n2v,AtomSegNet,AtomSegNet with_n2v
00033,1000,1.0,0.0,0.6863790596219098,with_n2v,AtomSegNet,AtomSegNet with_n2v
00033,1000,1.0,0.1,0.675512104283054,with_n2v,AtomSegNet,AtomSegNet with_n2v
00033,1000,1.0,0.25,0.5844104974539757,with_n2v,AtomSegNet,AtomSegNet with_n2v
00033,1000,2.0,0.0,0.6732673267326733,with_n2v,AtomSegNet,AtomSegNet with_n2v
00033,1000,2.0,0.1,0.6587015329125339,with_n2v,AtomSegNet,AtomSegNet with_n2v
00033,1000,2.0,0.25,0.5760953112990008,with_n2v,AtomSegNet,AtomSegNet with_n2v
00035,20,0.0,0.0,0.8684510250569476,with_n2v,AtomSegNet,AtomSegNet with_n2v
00035,20,0.0,0.1,0.8795966785290629,with_n2v,AtomSegNet,AtomSegNet with_n2v
00035,20,0.0,0.25,0.8124046771733604,with_n2v,AtomSegNet,AtomSegNet with_n2v
00035,20,1.0,0.0,0.8774928774928775,with_n2v,AtomSegNet,AtomSegNet with_n2v
00035,20,1.0,0.1,0.8810650887573964,with_n2v,AtomSegNet,AtomSegNet with_n2v
00035,20,1.0,0.25,0.8620501635768811,with_n2v,AtomSegNet,AtomSegNet with_n2v
00035,20,2.0,0.0,0.8485019785189373,with_n2v,AtomSegNet,AtomSegNet with_n2v
00035,20,2.0,0.1,0.8843498273878021,with_n2v,AtomSegNet,AtomSegNet with_n2v
00035,20,2.0,0.25,0.8305949008498583,with_n2v,AtomSegNet,AtomSegNet with_n2v
00035,50,0.0,0.0,0.8976009362200117,with_n2v,AtomSegNet,AtomSegNet with_n2v
00035,50,0.0,0.1,0.9096774193548387,with_n2v,AtomSegNet,AtomSegNet with_n2v
00035,50,0.0,0.25,0.8786635404454866,with_n2v,AtomSegNet,AtomSegNet with_n2v
00035,50,1.0,0.0,0.891566265060241,with_n2v,AtomSegNet,AtomSegNet with_n2v
00035,50,1.0,0.1,0.8811881188118812,with_n2v,AtomSegNet,AtomSegNet with_n2v
00035,50,1.0,0.25,0.8777841233580811,with_n2v,AtomSegNet,AtomSegNet with_n2v
00035,50,2.0,0.0,0.9108204518430439,with_n2v,AtomSegNet,AtomSegNet with_n2v
00035,50,2.0,0.1,0.9048991354466859,with_n2v,AtomSegNet,AtomSegNet with_n2v
00035,50,2.0,0.25,0.8844866071428571,with_n2v,AtomSegNet,AtomSegNet with_n2v
00035,200,0.0,0.0,0.8728254349130175,with_n2v,AtomSegNet,AtomSegNet with_n2v
00035,200,0.0,0.1,0.8924539512774807,with_n2v,AtomSegNet,AtomSegNet with_n2v
00035,200,0.0,0.25,0.9085580304806565,with_n2v,AtomSegNet,AtomSegNet with_n2v
00035,200,1.0,0.0,0.9071601941747572,with_n2v,AtomSegNet,AtomSegNet with_n2v
00035,200,1.0,0.1,0.9054134443783463,with_n2v,AtomSegNet,AtomSegNet with_n2v
00035,200,1.0,0.25,0.9055299539170507,with_n2v,AtomSegNet,AtomSegNet with_n2v
00035,200,2.0,0.0,0.8981536628945801,with_n2v,AtomSegNet,AtomSegNet with_n2v
00035,200,2.0,0.1,0.8950437317784257,with_n2v,AtomSegNet,AtomSegNet with_n2v
00035,200,2.0,0.25,0.9011428571428571,with_n2v,AtomSegNet,AtomSegNet with_n2v
00035,1000,0.0,0.0,0.8875526157546603,with_n2v,AtomSegNet,AtomSegNet with_n2v
00035,1000,0.0,0.1,0.9091995221027479,with_n2v,AtomSegNet,AtomSegNet with_n2v
00035,1000,0.0,0.25,0.9001154734411085,with_n2v,AtomSegNet,AtomSegNet with_n2v
00035,1000,1.0,0.0,0.899579073962718,with_n2v,AtomSegNet,AtomSegNet with_n2v
00035,1000,1.0,0.1,0.8987566607460036,with_n2v,AtomSegNet,AtomSegNet with_n2v
00035,1000,1.0,0.25,0.8958810068649885,with_n2v,AtomSegNet,AtomSegNet with_n2v
00035,1000,2.0,0.0,0.9055489964580874,with_n2v,AtomSegNet,AtomSegNet with_n2v
00035,1000,2.0,0.1,0.9049562682215744,with_n2v,AtomSegNet,AtomSegNet with_n2v
00035,1000,2.0,0.25,0.8870786516853932,with_n2v,AtomSegNet,AtomSegNet with_n2v
00038,20,0.0,0.0,0.8533653846153846,with_n2v,AtomSegNet,AtomSegNet with_n2v
00038,20,0.0,0.1,0.9008264462809917,with_n2v,AtomSegNet,AtomSegNet with_n2v
00038,20,0.0,0.25,0.8965311004784688,with_n2v,AtomSegNet,AtomSegNet with_n2v
00038,20,1.0,0.0,0.8601099572388515,with_n2v,AtomSegNet,AtomSegNet with_n2v
00038,20,1.0,0.1,0.895662368112544,with_n2v,AtomSegNet,AtomSegNet with_n2v
00038,20,1.0,0.25,0.8819320214669052,with_n2v,AtomSegNet,AtomSegNet with_n2v
00038,20,2.0,0.0,0.8754512635379061,with_n2v,AtomSegNet,AtomSegNet with_n2v
00038,20,2.0,0.1,0.8960964408725602,with_n2v,AtomSegNet,AtomSegNet with_n2v
00038,20,2.0,0.25,0.8950762016412661,with_n2v,AtomSegNet,AtomSegNet with_n2v
00038,50,0.0,0.0,0.8341375150784077,with_n2v,AtomSegNet,AtomSegNet with_n2v
00038,50,0.0,0.1,0.891291642314436,with_n2v,AtomSegNet,AtomSegNet with_n2v
00038,50,0.0,0.25,0.9019725044829647,with_n2v,AtomSegNet,AtomSegNet with_n2v
00038,50,1.0,0.0,0.852389594676346,with_n2v,AtomSegNet,AtomSegNet with_n2v
00038,50,1.0,0.1,0.8871436881908086,with_n2v,AtomSegNet,AtomSegNet with_n2v
00038,50,1.0,0.25,0.8995243757431629,with_n2v,AtomSegNet,AtomSegNet with_n2v
00038,50,2.0,0.0,0.8756756756756757,with_n2v,AtomSegNet,AtomSegNet with_n2v
00038,50,2.0,0.1,0.883892999430848,with_n2v,AtomSegNet,AtomSegNet with_n2v
00038,50,2.0,0.25,0.87953216374269,with_n2v,AtomSegNet,AtomSegNet with_n2v
00038,200,0.0,0.0,0.8377563329312424,with_n2v,AtomSegNet,AtomSegNet with_n2v
00038,200,0.0,0.1,0.8879765395894428,with_n2v,AtomSegNet,AtomSegNet with_n2v
00038,200,0.0,0.25,0.8885578069129917,with_n2v,AtomSegNet,AtomSegNet with_n2v
00038,200,1.0,0.0,0.841250751653638,with_n2v,AtomSegNet,AtomSegNet with_n2v
00038,200,1.0,0.1,0.889341875364007,with_n2v,AtomSegNet,AtomSegNet with_n2v
00038,200,1.0,0.25,0.8889548693586699,with_n2v,AtomSegNet,AtomSegNet with_n2v
00038,200,2.0,0.0,0.8614925373134328,with_n2v,AtomSegNet,AtomSegNet with_n2v
00038,200,2.0,0.1,0.8851894374282434,with_n2v,AtomSegNet,AtomSegNet with_n2v
00038,200,2.0,0.25,0.8883693746347165,with_n2v,AtomSegNet,AtomSegNet with_n2v
00038,1000,0.0,0.0,0.8410876132930514,with_n2v,AtomSegNet,AtomSegNet with_n2v
00038,1000,0.0,0.1,0.8835294117647059,with_n2v,AtomSegNet,AtomSegNet with_n2v
00038,1000,0.0,0.25,0.8796680497925311,with_n2v,AtomSegNet,AtomSegNet with_n2v
00038,1000,1.0,0.0,0.844578313253012,with_n2v,AtomSegNet,AtomSegNet with_n2v
00038,1000,1.0,0.1,0.8855808523058961,with_n2v,AtomSegNet,AtomSegNet with_n2v
00038,1000,1.0,0.25,0.8814858490566038,with_n2v,AtomSegNet,AtomSegNet with_n2v
00038,1000,2.0,0.0,0.8609785202863962,with_n2v,AtomSegNet,AtomSegNet with_n2v
00038,1000,2.0,0.1,0.8842832469775475,with_n2v,AtomSegNet,AtomSegNet with_n2v
00038,1000,2.0,0.25,0.8807446189645143,with_n2v,AtomSegNet,AtomSegNet with_n2v
00043,20,0.0,0.0,0.8395751816657351,with_n2v,AtomSegNet,AtomSegNet with_n2v
00043,20,0.0,0.1,0.8320568927789934,with_n2v,AtomSegNet,AtomSegNet with_n2v
00043,20,0.0,0.25,0.859880239520958,with_n2v,AtomSegNet,AtomSegNet with_n2v
00043,20,1.0,0.0,0.8670150987224158,with_n2v,AtomSegNet,AtomSegNet with_n2v
00043,20,1.0,0.1,0.8749282845668388,with_n2v,AtomSegNet,AtomSegNet with_n2v
00043,20,1.0,0.25,0.8602022605591909,with_n2v,AtomSegNet,AtomSegNet with_n2v
00043,20,2.0,0.0,0.8523415977961433,with_n2v,AtomSegNet,AtomSegNet with_n2v
00043,20,2.0,0.1,0.851328434143584,with_n2v,AtomSegNet,AtomSegNet with_n2v
00043,20,2.0,0.25,0.8469036697247706,with_n2v,AtomSegNet,AtomSegNet with_n2v
00043,50,0.0,0.0,0.8575598365440747,with_n2v,AtomSegNet,AtomSegNet with_n2v
00043,50,0.0,0.1,0.8408163265306122,with_n2v,AtomSegNet,AtomSegNet with_n2v
00043,50,0.0,0.25,0.8407755581668626,with_n2v,AtomSegNet,AtomSegNet with_n2v
00043,50,1.0,0.0,0.8506605399195865,with_n2v,AtomSegNet,AtomSegNet with_n2v
00043,50,1.0,0.1,0.8558926487747958,with_n2v,AtomSegNet,AtomSegNet with_n2v
00043,50,1.0,0.25,0.8463802236609771,with_n2v,AtomSegNet,AtomSegNet with_n2v
00043,50,2.0,0.0,0.8548114800225098,with_n2v,AtomSegNet,AtomSegNet with_n2v
00043,50,2.0,0.1,0.8503981797497155,with_n2v,AtomSegNet,AtomSegNet with_n2v
00043,50,2.0,0.25,0.8483080513418904,with_n2v,AtomSegNet,AtomSegNet with_n2v
00043,200,0.0,0.0,0.8499137435307648,with_n2v,AtomSegNet,AtomSegNet with_n2v
00043,200,0.0,0.1,0.8542154566744731,with_n2v,AtomSegNet,AtomSegNet with_n2v
00043,200,0.0,0.25,0.8344252531268612,with_n2v,AtomSegNet,AtomSegNet with_n2v
00043,200,1.0,0.0,0.8541068351522114,with_n2v,AtomSegNet,AtomSegNet with_n2v
00043,200,1.0,0.1,0.8476744186046512,with_n2v,AtomSegNet,AtomSegNet with_n2v
00043,200,1.0,0.25,0.8466472303206997,with_n2v,AtomSegNet,AtomSegNet with_n2v
00043,200,2.0,0.0,0.8543195934500283,with_n2v,AtomSegNet,AtomSegNet with_n2v
00043,200,2.0,0.1,0.869942196531792,with_n2v,AtomSegNet,AtomSegNet with_n2v
00043,200,2.0,0.25,0.8444444444444444,with_n2v,AtomSegNet,AtomSegNet with_n2v
00043,1000,0.0,0.0,0.8461095100864553,with_n2v,AtomSegNet,AtomSegNet with_n2v
00043,1000,0.0,0.1,0.844988344988345,with_n2v,AtomSegNet,AtomSegNet with_n2v
00043,1000,0.0,0.25,0.8471563981042654,with_n2v,AtomSegNet,AtomSegNet with_n2v
00043,1000,1.0,0.0,0.8507462686567164,with_n2v,AtomSegNet,AtomSegNet with_n2v
00043,1000,1.0,0.1,0.8472222222222222,with_n2v,AtomSegNet,AtomSegNet with_n2v
00043,1000,1.0,0.25,0.8428487345497352,with_n2v,AtomSegNet,AtomSegNet with_n2v
00043,1000,2.0,0.0,0.853423882286361,with_n2v,AtomSegNet,AtomSegNet with_n2v
00043,1000,2.0,0.1,0.8430594900849858,with_n2v,AtomSegNet,AtomSegNet with_n2v
00043,1000,2.0,0.25,0.853302162478083,with_n2v,AtomSegNet,AtomSegNet with_n2v
00044,20,0.0,0.0,0.8501934770591487,with_n2v,AtomSegNet,AtomSegNet with_n2v
00044,20,0.0,0.1,0.8684794672586016,with_n2v,AtomSegNet,AtomSegNet with_n2v
00044,20,0.0,0.25,0.8492836676217765,with_n2v,AtomSegNet,AtomSegNet with_n2v
00044,20,1.0,0.0,0.8343881856540084,with_n2v,AtomSegNet,AtomSegNet with_n2v
00044,20,1.0,0.1,0.8185721953837896,with_n2v,AtomSegNet,AtomSegNet with_n2v
00044,20,1.0,0.25,0.8523375142531356,with_n2v,AtomSegNet,AtomSegNet with_n2v
00044,20,2.0,0.0,0.8606158833063209,with_n2v,AtomSegNet,AtomSegNet with_n2v
00044,20,2.0,0.1,0.8701226309921962,with_n2v,AtomSegNet,AtomSegNet with_n2v
00044,20,2.0,0.25,0.8841427735517847,with_n2v,AtomSegNet,AtomSegNet with_n2v
00044,50,0.0,0.0,0.8638176638176638,with_n2v,AtomSegNet,AtomSegNet with_n2v
00044,50,0.0,0.1,0.8630057803468208,with_n2v,AtomSegNet,AtomSegNet with_n2v
00044,50,0.0,0.25,0.8492343934040048,with_n2v,AtomSegNet,AtomSegNet with_n2v
00044,50,1.0,0.0,0.8672268907563025,with_n2v,AtomSegNet,AtomSegNet with_n2v
00044,50,1.0,0.1,0.8606465997770345,with_n2v,AtomSegNet,AtomSegNet with_n2v
00044,50,1.0,0.25,0.8787515006002401,with_n2v,AtomSegNet,AtomSegNet with_n2v
00044,50,2.0,0.0,0.8387949260042283,with_n2v,AtomSegNet,AtomSegNet with_n2v
00044,50,2.0,0.1,0.8636363636363636,with_n2v,AtomSegNet,AtomSegNet with_n2v
00044,50,2.0,0.25,0.8659315147997678,with_n2v,AtomSegNet,AtomSegNet with_n2v
00044,200,0.0,0.0,0.8718094157685763,with_n2v,AtomSegNet,AtomSegNet with_n2v
00044,200,0.0,0.1,0.8789289871944121,with_n2v,AtomSegNet,AtomSegNet with_n2v
00044,200,0.0,0.25,0.8613269575612672,with_n2v,AtomSegNet,AtomSegNet with_n2v
00044,200,1.0,0.0,0.8786491127647396,with_n2v,AtomSegNet,AtomSegNet with_n2v
00044,200,1.0,0.1,0.869314910765688,with_n2v,AtomSegNet,AtomSegNet with_n2v
00044,200,1.0,0.25,0.8755236385397965,with_n2v,AtomSegNet,AtomSegNet with_n2v
00044,200,2.0,0.0,0.8558011049723757,with_n2v,AtomSegNet,AtomSegNet with_n2v
00044,200,2.0,0.1,0.8787185354691075,with_n2v,AtomSegNet,AtomSegNet with_n2v
00044,200,2.0,0.25,0.8756598240469208,with_n2v,AtomSegNet,AtomSegNet with_n2v
00044,1000,0.0,0.0,0.8646487721302113,with_n2v,AtomSegNet,AtomSegNet with_n2v
00044,1000,0.0,0.1,0.8780487804878049,with_n2v,AtomSegNet,AtomSegNet with_n2v
00044,1000,0.0,0.25,0.869277108433735,with_n2v,AtomSegNet,AtomSegNet with_n2v
00044,1000,1.0,0.0,0.869540555870675,with_n2v,AtomSegNet,AtomSegNet with_n2v
00044,1000,1.0,0.1,0.871338311315336,with_n2v,AtomSegNet,AtomSegNet with_n2v
00044,1000,1.0,0.25,0.8690191387559809,with_n2v,AtomSegNet,AtomSegNet with_n2v
00044,1000,2.0,0.0,0.8628219484882419,with_n2v,AtomSegNet,AtomSegNet with_n2v
00044,1000,2.0,0.1,0.8708946772366931,with_n2v,AtomSegNet,AtomSegNet with_n2v
00044,1000,2.0,0.25,0.8711943793911007,with_n2v,AtomSegNet,AtomSegNet with_n2v
00046,20,0.0,0.0,0.8505747126436781,with_n2v,AtomSegNet,AtomSegNet with_n2v
00046,20,0.0,0.1,0.8946449359720605,with_n2v,AtomSegNet,AtomSegNet with_n2v
00046,20,0.0,0.25,0.8911729141475212,with_n2v,AtomSegNet,AtomSegNet with_n2v
00046,20,1.0,0.0,0.8633879781420765,with_n2v,AtomSegNet,AtomSegNet with_n2v
00046,20,1.0,0.1,0.8767281105990783,with_n2v,AtomSegNet,AtomSegNet with_n2v
00046,20,1.0,0.25,0.8686690223792697,with_n2v,AtomSegNet,AtomSegNet with_n2v
00046,20,2.0,0.0,0.8636089318044659,with_n2v,AtomSegNet,AtomSegNet with_n2v
00046,20,2.0,0.1,0.8833333333333333,with_n2v,AtomSegNet,AtomSegNet with_n2v
00046,20,2.0,0.25,0.8809106830122592,with_n2v,AtomSegNet,AtomSegNet with_n2v
00046,50,0.0,0.0,0.8379518072289157,with_n2v,AtomSegNet,AtomSegNet with_n2v
00046,50,0.0,0.1,0.8850174216027874,with_n2v,AtomSegNet,AtomSegNet with_n2v
00046,50,0.0,0.25,0.8788242351529694,with_n2v,AtomSegNet,AtomSegNet with_n2v
00046,50,1.0,0.0,0.8368452739313667,with_n2v,AtomSegNet,AtomSegNet with_n2v
00046,50,1.0,0.1,0.8889538281706605,with_n2v,AtomSegNet,AtomSegNet with_n2v
00046,50,1.0,0.25,0.8734402852049911,with_n2v,AtomSegNet,AtomSegNet with_n2v
00046,50,2.0,0.0,0.8496732026143791,with_n2v,AtomSegNet,AtomSegNet with_n2v
00046,50,2.0,0.1,0.8738081884464386,with_n2v,AtomSegNet,AtomSegNet with_n2v
00046,50,2.0,0.25,0.8689006466784245,with_n2v,AtomSegNet,AtomSegNet with_n2v
00046,200,0.0,0.0,0.8351449275362319,with_n2v,AtomSegNet,AtomSegNet with_n2v
00046,200,0.0,0.1,0.8773584905660378,with_n2v,AtomSegNet,AtomSegNet with_n2v
00046,200,0.0,0.25,0.8596908442330559,with_n2v,AtomSegNet,AtomSegNet with_n2v
00046,200,1.0,0.0,0.84093637454982,with_n2v,AtomSegNet,AtomSegNet with_n2v
00046,200,1.0,0.1,0.8817330210772834,with_n2v,AtomSegNet,AtomSegNet with_n2v
00046,200,1.0,0.25,0.8744075829383886,with_n2v,AtomSegNet,AtomSegNet with_n2v
00046,200,2.0,0.0,0.856379821958457,with_n2v,AtomSegNet,AtomSegNet with_n2v
00046,200,2.0,0.1,0.8858131487889274,with_n2v,AtomSegNet,AtomSegNet with_n2v
00046,200,2.0,0.25,0.8809106830122592,with_n2v,AtomSegNet,AtomSegNet with_n2v
00046,1000,0.0,0.0,0.8382619191309596,with_n2v,AtomSegNet,AtomSegNet with_n2v
00046,1000,0.0,0.1,0.8799293702177752,with_n2v,AtomSegNet,AtomSegNet with_n2v
00046,1000,0.0,0.25,0.8682033096926713,with_n2v,AtomSegNet,AtomSegNet with_n2v
00046,1000,1.0,0.0,0.8418520745640409,with_n2v,AtomSegNet,AtomSegNet with_n2v
00046,1000,1.0,0.1,0.8862837045720985,with_n2v,AtomSegNet,AtomSegNet with_n2v
00046,1000,1.0,0.25,0.872502937720329,with_n2v,AtomSegNet,AtomSegNet with_n2v
00046,1000,2.0,0.0,0.8540059347181009,with_n2v,AtomSegNet,AtomSegNet with_n2v
00046,1000,2.0,0.1,0.8860613071139387,with_n2v,AtomSegNet,AtomSegNet with_n2v
00046,1000,2.0,0.25,0.8808832074375363,with_n2v,AtomSegNet,AtomSegNet with_n2v
00057,20,0.0,0.0,0.8683404776484996,with_n2v,AtomSegNet,AtomSegNet with_n2v
00057,20,0.0,0.1,0.9016870273414777,with_n2v,AtomSegNet,AtomSegNet with_n2v
00057,20,0.0,0.25,0.8935779816513761,with_n2v,AtomSegNet,AtomSegNet with_n2v
00057,20,1.0,0.0,0.8655616942909761,with_n2v,AtomSegNet,AtomSegNet with_n2v
00057,20,1.0,0.1,0.9142689371697005,with_n2v,AtomSegNet,AtomSegNet with_n2v
00057,20,1.0,0.25,0.9217233009708737,with_n2v,AtomSegNet,AtomSegNet with_n2v
00057,20,2.0,0.0,0.8833535844471446,with_n2v,AtomSegNet,AtomSegNet with_n2v
00057,20,2.0,0.1,0.8961407491486947,with_n2v,AtomSegNet,AtomSegNet with_n2v
00057,20,2.0,0.25,0.9190161967606478,with_n2v,AtomSegNet,AtomSegNet with_n2v
00057,50,0.0,0.0,0.869062119366626,with_n2v,AtomSegNet,AtomSegNet with_n2v
00057,50,0.0,0.1,0.9130173965206959,with_n2v,AtomSegNet,AtomSegNet with_n2v
00057,50,0.0,0.25,0.9027355623100304,with_n2v,AtomSegNet,AtomSegNet with_n2v
00057,50,1.0,0.0,0.8641600970285022,with_n2v,AtomSegNet,AtomSegNet with_n2v
00057,50,1.0,0.1,0.9191919191919192,with_n2v,AtomSegNet,AtomSegNet with_n2v
00057,50,1.0,0.25,0.905397210430564,with_n2v,AtomSegNet,AtomSegNet with_n2v
00057,50,2.0,0.0,0.8752271350696548,with_n2v,AtomSegNet,AtomSegNet with_n2v
00057,50,2.0,0.1,0.9096774193548387,with_n2v,AtomSegNet,AtomSegNet with_n2v
00057,50,2.0,0.25,0.9111644657863145,with_n2v,AtomSegNet,AtomSegNet with_n2v
00057,200,0.0,0.0,0.8653260207190737,with_n2v,AtomSegNet,AtomSegNet with_n2v
00057,200,0.0,0.1,0.9152644230769231,with_n2v,AtomSegNet,AtomSegNet with_n2v
00057,200,0.0,0.25,0.8996978851963746,with_n2v,AtomSegNet,AtomSegNet with_n2v
00057,200,1.0,0.0,0.866626065773447,with_n2v,AtomSegNet,AtomSegNet with_n2v
00057,200,1.0,0.1,0.9146268656716418,with_n2v,AtomSegNet,AtomSegNet with_n2v
00057,200,1.0,0.25,0.9009063444108761,with_n2v,AtomSegNet,AtomSegNet with_n2v
00057,200,2.0,0.0,0.884127942063971,with_n2v,AtomSegNet,AtomSegNet with_n2v
00057,200,2.0,0.1,0.9057043073341094,with_n2v,AtomSegNet,AtomSegNet with_n2v
00057,200,2.0,0.25,0.9056152927120669,with_n2v,AtomSegNet,AtomSegNet with_n2v
00057,1000,0.0,0.0,0.8587088915956151,with_n2v,AtomSegNet,AtomSegNet with_n2v
00057,1000,0.0,0.1,0.9110042092603728,with_n2v,AtomSegNet,AtomSegNet with_n2v
00057,1000,0.0,0.25,0.9020556227327691,with_n2v,AtomSegNet,AtomSegNet with_n2v
00057,1000,1.0,0.0,0.8661800486618005,with_n2v,AtomSegNet,AtomSegNet with_n2v
00057,1000,1.0,0.1,0.9159159159159159,with_n2v,AtomSegNet,AtomSegNet with_n2v
00057,1000,1.0,0.25,0.9021021021021021,with_n2v,AtomSegNet,AtomSegNet with_n2v
00057,1000,2.0,0.0,0.8803885853066181,with_n2v,AtomSegNet,AtomSegNet with_n2v
00057,1000,2.0,0.1,0.9148936170212766,with_n2v,AtomSegNet,AtomSegNet with_n2v
00057,1000,2.0,0.25,0.8982248520710059,with_n2v,AtomSegNet,AtomSegNet with_n2v
00059,20,0.0,0.0,0.8514426028238183,with_n2v,AtomSegNet,AtomSegNet with_n2v
00059,20,0.0,0.1,0.919669226225635,with_n2v,AtomSegNet,AtomSegNet with_n2v
00059,20,0.0,0.25,0.9234016887816646,with_n2v,AtomSegNet,AtomSegNet with_n2v
00059,20,1.0,0.0,0.8585365853658536,with_n2v,AtomSegNet,AtomSegNet with_n2v
00059,20,1.0,0.1,0.9258387286639199,with_n2v,AtomSegNet,AtomSegNet with_n2v
00059,20,1.0,0.25,0.9152644230769231,with_n2v,AtomSegNet,AtomSegNet with_n2v
00059,20,2.0,0.0,0.899878640776699,with_n2v,AtomSegNet,AtomSegNet with_n2v
00059,20,2.0,0.1,0.9169570267131243,with_n2v,AtomSegNet,AtomSegNet with_n2v
00059,20,2.0,0.25,0.9215328467153284,with_n2v,AtomSegNet,AtomSegNet with_n2v
00059,50,0.0,0.0,0.8742331288343558,with_n2v,AtomSegNet,AtomSegNet with_n2v
00059,50,0.0,0.1,0.9136390708755211,with_n2v,AtomSegNet,AtomSegNet with_n2v
00059,50,0.0,0.25,0.907074340527578,with_n2v,AtomSegNet,AtomSegNet with_n2v
00059,50,1.0,0.0,0.8667481662591687,with_n2v,AtomSegNet,AtomSegNet with_n2v
00059,50,1.0,0.1,0.9193643319599765,with_n2v,AtomSegNet,AtomSegNet with_n2v
00059,50,1.0,0.25,0.9099153567110037,with_n2v,AtomSegNet,AtomSegNet with_n2v
00059,50,2.0,0.0,0.8783865141481035,with_n2v,AtomSegNet,AtomSegNet with_n2v
00059,50,2.0,0.1,0.9097744360902256,with_n2v,AtomSegNet,AtomSegNet with_n2v
00059,50,2.0,0.25,0.911452184179457,with_n2v,AtomSegNet,AtomSegNet with_n2v
00059,200,0.0,0.0,0.8553034947884733,with_n2v,AtomSegNet,AtomSegNet with_n2v
00059,200,0.0,0.1,0.9026128266033254,with_n2v,AtomSegNet,AtomSegNet with_n2v
00059,200,0.0,0.25,0.8915518274415818,with_n2v,AtomSegNet,AtomSegNet with_n2v
00059,200,1.0,0.0,0.8691931540342298,with_n2v,AtomSegNet,AtomSegNet with_n2v
00059,200,1.0,0.1,0.8987639788110653,with_n2v,AtomSegNet,AtomSegNet with_n2v
00059,200,1.0,0.25,0.8948626045400239,with_n2v,AtomSegNet,AtomSegNet with_n2v
00059,200,2.0,0.0,0.8848484848484849,with_n2v,AtomSegNet,AtomSegNet with_n2v
00059,200,2.0,0.1,0.9048723897911833,with_n2v,AtomSegNet,AtomSegNet with_n2v
00059,200,2.0,0.25,0.9002949852507375,with_n2v,AtomSegNet,AtomSegNet with_n2v
00059,1000,0.0,0.0,0.8590604026845637,with_n2v,AtomSegNet,AtomSegNet with_n2v
00059,1000,0.0,0.1,0.8979833926453143,with_n2v,AtomSegNet,AtomSegNet with_n2v
00059,1000,0.0,0.25,0.8852556480380499,with_n2v,AtomSegNet,AtomSegNet with_n2v
00059,1000,1.0,0.0,0.8656898656898657,with_n2v,AtomSegNet,AtomSegNet with_n2v
00059,1000,1.0,0.1,0.8962875662934591,with_n2v,AtomSegNet,AtomSegNet with_n2v
00059,1000,1.0,0.25,0.8886255924170616,with_n2v,AtomSegNet,AtomSegNet with_n2v
00059,1000,2.0,0.0,0.8867353119321624,with_n2v,AtomSegNet,AtomSegNet with_n2v
00059,1000,2.0,0.1,0.9010477299185099,with_n2v,AtomSegNet,AtomSegNet with_n2v
00059,1000,2.0,0.25,0.891291642314436,with_n2v,AtomSegNet,AtomSegNet with_n2v
00062,20,0.0,0.0,0.8709494030699261,with_n2v,AtomSegNet,AtomSegNet with_n2v
00062,20,0.0,0.1,0.8816105769230769,with_n2v,AtomSegNet,AtomSegNet with_n2v
00062,20,0.0,0.25,0.8600237247924081,with_n2v,AtomSegNet,AtomSegNet with_n2v
00062,20,1.0,0.0,0.8651887357699221,with_n2v,AtomSegNet,AtomSegNet with_n2v
00062,20,1.0,0.1,0.8739495798319328,with_n2v,AtomSegNet,AtomSegNet with_n2v
00062,20,1.0,0.25,0.8025583982202447,with_n2v,AtomSegNet,AtomSegNet with_n2v
00062,20,2.0,0.0,0.864406779661017,with_n2v,AtomSegNet,AtomSegNet with_n2v
00062,20,2.0,0.1,0.8544857768052516,with_n2v,AtomSegNet,AtomSegNet with_n2v
00062,20,2.0,0.25,0.8781979977753059,with_n2v,AtomSegNet,AtomSegNet with_n2v
00062,50,0.0,0.0,0.8696439348219674,with_n2v,AtomSegNet,AtomSegNet with_n2v
00062,50,0.0,0.1,0.8523206751054853,with_n2v,AtomSegNet,AtomSegNet with_n2v
00062,50,0.0,0.25,0.8181818181818182,with_n2v,AtomSegNet,AtomSegNet with_n2v
00062,50,1.0,0.0,0.8621509209744503,with_n2v,AtomSegNet,AtomSegNet with_n2v
00062,50,1.0,0.1,0.8494687131050768,with_n2v,AtomSegNet,AtomSegNet with_n2v
00062,50,1.0,0.25,0.8607520564042304,with_n2v,AtomSegNet,AtomSegNet with_n2v
00062,50,2.0,0.0,0.8477488151658767,with_n2v,AtomSegNet,AtomSegNet with_n2v
00062,50,2.0,0.1,0.8573985680190931,with_n2v,AtomSegNet,AtomSegNet with_n2v
00062,50,2.0,0.25,0.8621887666473653,with_n2v,AtomSegNet,AtomSegNet with_n2v
00062,200,0.0,0.0,0.8437118437118437,with_n2v,AtomSegNet,AtomSegNet with_n2v
00062,200,0.0,0.1,0.8706948640483384,with_n2v,AtomSegNet,AtomSegNet with_n2v
00062,200,0.0,0.25,0.8988095238095238,with_n2v,AtomSegNet,AtomSegNet with_n2v
00062,200,1.0,0.0,0.8641600970285022,with_n2v,AtomSegNet,AtomSegNet with_n2v
00062,200,1.0,0.1,0.8884172225591267,with_n2v,AtomSegNet,AtomSegNet with_n2v
00062,200,1.0,0.25,0.90239625949737,with_n2v,AtomSegNet,AtomSegNet with_n2v
00062,200,2.0,0.0,0.8827420324714371,with_n2v,AtomSegNet,AtomSegNet with_n2v
00062,200,2.0,0.1,0.8912009512485137,with_n2v,AtomSegNet,AtomSegNet with_n2v
00062,200,2.0,0.25,0.9035796766743649,with_n2v,AtomSegNet,AtomSegNet with_n2v
00062,1000,0.0,0.0,0.8529769137302552,with_n2v,AtomSegNet,AtomSegNet with_n2v
00062,1000,0.0,0.1,0.8841722255912674,with_n2v,AtomSegNet,AtomSegNet with_n2v
00062,1000,0.0,0.25,0.8775981524249422,with_n2v,AtomSegNet,AtomSegNet with_n2v
00062,1000,1.0,0.0,0.8673965936739659,with_n2v,AtomSegNet,AtomSegNet with_n2v
00062,1000,1.0,0.1,0.8798076923076923,with_n2v,AtomSegNet,AtomSegNet with_n2v
00062,1000,1.0,0.25,0.8968713789107764,with_n2v,AtomSegNet,AtomSegNet with_n2v
00062,1000,2.0,0.0,0.8732732732732733,with_n2v,AtomSegNet,AtomSegNet with_n2v
00062,1000,2.0,0.1,0.899284862932062,with_n2v,AtomSegNet,AtomSegNet with_n2v
00062,1000,2.0,0.25,0.8894529046813311,with_n2v,AtomSegNet,AtomSegNet with_n2v
00074,20,0.0,0.0,0.8660496833901608,with_n2v,AtomSegNet,AtomSegNet with_n2v
00074,20,0.0,0.1,0.9276061776061776,with_n2v,AtomSegNet,AtomSegNet with_n2v
00074,20,0.0,0.25,0.8957528957528957,with_n2v,AtomSegNet,AtomSegNet with_n2v
00074,20,1.0,0.0,0.8811154598825832,with_n2v,AtomSegNet,AtomSegNet with_n2v
00074,20,1.0,0.1,0.9084406294706724,with_n2v,AtomSegNet,AtomSegNet with_n2v
00074,20,1.0,0.25,0.9084266926449099,with_n2v,AtomSegNet,AtomSegNet with_n2v
00074,20,2.0,0.0,0.8901790033865505,with_n2v,AtomSegNet,AtomSegNet with_n2v
00074,20,2.0,0.1,0.923581809657759,with_n2v,AtomSegNet,AtomSegNet with_n2v
00074,20,2.0,0.25,0.8982653539615565,with_n2v,AtomSegNet,AtomSegNet with_n2v
00074,50,0.0,0.0,0.8615533043897733,with_n2v,AtomSegNet,AtomSegNet with_n2v
00074,50,0.0,0.1,0.9072408897302414,with_n2v,AtomSegNet,AtomSegNet with_n2v
00074,50,0.0,0.25,0.9049665711556829,with_n2v,AtomSegNet,AtomSegNet with_n2v
00074,50,1.0,0.0,0.8756652152878568,with_n2v,AtomSegNet,AtomSegNet with_n2v
00074,50,1.0,0.1,0.8998576174655909,with_n2v,AtomSegNet,AtomSegNet with_n2v
00074,50,1.0,0.25,0.9025096525096525,with_n2v,AtomSegNet,AtomSegNet with_n2v
00074,50,2.0,0.0,0.8919308357348703,with_n2v,AtomSegNet,AtomSegNet with_n2v
00074,50,2.0,0.1,0.9082784571966134,with_n2v,AtomSegNet,AtomSegNet with_n2v
00074,50,2.0,0.25,0.9161849710982659,with_n2v,AtomSegNet,AtomSegNet with_n2v
00074,200,0.0,0.0,0.8673420164013507,with_n2v,AtomSegNet,AtomSegNet with_n2v
00074,200,0.0,0.1,0.913147792706334,with_n2v,AtomSegNet,AtomSegNet with_n2v
00074,200,0.0,0.25,0.8950646861523718,with_n2v,AtomSegNet,AtomSegNet with_n2v
00074,200,1.0,0.0,0.8721264367816092,with_n2v,AtomSegNet,AtomSegNet with_n2v
00074,200,1.0,0.1,0.9154727793696275,with_n2v,AtomSegNet,AtomSegNet with_n2v
00074,200,1.0,0.25,0.9095693779904306,with_n2v,AtomSegNet,AtomSegNet with_n2v
00074,200,2.0,0.0,0.8782816229116945,with_n2v,AtomSegNet,AtomSegNet with_n2v
00074,200,2.0,0.1,0.9152542372881356,with_n2v,AtomSegNet,AtomSegNet with_n2v
00074,200,2.0,0.25,0.915839243498818,with_n2v,AtomSegNet,AtomSegNet with_n2v
00074,1000,0.0,0.0,0.8678519942335415,with_n2v,AtomSegNet,AtomSegNet with_n2v
00074,1000,0.0,0.1,0.9077437858508605,with_n2v,AtomSegNet,AtomSegNet with_n2v
00074,1000,0.0,0.25,0.9056513409961686,with_n2v,AtomSegNet,AtomSegNet with_n2v
00074,1000,1.0,0.0,0.8716475095785441,with_n2v,AtomSegNet,AtomSegNet with_n2v
00074,1000,1.0,0.1,0.9060562708631378,with_n2v,AtomSegNet,AtomSegNet with_n2v
00074,1000,1.0,0.25,0.9022306597057428,with_n2v,AtomSegNet,AtomSegNet with_n2v
00074,1000,2.0,0.0,0.8786591123701605,with_n2v,AtomSegNet,AtomSegNet with_n2v
00074,1000,2.0,0.1,0.9121653358384217,with_n2v,AtomSegNet,AtomSegNet with_n2v
00074,1000,2.0,0.25,0.9039812646370023,with_n2v,AtomSegNet,AtomSegNet with_n2v
00077,20,0.0,0.0,0.8801775147928994,with_n2v,AtomSegNet,AtomSegNet with_n2v
00077,20,0.0,0.1,0.9293662312530238,with_n2v,AtomSegNet,AtomSegNet with_n2v
00077,20,0.0,0.25,0.8931150698122292,with_n2v,AtomSegNet,AtomSegNet with_n2v
00077,20,1.0,0.0,0.882266731802638,with_n2v,AtomSegNet,AtomSegNet with_n2v
00077,20,1.0,0.1,0.9333333333333333,with_n2v,AtomSegNet,AtomSegNet with_n2v
00077,20,1.0,0.25,0.9070339399901624,with_n2v,AtomSegNet,AtomSegNet with_n2v
00077,20,2.0,0.0,0.8819512195121951,with_n2v,AtomSegNet,AtomSegNet with_n2v
00077,20,2.0,0.1,0.9304184297132111,with_n2v,AtomSegNet,AtomSegNet with_n2v
00077,20,2.0,0.25,0.9193930772878142,with_n2v,AtomSegNet,AtomSegNet with_n2v
00077,50,0.0,0.0,0.8801169590643275,with_n2v,AtomSegNet,AtomSegNet with_n2v
00077,50,0.0,0.1,0.9247572815533981,with_n2v,AtomSegNet,AtomSegNet with_n2v
00077,50,0.0,0.25,0.9224806201550387,with_n2v,AtomSegNet,AtomSegNet with_n2v
00077,50,1.0,0.0,0.8851581508515816,with_n2v,AtomSegNet,AtomSegNet with_n2v
00077,50,1.0,0.1,0.9154863078375827,with_n2v,AtomSegNet,AtomSegNet with_n2v
00077,50,1.0,0.25,0.9222168206125425,with_n2v,AtomSegNet,AtomSegNet with_n2v
00077,50,2.0,0.0,0.9010669253152279,with_n2v,AtomSegNet,AtomSegNet with_n2v
00077,50,2.0,0.1,0.9168987929433612,with_n2v,AtomSegNet,AtomSegNet with_n2v
00077,50,2.0,0.25,0.9198841698841699,with_n2v,AtomSegNet,AtomSegNet with_n2v
00077,200,0.0,0.0,0.8953771289537713,with_n2v,AtomSegNet,AtomSegNet with_n2v
00077,200,0.0,0.1,0.9259971167707832,with_n2v,AtomSegNet,AtomSegNet with_n2v
00077,200,0.0,0.25,0.9066147859922179,with_n2v,AtomSegNet,AtomSegNet with_n2v
00077,200,1.0,0.0,0.8900726392251816,with_n2v,AtomSegNet,AtomSegNet with_n2v
00077,200,1.0,0.1,0.9191919191919192,with_n2v,AtomSegNet,AtomSegNet with_n2v
00077,200,1.0,0.25,0.9186952288218111,with_n2v,AtomSegNet,AtomSegNet with_n2v
00077,200,2.0,0.0,0.9062049062049062,with_n2v,AtomSegNet,AtomSegNet with_n2v
00077,200,2.0,0.1,0.9220291216533584,with_n2v,AtomSegNet,AtomSegNet with_n2v
00077,200,2.0,0.25,0.9183085055261894,with_n2v,AtomSegNet,AtomSegNet with_n2v
00077,1000,0.0,0.0,0.8906174039863879,with_n2v,AtomSegNet,AtomSegNet with_n2v
00077,1000,0.0,0.1,0.9217098943323727,with_n2v,AtomSegNet,AtomSegNet with_n2v
00077,1000,0.0,0.25,0.9158200290275762,with_n2v,AtomSegNet,AtomSegNet with_n2v
00077,1000,1.0,0.0,0.8930300096805421,with_n2v,AtomSegNet,AtomSegNet with_n2v
00077,1000,1.0,0.1,0.9247363374880153,with_n2v,AtomSegNet,AtomSegNet with_n2v
00077,1000,1.0,0.25,0.9142994703899856,with_n2v,AtomSegNet,AtomSegNet with_n2v
00077,1000,2.0,0.0,0.9046478198370868,with_n2v,AtomSegNet,AtomSegNet with_n2v
00077,1000,2.0,0.1,0.9251893939393939,with_n2v,AtomSegNet,AtomSegNet with_n2v
00077,1000,2.0,0.25,0.9231136580706781,with_n2v,AtomSegNet,AtomSegNet with_n2v
00080,20,0.0,0.0,0.8464351005484461,with_n2v,AtomSegNet,AtomSegNet with_n2v
00080,20,0.0,0.1,0.871900826446281,with_n2v,AtomSegNet,AtomSegNet with_n2v
00080,20,0.0,0.25,0.8707515557683102,with_n2v,AtomSegNet,AtomSegNet with_n2v
00080,20,1.0,0.0,0.8445245606128887,with_n2v,AtomSegNet,AtomSegNet with_n2v
00080,20,1.0,0.1,0.8695042095416277,with_n2v,AtomSegNet,AtomSegNet with_n2v
00080,20,1.0,0.25,0.8519372693726938,with_n2v,AtomSegNet,AtomSegNet with_n2v
00080,20,2.0,0.0,0.8487654320987654,with_n2v,AtomSegNet,AtomSegNet with_n2v
00080,20,2.0,0.1,0.8685661764705882,with_n2v,AtomSegNet,AtomSegNet with_n2v
00080,20,2.0,0.25,0.8819412039197387,with_n2v,AtomSegNet,AtomSegNet with_n2v
00080,50,0.0,0.0,0.8903917910447762,with_n2v,AtomSegNet,AtomSegNet with_n2v
00080,50,0.0,0.1,0.8630009319664492,with_n2v,AtomSegNet,AtomSegNet with_n2v
00080,50,0.0,0.25,0.8790675084992715,with_n2v,AtomSegNet,AtomSegNet with_n2v
00080,50,1.0,0.0,0.9001883239171374,with_n2v,AtomSegNet,AtomSegNet with_n2v
00080,50,1.0,0.1,0.8832866479925303,with_n2v,AtomSegNet,AtomSegNet with_n2v
00080,50,1.0,0.25,0.8645933014354067,with_n2v,AtomSegNet,AtomSegNet with_n2v
00080,50,2.0,0.0,0.8788150807899462,with_n2v,AtomSegNet,AtomSegNet with_n2v
00080,50,2.0,0.1,0.8741355463347165,with_n2v,AtomSegNet,AtomSegNet with_n2v
00080,50,2.0,0.25,0.8697282099343955,with_n2v,AtomSegNet,AtomSegNet with_n2v
00080,200,0.0,0.0,0.9166666666666666,with_n2v,AtomSegNet,AtomSegNet with_n2v
00080,200,0.0,0.1,0.8903318903318903,with_n2v,AtomSegNet,AtomSegNet with_n2v
00080,200,0.0,0.25,0.8880233690360273,with_n2v,AtomSegNet,AtomSegNet with_n2v
00080,200,1.0,0.0,0.8963414634146342,with_n2v,AtomSegNet,AtomSegNet with_n2v
00080,200,1.0,0.1,0.8902147971360382,with_n2v,AtomSegNet,AtomSegNet with_n2v
00080,200,1.0,0.25,0.8604197169350903,with_n2v,AtomSegNet,AtomSegNet with_n2v
00080,200,2.0,0.0,0.885766092475068,with_n2v,AtomSegNet,AtomSegNet with_n2v
00080,200,2.0,0.1,0.8849765258215962,with_n2v,AtomSegNet,AtomSegNet with_n2v
00080,200,2.0,0.25,0.8902974158946855,with_n2v,AtomSegNet,AtomSegNet with_n2v
00080,1000,0.0,0.0,0.8943360304616849,with_n2v,AtomSegNet,AtomSegNet with_n2v
00080,1000,0.0,0.1,0.8972999035679846,with_n2v,AtomSegNet,AtomSegNet with_n2v
00080,1000,0.0,0.25,0.86767578125,with_n2v,AtomSegNet,AtomSegNet with_n2v
00080,1000,1.0,0.0,0.8957547169811321,with_n2v,AtomSegNet,AtomSegNet with_n2v
00080,1000,1.0,0.1,0.8940047961630695,with_n2v,AtomSegNet,AtomSegNet with_n2v
00080,1000,1.0,0.25,0.8689722357525572,with_n2v,AtomSegNet,AtomSegNet with_n2v
00080,1000,2.0,0.0,0.8956884561891516,with_n2v,AtomSegNet,AtomSegNet with_n2v
00080,1000,2.0,0.1,0.9069212410501193,with_n2v,AtomSegNet,AtomSegNet with_n2v
00080,1000,2.0,0.25,0.8922852983988355,with_n2v,AtomSegNet,AtomSegNet with_n2v
00081,20,0.0,0.0,0.8876025084418717,with_n2v,AtomSegNet,AtomSegNet with_n2v
00081,20,0.0,0.1,0.8878729547641964,with_n2v,AtomSegNet,AtomSegNet with_n2v
00081,20,0.0,0.25,0.9054702495201535,with_n2v,AtomSegNet,AtomSegNet with_n2v
00081,20,1.0,0.0,0.9156279961649089,with_n2v,AtomSegNet,AtomSegNet with_n2v
00081,20,1.0,0.1,0.902158273381295,with_n2v,AtomSegNet,AtomSegNet with_n2v
00081,20,1.0,0.25,0.8957732949087416,with_n2v,AtomSegNet,AtomSegNet with_n2v
00081,20,2.0,0.0,0.9125239005736138,with_n2v,AtomSegNet,AtomSegNet with_n2v
00081,20,2.0,0.1,0.9070217917675545,with_n2v,AtomSegNet,AtomSegNet with_n2v
00081,20,2.0,0.25,0.9017980636237898,with_n2v,AtomSegNet,AtomSegNet with_n2v
00081,50,0.0,0.0,0.892023346303502,with_n2v,AtomSegNet,AtomSegNet with_n2v
00081,50,0.0,0.1,0.8678328474246841,with_n2v,AtomSegNet,AtomSegNet with_n2v
00081,50,0.0,0.25,0.9003419638495359,with_n2v,AtomSegNet,AtomSegNet with_n2v
00081,50,1.0,0.0,0.885603490063015,with_n2v,AtomSegNet,AtomSegNet with_n2v
00081,50,1.0,0.1,0.8789965568125923,with_n2v,AtomSegNet,AtomSegNet with_n2v
00081,50,1.0,0.25,0.8850855745721271,with_n2v,AtomSegNet,AtomSegNet with_n2v
00081,50,2.0,0.0,0.89453125,with_n2v,AtomSegNet,AtomSegNet with_n2v
00081,50,2.0,0.1,0.895070766227428,with_n2v,AtomSegNet,AtomSegNet with_n2v
00081,50,2.0,0.25,0.9013539651837524,with_n2v,AtomSegNet,AtomSegNet with_n2v
00081,200,0.0,0.0,0.8788774002954209,with_n2v,AtomSegNet,AtomSegNet with_n2v
00081,200,0.0,0.1,0.8772189349112426,with_n2v,AtomSegNet,AtomSegNet with_n2v
00081,200,0.0,0.25,0.8865979381443299,with_n2v,AtomSegNet,AtomSegNet with_n2v
00081,200,1.0,0.0,0.8936484490398818,with_n2v,AtomSegNet,AtomSegNet with_n2v
00081,200,1.0,0.1,0.8774606299212598,with_n2v,AtomSegNet,AtomSegNet with_n2v
00081,200,1.0,0.25,0.8848991637973438,with_n2v,AtomSegNet,AtomSegNet with_n2v
00081,200,2.0,0.0,0.8889980353634578,with_n2v,AtomSegNet,AtomSegNet with_n2v
00081,200,2.0,0.1,0.8920510304219823,with_n2v,AtomSegNet,AtomSegNet with_n2v
00081,200,2.0,0.25,0.9066014669926651,with_n2v,AtomSegNet,AtomSegNet with_n2v
00081,1000,0.0,0.0,0.8739537173806007,with_n2v,AtomSegNet,AtomSegNet with_n2v
00081,1000,0.0,0.1,0.8645320197044335,with_n2v,AtomSegNet,AtomSegNet with_n2v
00081,1000,0.0,0.25,0.8837095191364083,with_n2v,AtomSegNet,AtomSegNet with_n2v
00081,1000,1.0,0.0,0.8778325123152709,with_n2v,AtomSegNet,AtomSegNet with_n2v
00081,1000,1.0,0.1,0.8807881773399014,with_n2v,AtomSegNet,AtomSegNet with_n2v
00081,1000,1.0,0.25,0.8935752820009809,with_n2v,AtomSegNet,AtomSegNet with_n2v
00081,1000,2.0,0.0,0.9005876591576886,with_n2v,AtomSegNet,AtomSegNet with_n2v
00081,1000,2.0,0.1,0.8886709171162335,with_n2v,AtomSegNet,AtomSegNet with_n2v
00081,1000,2.0,0.25,0.9039492930277914,with_n2v,AtomSegNet,AtomSegNet with_n2v
00001,20,0.0,0.0,0.8573113207547169,with_n2v,UNetPP,UNetPP with_n2v
00001,20,0.0,0.1,0.8710227272727272,with_n2v,UNetPP,UNetPP with_n2v
00001,20,0.0,0.25,0.8303425774877651,with_n2v,UNetPP,UNetPP with_n2v
00001,20,1.0,0.0,0.8654183733177296,with_n2v,UNetPP,UNetPP with_n2v
00001,20,1.0,0.1,0.8738292011019284,with_n2v,UNetPP,UNetPP with_n2v
00001,20,1.0,0.25,0.83663631494376,with_n2v,UNetPP,UNetPP with_n2v
00001,20,2.0,0.0,0.8730434782608696,with_n2v,UNetPP,UNetPP with_n2v
00001,20,2.0,0.1,0.866304347826087,with_n2v,UNetPP,UNetPP with_n2v
00001,20,2.0,0.25,0.8109243697478992,with_n2v,UNetPP,UNetPP with_n2v
00001,50,0.0,0.0,0.856379821958457,with_n2v,UNetPP,UNetPP with_n2v
00001,50,0.0,0.1,0.879083094555874,with_n2v,UNetPP,UNetPP with_n2v
00001,50,0.0,0.25,0.8458542014468559,with_n2v,UNetPP,UNetPP with_n2v
00001,50,1.0,0.0,0.8583333333333333,with_n2v,UNetPP,UNetPP with_n2v
00001,50,1.0,0.1,0.8759248719408081,with_n2v,UNetPP,UNetPP with_n2v
00001,50,1.0,0.25,0.839010989010989,with_n2v,UNetPP,UNetPP with_n2v
00001,50,2.0,0.0,0.8672566371681416,with_n2v,UNetPP,UNetPP with_n2v
00001,50,2.0,0.1,0.8728484175458079,with_n2v,UNetPP,UNetPP with_n2v
00001,50,2.0,0.25,0.8356909684439608,with_n2v,UNetPP,UNetPP with_n2v
00001,200,0.0,0.0,0.8607292289300658,with_n2v,UNetPP,UNetPP with_n2v
00001,200,0.0,0.1,0.8828985507246376,with_n2v,UNetPP,UNetPP with_n2v
00001,200,0.0,0.25,0.8589306029579067,with_n2v,UNetPP,UNetPP with_n2v
00001,200,1.0,0.0,0.8634466308884914,with_n2v,UNetPP,UNetPP with_n2v
00001,200,1.0,0.1,0.878090856814261,with_n2v,UNetPP,UNetPP with_n2v
00001,200,1.0,0.25,0.856341189674523,with_n2v,UNetPP,UNetPP with_n2v
00001,200,2.0,0.0,0.8707201889020071,with_n2v,UNetPP,UNetPP with_n2v
00001,200,2.0,0.1,0.8759206798866855,with_n2v,UNetPP,UNetPP with_n2v
00001,200,2.0,0.25,0.8420473307649973,with_n2v,UNetPP,UNetPP with_n2v
00001,1000,0.0,0.0,0.8568004793289394,with_n2v,UNetPP,UNetPP with_n2v
00001,1000,0.0,0.1,0.8773255813953489,with_n2v,UNetPP,UNetPP with_n2v
00001,1000,0.0,0.25,0.8604250430786904,with_n2v,UNetPP,UNetPP with_n2v
00001,1000,1.0,0.0,0.8617594254937163,with_n2v,UNetPP,UNetPP with_n2v
00001,1000,1.0,0.1,0.8833430063842136,with_n2v,UNetPP,UNetPP with_n2v
00001,1000,1.0,0.25,0.8615738081562321,with_n2v,UNetPP,UNetPP with_n2v
00001,1000,2.0,0.0,0.8682033096926713,with_n2v,UNetPP,UNetPP with_n2v
00001,1000,2.0,0.1,0.8757126567844926,with_n2v,UNetPP,UNetPP with_n2v
00001,1000,2.0,0.25,0.8573844419391207,with_n2v,UNetPP,UNetPP with_n2v
00004,20,0.0,0.0,0.8777844671884407,with_n2v,UNetPP,UNetPP with_n2v
00004,20,0.0,0.1,0.875140607424072,with_n2v,UNetPP,UNetPP with_n2v
00004,20,0.0,0.25,0.8417894162575014,with_n2v,UNetPP,UNetPP with_n2v
00004,20,1.0,0.0,0.8892233594220349,with_n2v,UNetPP,UNetPP with_n2v
00004,20,1.0,0.1,0.8955732122587968,with_n2v,UNetPP,UNetPP with_n2v
00004,20,1.0,0.25,0.8669265033407573,with_n2v,UNetPP,UNetPP with_n2v
00004,20,2.0,0.0,0.901072705601907,with_n2v,UNetPP,UNetPP with_n2v
00004,20,2.0,0.1,0.8555256064690027,with_n2v,UNetPP,UNetPP with_n2v
00004,20,2.0,0.25,0.8590381426202321,with_n2v,UNetPP,UNetPP with_n2v
00004,50,0.0,0.0,0.8875453446191052,with_n2v,UNetPP,UNetPP with_n2v
00004,50,0.0,0.1,0.9001751313485113,with_n2v,UNetPP,UNetPP with_n2v
00004,50,0.0,0.25,0.8733031674208145,with_n2v,UNetPP,UNetPP with_n2v
00004,50,1.0,0.0,0.8923821039903265,with_n2v,UNetPP,UNetPP with_n2v
00004,50,1.0,0.1,0.902834008097166,with_n2v,UNetPP,UNetPP with_n2v
00004,50,1.0,0.25,0.8594534300055773,with_n2v,UNetPP,UNetPP with_n2v
00004,50,2.0,0.0,0.896345116836429,with_n2v,UNetPP,UNetPP with_n2v
00004,50,2.0,0.1,0.8886376483889203,with_n2v,UNetPP,UNetPP with_n2v
00004,50,2.0,0.25,0.8627777777777778,with_n2v,UNetPP,UNetPP with_n2v
00004,200,0.0,0.0,0.8806060606060606,with_n2v,UNetPP,UNetPP with_n2v
00004,200,0.0,0.1,0.8974510966212211,with_n2v,UNetPP,UNetPP with_n2v
00004,200,0.0,0.25,0.8791593695271454,with_n2v,UNetPP,UNetPP with_n2v
00004,200,1.0,0.0,0.8777239709443099,with_n2v,UNetPP,UNetPP with_n2v
00004,200,1.0,0.1,0.8989958653278204,with_n2v,UNetPP,UNetPP with_n2v
00004,200,1.0,0.25,0.8726958525345622,with_n2v,UNetPP,UNetPP with_n2v
00004,200,2.0,0.0,0.8851674641148325,with_n2v,UNetPP,UNetPP with_n2v
00004,200,2.0,0.1,0.9012775842044135,with_n2v,UNetPP,UNetPP with_n2v
00004,200,2.0,0.25,0.8677218767665348,with_n2v,UNetPP,UNetPP with_n2v
00004,1000,0.0,0.0,0.8778857837181046,with_n2v,UNetPP,UNetPP with_n2v
00004,1000,0.0,0.1,0.8982035928143712,with_n2v,UNetPP,UNetPP with_n2v
00004,1000,0.0,0.25,0.8856132075471698,with_n2v,UNetPP,UNetPP with_n2v
00004,1000,1.0,0.0,0.8846387370977535,with_n2v,UNetPP,UNetPP with_n2v
00004,1000,1.0,0.1,0.8967359050445104,with_n2v,UNetPP,UNetPP with_n2v
00004,1000,1.0,0.25,0.8788765359859567,with_n2v,UNetPP,UNetPP with_n2v
00004,1000,2.0,0.0,0.8932213557288542,with_n2v,UNetPP,UNetPP with_n2v
00004,1000,2.0,0.1,0.9055718475073313,with_n2v,UNetPP,UNetPP with_n2v
00004,1000,2.0,0.25,0.8812970469021424,with_n2v,UNetPP,UNetPP with_n2v
00011,20,0.0,0.0,0.8946417820590006,with_n2v,UNetPP,UNetPP with_n2v
00011,20,0.0,0.1,0.8903335217637083,with_n2v,UNetPP,UNetPP with_n2v
00011,20,0.0,0.25,0.8568317909635275,with_n2v,UNetPP,UNetPP with_n2v
00011,20,1.0,0.0,0.8905502392344498,with_n2v,UNetPP,UNetPP with_n2v
00011,20,1.0,0.1,0.8917233560090703,with_n2v,UNetPP,UNetPP with_n2v
00011,20,1.0,0.25,0.8772321428571429,with_n2v,UNetPP,UNetPP with_n2v
00011,20,2.0,0.0,0.9018551765409935,with_n2v,UNetPP,UNetPP with_n2v
00011,20,2.0,0.1,0.8896283971159179,with_n2v,UNetPP,UNetPP with_n2v
00011,20,2.0,0.25,0.8528943175783325,with_n2v,UNetPP,UNetPP with_n2v
00011,50,0.0,0.0,0.886404833836858,with_n2v,UNetPP,UNetPP with_n2v
00011,50,0.0,0.1,0.8981481481481481,with_n2v,UNetPP,UNetPP with_n2v
00011,50,0.0,0.25,0.8721719457013575,with_n2v,UNetPP,UNetPP with_n2v
00011,50,1.0,0.0,0.8882175226586103,with_n2v,UNetPP,UNetPP with_n2v
00011,50,1.0,0.1,0.9153531815528313,with_n2v,UNetPP,UNetPP with_n2v
00011,50,1.0,0.25,0.8691746209994385,with_n2v,UNetPP,UNetPP with_n2v
00011,50,2.0,0.0,0.9069627851140456,with_n2v,UNetPP,UNetPP with_n2v
00011,50,2.0,0.1,0.8969422423556059,with_n2v,UNetPP,UNetPP with_n2v
00011,50,2.0,0.25,0.8599670510708401,with_n2v,UNetPP,UNetPP with_n2v
00011,200,0.0,0.0,0.8903775883069428,with_n2v,UNetPP,UNetPP with_n2v
00011,200,0.0,0.1,0.9116945107398569,with_n2v,UNetPP,UNetPP with_n2v
00011,200,0.0,0.25,0.8789107763615296,with_n2v,UNetPP,UNetPP with_n2v
00011,200,1.0,0.0,0.8937462052216151,with_n2v,UNetPP,UNetPP with_n2v
00011,200,1.0,0.1,0.921021377672209,with_n2v,UNetPP,UNetPP with_n2v
00011,200,1.0,0.25,0.8843262001156738,with_n2v,UNetPP,UNetPP with_n2v
00011,200,2.0,0.0,0.9059107358262968,with_n2v,UNetPP,UNetPP with_n2v
00011,200,2.0,0.1,0.9092495636998255,with_n2v,UNetPP,UNetPP with_n2v
00011,200,2.0,0.25,0.883892999430848,with_n2v,UNetPP,UNetPP with_n2v
00011,1000,0.0,0.0,0.8865853658536585,with_n2v,UNetPP,UNetPP with_n2v
00011,1000,0.0,0.1,0.9128605769230769,with_n2v,UNetPP,UNetPP with_n2v
00011,1000,0.0,0.25,0.8905882352941177,with_n2v,UNetPP,UNetPP with_n2v
00011,1000,1.0,0.0,0.8935523114355232,with_n2v,UNetPP,UNetPP with_n2v
00011,1000,1.0,0.1,0.9139270771069934,with_n2v,UNetPP,UNetPP with_n2v
00011,1000,1.0,0.25,0.8895417156286721,with_n2v,UNetPP,UNetPP with_n2v
00011,1000,2.0,0.0,0.9004825090470446,with_n2v,UNetPP,UNetPP with_n2v
00011,1000,2.0,0.1,0.916519694297472,with_n2v,UNetPP,UNetPP with_n2v
00011,1000,2.0,0.25,0.89171974522293,with_n2v,UNetPP,UNetPP with_n2v
00018,20,0.0,0.0,0.8754266211604096,with_n2v,UNetPP,UNetPP with_n2v
00018,20,0.0,0.1,0.8700173310225303,with_n2v,UNetPP,UNetPP with_n2v
00018,20,0.0,0.25,0.8131578947368421,with_n2v,UNetPP,UNetPP with_n2v
00018,20,1.0,0.0,0.8544733861834655,with_n2v,UNetPP,UNetPP with_n2v
00018,20,1.0,0.1,0.8605061801059447,with_n2v,UNetPP,UNetPP with_n2v
00018,20,1.0,0.25,0.8413566739606126,with_n2v,UNetPP,UNetPP with_n2v
00018,20,2.0,0.0,0.8852924474730267,with_n2v,UNetPP,UNetPP with_n2v
00018,20,2.0,0.1,0.83867341202923,with_n2v,UNetPP,UNetPP with_n2v
00018,20,2.0,0.25,0.8458605664488017,with_n2v,UNetPP,UNetPP with_n2v
00018,50,0.0,0.0,0.8749248346361996,with_n2v,UNetPP,UNetPP with_n2v
00018,50,0.0,0.1,0.8845002992220228,with_n2v,UNetPP,UNetPP with_n2v
00018,50,0.0,0.25,0.875215641173088,with_n2v,UNetPP,UNetPP with_n2v
00018,50,1.0,0.0,0.8584961515689757,with_n2v,UNetPP,UNetPP with_n2v
00018,50,1.0,0.1,0.8722388059701492,with_n2v,UNetPP,UNetPP with_n2v
00018,50,1.0,0.25,0.8709494030699261,with_n2v,UNetPP,UNetPP with_n2v
00018,50,2.0,0.0,0.8392857142857143,with_n2v,UNetPP,UNetPP with_n2v
00018,50,2.0,0.1,0.8653061224489796,with_n2v,UNetPP,UNetPP with_n2v
00018,50,2.0,0.25,0.8658328595793064,with_n2v,UNetPP,UNetPP with_n2v
00018,200,0.0,0.0,0.8604229607250755,with_n2v,UNetPP,UNetPP with_n2v
00018,200,0.0,0.1,0.8545780969479354,with_n2v,UNetPP,UNetPP with_n2v
00018,200,0.0,0.25,0.8818289786223278,with_n2v,UNetPP,UNetPP with_n2v
00018,200,1.0,0.0,0.8635817307692307,with_n2v,UNetPP,UNetPP with_n2v
00018,200,1.0,0.1,0.8593939393939394,with_n2v,UNetPP,UNetPP with_n2v
00018,200,1.0,0.25,0.875886524822695,with_n2v,UNetPP,UNetPP with_n2v
00018,200,2.0,0.0,0.858682634730539,with_n2v,UNetPP,UNetPP with_n2v
00018,200,2.0,0.1,0.8619869125520524,with_n2v,UNetPP,UNetPP with_n2v
00018,200,2.0,0.25,0.8772647574517826,with_n2v,UNetPP,UNetPP with_n2v
00018,1000,0.0,0.0,0.848078096400244,with_n2v,UNetPP,UNetPP with_n2v
00018,1000,0.0,0.1,0.847323600973236,with_n2v,UNetPP,UNetPP with_n2v
00018,1000,0.0,0.25,0.8716867469879518,with_n2v,UNetPP,UNetPP with_n2v
00018,1000,1.0,0.0,0.8497566909975669,with_n2v,UNetPP,UNetPP with_n2v
00018,1000,1.0,0.1,0.8502122498483929,with_n2v,UNetPP,UNetPP with_n2v
00018,1000,1.0,0.25,0.8768028846153846,with_n2v,UNetPP,UNetPP with_n2v
00018,1000,2.0,0.0,0.8619018776499091,with_n2v,UNetPP,UNetPP with_n2v
00018,1000,2.0,0.1,0.857487922705314,with_n2v,UNetPP,UNetPP with_n2v
00018,1000,2.0,0.25,0.8820023837902264,with_n2v,UNetPP,UNetPP with_n2v
00021,20,0.0,0.0,0.8678571428571429,with_n2v,UNetPP,UNetPP with_n2v
00021,20,0.0,0.1,0.8711691259931895,with_n2v,UNetPP,UNetPP with_n2v
00021,20,0.0,0.25,0.8417894162575014,with_n2v,UNetPP,UNetPP with_n2v
00021,20,1.0,0.0,0.8715651135005974,with_n2v,UNetPP,UNetPP with_n2v
00021,20,1.0,0.1,0.8526490066225165,with_n2v,UNetPP,UNetPP with_n2v
00021,20,1.0,0.25,0.832972972972973,with_n2v,UNetPP,UNetPP with_n2v
00021,20,2.0,0.0,0.8598837209302326,with_n2v,UNetPP,UNetPP with_n2v
00021,20,2.0,0.1,0.8523886205045625,with_n2v,UNetPP,UNetPP with_n2v
00021,20,2.0,0.25,0.8304535637149028,with_n2v,UNetPP,UNetPP with_n2v
00021,50,0.0,0.0,0.8590203106332138,with_n2v,UNetPP,UNetPP with_n2v
00021,50,0.0,0.1,0.873006833712984,with_n2v,UNetPP,UNetPP with_n2v
00021,50,0.0,0.25,0.8338852097130243,with_n2v,UNetPP,UNetPP with_n2v
00021,50,1.0,0.0,0.8640429338103757,with_n2v,UNetPP,UNetPP with_n2v
00021,50,1.0,0.1,0.8691011235955056,with_n2v,UNetPP,UNetPP with_n2v
00021,50,1.0,0.25,0.8363636363636363,with_n2v,UNetPP,UNetPP with_n2v
00021,50,2.0,0.0,0.8711583924349882,with_n2v,UNetPP,UNetPP with_n2v
00021,50,2.0,0.1,0.8602981778023192,with_n2v,UNetPP,UNetPP with_n2v
00021,50,2.0,0.25,0.8289760348583878,with_n2v,UNetPP,UNetPP with_n2v
00021,200,0.0,0.0,0.856885147324113,with_n2v,UNetPP,UNetPP with_n2v
00021,200,0.0,0.1,0.8795811518324608,with_n2v,UNetPP,UNetPP with_n2v
00021,200,0.0,0.25,0.8424618859401468,with_n2v,UNetPP,UNetPP with_n2v
00021,200,1.0,0.0,0.8627098321342925,with_n2v,UNetPP,UNetPP with_n2v
00021,200,1.0,0.1,0.8687963491158015,with_n2v,UNetPP,UNetPP with_n2v
00021,200,1.0,0.25,0.8431044109436069,with_n2v,UNetPP,UNetPP with_n2v
00021,200,2.0,0.0,0.8706998813760379,with_n2v,UNetPP,UNetPP with_n2v
00021,200,2.0,0.1,0.8753541076487252,with_n2v,UNetPP,UNetPP with_n2v
00021,200,2.0,0.25,0.8492545554942021,with_n2v,UNetPP,UNetPP with_n2v
00021,1000,0.0,0.0,0.8567128236002408,with_n2v,UNetPP,UNetPP with_n2v
00021,1000,0.0,0.1,0.8755113968439509,with_n2v,UNetPP,UNetPP with_n2v
00021,1000,0.0,0.25,0.8495726495726496,with_n2v,UNetPP,UNetPP with_n2v
00021,1000,1.0,0.0,0.8578284343131374,with_n2v,UNetPP,UNetPP with_n2v
00021,1000,1.0,0.1,0.8765932792584009,with_n2v,UNetPP,UNetPP with_n2v
00021,1000,1.0,0.25,0.8499147242751564,with_n2v,UNetPP,UNetPP with_n2v
00021,1000,2.0,0.0,0.8660343805572022,with_n2v,UNetPP,UNetPP with_n2v
00021,1000,2.0,0.1,0.8651558073654391,with_n2v,UNetPP,UNetPP with_n2v
00021,1000,2.0,0.25,0.8507882882882883,with_n2v,UNetPP,UNetPP with_n2v
00024,20,0.0,0.0,0.8826530612244898,with_n2v,UNetPP,UNetPP with_n2v
00024,20,0.0,0.1,0.8775055679287305,with_n2v,UNetPP,UNetPP with_n2v
00024,20,0.0,0.25,0.9078947368421053,with_n2v,UNetPP,UNetPP with_n2v
00024,20,1.0,0.0,0.8738938053097345,with_n2v,UNetPP,UNetPP with_n2v
00024,20,1.0,0.1,0.8841059602649006,with_n2v,UNetPP,UNetPP with_n2v
00024,20,1.0,0.25,0.9212551805802249,with_n2v,UNetPP,UNetPP with_n2v
00024,20,2.0,0.0,0.8878973786949247,with_n2v,UNetPP,UNetPP with_n2v
00024,20,2.0,0.1,0.8719076415612974,with_n2v,UNetPP,UNetPP with_n2v
00024,20,2.0,0.25,0.8671875,with_n2v,UNetPP,UNetPP with_n2v
00024,50,0.0,0.0,0.9066590779738191,with_n2v,UNetPP,UNetPP with_n2v
00024,50,0.0,0.1,0.9028960817717206,with_n2v,UNetPP,UNetPP with_n2v
00024,50,0.0,0.25,0.9084928229665071,with_n2v,UNetPP,UNetPP with_n2v
00024,50,1.0,0.0,0.8880846325167038,with_n2v,UNetPP,UNetPP with_n2v
00024,50,1.0,0.1,0.8828428650749583,with_n2v,UNetPP,UNetPP with_n2v
00024,50,1.0,0.25,0.9160756501182034,with_n2v,UNetPP,UNetPP with_n2v
00024,50,2.0,0.0,0.8805723720418271,with_n2v,UNetPP,UNetPP with_n2v
00024,50,2.0,0.1,0.8745874587458746,with_n2v,UNetPP,UNetPP with_n2v
00024,50,2.0,0.25,0.8983739837398373,with_n2v,UNetPP,UNetPP with_n2v
00024,200,0.0,0.0,0.9042735042735043,with_n2v,UNetPP,UNetPP with_n2v
00024,200,0.0,0.1,0.9108170310701956,with_n2v,UNetPP,UNetPP with_n2v
00024,200,0.0,0.25,0.8950471698113207,with_n2v,UNetPP,UNetPP with_n2v
00024,200,1.0,0.0,0.8950617283950617,with_n2v,UNetPP,UNetPP with_n2v
00024,200,1.0,0.1,0.8967452300785634,with_n2v,UNetPP,UNetPP with_n2v
00024,200,1.0,0.25,0.9087677725118484,with_n2v,UNetPP,UNetPP with_n2v
00024,200,2.0,0.0,0.8728260869565218,with_n2v,UNetPP,UNetPP with_n2v
00024,200,2.0,0.1,0.8868552412645591,with_n2v,UNetPP,UNetPP with_n2v
00024,200,2.0,0.25,0.9024529378208785,with_n2v,UNetPP,UNetPP with_n2v
00024,1000,0.0,0.0,0.9052750992626205,with_n2v,UNetPP,UNetPP with_n2v
00024,1000,0.0,0.1,0.9118488838008014,with_n2v,UNetPP,UNetPP with_n2v
00024,1000,0.0,0.25,0.9010663507109005,with_n2v,UNetPP,UNetPP with_n2v
00024,1000,1.0,0.0,0.9084186575654153,with_n2v,UNetPP,UNetPP with_n2v
00024,1000,1.0,0.1,0.9011857707509882,with_n2v,UNetPP,UNetPP with_n2v
00024,1000,1.0,0.25,0.9086084905660378,with_n2v,UNetPP,UNetPP with_n2v
00024,1000,2.0,0.0,0.8523632501327668,with_n2v,UNetPP,UNetPP with_n2v
00024,1000,2.0,0.1,0.8882743362831859,with_n2v,UNetPP,UNetPP with_n2v
00024,1000,2.0,0.25,0.9118505545826037,with_n2v,UNetPP,UNetPP with_n2v
00030,20,0.0,0.0,0.8992154496077248,with_n2v,UNetPP,UNetPP with_n2v
00030,20,0.0,0.1,0.8824512534818941,with_n2v,UNetPP,UNetPP with_n2v
00030,20,0.0,0.25,0.8611579539066891,with_n2v,UNetPP,UNetPP with_n2v
00030,20,1.0,0.0,0.892512077294686,with_n2v,UNetPP,UNetPP with_n2v
00030,20,1.0,0.1,0.8895184135977338,with_n2v,UNetPP,UNetPP with_n2v
00030,20,1.0,0.25,0.8542128603104213,with_n2v,UNetPP,UNetPP with_n2v
00030,20,2.0,0.0,0.8963230861965039,with_n2v,UNetPP,UNetPP with_n2v
00030,20,2.0,0.1,0.8786381109280615,with_n2v,UNetPP,UNetPP with_n2v
00030,20,2.0,0.25,0.8421052631578947,with_n2v,UNetPP,UNetPP with_n2v
00030,50,0.0,0.0,0.8819233110164334,with_n2v,UNetPP,UNetPP with_n2v
00030,50,0.0,0.1,0.9025936599423631,with_n2v,UNetPP,UNetPP with_n2v
00030,50,0.0,0.25,0.8650927487352446,with_n2v,UNetPP,UNetPP with_n2v
00030,50,1.0,0.0,0.8762824381412191,with_n2v,UNetPP,UNetPP with_n2v
00030,50,1.0,0.1,0.8893905191873589,with_n2v,UNetPP,UNetPP with_n2v
00030,50,1.0,0.25,0.8750713063320023,with_n2v,UNetPP,UNetPP with_n2v
00030,50,2.0,0.0,0.8894894894894895,with_n2v,UNetPP,UNetPP with_n2v
00030,50,2.0,0.1,0.8780487804878049,with_n2v,UNetPP,UNetPP with_n2v
00030,50,2.0,0.25,0.8565145684442002,with_n2v,UNetPP,UNetPP with_n2v
00030,200,0.0,0.0,0.8765133171912833,with_n2v,UNetPP,UNetPP with_n2v
00030,200,0.0,0.1,0.8974809607498535,with_n2v,UNetPP,UNetPP with_n2v
00030,200,0.0,0.25,0.8729977116704806,with_n2v,UNetPP,UNetPP with_n2v
00030,200,1.0,0.0,0.8822815533980582,with_n2v,UNetPP,UNetPP with_n2v
00030,200,1.0,0.1,0.9016298020954598,with_n2v,UNetPP,UNetPP with_n2v
00030,200,1.0,0.25,0.8656462585034014,with_n2v,UNetPP,UNetPP with_n2v
00030,200,2.0,0.0,0.8911605532170775,with_n2v,UNetPP,UNetPP with_n2v
00030,200,2.0,0.1,0.8898927159796725,with_n2v,UNetPP,UNetPP with_n2v
00030,200,2.0,0.25,0.8707138842046094,with_n2v,UNetPP,UNetPP with_n2v
00030,1000,0.0,0.0,0.8732565191024864,with_n2v,UNetPP,UNetPP with_n2v
00030,1000,0.0,0.1,0.8992339422510313,with_n2v,UNetPP,UNetPP with_n2v
00030,1000,0.0,0.25,0.8791400348634515,with_n2v,UNetPP,UNetPP with_n2v
00030,1000,1.0,0.0,0.8776499091459722,with_n2v,UNetPP,UNetPP with_n2v
00030,1000,1.0,0.1,0.8988895382817066,with_n2v,UNetPP,UNetPP with_n2v
00030,1000,1.0,0.25,0.8828985507246376,with_n2v,UNetPP,UNetPP with_n2v
00030,1000,2.0,0.0,0.8863499699338545,with_n2v,UNetPP,UNetPP with_n2v
00030,1000,2.0,0.1,0.8974799541809851,with_n2v,UNetPP,UNetPP with_n2v
00030,1000,2.0,0.25,0.8757094211123723,with_n2v,UNetPP,UNetPP with_n2v
00033,20,0.0,0.0,0.7155870445344129,with_n2v,UNetPP,UNetPP with_n2v
00033,20,0.0,0.1,0.6728880157170923,with_n2v,UNetPP,UNetPP with_n2v
00033,20,0.0,0.25,0.6455256298870548,with_n2v,UNetPP,UNetPP with_n2v
00033,20,1.0,0.0,0.7220588235294118,with_n2v,UNetPP,UNetPP with_n2v
00033,20,1.0,0.1,0.68351324828263,with_n2v,UNetPP,UNetPP with_n2v
00033,20,1.0,0.25,0.5611847233047544,with_n2v,UNetPP,UNetPP with_n2v
00033,20,2.0,0.0,0.645541958041958,with_n2v,UNetPP,UNetPP with_n2v
00033,20,2.0,0.1,0.676623992413466,with_n2v,UNetPP,UNetPP with_n2v
00033,20,2.0,0.25,0.5904276186739899,with_n2v,UNetPP,UNetPP with_n2v
00033,50,0.0,0.0,0.7159434914228052,with_n2v,UNetPP,UNetPP with_n2v
00033,50,0.0,0.1,0.7145038167938931,with_n2v,UNetPP,UNetPP with_n2v
00033,50,0.0,0.25,0.667572463768116,with_n2v,UNetPP,UNetPP with_n2v
00033,50,1.0,0.0,0.7373417721518988,with_n2v,UNetPP,UNetPP with_n2v
00033,50,1.0,0.1,0.6995073891625616,with_n2v,UNetPP,UNetPP with_n2v
00033,50,1.0,0.25,0.6209068010075567,with_n2v,UNetPP,UNetPP with_n2v
00033,50,2.0,0.0,0.69106463878327,with_n2v,UNetPP,UNetPP with_n2v
00033,50,2.0,0.1,0.6699346405228758,with_n2v,UNetPP,UNetPP with_n2v
00033,50,2.0,0.25,0.6422058184976118,with_n2v,UNetPP,UNetPP with_n2v
00033,200,0.0,0.0,0.7278225806451613,with_n2v,UNetPP,UNetPP with_n2v
00033,200,0.0,0.1,0.7024914509037616,with_n2v,UNetPP,UNetPP with_n2v
00033,200,0.0,0.25,0.661559260928346,with_n2v,UNetPP,UNetPP with_n2v
00033,200,1.0,0.0,0.7163509471585244,with_n2v,UNetPP,UNetPP with_n2v
00033,200,1.0,0.1,0.7057663873829473,with_n2v,UNetPP,UNetPP with_n2v
00033,200,1.0,0.25,0.6708860759493671,with_n2v,UNetPP,UNetPP with_n2v
00033,200,2.0,0.0,0.7126663380975851,with_n2v,UNetPP,UNetPP with_n2v
00033,200,2.0,0.1,0.6922343973320629,with_n2v,UNetPP,UNetPP with_n2v
00033,200,2.0,0.25,0.6378424657534246,with_n2v,UNetPP,UNetPP with_n2v
00033,1000,0.0,0.0,0.736949846468782,with_n2v,UNetPP,UNetPP with_n2v
00033,1000,0.0,0.1,0.7186726102030708,with_n2v,UNetPP,UNetPP with_n2v
00033,1000,0.0,0.25,0.6943661971830986,with_n2v,UNetPP,UNetPP with_n2v
00033,1000,1.0,0.0,0.7299343765774862,with_n2v,UNetPP,UNetPP with_n2v
00033,1000,1.0,0.1,0.7164031620553359,with_n2v,UNetPP,UNetPP with_n2v
00033,1000,1.0,0.25,0.6913348946135831,with_n2v,UNetPP,UNetPP with_n2v
00033,1000,2.0,0.0,0.7090643274853801,with_n2v,UNetPP,UNetPP with_n2v
00033,1000,2.0,0.1,0.6823474615742897,with_n2v,UNetPP,UNetPP with_n2v
00033,1000,2.0,0.25,0.6647295485024587,with_n2v,UNetPP,UNetPP with_n2v
00035,20,0.0,0.0,0.8372862658576944,with_n2v,UNetPP,UNetPP with_n2v
00035,20,0.0,0.1,0.8446991404011461,with_n2v,UNetPP,UNetPP with_n2v
00035,20,0.0,0.25,0.8545454545454545,with_n2v,UNetPP,UNetPP with_n2v
00035,20,1.0,0.0,0.8220203099946553,with_n2v,UNetPP,UNetPP with_n2v
00035,20,1.0,0.1,0.8237347294938918,with_n2v,UNetPP,UNetPP with_n2v
00035,20,1.0,0.25,0.8491076257436452,with_n2v,UNetPP,UNetPP with_n2v
00035,20,2.0,0.0,0.8168701442841287,with_n2v,UNetPP,UNetPP with_n2v
00035,20,2.0,0.1,0.8547486033519553,with_n2v,UNetPP,UNetPP with_n2v
00035,20,2.0,0.25,0.8299203640500569,with_n2v,UNetPP,UNetPP with_n2v
00035,50,0.0,0.0,0.8626882966396292,with_n2v,UNetPP,UNetPP with_n2v
00035,50,0.0,0.1,0.8798133022170361,with_n2v,UNetPP,UNetPP with_n2v
00035,50,0.0,0.25,0.8487690504103166,with_n2v,UNetPP,UNetPP with_n2v
00035,50,1.0,0.0,0.8545994065281899,with_n2v,UNetPP,UNetPP with_n2v
00035,50,1.0,0.1,0.8612078977932637,with_n2v,UNetPP,UNetPP with_n2v
00035,50,1.0,0.25,0.83917288914417,with_n2v,UNetPP,UNetPP with_n2v
00035,50,2.0,0.0,0.8720046756282875,with_n2v,UNetPP,UNetPP with_n2v
00035,50,2.0,0.1,0.857308584686775,with_n2v,UNetPP,UNetPP with_n2v
00035,50,2.0,0.25,0.8655944859276278,with_n2v,UNetPP,UNetPP with_n2v
00035,200,0.0,0.0,0.852389594676346,with_n2v,UNetPP,UNetPP with_n2v
00035,200,0.0,0.1,0.8557692307692307,with_n2v,UNetPP,UNetPP with_n2v
00035,200,0.0,0.25,0.8530805687203792,with_n2v,UNetPP,UNetPP with_n2v
00035,200,1.0,0.0,0.8651753325272068,with_n2v,UNetPP,UNetPP with_n2v
00035,200,1.0,0.1,0.8492252681764004,with_n2v,UNetPP,UNetPP with_n2v
00035,200,1.0,0.25,0.8687648456057007,with_n2v,UNetPP,UNetPP with_n2v
00035,200,2.0,0.0,0.8654654654654654,with_n2v,UNetPP,UNetPP with_n2v
00035,200,2.0,0.1,0.8518957345971564,with_n2v,UNetPP,UNetPP with_n2v
00035,200,2.0,0.25,0.8686514886164624,with_n2v,UNetPP,UNetPP with_n2v
00035,1000,0.0,0.0,0.8537764350453172,with_n2v,UNetPP,UNetPP with_n2v
00035,1000,0.0,0.1,0.8536439665471923,with_n2v,UNetPP,UNetPP with_n2v
00035,1000,0.0,0.25,0.8507025761124122,with_n2v,UNetPP,UNetPP with_n2v
00035,1000,1.0,0.0,0.8537170263788969,with_n2v,UNetPP,UNetPP with_n2v
00035,1000,1.0,0.1,0.8535564853556485,with_n2v,UNetPP,UNetPP with_n2v
00035,1000,1.0,0.25,0.8439675174013921,with_n2v,UNetPP,UNetPP with_n2v
00035,1000,2.0,0.0,0.8612750885478159,with_n2v,UNetPP,UNetPP with_n2v
00035,1000,2.0,0.1,0.8539458186101295,with_n2v,UNetPP,UNetPP with_n2v
00035,1000,2.0,0.25,0.8562355658198614,with_n2v,UNetPP,UNetPP with_n2v
00038,20,0.0,0.0,0.8637971698113207,with_n2v,UNetPP,UNetPP with_n2v
00038,20,0.0,0.1,0.8850313033579966,with_n2v,UNetPP,UNetPP with_n2v
00038,20,0.0,0.25,0.845858475041141,with_n2v,UNetPP,UNetPP with_n2v
00038,20,1.0,0.0,0.8810096153846154,with_n2v,UNetPP,UNetPP with_n2v
00038,20,1.0,0.1,0.8836158192090395,with_n2v,UNetPP,UNetPP with_n2v
00038,20,1.0,0.25,0.8441486411536329,with_n2v,UNetPP,UNetPP with_n2v
00038,20,2.0,0.0,0.879646017699115,with_n2v,UNetPP,UNetPP with_n2v
00038,20,2.0,0.1,0.865500273373428,with_n2v,UNetPP,UNetPP with_n2v
00038,20,2.0,0.25,0.8174518201284796,with_n2v,UNetPP,UNetPP with_n2v
00038,50,0.0,0.0,0.8656626506024097,with_n2v,UNetPP,UNetPP with_n2v
00038,50,0.0,0.1,0.8857472590882862,with_n2v,UNetPP,UNetPP with_n2v
00038,50,0.0,0.25,0.854586129753915,with_n2v,UNetPP,UNetPP with_n2v
00038,50,1.0,0.0,0.8754512635379061,with_n2v,UNetPP,UNetPP with_n2v
00038,50,1.0,0.1,0.8757834757834758,with_n2v,UNetPP,UNetPP with_n2v
00038,50,1.0,0.25,0.8495280399777901,with_n2v,UNetPP,UNetPP with_n2v
00038,50,2.0,0.0,0.8882915173237754,with_n2v,UNetPP,UNetPP with_n2v
00038,50,2.0,0.1,0.8804286520022561,with_n2v,UNetPP,UNetPP with_n2v
00038,50,2.0,0.25,0.8315334773218143,with_n2v,UNetPP,UNetPP with_n2v
00038,200,0.0,0.0,0.864212432106216,with_n2v,UNetPP,UNetPP with_n2v
00038,200,0.0,0.1,0.8875878220140515,with_n2v,UNetPP,UNetPP with_n2v
00038,200,0.0,0.25,0.8668571428571429,with_n2v,UNetPP,UNetPP with_n2v
00038,200,1.0,0.0,0.868151715833835,with_n2v,UNetPP,UNetPP with_n2v
00038,200,1.0,0.1,0.890579286132241,with_n2v,UNetPP,UNetPP with_n2v
00038,200,1.0,0.25,0.8543083900226758,with_n2v,UNetPP,UNetPP with_n2v
00038,200,2.0,0.0,0.8819652486518874,with_n2v,UNetPP,UNetPP with_n2v
00038,200,2.0,0.1,0.8901667625071881,with_n2v,UNetPP,UNetPP with_n2v
00038,200,2.0,0.25,0.8629983155530601,with_n2v,UNetPP,UNetPP with_n2v
00038,1000,0.0,0.0,0.8620689655172413,with_n2v,UNetPP,UNetPP with_n2v
00038,1000,0.0,0.1,0.8850913376546847,with_n2v,UNetPP,UNetPP with_n2v
00038,1000,0.0,0.25,0.8629737609329446,with_n2v,UNetPP,UNetPP with_n2v
00038,1000,1.0,0.0,0.8688821752265861,with_n2v,UNetPP,UNetPP with_n2v
00038,1000,1.0,0.1,0.8872577803875514,with_n2v,UNetPP,UNetPP with_n2v
00038,1000,1.0,0.25,0.8647707486941382,with_n2v,UNetPP,UNetPP with_n2v
00038,1000,2.0,0.0,0.8825644098262433,with_n2v,UNetPP,UNetPP with_n2v
00038,1000,2.0,0.1,0.8888888888888888,with_n2v,UNetPP,UNetPP with_n2v
00038,1000,2.0,0.25,0.8628571428571429,with_n2v,UNetPP,UNetPP with_n2v
00043,20,0.0,0.0,0.8213132400430571,with_n2v,UNetPP,UNetPP with_n2v
00043,20,0.0,0.1,0.8122041031036297,with_n2v,UNetPP,UNetPP with_n2v
00043,20,0.0,0.25,0.8522278623801467,with_n2v,UNetPP,UNetPP with_n2v
00043,20,1.0,0.0,0.8362445414847162,with_n2v,UNetPP,UNetPP with_n2v
00043,20,1.0,0.1,0.8276955602536998,with_n2v,UNetPP,UNetPP with_n2v
00043,20,1.0,0.25,0.8382352941176471,with_n2v,UNetPP,UNetPP with_n2v
00043,20,2.0,0.0,0.8321971683272156,with_n2v,UNetPP,UNetPP with_n2v
00043,20,2.0,0.1,0.8239398819108964,with_n2v,UNetPP,UNetPP with_n2v
00043,20,2.0,0.25,0.8384279475982532,with_n2v,UNetPP,UNetPP with_n2v
00043,50,0.0,0.0,0.8559417040358744,with_n2v,UNetPP,UNetPP with_n2v
00043,50,0.0,0.1,0.8499721137757947,with_n2v,UNetPP,UNetPP with_n2v
00043,50,0.0,0.25,0.849197247706422,with_n2v,UNetPP,UNetPP with_n2v
00043,50,1.0,0.0,0.8347107438016529,with_n2v,UNetPP,UNetPP with_n2v
00043,50,1.0,0.1,0.8361458900381056,with_n2v,UNetPP,UNetPP with_n2v
00043,50,1.0,0.25,0.8448374215630348,with_n2v,UNetPP,UNetPP with_n2v
00043,50,2.0,0.0,0.8254641909814323,with_n2v,UNetPP,UNetPP with_n2v
00043,50,2.0,0.1,0.8365906623235614,with_n2v,UNetPP,UNetPP with_n2v
00043,50,2.0,0.25,0.8476672287802136,with_n2v,UNetPP,UNetPP with_n2v
00043,200,0.0,0.0,0.8480089736399327,with_n2v,UNetPP,UNetPP with_n2v
00043,200,0.0,0.1,0.8718984420080784,with_n2v,UNetPP,UNetPP with_n2v
00043,200,0.0,0.25,0.8437869822485207,with_n2v,UNetPP,UNetPP with_n2v
00043,200,1.0,0.0,0.8607163160886867,with_n2v,UNetPP,UNetPP with_n2v
00043,200,1.0,0.1,0.855121675155631,with_n2v,UNetPP,UNetPP with_n2v
00043,200,1.0,0.25,0.8584740827023879,with_n2v,UNetPP,UNetPP with_n2v
00043,200,2.0,0.0,0.8506887052341597,with_n2v,UNetPP,UNetPP with_n2v
00043,200,2.0,0.1,0.8640939597315436,with_n2v,UNetPP,UNetPP with_n2v
00043,200,2.0,0.25,0.8601521357519017,with_n2v,UNetPP,UNetPP with_n2v
00043,1000,0.0,0.0,0.8646922183507549,with_n2v,UNetPP,UNetPP with_n2v
00043,1000,0.0,0.1,0.8607888631090487,with_n2v,UNetPP,UNetPP with_n2v
00043,1000,0.0,0.25,0.8544798556825015,with_n2v,UNetPP,UNetPP with_n2v
00043,1000,1.0,0.0,0.8619102416570771,with_n2v,UNetPP,UNetPP with_n2v
00043,1000,1.0,0.1,0.8653179190751445,with_n2v,UNetPP,UNetPP with_n2v
00043,1000,1.0,0.25,0.8558558558558559,with_n2v,UNetPP,UNetPP with_n2v
00043,1000,2.0,0.0,0.8587570621468926,with_n2v,UNetPP,UNetPP with_n2v
00043,1000,2.0,0.1,0.8582766439909297,with_n2v,UNetPP,UNetPP with_n2v
00043,1000,2.0,0.25,0.8622540250447227,with_n2v,UNetPP,UNetPP with_n2v
00044,20,0.0,0.0,0.8306041784302653,with_n2v,UNetPP,UNetPP with_n2v
00044,20,0.0,0.1,0.8679354094579008,with_n2v,UNetPP,UNetPP with_n2v
00044,20,0.0,0.25,0.8376259798432251,with_n2v,UNetPP,UNetPP with_n2v
00044,20,1.0,0.0,0.8707639287765652,with_n2v,UNetPP,UNetPP with_n2v
00044,20,1.0,0.1,0.8484848484848485,with_n2v,UNetPP,UNetPP with_n2v
00044,20,1.0,0.25,0.8386183465458663,with_n2v,UNetPP,UNetPP with_n2v
00044,20,2.0,0.0,0.8923431203223949,with_n2v,UNetPP,UNetPP with_n2v
00044,20,2.0,0.1,0.8773041474654378,with_n2v,UNetPP,UNetPP with_n2v
00044,20,2.0,0.25,0.8749286122215877,with_n2v,UNetPP,UNetPP with_n2v
00044,50,0.0,0.0,0.8660714285714286,with_n2v,UNetPP,UNetPP with_n2v
00044,50,0.0,0.1,0.8623145400593472,with_n2v,UNetPP,UNetPP with_n2v
00044,50,0.0,0.25,0.8595971563981043,with_n2v,UNetPP,UNetPP with_n2v
00044,50,1.0,0.0,0.8543972044263249,with_n2v,UNetPP,UNetPP with_n2v
00044,50,1.0,0.1,0.862621637092158,with_n2v,UNetPP,UNetPP with_n2v
00044,50,1.0,0.25,0.8737283064033513,with_n2v,UNetPP,UNetPP with_n2v
00044,50,2.0,0.0,0.8709677419354839,with_n2v,UNetPP,UNetPP with_n2v
00044,50,2.0,0.1,0.8477389811104751,with_n2v,UNetPP,UNetPP with_n2v
00044,50,2.0,0.25,0.870197904540163,with_n2v,UNetPP,UNetPP with_n2v
00044,200,0.0,0.0,0.8824228028503563,with_n2v,UNetPP,UNetPP with_n2v
00044,200,0.0,0.1,0.8796902918403812,with_n2v,UNetPP,UNetPP with_n2v
00044,200,0.0,0.25,0.8580024067388689,with_n2v,UNetPP,UNetPP with_n2v
00044,200,1.0,0.0,0.8794749403341289,with_n2v,UNetPP,UNetPP with_n2v
00044,200,1.0,0.1,0.8759643916913946,with_n2v,UNetPP,UNetPP with_n2v
00044,200,1.0,0.25,0.8747742323901264,with_n2v,UNetPP,UNetPP with_n2v
00044,200,2.0,0.0,0.8615209988649262,with_n2v,UNetPP,UNetPP with_n2v
00044,200,2.0,0.1,0.8894117647058823,with_n2v,UNetPP,UNetPP with_n2v
00044,200,2.0,0.25,0.8716892289582107,with_n2v,UNetPP,UNetPP with_n2v
00044,1000,0.0,0.0,0.8867924528301887,with_n2v,UNetPP,UNetPP with_n2v
00044,1000,0.0,0.1,0.8952662721893491,with_n2v,UNetPP,UNetPP with_n2v
00044,1000,0.0,0.25,0.8726500909642207,with_n2v,UNetPP,UNetPP with_n2v
00044,1000,1.0,0.0,0.8898652606912713,with_n2v,UNetPP,UNetPP with_n2v
00044,1000,1.0,0.1,0.8875878220140515,with_n2v,UNetPP,UNetPP with_n2v
00044,1000,1.0,0.25,0.8781664656212304,with_n2v,UNetPP,UNetPP with_n2v
00044,1000,2.0,0.0,0.8842406876790831,with_n2v,UNetPP,UNetPP with_n2v
00044,1000,2.0,0.1,0.8903002309468823,with_n2v,UNetPP,UNetPP with_n2v
00044,1000,2.0,0.25,0.8780343398460627,with_n2v,UNetPP,UNetPP with_n2v
00046,20,0.0,0.0,0.8741050119331742,with_n2v,UNetPP,UNetPP with_n2v
00046,20,0.0,0.1,0.8745819397993311,with_n2v,UNetPP,UNetPP with_n2v
00046,20,0.0,0.25,0.8491091314031181,with_n2v,UNetPP,UNetPP with_n2v
00046,20,1.0,0.0,0.8812649164677804,with_n2v,UNetPP,UNetPP with_n2v
00046,20,1.0,0.1,0.8755630630630631,with_n2v,UNetPP,UNetPP with_n2v
00046,20,1.0,0.25,0.8294701986754967,with_n2v,UNetPP,UNetPP with_n2v
00046,20,2.0,0.0,0.8778897451096621,with_n2v,UNetPP,UNetPP with_n2v
00046,20,2.0,0.1,0.8740987243483084,with_n2v,UNetPP,UNetPP with_n2v
00046,20,2.0,0.25,0.8226415094339623,with_n2v,UNetPP,UNetPP with_n2v
00046,50,0.0,0.0,0.862297053517739,with_n2v,UNetPP,UNetPP with_n2v
00046,50,0.0,0.1,0.8904899135446686,with_n2v,UNetPP,UNetPP with_n2v
00046,50,0.0,0.25,0.8520408163265306,with_n2v,UNetPP,UNetPP with_n2v
00046,50,1.0,0.0,0.8739495798319328,with_n2v,UNetPP,UNetPP with_n2v
00046,50,1.0,0.1,0.8963308095515434,with_n2v,UNetPP,UNetPP with_n2v
00046,50,1.0,0.25,0.8432794199665365,with_n2v,UNetPP,UNetPP with_n2v
00046,50,2.0,0.0,0.8755924170616114,with_n2v,UNetPP,UNetPP with_n2v
00046,50,2.0,0.1,0.87241186345831,with_n2v,UNetPP,UNetPP with_n2v
00046,50,2.0,0.25,0.8384230982787341,with_n2v,UNetPP,UNetPP with_n2v
00046,200,0.0,0.0,0.8599033816425121,with_n2v,UNetPP,UNetPP with_n2v
00046,200,0.0,0.1,0.8845700824499411,with_n2v,UNetPP,UNetPP with_n2v
00046,200,0.0,0.25,0.860302677532014,with_n2v,UNetPP,UNetPP with_n2v
00046,200,1.0,0.0,0.8628158844765343,with_n2v,UNetPP,UNetPP with_n2v
00046,200,1.0,0.1,0.8871345029239766,with_n2v,UNetPP,UNetPP with_n2v
00046,200,1.0,0.25,0.8632429313329486,with_n2v,UNetPP,UNetPP with_n2v
00046,200,2.0,0.0,0.8740344622697563,with_n2v,UNetPP,UNetPP with_n2v
00046,200,2.0,0.1,0.8832283915283343,with_n2v,UNetPP,UNetPP with_n2v
00046,200,2.0,0.25,0.857545045045045,with_n2v,UNetPP,UNetPP with_n2v
00046,1000,0.0,0.0,0.8597339782345829,with_n2v,UNetPP,UNetPP with_n2v
00046,1000,0.0,0.1,0.8773584905660378,with_n2v,UNetPP,UNetPP with_n2v
00046,1000,0.0,0.25,0.8648332358104155,with_n2v,UNetPP,UNetPP with_n2v
00046,1000,1.0,0.0,0.8632530120481928,with_n2v,UNetPP,UNetPP with_n2v
00046,1000,1.0,0.1,0.8846380223660977,with_n2v,UNetPP,UNetPP with_n2v
00046,1000,1.0,0.25,0.8623693379790941,with_n2v,UNetPP,UNetPP with_n2v
00046,1000,2.0,0.0,0.8719475878499107,with_n2v,UNetPP,UNetPP with_n2v
00046,1000,2.0,0.1,0.8836132020845396,with_n2v,UNetPP,UNetPP with_n2v
00046,1000,2.0,0.25,0.865097588978186,with_n2v,UNetPP,UNetPP with_n2v
00057,20,0.0,0.0,0.8867469879518072,with_n2v,UNetPP,UNetPP with_n2v
00057,20,0.0,0.1,0.8931034482758621,with_n2v,UNetPP,UNetPP with_n2v
00057,20,0.0,0.25,0.8701149425287357,with_n2v,UNetPP,UNetPP with_n2v
00057,20,1.0,0.0,0.8964479229379891,with_n2v,UNetPP,UNetPP with_n2v
00057,20,1.0,0.1,0.8990246701090074,with_n2v,UNetPP,UNetPP with_n2v
00057,20,1.0,0.25,0.8712035995500562,with_n2v,UNetPP,UNetPP with_n2v
00057,20,2.0,0.0,0.8953626634958383,with_n2v,UNetPP,UNetPP with_n2v
00057,20,2.0,0.1,0.8854108440469536,with_n2v,UNetPP,UNetPP with_n2v
00057,20,2.0,0.25,0.873672442705422,with_n2v,UNetPP,UNetPP with_n2v
00057,50,0.0,0.0,0.8909090909090909,with_n2v,UNetPP,UNetPP with_n2v
00057,50,0.0,0.1,0.9172087522176227,with_n2v,UNetPP,UNetPP with_n2v
00057,50,0.0,0.25,0.8692922374429224,with_n2v,UNetPP,UNetPP with_n2v
00057,50,1.0,0.0,0.8921036769138035,with_n2v,UNetPP,UNetPP with_n2v
00057,50,1.0,0.1,0.917743830787309,with_n2v,UNetPP,UNetPP with_n2v
00057,50,1.0,0.25,0.8712250712250712,with_n2v,UNetPP,UNetPP with_n2v
00057,50,2.0,0.0,0.8986810551558753,with_n2v,UNetPP,UNetPP with_n2v
00057,50,2.0,0.1,0.908246225319396,with_n2v,UNetPP,UNetPP with_n2v
00057,50,2.0,0.25,0.8706411698537683,with_n2v,UNetPP,UNetPP with_n2v
00057,200,0.0,0.0,0.8880778588807786,with_n2v,UNetPP,UNetPP with_n2v
00057,200,0.0,0.1,0.9121540312876053,with_n2v,UNetPP,UNetPP with_n2v
00057,200,0.0,0.25,0.8879107981220657,with_n2v,UNetPP,UNetPP with_n2v
00057,200,1.0,0.0,0.8948328267477204,with_n2v,UNetPP,UNetPP with_n2v
00057,200,1.0,0.1,0.9151732377538829,with_n2v,UNetPP,UNetPP with_n2v
00057,200,1.0,0.25,0.8901869158878505,with_n2v,UNetPP,UNetPP with_n2v
00057,200,2.0,0.0,0.9027027027027027,with_n2v,UNetPP,UNetPP with_n2v
00057,200,2.0,0.1,0.9132981839484475,with_n2v,UNetPP,UNetPP with_n2v
00057,200,2.0,0.25,0.8836676217765043,with_n2v,UNetPP,UNetPP with_n2v
00057,1000,0.0,0.0,0.8884826325411335,with_n2v,UNetPP,UNetPP with_n2v
00057,1000,0.0,0.1,0.9108970499698976,with_n2v,UNetPP,UNetPP with_n2v
00057,1000,0.0,0.25,0.8942652329749103,with_n2v,UNetPP,UNetPP with_n2v
00057,1000,1.0,0.0,0.8940316686967114,with_n2v,UNetPP,UNetPP with_n2v
00057,1000,1.0,0.1,0.9123123123123124,with_n2v,UNetPP,UNetPP with_n2v
00057,1000,1.0,0.25,0.893048128342246,with_n2v,UNetPP,UNetPP with_n2v
00057,1000,2.0,0.0,0.9034981905910736,with_n2v,UNetPP,UNetPP with_n2v
00057,1000,2.0,0.1,0.9185493460166468,with_n2v,UNetPP,UNetPP with_n2v
00057,1000,2.0,0.25,0.8877906976744186,with_n2v,UNetPP,UNetPP with_n2v
00059,20,0.0,0.0,0.8947692307692308,with_n2v,UNetPP,UNetPP with_n2v
00059,20,0.0,0.1,0.9207920792079208,with_n2v,UNetPP,UNetPP with_n2v
00059,20,0.0,0.25,0.8648799553322166,with_n2v,UNetPP,UNetPP with_n2v
00059,20,1.0,0.0,0.8912386706948641,with_n2v,UNetPP,UNetPP with_n2v
00059,20,1.0,0.1,0.9121699196326062,with_n2v,UNetPP,UNetPP with_n2v
00059,20,1.0,0.25,0.873247335950645,with_n2v,UNetPP,UNetPP with_n2v
00059,20,2.0,0.0,0.9243799153055051,with_n2v,UNetPP,UNetPP with_n2v
00059,20,2.0,0.1,0.9017405951712522,with_n2v,UNetPP,UNetPP with_n2v
00059,20,2.0,0.25,0.8906515580736544,with_n2v,UNetPP,UNetPP with_n2v
00059,50,0.0,0.0,0.9077017114914425,with_n2v,UNetPP,UNetPP with_n2v
00059,50,0.0,0.1,0.9283154121863799,with_n2v,UNetPP,UNetPP with_n2v
00059,50,0.0,0.25,0.884373211219233,with_n2v,UNetPP,UNetPP with_n2v
00059,50,1.0,0.0,0.8948655256723717,with_n2v,UNetPP,UNetPP with_n2v
00059,50,1.0,0.1,0.934085510688836,with_n2v,UNetPP,UNetPP with_n2v
00059,50,1.0,0.25,0.8814814814814815,with_n2v,UNetPP,UNetPP with_n2v
00059,50,2.0,0.0,0.9098062953995157,with_n2v,UNetPP,UNetPP with_n2v
00059,50,2.0,0.1,0.9209761766414875,with_n2v,UNetPP,UNetPP with_n2v
00059,50,2.0,0.25,0.8781869688385269,with_n2v,UNetPP,UNetPP with_n2v
00059,200,0.0,0.0,0.8843788437884379,with_n2v,UNetPP,UNetPP with_n2v
00059,200,0.0,0.1,0.936969696969697,with_n2v,UNetPP,UNetPP with_n2v
00059,200,0.0,0.25,0.8951421800947867,with_n2v,UNetPP,UNetPP with_n2v
00059,200,1.0,0.0,0.9000613120784795,with_n2v,UNetPP,UNetPP with_n2v
00059,200,1.0,0.1,0.9269461077844311,with_n2v,UNetPP,UNetPP with_n2v
00059,200,1.0,0.25,0.8967551622418879,with_n2v,UNetPP,UNetPP with_n2v
00059,200,2.0,0.0,0.9158023184868822,with_n2v,UNetPP,UNetPP with_n2v
00059,200,2.0,0.1,0.9262536873156342,with_n2v,UNetPP,UNetPP with_n2v
00059,200,2.0,0.25,0.8917050691244239,with_n2v,UNetPP,UNetPP with_n2v
00059,1000,0.0,0.0,0.8864333947206875,with_n2v,UNetPP,UNetPP with_n2v
00059,1000,0.0,0.1,0.9308252427184466,with_n2v,UNetPP,UNetPP with_n2v
00059,1000,0.0,0.25,0.9034193161367726,with_n2v,UNetPP,UNetPP with_n2v
00059,1000,1.0,0.0,0.894543225015328,with_n2v,UNetPP,UNetPP with_n2v
00059,1000,1.0,0.1,0.9357186173438448,with_n2v,UNetPP,UNetPP with_n2v
00059,1000,1.0,0.25,0.8974510966212211,with_n2v,UNetPP,UNetPP with_n2v
00059,1000,2.0,0.0,0.9117468046256847,with_n2v,UNetPP,UNetPP with_n2v
00059,1000,2.0,0.1,0.9298036882807853,with_n2v,UNetPP,UNetPP with_n2v
00059,1000,2.0,0.25,0.9002932551319648,with_n2v,UNetPP,UNetPP with_n2v
00062,20,0.0,0.0,0.8552915766738661,with_n2v,UNetPP,UNetPP with_n2v
00062,20,0.0,0.1,0.8646135967460779,with_n2v,UNetPP,UNetPP with_n2v
00062,20,0.0,0.25,0.8554354012521344,with_n2v,UNetPP,UNetPP with_n2v
00062,20,1.0,0.0,0.847457627118644,with_n2v,UNetPP,UNetPP with_n2v
00062,20,1.0,0.1,0.8489289740698985,with_n2v,UNetPP,UNetPP with_n2v
00062,20,1.0,0.25,0.7532532532532532,with_n2v,UNetPP,UNetPP with_n2v
00062,20,2.0,0.0,0.8499433748584372,with_n2v,UNetPP,UNetPP with_n2v
00062,20,2.0,0.1,0.7908011869436202,with_n2v,UNetPP,UNetPP with_n2v
00062,20,2.0,0.25,0.7267308574048602,with_n2v,UNetPP,UNetPP with_n2v
00062,50,0.0,0.0,0.8529761904761904,with_n2v,UNetPP,UNetPP with_n2v
00062,50,0.0,0.1,0.8203912270302312,with_n2v,UNetPP,UNetPP with_n2v
00062,50,0.0,0.25,0.7861878453038674,with_n2v,UNetPP,UNetPP with_n2v
00062,50,1.0,0.0,0.8384253819036428,with_n2v,UNetPP,UNetPP with_n2v
00062,50,1.0,0.1,0.8395061728395061,with_n2v,UNetPP,UNetPP with_n2v
00062,50,1.0,0.25,0.8412335808109651,with_n2v,UNetPP,UNetPP with_n2v
00062,50,2.0,0.0,0.8197984588026082,with_n2v,UNetPP,UNetPP with_n2v
00062,50,2.0,0.1,0.8390330188679245,with_n2v,UNetPP,UNetPP with_n2v
00062,50,2.0,0.25,0.8139941690962099,with_n2v,UNetPP,UNetPP with_n2v
00062,200,0.0,0.0,0.8241421568627451,with_n2v,UNetPP,UNetPP with_n2v
00062,200,0.0,0.1,0.8450789793438639,with_n2v,UNetPP,UNetPP with_n2v
00062,200,0.0,0.25,0.8584447144592953,with_n2v,UNetPP,UNetPP with_n2v
00062,200,1.0,0.0,0.847323600973236,with_n2v,UNetPP,UNetPP with_n2v
00062,200,1.0,0.1,0.8514669926650367,with_n2v,UNetPP,UNetPP with_n2v
00062,200,1.0,0.25,0.8712394705174489,with_n2v,UNetPP,UNetPP with_n2v
00062,200,2.0,0.0,0.8541919805589308,with_n2v,UNetPP,UNetPP with_n2v
00062,200,2.0,0.1,0.8638014527845036,with_n2v,UNetPP,UNetPP with_n2v
00062,200,2.0,0.25,0.8737283064033513,with_n2v,UNetPP,UNetPP with_n2v
00062,1000,0.0,0.0,0.842040565457898,with_n2v,UNetPP,UNetPP with_n2v
00062,1000,0.0,0.1,0.8538980969920197,with_n2v,UNetPP,UNetPP with_n2v
00062,1000,0.0,0.25,0.8565426170468188,with_n2v,UNetPP,UNetPP with_n2v
00062,1000,1.0,0.0,0.8488943488943489,with_n2v,UNetPP,UNetPP with_n2v
00062,1000,1.0,0.1,0.8580134064594759,with_n2v,UNetPP,UNetPP with_n2v
00062,1000,1.0,0.25,0.8689903846153846,with_n2v,UNetPP,UNetPP with_n2v
00062,1000,2.0,0.0,0.857055589492975,with_n2v,UNetPP,UNetPP with_n2v
00062,1000,2.0,0.1,0.8672727272727273,with_n2v,UNetPP,UNetPP with_n2v
00062,1000,2.0,0.25,0.8777908343125734,with_n2v,UNetPP,UNetPP with_n2v
00074,20,0.0,0.0,0.8961165048543689,with_n2v,UNetPP,UNetPP with_n2v
00074,20,0.0,0.1,0.8988919667590027,with_n2v,UNetPP,UNetPP with_n2v
00074,20,0.0,0.25,0.8615870153291253,with_n2v,UNetPP,UNetPP with_n2v
00074,20,1.0,0.0,0.9010669253152279,with_n2v,UNetPP,UNetPP with_n2v
00074,20,1.0,0.1,0.8867579908675799,with_n2v,UNetPP,UNetPP with_n2v
00074,20,1.0,0.25,0.857916102841678,with_n2v,UNetPP,UNetPP with_n2v
00074,20,2.0,0.0,0.9138180067404911,with_n2v,UNetPP,UNetPP with_n2v
00074,20,2.0,0.1,0.8759316089434459,with_n2v,UNetPP,UNetPP with_n2v
00074,20,2.0,0.25,0.829917139119058,with_n2v,UNetPP,UNetPP with_n2v
00074,50,0.0,0.0,0.890190336749634,with_n2v,UNetPP,UNetPP with_n2v
00074,50,0.0,0.1,0.8913649025069638,with_n2v,UNetPP,UNetPP with_n2v
00074,50,0.0,0.25,0.8477384684281236,with_n2v,UNetPP,UNetPP with_n2v
00074,50,1.0,0.0,0.8982473222979552,with_n2v,UNetPP,UNetPP with_n2v
00074,50,1.0,0.1,0.8866171003717472,with_n2v,UNetPP,UNetPP with_n2v
00074,50,1.0,0.25,0.8570778334091943,with_n2v,UNetPP,UNetPP with_n2v
00074,50,2.0,0.0,0.9094412331406551,with_n2v,UNetPP,UNetPP with_n2v
00074,50,2.0,0.1,0.8870598994055784,with_n2v,UNetPP,UNetPP with_n2v
00074,50,2.0,0.25,0.8640291041382446,with_n2v,UNetPP,UNetPP with_n2v
00074,200,0.0,0.0,0.8729848558866634,with_n2v,UNetPP,UNetPP with_n2v
00074,200,0.0,0.1,0.9016236867239733,with_n2v,UNetPP,UNetPP with_n2v
00074,200,0.0,0.25,0.8608534322820037,with_n2v,UNetPP,UNetPP with_n2v
00074,200,1.0,0.0,0.8824963432471965,with_n2v,UNetPP,UNetPP with_n2v
00074,200,1.0,0.1,0.8994334277620396,with_n2v,UNetPP,UNetPP with_n2v
00074,200,1.0,0.25,0.8737773637633908,with_n2v,UNetPP,UNetPP with_n2v
00074,200,2.0,0.0,0.9004371053909664,with_n2v,UNetPP,UNetPP with_n2v
00074,200,2.0,0.1,0.9042503503035965,with_n2v,UNetPP,UNetPP with_n2v
00074,200,2.0,0.25,0.8732200275608636,with_n2v,UNetPP,UNetPP with_n2v
00074,1000,0.0,0.0,0.8671226184660479,with_n2v,UNetPP,UNetPP with_n2v
00074,1000,0.0,0.1,0.8975586404978458,with_n2v,UNetPP,UNetPP with_n2v
00074,1000,0.0,0.25,0.8657844990548205,with_n2v,UNetPP,UNetPP with_n2v
00074,1000,1.0,0.0,0.8701171875,with_n2v,UNetPP,UNetPP with_n2v
00074,1000,1.0,0.1,0.8980952380952381,with_n2v,UNetPP,UNetPP with_n2v
00074,1000,1.0,0.25,0.8643829188174565,with_n2v,UNetPP,UNetPP with_n2v
00074,1000,2.0,0.0,0.8932557011159631,with_n2v,UNetPP,UNetPP with_n2v
00074,1000,2.0,0.1,0.9,with_n2v,UNetPP,UNetPP with_n2v
00074,1000,2.0,0.25,0.8702502316960148,with_n2v,UNetPP,UNetPP with_n2v
00077,20,0.0,0.0,0.921875,with_n2v,UNetPP,UNetPP with_n2v
00077,20,0.0,0.1,0.8838591678097851,with_n2v,UNetPP,UNetPP with_n2v
00077,20,0.0,0.25,0.8417777777777777,with_n2v,UNetPP,UNetPP with_n2v
00077,20,1.0,0.0,0.9101014983083615,with_n2v,UNetPP,UNetPP with_n2v
00077,20,1.0,0.1,0.8929539295392954,with_n2v,UNetPP,UNetPP with_n2v
00077,20,1.0,0.25,0.8769371011850501,with_n2v,UNetPP,UNetPP with_n2v
00077,20,2.0,0.0,0.9090038314176245,with_n2v,UNetPP,UNetPP with_n2v
00077,20,2.0,0.1,0.8808152414709792,with_n2v,UNetPP,UNetPP with_n2v
00077,20,2.0,0.25,0.8295600170867151,with_n2v,UNetPP,UNetPP with_n2v
00077,50,0.0,0.0,0.8941463414634147,with_n2v,UNetPP,UNetPP with_n2v
00077,50,0.0,0.1,0.9035747883349012,with_n2v,UNetPP,UNetPP with_n2v
00077,50,0.0,0.25,0.8740942028985508,with_n2v,UNetPP,UNetPP with_n2v
00077,50,1.0,0.0,0.9081632653061225,with_n2v,UNetPP,UNetPP with_n2v
00077,50,1.0,0.1,0.8825149150986691,with_n2v,UNetPP,UNetPP with_n2v
00077,50,1.0,0.25,0.8739688359303391,with_n2v,UNetPP,UNetPP with_n2v
00077,50,2.0,0.0,0.9161821705426356,with_n2v,UNetPP,UNetPP with_n2v
00077,50,2.0,0.1,0.885984677782785,with_n2v,UNetPP,UNetPP with_n2v
00077,50,2.0,0.25,0.8624551971326165,with_n2v,UNetPP,UNetPP with_n2v
00077,200,0.0,0.0,0.8919843597262952,with_n2v,UNetPP,UNetPP with_n2v
00077,200,0.0,0.1,0.9046256556986171,with_n2v,UNetPP,UNetPP with_n2v
00077,200,0.0,0.25,0.871448532836516,with_n2v,UNetPP,UNetPP with_n2v
00077,200,1.0,0.0,0.8876953125,with_n2v,UNetPP,UNetPP with_n2v
00077,200,1.0,0.1,0.8998100664767331,with_n2v,UNetPP,UNetPP with_n2v
00077,200,1.0,0.25,0.8813953488372093,with_n2v,UNetPP,UNetPP with_n2v
00077,200,2.0,0.0,0.9158969372873116,with_n2v,UNetPP,UNetPP with_n2v
00077,200,2.0,0.1,0.8994439295644114,with_n2v,UNetPP,UNetPP with_n2v
00077,200,2.0,0.25,0.8787878787878788,with_n2v,UNetPP,UNetPP with_n2v
00077,1000,0.0,0.0,0.8766519823788547,with_n2v,UNetPP,UNetPP with_n2v
00077,1000,0.0,0.1,0.8968824940047961,with_n2v,UNetPP,UNetPP with_n2v
00077,1000,0.0,0.25,0.8789025543992431,with_n2v,UNetPP,UNetPP with_n2v
00077,1000,1.0,0.0,0.8811154598825832,with_n2v,UNetPP,UNetPP with_n2v
00077,1000,1.0,0.1,0.9013882240306367,with_n2v,UNetPP,UNetPP with_n2v
00077,1000,1.0,0.25,0.876770538243626,with_n2v,UNetPP,UNetPP with_n2v
00077,1000,2.0,0.0,0.908029197080292,with_n2v,UNetPP,UNetPP with_n2v
00077,1000,2.0,0.1,0.9018779342723005,with_n2v,UNetPP,UNetPP with_n2v
00077,1000,2.0,0.25,0.8815850815850815,with_n2v,UNetPP,UNetPP with_n2v
00080,20,0.0,0.0,0.8486363636363636,with_n2v,UNetPP,UNetPP with_n2v
00080,20,0.0,0.1,0.8873704052780396,with_n2v,UNetPP,UNetPP with_n2v
00080,20,0.0,0.25,0.8630009319664492,with_n2v,UNetPP,UNetPP with_n2v
00080,20,1.0,0.0,0.8515263644773358,with_n2v,UNetPP,UNetPP with_n2v
00080,20,1.0,0.1,0.8710138029509757,with_n2v,UNetPP,UNetPP with_n2v
00080,20,1.0,0.25,0.8352888086642599,with_n2v,UNetPP,UNetPP with_n2v
00080,20,2.0,0.0,0.8585675430643699,with_n2v,UNetPP,UNetPP with_n2v
00080,20,2.0,0.1,0.858114233907525,with_n2v,UNetPP,UNetPP with_n2v
00080,20,2.0,0.25,0.866852886405959,with_n2v,UNetPP,UNetPP with_n2v
00080,50,0.0,0.0,0.868844696969697,with_n2v,UNetPP,UNetPP with_n2v
00080,50,0.0,0.1,0.8579545454545454,with_n2v,UNetPP,UNetPP with_n2v
00080,50,0.0,0.25,0.8542065009560229,with_n2v,UNetPP,UNetPP with_n2v
00080,50,1.0,0.0,0.8713811105837684,with_n2v,UNetPP,UNetPP with_n2v
00080,50,1.0,0.1,0.867737364194615,with_n2v,UNetPP,UNetPP with_n2v
00080,50,1.0,0.25,0.8514664143803217,with_n2v,UNetPP,UNetPP with_n2v
00080,50,2.0,0.0,0.8874941887494189,with_n2v,UNetPP,UNetPP with_n2v
00080,50,2.0,0.1,0.8560111835973905,with_n2v,UNetPP,UNetPP with_n2v
00080,50,2.0,0.25,0.8464384828862165,with_n2v,UNetPP,UNetPP with_n2v
00080,200,0.0,0.0,0.8824681684622919,with_n2v,UNetPP,UNetPP with_n2v
00080,200,0.0,0.1,0.875546912980068,with_n2v,UNetPP,UNetPP with_n2v
00080,200,0.0,0.25,0.8602514506769826,with_n2v,UNetPP,UNetPP with_n2v
00080,200,1.0,0.0,0.8873917228103946,with_n2v,UNetPP,UNetPP with_n2v
00080,200,1.0,0.1,0.8782020299661673,with_n2v,UNetPP,UNetPP with_n2v
00080,200,1.0,0.25,0.847953216374269,with_n2v,UNetPP,UNetPP with_n2v
00080,200,2.0,0.0,0.8993830090175605,with_n2v,UNetPP,UNetPP with_n2v
00080,200,2.0,0.1,0.8747600767754319,with_n2v,UNetPP,UNetPP with_n2v
00080,200,2.0,0.25,0.8697967086156825,with_n2v,UNetPP,UNetPP with_n2v
00080,1000,0.0,0.0,0.8848955803788247,with_n2v,UNetPP,UNetPP with_n2v
00080,1000,0.0,0.1,0.8844466114090688,with_n2v,UNetPP,UNetPP with_n2v
00080,1000,0.0,0.25,0.8457394711067581,with_n2v,UNetPP,UNetPP with_n2v
00080,1000,1.0,0.0,0.8901258470474347,with_n2v,UNetPP,UNetPP with_n2v
00080,1000,1.0,0.1,0.8806404657933042,with_n2v,UNetPP,UNetPP with_n2v
00080,1000,1.0,0.25,0.8484848484848485,with_n2v,UNetPP,UNetPP with_n2v
00080,1000,2.0,0.0,0.8975214489990467,with_n2v,UNetPP,UNetPP with_n2v
00080,1000,2.0,0.1,0.8930300096805421,with_n2v,UNetPP,UNetPP with_n2v
00080,1000,2.0,0.25,0.8729388942774006,with_n2v,UNetPP,UNetPP with_n2v
00081,20,0.0,0.0,0.8772011121408712,with_n2v,UNetPP,UNetPP with_n2v
00081,20,0.0,0.1,0.8829446730681298,with_n2v,UNetPP,UNetPP with_n2v
00081,20,0.0,0.25,0.8953598484848485,with_n2v,UNetPP,UNetPP with_n2v
00081,20,1.0,0.0,0.9034839924670434,with_n2v,UNetPP,UNetPP with_n2v
00081,20,1.0,0.1,0.896726602120793,with_n2v,UNetPP,UNetPP with_n2v
00081,20,1.0,0.25,0.8747099767981439,with_n2v,UNetPP,UNetPP with_n2v
00081,20,2.0,0.0,0.8998144712430427,with_n2v,UNetPP,UNetPP with_n2v
00081,20,2.0,0.1,0.8915270018621974,with_n2v,UNetPP,UNetPP with_n2v
00081,20,2.0,0.25,0.8784878487848785,with_n2v,UNetPP,UNetPP with_n2v
00081,50,0.0,0.0,0.8938468764678252,with_n2v,UNetPP,UNetPP with_n2v
00081,50,0.0,0.1,0.8856470588235295,with_n2v,UNetPP,UNetPP with_n2v
00081,50,0.0,0.25,0.902992277992278,with_n2v,UNetPP,UNetPP with_n2v
00081,50,1.0,0.0,0.8916900093370682,with_n2v,UNetPP,UNetPP with_n2v
00081,50,1.0,0.1,0.8968330134357005,with_n2v,UNetPP,UNetPP with_n2v
00081,50,1.0,0.25,0.8861788617886179,with_n2v,UNetPP,UNetPP with_n2v
00081,50,2.0,0.0,0.9029217719132894,with_n2v,UNetPP,UNetPP with_n2v
00081,50,2.0,0.1,0.90861494526416,with_n2v,UNetPP,UNetPP with_n2v
00081,50,2.0,0.25,0.8893111638954869,with_n2v,UNetPP,UNetPP with_n2v
00081,200,0.0,0.0,0.9014016433059449,with_n2v,UNetPP,UNetPP with_n2v
00081,200,0.0,0.1,0.9032730825598436,with_n2v,UNetPP,UNetPP with_n2v
00081,200,0.0,0.25,0.8914004914004914,with_n2v,UNetPP,UNetPP with_n2v
00081,200,1.0,0.0,0.9059621909840039,with_n2v,UNetPP,UNetPP with_n2v
00081,200,1.0,0.1,0.9029597282872392,with_n2v,UNetPP,UNetPP with_n2v
00081,200,1.0,0.25,0.8837890625,with_n2v,UNetPP,UNetPP with_n2v
00081,200,2.0,0.0,0.9098837209302325,with_n2v,UNetPP,UNetPP with_n2v
00081,200,2.0,0.1,0.9067755886592984,with_n2v,UNetPP,UNetPP with_n2v
00081,200,2.0,0.25,0.9124087591240876,with_n2v,UNetPP,UNetPP with_n2v
00081,1000,0.0,0.0,0.8853910477127398,with_n2v,UNetPP,UNetPP with_n2v
00081,1000,0.0,0.1,0.8785046728971962,with_n2v,UNetPP,UNetPP with_n2v
00081,1000,0.0,0.25,0.8815724815724816,with_n2v,UNetPP,UNetPP with_n2v
00081,1000,1.0,0.0,0.8858267716535433,with_n2v,UNetPP,UNetPP with_n2v
00081,1000,1.0,0.1,0.8910162002945509,with_n2v,UNetPP,UNetPP with_n2v
00081,1000,1.0,0.25,0.888125613346418,with_n2v,UNetPP,UNetPP with_n2v
00081,1000,2.0,0.0,0.9050170482221139,with_n2v,UNetPP,UNetPP with_n2v
00081,1000,2.0,0.1,0.8992665036674816,with_n2v,UNetPP,UNetPP with_n2v
00081,1000,2.0,0.25,0.9052478134110787,with_n2v,UNetPP,UNetPP with_n2v
00001,20,0.0,0.0,0.8291793313069908,with_n2v,HRNet,HRNet with_n2v
00001,20,0.0,0.1,0.8625817965496728,with_n2v,HRNet,HRNet with_n2v
00001,20,0.0,0.25,0.8640093786635404,with_n2v,HRNet,HRNet with_n2v
00001,20,1.0,0.0,0.8479318734793188,with_n2v,HRNet,HRNet with_n2v
00001,20,1.0,0.1,0.8886936145284124,with_n2v,HRNet,HRNet with_n2v
00001,20,1.0,0.25,0.8778228141285466,with_n2v,HRNet,HRNet with_n2v
00001,20,2.0,0.0,0.8523409363745498,with_n2v,HRNet,HRNet with_n2v
00001,20,2.0,0.1,0.8920946335833814,with_n2v,HRNet,HRNet with_n2v
00001,20,2.0,0.25,0.8749292586304471,with_n2v,HRNet,HRNet with_n2v
00001,50,0.0,0.0,0.8255813953488372,with_n2v,HRNet,HRNet with_n2v
00001,50,0.0,0.1,0.8854415274463007,with_n2v,HRNet,HRNet with_n2v
00001,50,0.0,0.25,0.8714202220923437,with_n2v,HRNet,HRNet with_n2v
00001,50,1.0,0.0,0.8205756276791182,with_n2v,HRNet,HRNet with_n2v
00001,50,1.0,0.1,0.8811354228267297,with_n2v,HRNet,HRNet with_n2v
00001,50,1.0,0.25,0.8734622144112478,with_n2v,HRNet,HRNet with_n2v
00001,50,2.0,0.0,0.8394160583941606,with_n2v,HRNet,HRNet with_n2v
00001,50,2.0,0.1,0.8969132207338381,with_n2v,HRNet,HRNet with_n2v
00001,50,2.0,0.25,0.8786999419616948,with_n2v,HRNet,HRNet with_n2v
00001,200,0.0,0.0,0.8282208588957055,with_n2v,HRNet,HRNet with_n2v
00001,200,0.0,0.1,0.8826682549136391,with_n2v,HRNet,HRNet with_n2v
00001,200,0.0,0.25,0.8865795724465558,with_n2v,HRNet,HRNet with_n2v
00001,200,1.0,0.0,0.8325183374083129,with_n2v,HRNet,HRNet with_n2v
00001,200,1.0,0.1,0.8804733727810651,with_n2v,HRNet,HRNet with_n2v
00001,200,1.0,0.25,0.885226603884638,with_n2v,HRNet,HRNet with_n2v
00001,200,2.0,0.0,0.8519417475728155,with_n2v,HRNet,HRNet with_n2v
00001,200,2.0,0.1,0.8875946418171229,with_n2v,HRNet,HRNet with_n2v
00001,200,2.0,0.25,0.878386167146974,with_n2v,HRNet,HRNet with_n2v
00001,1000,0.0,0.0,0.8270999386879215,with_n2v,HRNet,HRNet with_n2v
00001,1000,0.0,0.1,0.8766388557806913,with_n2v,HRNet,HRNet with_n2v
00001,1000,0.0,0.25,0.8778761061946903,with_n2v,HRNet,HRNet with_n2v
00001,1000,1.0,0.0,0.8365973072215422,with_n2v,HRNet,HRNet with_n2v
00001,1000,1.0,0.1,0.8839285714285714,with_n2v,HRNet,HRNet with_n2v
00001,1000,1.0,0.25,0.8760282021151586,with_n2v,HRNet,HRNet with_n2v
00001,1000,2.0,0.0,0.8521897810218978,with_n2v,HRNet,HRNet with_n2v
00001,1000,2.0,0.1,0.8897360703812317,with_n2v,HRNet,HRNet with_n2v
00001,1000,2.0,0.25,0.8818443804034583,with_n2v,HRNet,HRNet with_n2v
00004,20,0.0,0.0,0.8326180257510729,with_n2v,HRNet,HRNet with_n2v
00004,20,0.0,0.1,0.8874329958308517,with_n2v,HRNet,HRNet with_n2v
00004,20,0.0,0.25,0.8982142857142857,with_n2v,HRNet,HRNet with_n2v
00004,20,1.0,0.0,0.847799511002445,with_n2v,HRNet,HRNet with_n2v
00004,20,1.0,0.1,0.8989169675090253,with_n2v,HRNet,HRNet with_n2v
00004,20,1.0,0.25,0.9113924050632911,with_n2v,HRNet,HRNet with_n2v
00004,20,2.0,0.0,0.8676021964612569,with_n2v,HRNet,HRNet with_n2v
00004,20,2.0,0.1,0.8944954128440367,with_n2v,HRNet,HRNet with_n2v
00004,20,2.0,0.25,0.9197124026363092,with_n2v,HRNet,HRNet with_n2v
00004,50,0.0,0.0,0.8475722188076213,with_n2v,HRNet,HRNet with_n2v
00004,50,0.0,0.1,0.9010259505129753,with_n2v,HRNet,HRNet with_n2v
00004,50,0.0,0.25,0.9008464328899637,with_n2v,HRNet,HRNet with_n2v
00004,50,1.0,0.0,0.8587223587223587,with_n2v,HRNet,HRNet with_n2v
00004,50,1.0,0.1,0.8975725281231498,with_n2v,HRNet,HRNet with_n2v
00004,50,1.0,0.25,0.9066265060240963,with_n2v,HRNet,HRNet with_n2v
00004,50,2.0,0.0,0.8622167789344765,with_n2v,HRNet,HRNet with_n2v
00004,50,2.0,0.1,0.9094650205761317,with_n2v,HRNet,HRNet with_n2v
00004,50,2.0,0.25,0.9147424511545293,with_n2v,HRNet,HRNet with_n2v
00004,200,0.0,0.0,0.8439803439803439,with_n2v,HRNet,HRNet with_n2v
00004,200,0.0,0.1,0.9007263922518159,with_n2v,HRNet,HRNet with_n2v
00004,200,0.0,0.25,0.8968014484007242,with_n2v,HRNet,HRNet with_n2v
00004,200,1.0,0.0,0.8397790055248618,with_n2v,HRNet,HRNet with_n2v
00004,200,1.0,0.1,0.9049636803874092,with_n2v,HRNet,HRNet with_n2v
00004,200,1.0,0.25,0.9051051051051051,with_n2v,HRNet,HRNet with_n2v
00004,200,2.0,0.0,0.8658088235294118,with_n2v,HRNet,HRNet with_n2v
00004,200,2.0,0.1,0.9138240574506283,with_n2v,HRNet,HRNet with_n2v
00004,200,2.0,0.25,0.9071300179748353,with_n2v,HRNet,HRNet with_n2v
00004,1000,0.0,0.0,0.8407134071340714,with_n2v,HRNet,HRNet with_n2v
00004,1000,0.0,0.1,0.8985419198055893,with_n2v,HRNet,HRNet with_n2v
00004,1000,0.0,0.25,0.9050785973397824,with_n2v,HRNet,HRNet with_n2v
00004,1000,1.0,0.0,0.8560885608856088,with_n2v,HRNet,HRNet with_n2v
00004,1000,1.0,0.1,0.9001210653753027,with_n2v,HRNet,HRNet with_n2v
00004,1000,1.0,0.25,0.9052504526252263,with_n2v,HRNet,HRNet with_n2v
00004,1000,2.0,0.0,0.874160048869884,with_n2v,HRNet,HRNet with_n2v
00004,1000,2.0,0.1,0.9071300179748353,with_n2v,HRNet,HRNet with_n2v
00004,1000,2.0,0.25,0.908982748364069,with_n2v,HRNet,HRNet with_n2v
00011,20,0.0,0.0,0.8469575906576521,with_n2v,HRNet,HRNet with_n2v
00011,20,0.0,0.1,0.9151515151515152,with_n2v,HRNet,HRNet with_n2v
00011,20,0.0,0.25,0.9386650631389056,with_n2v,HRNet,HRNet with_n2v
00011,20,1.0,0.0,0.8384520884520884,with_n2v,HRNet,HRNet with_n2v
00011,20,1.0,0.1,0.9082240762812872,with_n2v,HRNet,HRNet with_n2v
00011,20,1.0,0.25,0.9238210399032648,with_n2v,HRNet,HRNet with_n2v
00011,20,2.0,0.0,0.8701775872627067,with_n2v,HRNet,HRNet with_n2v
00011,20,2.0,0.1,0.9227082085080887,with_n2v,HRNet,HRNet with_n2v
00011,20,2.0,0.25,0.9337209302325581,with_n2v,HRNet,HRNet with_n2v
00011,50,0.0,0.0,0.8446362515413071,with_n2v,HRNet,HRNet with_n2v
00011,50,0.0,0.1,0.9214628297362111,with_n2v,HRNet,HRNet with_n2v
00011,50,0.0,0.25,0.9240583232077765,with_n2v,HRNet,HRNet with_n2v
00011,50,1.0,0.0,0.8428835489833642,with_n2v,HRNet,HRNet with_n2v
00011,50,1.0,0.1,0.9273167777104785,with_n2v,HRNet,HRNet with_n2v
00011,50,1.0,0.25,0.9279224712295578,with_n2v,HRNet,HRNet with_n2v
00011,50,2.0,0.0,0.8679361179361179,with_n2v,HRNet,HRNet with_n2v
00011,50,2.0,0.1,0.9277251184834123,with_n2v,HRNet,HRNet with_n2v
00011,50,2.0,0.25,0.9375,with_n2v,HRNet,HRNet with_n2v
00011,200,0.0,0.0,0.8481481481481481,with_n2v,HRNet,HRNet with_n2v
00011,200,0.0,0.1,0.9103658536585366,with_n2v,HRNet,HRNet with_n2v
00011,200,0.0,0.25,0.9209245742092458,with_n2v,HRNet,HRNet with_n2v
00011,200,1.0,0.0,0.8576709796672828,with_n2v,HRNet,HRNet with_n2v
00011,200,1.0,0.1,0.920876445526476,with_n2v,HRNet,HRNet with_n2v
00011,200,1.0,0.25,0.9259708737864077,with_n2v,HRNet,HRNet with_n2v
00011,200,2.0,0.0,0.88,with_n2v,HRNet,HRNet with_n2v
00011,200,2.0,0.1,0.9269323671497585,with_n2v,HRNet,HRNet with_n2v
00011,200,2.0,0.25,0.9321321321321321,with_n2v,HRNet,HRNet with_n2v
00011,1000,0.0,0.0,0.8463911165946947,with_n2v,HRNet,HRNet with_n2v
00011,1000,0.0,0.1,0.908256880733945,with_n2v,HRNet,HRNet with_n2v
00011,1000,0.0,0.25,0.9246200607902736,with_n2v,HRNet,HRNet with_n2v
00011,1000,1.0,0.0,0.8580246913580247,with_n2v,HRNet,HRNet with_n2v
00011,1000,1.0,0.1,0.9180929095354523,with_n2v,HRNet,HRNet with_n2v
00011,1000,1.0,0.25,0.9255447941888619,with_n2v,HRNet,HRNet with_n2v
00011,1000,2.0,0.0,0.8819188191881919,with_n2v,HRNet,HRNet with_n2v
00011,1000,2.0,0.1,0.9233091787439613,with_n2v,HRNet,HRNet with_n2v
00011,1000,2.0,0.25,0.9239976062238181,with_n2v,HRNet,HRNet with_n2v
00018,20,0.0,0.0,0.8765281173594132,with_n2v,HRNet,HRNet with_n2v
00018,20,0.0,0.1,0.8816029143897997,with_n2v,HRNet,HRNet with_n2v
00018,20,0.0,0.25,0.8782973621103117,with_n2v,HRNet,HRNet with_n2v
00018,20,1.0,0.0,0.8803159173754557,with_n2v,HRNet,HRNet with_n2v
00018,20,1.0,0.1,0.8543451652386781,with_n2v,HRNet,HRNet with_n2v
00018,20,1.0,0.25,0.889815366289458,with_n2v,HRNet,HRNet with_n2v
00018,20,2.0,0.0,0.9170616113744076,with_n2v,HRNet,HRNet with_n2v
00018,20,2.0,0.1,0.8984375,with_n2v,HRNet,HRNet with_n2v
00018,20,2.0,0.25,0.8965929468021518,with_n2v,HRNet,HRNet with_n2v
00018,50,0.0,0.0,0.8796352583586626,with_n2v,HRNet,HRNet with_n2v
00018,50,0.0,0.1,0.9029896278218426,with_n2v,HRNet,HRNet with_n2v
00018,50,0.0,0.25,0.9087061668681983,with_n2v,HRNet,HRNet with_n2v
00018,50,1.0,0.0,0.8644271145770845,with_n2v,HRNet,HRNet with_n2v
00018,50,1.0,0.1,0.8935779816513761,with_n2v,HRNet,HRNet with_n2v
00018,50,1.0,0.25,0.9102486355366889,with_n2v,HRNet,HRNet with_n2v
00018,50,2.0,0.0,0.8833629366489046,with_n2v,HRNet,HRNet with_n2v
00018,50,2.0,0.1,0.9236778846153846,with_n2v,HRNet,HRNet with_n2v
00018,50,2.0,0.25,0.910024154589372,with_n2v,HRNet,HRNet with_n2v
00018,200,0.0,0.0,0.8931390406800243,with_n2v,HRNet,HRNet with_n2v
00018,200,0.0,0.1,0.8845921450151057,with_n2v,HRNet,HRNet with_n2v
00018,200,0.0,0.25,0.9080389768574909,with_n2v,HRNet,HRNet with_n2v
00018,200,1.0,0.0,0.8974205158968206,with_n2v,HRNet,HRNet with_n2v
00018,200,1.0,0.1,0.8738574040219378,with_n2v,HRNet,HRNet with_n2v
00018,200,1.0,0.25,0.9102486355366889,with_n2v,HRNet,HRNet with_n2v
00018,200,2.0,0.0,0.9038461538461539,with_n2v,HRNet,HRNet with_n2v
00018,200,2.0,0.1,0.9077757685352622,with_n2v,HRNet,HRNet with_n2v
00018,200,2.0,0.25,0.9138554216867469,with_n2v,HRNet,HRNet with_n2v
00018,1000,0.0,0.0,0.8891566265060241,with_n2v,HRNet,HRNet with_n2v
00018,1000,0.0,0.1,0.8964891041162227,with_n2v,HRNet,HRNet with_n2v
00018,1000,0.0,0.25,0.8996372430471584,with_n2v,HRNet,HRNet with_n2v
00018,1000,1.0,0.0,0.8983253588516746,with_n2v,HRNet,HRNet with_n2v
00018,1000,1.0,0.1,0.8982540638169777,with_n2v,HRNet,HRNet with_n2v
00018,1000,1.0,0.25,0.9000602046959663,with_n2v,HRNet,HRNet with_n2v
00018,1000,2.0,0.0,0.9116417910447762,with_n2v,HRNet,HRNet with_n2v
00018,1000,2.0,0.1,0.8994646044021416,with_n2v,HRNet,HRNet with_n2v
00018,1000,2.0,0.25,0.9146268656716418,with_n2v,HRNet,HRNet with_n2v
00021,20,0.0,0.0,0.8355582524271845,with_n2v,HRNet,HRNet with_n2v
00021,20,0.0,0.1,0.8696165191740413,with_n2v,HRNet,HRNet with_n2v
00021,20,0.0,0.25,0.8734835355285961,with_n2v,HRNet,HRNet with_n2v
00021,20,1.0,0.0,0.8253195374315276,with_n2v,HRNet,HRNet with_n2v
00021,20,1.0,0.1,0.8632676709154113,with_n2v,HRNet,HRNet with_n2v
00021,20,1.0,0.25,0.8890814558058926,with_n2v,HRNet,HRNet with_n2v
00021,20,2.0,0.0,0.8394549763033176,with_n2v,HRNet,HRNet with_n2v
00021,20,2.0,0.1,0.8710045662100456,with_n2v,HRNet,HRNet with_n2v
00021,20,2.0,0.25,0.8688147295742232,with_n2v,HRNet,HRNet with_n2v
00021,50,0.0,0.0,0.8185679611650486,with_n2v,HRNet,HRNet with_n2v
00021,50,0.0,0.1,0.8827708703374778,with_n2v,HRNet,HRNet with_n2v
00021,50,0.0,0.25,0.8753657109420714,with_n2v,HRNet,HRNet with_n2v
00021,50,1.0,0.0,0.8293867638129934,with_n2v,HRNet,HRNet with_n2v
00021,50,1.0,0.1,0.875,with_n2v,HRNet,HRNet with_n2v
00021,50,1.0,0.25,0.873329459616502,with_n2v,HRNet,HRNet with_n2v
00021,50,2.0,0.0,0.8451300665456746,with_n2v,HRNet,HRNet with_n2v
00021,50,2.0,0.1,0.8756446991404011,with_n2v,HRNet,HRNet with_n2v
00021,50,2.0,0.25,0.870264064293915,with_n2v,HRNet,HRNet with_n2v
00021,200,0.0,0.0,0.8216249236408063,with_n2v,HRNet,HRNet with_n2v
00021,200,0.0,0.1,0.8755924170616114,with_n2v,HRNet,HRNet with_n2v
00021,200,0.0,0.25,0.8668621700879765,with_n2v,HRNet,HRNet with_n2v
00021,200,1.0,0.0,0.8278388278388278,with_n2v,HRNet,HRNet with_n2v
00021,200,1.0,0.1,0.8747805734347571,with_n2v,HRNet,HRNet with_n2v
00021,200,1.0,0.25,0.8651296829971181,with_n2v,HRNet,HRNet with_n2v
00021,200,2.0,0.0,0.8489077669902912,with_n2v,HRNet,HRNet with_n2v
00021,200,2.0,0.1,0.8812572759022119,with_n2v,HRNet,HRNet with_n2v
00021,200,2.0,0.25,0.8721590909090909,with_n2v,HRNet,HRNet with_n2v
00021,1000,0.0,0.0,0.823960880195599,with_n2v,HRNet,HRNet with_n2v
00021,1000,0.0,0.1,0.8758907363420427,with_n2v,HRNet,HRNet with_n2v
00021,1000,0.0,0.25,0.8638199653779572,with_n2v,HRNet,HRNet with_n2v
00021,1000,1.0,0.0,0.8308913308913309,with_n2v,HRNet,HRNet with_n2v
00021,1000,1.0,0.1,0.875736160188457,with_n2v,HRNet,HRNet with_n2v
00021,1000,1.0,0.25,0.8604250430786904,with_n2v,HRNet,HRNet with_n2v
00021,1000,2.0,0.0,0.8411158277744087,with_n2v,HRNet,HRNet with_n2v
00021,1000,2.0,0.1,0.8752900232018561,with_n2v,HRNet,HRNet with_n2v
00021,1000,2.0,0.25,0.8685714285714285,with_n2v,HRNet,HRNet with_n2v
00024,20,0.0,0.0,0.538515406162465,with_n2v,HRNet,HRNet with_n2v
00024,20,0.0,0.1,0.5256756756756756,with_n2v,HRNet,HRNet with_n2v
00024,20,0.0,0.25,0.6757105943152455,with_n2v,HRNet,HRNet with_n2v
00024,20,1.0,0.0,0.5167432698621143,with_n2v,HRNet,HRNet with_n2v
00024,20,1.0,0.1,0.6075614366729679,with_n2v,HRNet,HRNet with_n2v
00024,20,1.0,0.25,0.6108087091757387,with_n2v,HRNet,HRNet with_n2v
00024,20,2.0,0.0,0.48236009732360097,with_n2v,HRNet,HRNet with_n2v
00024,20,2.0,0.1,0.6344386735916899,with_n2v,HRNet,HRNet with_n2v
00024,20,2.0,0.25,0.5564630681818182,with_n2v,HRNet,HRNet with_n2v
00024,50,0.0,0.0,0.4481292517006803,with_n2v,HRNet,HRNet with_n2v
00024,50,0.0,0.1,0.41892960717110467,with_n2v,HRNet,HRNet with_n2v
00024,50,0.0,0.25,0.42732478865557677,with_n2v,HRNet,HRNet with_n2v
00024,50,1.0,0.0,0.4048284625158831,with_n2v,HRNet,HRNet with_n2v
00024,50,1.0,0.1,0.43645213628988644,with_n2v,HRNet,HRNet with_n2v
00024,50,1.0,0.25,0.43042772062804546,with_n2v,HRNet,HRNet with_n2v
00024,50,2.0,0.0,0.383424624910693,with_n2v,HRNet,HRNet with_n2v
00024,50,2.0,0.1,0.5047438330170778,with_n2v,HRNet,HRNet with_n2v
00024,50,2.0,0.25,0.4362050163576881,with_n2v,HRNet,HRNet with_n2v
00024,200,0.0,0.0,0.3154335719968178,with_n2v,HRNet,HRNet with_n2v
00024,200,0.0,0.1,0.3237845471051039,with_n2v,HRNet,HRNet with_n2v
00024,200,0.0,0.25,0.35832587287376905,with_n2v,HRNet,HRNet with_n2v
00024,200,1.0,0.0,0.3091778202676864,with_n2v,HRNet,HRNet with_n2v
00024,200,1.0,0.1,0.3368816530995617,with_n2v,HRNet,HRNet with_n2v
00024,200,1.0,0.25,0.33928946815219674,with_n2v,HRNet,HRNet with_n2v
00024,200,2.0,0.0,0.31925808997632205,with_n2v,HRNet,HRNet with_n2v
00024,200,2.0,0.1,0.31184870706291007,with_n2v,HRNet,HRNet with_n2v
00024,200,2.0,0.25,0.33813400125234816,with_n2v,HRNet,HRNet with_n2v
00024,1000,0.0,0.0,0.26159372958850424,with_n2v,HRNet,HRNet with_n2v
00024,1000,0.0,0.1,0.29566648381788263,with_n2v,HRNet,HRNet with_n2v
00024,1000,0.0,0.25,0.28889687387711105,with_n2v,HRNet,HRNet with_n2v
00024,1000,1.0,0.0,0.2788078322647721,with_n2v,HRNet,HRNet with_n2v
00024,1000,1.0,0.1,0.27492344334807756,with_n2v,HRNet,HRNet with_n2v
00024,1000,1.0,0.25,0.28172942817294283,with_n2v,HRNet,HRNet with_n2v
00024,1000,2.0,0.0,0.2537219871493496,with_n2v,HRNet,HRNet with_n2v
00024,1000,2.0,0.1,0.2685799601857996,with_n2v,HRNet,HRNet with_n2v
00024,1000,2.0,0.25,0.24725106902871105,with_n2v,HRNet,HRNet with_n2v
00030,20,0.0,0.0,0.8334357713583282,with_n2v,HRNet,HRNet with_n2v
00030,20,0.0,0.1,0.8952324896998234,with_n2v,HRNet,HRNet with_n2v
00030,20,0.0,0.25,0.8851590106007067,with_n2v,HRNet,HRNet with_n2v
00030,20,1.0,0.0,0.8311847759361571,with_n2v,HRNet,HRNet with_n2v
00030,20,1.0,0.1,0.8870292887029289,with_n2v,HRNet,HRNet with_n2v
00030,20,1.0,0.25,0.910271546635183,with_n2v,HRNet,HRNet with_n2v
00030,20,2.0,0.0,0.8330275229357799,with_n2v,HRNet,HRNet with_n2v
00030,20,2.0,0.1,0.8957483983692487,with_n2v,HRNet,HRNet with_n2v
00030,20,2.0,0.25,0.8979118329466357,with_n2v,HRNet,HRNet with_n2v
00030,50,0.0,0.0,0.8314883148831488,with_n2v,HRNet,HRNet with_n2v
00030,50,0.0,0.1,0.9042489527229204,with_n2v,HRNet,HRNet with_n2v
00030,50,0.0,0.25,0.9025249559600704,with_n2v,HRNet,HRNet with_n2v
00030,50,1.0,0.0,0.8420085731781997,with_n2v,HRNet,HRNet with_n2v
00030,50,1.0,0.1,0.8875809299587993,with_n2v,HRNet,HRNet with_n2v
00030,50,1.0,0.25,0.9130691898285038,with_n2v,HRNet,HRNet with_n2v
00030,50,2.0,0.0,0.8658536585365854,with_n2v,HRNet,HRNet with_n2v
00030,50,2.0,0.1,0.8851894374282434,with_n2v,HRNet,HRNet with_n2v
00030,50,2.0,0.25,0.9044032444959443,with_n2v,HRNet,HRNet with_n2v
00030,200,0.0,0.0,0.8376383763837638,with_n2v,HRNet,HRNet with_n2v
00030,200,0.0,0.1,0.8977751052315093,with_n2v,HRNet,HRNet with_n2v
00030,200,0.0,0.25,0.8913171884229178,with_n2v,HRNet,HRNet with_n2v
00030,200,1.0,0.0,0.8411330049261084,with_n2v,HRNet,HRNet with_n2v
00030,200,1.0,0.1,0.8948931116389549,with_n2v,HRNet,HRNet with_n2v
00030,200,1.0,0.25,0.8914956011730205,with_n2v,HRNet,HRNet with_n2v
00030,200,2.0,0.0,0.8613317043372022,with_n2v,HRNet,HRNet with_n2v
00030,200,2.0,0.1,0.8906976744186047,with_n2v,HRNet,HRNet with_n2v
00030,200,2.0,0.25,0.8957373271889401,with_n2v,HRNet,HRNet with_n2v
00030,1000,0.0,0.0,0.8356923076923077,with_n2v,HRNet,HRNet with_n2v
00030,1000,0.0,0.1,0.8904847396768402,with_n2v,HRNet,HRNet with_n2v
00030,1000,0.0,0.25,0.8903225806451613,with_n2v,HRNet,HRNet with_n2v
00030,1000,1.0,0.0,0.8425584255842559,with_n2v,HRNet,HRNet with_n2v
00030,1000,1.0,0.1,0.8957712924359738,with_n2v,HRNet,HRNet with_n2v
00030,1000,1.0,0.25,0.8968347010550997,with_n2v,HRNet,HRNet with_n2v
00030,1000,2.0,0.0,0.8675213675213675,with_n2v,HRNet,HRNet with_n2v
00030,1000,2.0,0.1,0.8948913681738109,with_n2v,HRNet,HRNet with_n2v
00030,1000,2.0,0.25,0.89164265129683,with_n2v,HRNet,HRNet with_n2v
00033,20,0.0,0.0,0.30622909698996653,with_n2v,HRNet,HRNet with_n2v
00033,20,0.0,0.1,0.2479099129841324,with_n2v,HRNet,HRNet with_n2v
00033,20,0.0,0.25,0.1717883548983364,with_n2v,HRNet,HRNet with_n2v
00033,20,1.0,0.0,0.27576549663928307,with_n2v,HRNet,HRNet with_n2v
00033,20,1.0,0.1,0.24033977348434377,with_n2v,HRNet,HRNet with_n2v
00033,20,1.0,0.25,0.15606382978723404,with_n2v,HRNet,HRNet with_n2v
00033,20,2.0,0.0,0.21363246641897685,with_n2v,HRNet,HRNet with_n2v
00033,20,2.0,0.1,0.2538789428815004,with_n2v,HRNet,HRNet with_n2v
00033,20,2.0,0.25,0.1350962403309948,with_n2v,HRNet,HRNet with_n2v
00033,50,0.0,0.0,0.22012204197053134,with_n2v,HRNet,HRNet with_n2v
00033,50,0.0,0.1,0.213,with_n2v,HRNet,HRNet with_n2v
00033,50,0.0,0.25,0.14857537217785666,with_n2v,HRNet,HRNet with_n2v
00033,50,1.0,0.0,0.1838587023181651,with_n2v,HRNet,HRNet with_n2v
00033,50,1.0,0.1,0.20785251899802984,with_n2v,HRNet,HRNet with_n2v
00033,50,1.0,0.25,0.15224244889657276,with_n2v,HRNet,HRNet with_n2v
00033,50,2.0,0.0,0.20589041095890412,with_n2v,HRNet,HRNet with_n2v
00033,50,2.0,0.1,0.18567141785446362,with_n2v,HRNet,HRNet with_n2v
00033,50,2.0,0.25,0.13417005479936361,with_n2v,HRNet,HRNet with_n2v
00033,200,0.0,0.0,0.15573685841164928,with_n2v,HRNet,HRNet with_n2v
00033,200,0.0,0.1,0.1639773222852159,with_n2v,HRNet,HRNet with_n2v
00033,200,0.0,0.25,0.11646770737679829,with_n2v,HRNet,HRNet with_n2v
00033,200,1.0,0.0,0.14918715305313243,with_n2v,HRNet,HRNet with_n2v
00033,200,1.0,0.1,0.1592545531554426,with_n2v,HRNet,HRNet with_n2v
00033,200,1.0,0.25,0.11471601978120785,with_n2v,HRNet,HRNet with_n2v
00033,200,2.0,0.0,0.1445301342473579,with_n2v,HRNet,HRNet with_n2v
00033,200,2.0,0.1,0.15258855585831063,with_n2v,HRNet,HRNet with_n2v
00033,200,2.0,0.25,0.10702574478476244,with_n2v,HRNet,HRNet with_n2v
00033,1000,0.0,0.0,0.13573681838666066,with_n2v,HRNet,HRNet with_n2v
00033,1000,0.0,0.1,0.13646633529145955,with_n2v,HRNet,HRNet with_n2v
00033,1000,0.0,0.25,0.10476190476190476,with_n2v,HRNet,HRNet with_n2v
00033,1000,1.0,0.0,0.1351617818409967,with_n2v,HRNet,HRNet with_n2v
00033,1000,1.0,0.1,0.13302792705488503,with_n2v,HRNet,HRNet with_n2v
00033,1000,1.0,0.25,0.10521255408282398,with_n2v,HRNet,HRNet with_n2v
00033,1000,2.0,0.0,0.12861627216424876,with_n2v,HRNet,HRNet with_n2v
00033,1000,2.0,0.1,0.1262718932443703,with_n2v,HRNet,HRNet with_n2v
00033,1000,2.0,0.25,0.10034669981029633,with_n2v,HRNet,HRNet with_n2v
00035,20,0.0,0.0,0.8458452722063037,with_n2v,HRNet,HRNet with_n2v
00035,20,0.0,0.1,0.8397553516819571,with_n2v,HRNet,HRNet with_n2v
00035,20,0.0,0.25,0.7855409995147986,with_n2v,HRNet,HRNet with_n2v
00035,20,1.0,0.0,0.8572216097023153,with_n2v,HRNet,HRNet with_n2v
00035,20,1.0,0.1,0.8582582582582583,with_n2v,HRNet,HRNet with_n2v
00035,20,1.0,0.25,0.8074948665297741,with_n2v,HRNet,HRNet with_n2v
00035,20,2.0,0.0,0.8346153846153846,with_n2v,HRNet,HRNet with_n2v
00035,20,2.0,0.1,0.8949253731343284,with_n2v,HRNet,HRNet with_n2v
00035,20,2.0,0.25,0.7824540604623592,with_n2v,HRNet,HRNet with_n2v
00035,50,0.0,0.0,0.8946439081812831,with_n2v,HRNet,HRNet with_n2v
00035,50,0.0,0.1,0.8962264150943396,with_n2v,HRNet,HRNet with_n2v
00035,50,0.0,0.25,0.8984238178633975,with_n2v,HRNet,HRNet with_n2v
00035,50,1.0,0.0,0.8698296836982968,with_n2v,HRNet,HRNet with_n2v
00035,50,1.0,0.1,0.8940702360391479,with_n2v,HRNet,HRNet with_n2v
00035,50,1.0,0.25,0.866740699611327,with_n2v,HRNet,HRNet with_n2v
00035,50,2.0,0.0,0.9036993540810335,with_n2v,HRNet,HRNet with_n2v
00035,50,2.0,0.1,0.8979827089337176,with_n2v,HRNet,HRNet with_n2v
00035,50,2.0,0.25,0.8366388308977035,with_n2v,HRNet,HRNet with_n2v
00035,200,0.0,0.0,0.8784431137724551,with_n2v,HRNet,HRNet with_n2v
00035,200,0.0,0.1,0.8863242931332949,with_n2v,HRNet,HRNet with_n2v
00035,200,0.0,0.25,0.8944348823866897,with_n2v,HRNet,HRNet with_n2v
00035,200,1.0,0.0,0.9158767772511849,with_n2v,HRNet,HRNet with_n2v
00035,200,1.0,0.1,0.8886946386946387,with_n2v,HRNet,HRNet with_n2v
00035,200,1.0,0.25,0.849235635213495,with_n2v,HRNet,HRNet with_n2v
00035,200,2.0,0.0,0.8950724637681159,with_n2v,HRNet,HRNet with_n2v
00035,200,2.0,0.1,0.8878241262683202,with_n2v,HRNet,HRNet with_n2v
00035,200,2.0,0.25,0.8423258250392875,with_n2v,HRNet,HRNet with_n2v
00035,1000,0.0,0.0,0.8871060171919771,with_n2v,HRNet,HRNet with_n2v
00035,1000,0.0,0.1,0.8720538720538721,with_n2v,HRNet,HRNet with_n2v
00035,1000,0.0,0.25,0.851931330472103,with_n2v,HRNet,HRNet with_n2v
00035,1000,1.0,0.0,0.8855524079320113,with_n2v,HRNet,HRNet with_n2v
00035,1000,1.0,0.1,0.8824846110800224,with_n2v,HRNet,HRNet with_n2v
00035,1000,1.0,0.25,0.8347324239244491,with_n2v,HRNet,HRNet with_n2v
00035,1000,2.0,0.0,0.8743169398907104,with_n2v,HRNet,HRNet with_n2v
00035,1000,2.0,0.1,0.8616963803349541,with_n2v,HRNet,HRNet with_n2v
00035,1000,2.0,0.25,0.8162436548223351,with_n2v,HRNet,HRNet with_n2v
00038,20,0.0,0.0,0.8468085106382979,with_n2v,HRNet,HRNet with_n2v
00038,20,0.0,0.1,0.8924539512774807,with_n2v,HRNet,HRNet with_n2v
00038,20,0.0,0.25,0.9040524433849821,with_n2v,HRNet,HRNet with_n2v
00038,20,1.0,0.0,0.8373235113566605,with_n2v,HRNet,HRNet with_n2v
00038,20,1.0,0.1,0.8806584362139918,with_n2v,HRNet,HRNet with_n2v
00038,20,1.0,0.25,0.8737580362361193,with_n2v,HRNet,HRNet with_n2v
00038,20,2.0,0.0,0.8597449908925319,with_n2v,HRNet,HRNet with_n2v
00038,20,2.0,0.1,0.8870122306348281,with_n2v,HRNet,HRNet with_n2v
00038,20,2.0,0.25,0.8684663986214819,with_n2v,HRNet,HRNet with_n2v
00038,50,0.0,0.0,0.8268053855569155,with_n2v,HRNet,HRNet with_n2v
00038,50,0.0,0.1,0.8795749704840614,with_n2v,HRNet,HRNet with_n2v
00038,50,0.0,0.25,0.8979351032448377,with_n2v,HRNet,HRNet with_n2v
00038,50,1.0,0.0,0.8333333333333334,with_n2v,HRNet,HRNet with_n2v
00038,50,1.0,0.1,0.8836937463471654,with_n2v,HRNet,HRNet with_n2v
00038,50,1.0,0.25,0.882661996497373,with_n2v,HRNet,HRNet with_n2v
00038,50,2.0,0.0,0.8641900121802679,with_n2v,HRNet,HRNet with_n2v
00038,50,2.0,0.1,0.8748558246828143,with_n2v,HRNet,HRNet with_n2v
00038,50,2.0,0.25,0.8725376593279258,with_n2v,HRNet,HRNet with_n2v
00038,200,0.0,0.0,0.8288343558282208,with_n2v,HRNet,HRNet with_n2v
00038,200,0.0,0.1,0.8753709198813057,with_n2v,HRNet,HRNet with_n2v
00038,200,0.0,0.25,0.8828032979976443,with_n2v,HRNet,HRNet with_n2v
00038,200,1.0,0.0,0.8365973072215422,with_n2v,HRNet,HRNet with_n2v
00038,200,1.0,0.1,0.882909520993495,with_n2v,HRNet,HRNet with_n2v
00038,200,1.0,0.25,0.88042203985932,with_n2v,HRNet,HRNet with_n2v
00038,200,2.0,0.0,0.8543570993296771,with_n2v,HRNet,HRNet with_n2v
00038,200,2.0,0.1,0.8845481049562682,with_n2v,HRNet,HRNet with_n2v
00038,200,2.0,0.25,0.888631090487239,with_n2v,HRNet,HRNet with_n2v
00038,1000,0.0,0.0,0.8332311465358676,with_n2v,HRNet,HRNet with_n2v
00038,1000,0.0,0.1,0.8808104886769964,with_n2v,HRNet,HRNet with_n2v
00038,1000,0.0,0.25,0.8733880422039859,with_n2v,HRNet,HRNet with_n2v
00038,1000,1.0,0.0,0.8388480392156863,with_n2v,HRNet,HRNet with_n2v
00038,1000,1.0,0.1,0.8847296494355318,with_n2v,HRNet,HRNet with_n2v
00038,1000,1.0,0.25,0.876608187134503,with_n2v,HRNet,HRNet with_n2v
00038,1000,2.0,0.0,0.8565349544072949,with_n2v,HRNet,HRNet with_n2v
00038,1000,2.0,0.1,0.8897360703812317,with_n2v,HRNet,HRNet with_n2v
00038,1000,2.0,0.25,0.879838243789717,with_n2v,HRNet,HRNet with_n2v
00043,20,0.0,0.0,0.8021108179419525,with_n2v,HRNet,HRNet with_n2v
00043,20,0.0,0.1,0.8090295796574987,with_n2v,HRNet,HRNet with_n2v
00043,20,0.0,0.25,0.8878504672897196,with_n2v,HRNet,HRNet with_n2v
00043,20,1.0,0.0,0.844041735310269,with_n2v,HRNet,HRNet with_n2v
00043,20,1.0,0.1,0.8407127429805615,with_n2v,HRNet,HRNet with_n2v
00043,20,1.0,0.25,0.879746835443038,with_n2v,HRNet,HRNet with_n2v
00043,20,2.0,0.0,0.8382820784729587,with_n2v,HRNet,HRNet with_n2v
00043,20,2.0,0.1,0.8242166755177908,with_n2v,HRNet,HRNet with_n2v
00043,20,2.0,0.25,0.8479437229437229,with_n2v,HRNet,HRNet with_n2v
00043,50,0.0,0.0,0.8296943231441049,with_n2v,HRNet,HRNet with_n2v
00043,50,0.0,0.1,0.839010989010989,with_n2v,HRNet,HRNet with_n2v
00043,50,0.0,0.25,0.8455598455598455,with_n2v,HRNet,HRNet with_n2v
00043,50,1.0,0.0,0.8245425188374597,with_n2v,HRNet,HRNet with_n2v
00043,50,1.0,0.1,0.8267674042093902,with_n2v,HRNet,HRNet with_n2v
00043,50,1.0,0.25,0.8386388583973655,with_n2v,HRNet,HRNet with_n2v
00043,50,2.0,0.0,0.7966101694915254,with_n2v,HRNet,HRNet with_n2v
00043,50,2.0,0.1,0.8197064989517819,with_n2v,HRNet,HRNet with_n2v
00043,50,2.0,0.25,0.8363832077502691,with_n2v,HRNet,HRNet with_n2v
00043,200,0.0,0.0,0.8286788399570354,with_n2v,HRNet,HRNet with_n2v
00043,200,0.0,0.1,0.8477661334804192,with_n2v,HRNet,HRNet with_n2v
00043,200,0.0,0.25,0.8410896708286039,with_n2v,HRNet,HRNet with_n2v
00043,200,1.0,0.0,0.8342332613390929,with_n2v,HRNet,HRNet with_n2v
00043,200,1.0,0.1,0.8356015242242787,with_n2v,HRNet,HRNet with_n2v
00043,200,1.0,0.25,0.8447513812154697,with_n2v,HRNet,HRNet with_n2v
00043,200,2.0,0.0,0.8255813953488372,with_n2v,HRNet,HRNet with_n2v
00043,200,2.0,0.1,0.8443370907139023,with_n2v,HRNet,HRNet with_n2v
00043,200,2.0,0.25,0.8370817334064728,with_n2v,HRNet,HRNet with_n2v
00043,1000,0.0,0.0,0.8362445414847162,with_n2v,HRNet,HRNet with_n2v
00043,1000,0.0,0.1,0.845941468801767,with_n2v,HRNet,HRNet with_n2v
00043,1000,0.0,0.25,0.8507631430186546,with_n2v,HRNet,HRNet with_n2v
00043,1000,1.0,0.0,0.8336944745395449,with_n2v,HRNet,HRNet with_n2v
00043,1000,1.0,0.1,0.8417618270799347,with_n2v,HRNet,HRNet with_n2v
00043,1000,1.0,0.25,0.8475336322869955,with_n2v,HRNet,HRNet with_n2v
00043,1000,2.0,0.0,0.8301486199575372,with_n2v,HRNet,HRNet with_n2v
00043,1000,2.0,0.1,0.8284806776071996,with_n2v,HRNet,HRNet with_n2v
00043,1000,2.0,0.25,0.8499724214009928,with_n2v,HRNet,HRNet with_n2v
00044,20,0.0,0.0,0.8669724770642202,with_n2v,HRNet,HRNet with_n2v
00044,20,0.0,0.1,0.8488708743485813,with_n2v,HRNet,HRNet with_n2v
00044,20,0.0,0.25,0.8530276308054086,with_n2v,HRNet,HRNet with_n2v
00044,20,1.0,0.0,0.8325123152709359,with_n2v,HRNet,HRNet with_n2v
00044,20,1.0,0.1,0.8218645948945617,with_n2v,HRNet,HRNet with_n2v
00044,20,1.0,0.25,0.8530636525877454,with_n2v,HRNet,HRNet with_n2v
00044,20,2.0,0.0,0.8874484384207425,with_n2v,HRNet,HRNet with_n2v
00044,20,2.0,0.1,0.8534534534534535,with_n2v,HRNet,HRNet with_n2v
00044,20,2.0,0.25,0.8774038461538461,with_n2v,HRNet,HRNet with_n2v
00044,50,0.0,0.0,0.8753041362530414,with_n2v,HRNet,HRNet with_n2v
00044,50,0.0,0.1,0.826530612244898,with_n2v,HRNet,HRNet with_n2v
00044,50,0.0,0.25,0.8405093996361431,with_n2v,HRNet,HRNet with_n2v
00044,50,1.0,0.0,0.8736654804270463,with_n2v,HRNet,HRNet with_n2v
00044,50,1.0,0.1,0.879739336492891,with_n2v,HRNet,HRNet with_n2v
00044,50,1.0,0.25,0.8321123321123322,with_n2v,HRNet,HRNet with_n2v
00044,50,2.0,0.0,0.8772753963593658,with_n2v,HRNet,HRNet with_n2v
00044,50,2.0,0.1,0.8269230769230769,with_n2v,HRNet,HRNet with_n2v
00044,50,2.0,0.25,0.8564564564564564,with_n2v,HRNet,HRNet with_n2v
00044,200,0.0,0.0,0.8554360812425329,with_n2v,HRNet,HRNet with_n2v
00044,200,0.0,0.1,0.8423586040914561,with_n2v,HRNet,HRNet with_n2v
00044,200,0.0,0.25,0.8454545454545455,with_n2v,HRNet,HRNet with_n2v
00044,200,1.0,0.0,0.8410317936412718,with_n2v,HRNet,HRNet with_n2v
00044,200,1.0,0.1,0.8432432432432433,with_n2v,HRNet,HRNet with_n2v
00044,200,1.0,0.25,0.8492159227985525,with_n2v,HRNet,HRNet with_n2v
00044,200,2.0,0.0,0.8628370457209847,with_n2v,HRNet,HRNet with_n2v
00044,200,2.0,0.1,0.8645584725536993,with_n2v,HRNet,HRNet with_n2v
00044,200,2.0,0.25,0.8629893238434164,with_n2v,HRNet,HRNet with_n2v
00044,1000,0.0,0.0,0.8456057007125891,with_n2v,HRNet,HRNet with_n2v
00044,1000,0.0,0.1,0.8516548463356974,with_n2v,HRNet,HRNet with_n2v
00044,1000,0.0,0.25,0.8496692723992784,with_n2v,HRNet,HRNet with_n2v
00044,1000,1.0,0.0,0.857565011820331,with_n2v,HRNet,HRNet with_n2v
00044,1000,1.0,0.1,0.8505611340815121,with_n2v,HRNet,HRNet with_n2v
00044,1000,1.0,0.25,0.853309481216458,with_n2v,HRNet,HRNet with_n2v
00044,1000,2.0,0.0,0.8640093786635404,with_n2v,HRNet,HRNet with_n2v
00044,1000,2.0,0.1,0.8631578947368421,with_n2v,HRNet,HRNet with_n2v
00044,1000,2.0,0.25,0.8621700879765396,with_n2v,HRNet,HRNet with_n2v
00046,20,0.0,0.0,0.8288508557457213,with_n2v,HRNet,HRNet with_n2v
00046,20,0.0,0.1,0.8874484384207425,with_n2v,HRNet,HRNet with_n2v
00046,20,0.0,0.25,0.8944872554831061,with_n2v,HRNet,HRNet with_n2v
00046,20,1.0,0.0,0.8440925700365408,with_n2v,HRNet,HRNet with_n2v
00046,20,1.0,0.1,0.8715542521994135,with_n2v,HRNet,HRNet with_n2v
00046,20,1.0,0.25,0.8745624270711785,with_n2v,HRNet,HRNet with_n2v
00046,20,2.0,0.0,0.8514911746804625,with_n2v,HRNet,HRNet with_n2v
00046,20,2.0,0.1,0.8868804664723032,with_n2v,HRNet,HRNet with_n2v
00046,20,2.0,0.25,0.878401852924146,with_n2v,HRNet,HRNet with_n2v
00046,50,0.0,0.0,0.8253968253968254,with_n2v,HRNet,HRNet with_n2v
00046,50,0.0,0.1,0.8890855457227138,with_n2v,HRNet,HRNet with_n2v
00046,50,0.0,0.25,0.8811354228267297,with_n2v,HRNet,HRNet with_n2v
00046,50,1.0,0.0,0.8266178266178266,with_n2v,HRNet,HRNet with_n2v
00046,50,1.0,0.1,0.8795038393384524,with_n2v,HRNet,HRNet with_n2v
00046,50,1.0,0.25,0.8809664113140837,with_n2v,HRNet,HRNet with_n2v
00046,50,2.0,0.0,0.8562765312310491,with_n2v,HRNet,HRNet with_n2v
00046,50,2.0,0.1,0.8778669724770642,with_n2v,HRNet,HRNet with_n2v
00046,50,2.0,0.25,0.8710801393728222,with_n2v,HRNet,HRNet with_n2v
00046,200,0.0,0.0,0.8298653610771114,with_n2v,HRNet,HRNet with_n2v
00046,200,0.0,0.1,0.8789505068574835,with_n2v,HRNet,HRNet with_n2v
00046,200,0.0,0.25,0.8740344622697563,with_n2v,HRNet,HRNet with_n2v
00046,200,1.0,0.0,0.8324159021406727,with_n2v,HRNet,HRNet with_n2v
00046,200,1.0,0.1,0.8764044943820225,with_n2v,HRNet,HRNet with_n2v
00046,200,1.0,0.25,0.8772861356932153,with_n2v,HRNet,HRNet with_n2v
00046,200,2.0,0.0,0.8563636363636363,with_n2v,HRNet,HRNet with_n2v
00046,200,2.0,0.1,0.87995337995338,with_n2v,HRNet,HRNet with_n2v
00046,200,2.0,0.25,0.8786999419616948,with_n2v,HRNet,HRNet with_n2v
00046,1000,0.0,0.0,0.8260869565217391,with_n2v,HRNet,HRNet with_n2v
00046,1000,0.0,0.1,0.882177033492823,with_n2v,HRNet,HRNet with_n2v
00046,1000,0.0,0.25,0.8735224586288416,with_n2v,HRNet,HRNet with_n2v
00046,1000,1.0,0.0,0.8321123321123322,with_n2v,HRNet,HRNet with_n2v
00046,1000,1.0,0.1,0.8863771564544913,with_n2v,HRNet,HRNet with_n2v
00046,1000,1.0,0.25,0.8737522019964769,with_n2v,HRNet,HRNet with_n2v
00046,1000,2.0,0.0,0.856709168184578,with_n2v,HRNet,HRNet with_n2v
00046,1000,2.0,0.1,0.8788765359859567,with_n2v,HRNet,HRNet with_n2v
00046,1000,2.0,0.25,0.8809523809523809,with_n2v,HRNet,HRNet with_n2v
00057,20,0.0,0.0,0.8339483394833949,with_n2v,HRNet,HRNet with_n2v
00057,20,0.0,0.1,0.8913301662707839,with_n2v,HRNet,HRNet with_n2v
00057,20,0.0,0.25,0.8976377952755905,with_n2v,HRNet,HRNet with_n2v
00057,20,1.0,0.0,0.8334357713583282,with_n2v,HRNet,HRNet with_n2v
00057,20,1.0,0.1,0.9108970499698976,with_n2v,HRNet,HRNet with_n2v
00057,20,1.0,0.25,0.8984984984984985,with_n2v,HRNet,HRNet with_n2v
00057,20,2.0,0.0,0.8643552311435523,with_n2v,HRNet,HRNet with_n2v
00057,20,2.0,0.1,0.9253996447602132,with_n2v,HRNet,HRNet with_n2v
00057,20,2.0,0.25,0.9226650803093397,with_n2v,HRNet,HRNet with_n2v
00057,50,0.0,0.0,0.8456334563345633,with_n2v,HRNet,HRNet with_n2v
00057,50,0.0,0.1,0.9041591320072333,with_n2v,HRNet,HRNet with_n2v
00057,50,0.0,0.25,0.9017480409885473,with_n2v,HRNet,HRNet with_n2v
00057,50,1.0,0.0,0.8515337423312883,with_n2v,HRNet,HRNet with_n2v
00057,50,1.0,0.1,0.9166666666666666,with_n2v,HRNet,HRNet with_n2v
00057,50,1.0,0.25,0.9125979505726342,with_n2v,HRNet,HRNet with_n2v
00057,50,2.0,0.0,0.8688725490196079,with_n2v,HRNet,HRNet with_n2v
00057,50,2.0,0.1,0.9181600955794504,with_n2v,HRNet,HRNet with_n2v
00057,50,2.0,0.25,0.9089834515366431,with_n2v,HRNet,HRNet with_n2v
00057,200,0.0,0.0,0.8441158348736907,with_n2v,HRNet,HRNet with_n2v
00057,200,0.0,0.1,0.9020085209981741,with_n2v,HRNet,HRNet with_n2v
00057,200,0.0,0.25,0.9074410163339383,with_n2v,HRNet,HRNet with_n2v
00057,200,1.0,0.0,0.8504615384615385,with_n2v,HRNet,HRNet with_n2v
00057,200,1.0,0.1,0.9060036385688296,with_n2v,HRNet,HRNet with_n2v
00057,200,1.0,0.25,0.9056490384615384,with_n2v,HRNet,HRNet with_n2v
00057,200,2.0,0.0,0.8779141104294479,with_n2v,HRNet,HRNet with_n2v
00057,200,2.0,0.1,0.9073634204275535,with_n2v,HRNet,HRNet with_n2v
00057,200,2.0,0.25,0.9083333333333333,with_n2v,HRNet,HRNet with_n2v
00057,1000,0.0,0.0,0.8445404071560765,with_n2v,HRNet,HRNet with_n2v
00057,1000,0.0,0.1,0.8996960486322189,with_n2v,HRNet,HRNet with_n2v
00057,1000,0.0,0.25,0.9012048192771084,with_n2v,HRNet,HRNet with_n2v
00057,1000,1.0,0.0,0.8532675709001233,with_n2v,HRNet,HRNet with_n2v
00057,1000,1.0,0.1,0.9040097205346294,with_n2v,HRNet,HRNet with_n2v
00057,1000,1.0,0.25,0.9017964071856287,with_n2v,HRNet,HRNet with_n2v
00057,1000,2.0,0.0,0.8753836709637814,with_n2v,HRNet,HRNet with_n2v
00057,1000,2.0,0.1,0.9130173965206959,with_n2v,HRNet,HRNet with_n2v
00057,1000,2.0,0.25,0.9116775340841731,with_n2v,HRNet,HRNet with_n2v
00059,20,0.0,0.0,0.8410351201478743,with_n2v,HRNet,HRNet with_n2v
00059,20,0.0,0.1,0.9206541490006057,with_n2v,HRNet,HRNet with_n2v
00059,20,0.0,0.25,0.924969987995198,with_n2v,HRNet,HRNet with_n2v
00059,20,1.0,0.0,0.8372093023255814,with_n2v,HRNet,HRNet with_n2v
00059,20,1.0,0.1,0.9173111243307555,with_n2v,HRNet,HRNet with_n2v
00059,20,1.0,0.25,0.9141323792486583,with_n2v,HRNet,HRNet with_n2v
00059,20,2.0,0.0,0.8692214111922141,with_n2v,HRNet,HRNet with_n2v
00059,20,2.0,0.1,0.9243597379392495,with_n2v,HRNet,HRNet with_n2v
00059,20,2.0,0.25,0.9235860409145608,with_n2v,HRNet,HRNet with_n2v
00059,50,0.0,0.0,0.8485221674876847,with_n2v,HRNet,HRNet with_n2v
00059,50,0.0,0.1,0.9018663455749548,with_n2v,HRNet,HRNet with_n2v
00059,50,0.0,0.25,0.9202159568086383,with_n2v,HRNet,HRNet with_n2v
00059,50,1.0,0.0,0.8461538461538461,with_n2v,HRNet,HRNet with_n2v
00059,50,1.0,0.1,0.9310551558752997,with_n2v,HRNet,HRNet with_n2v
00059,50,1.0,0.25,0.922289156626506,with_n2v,HRNet,HRNet with_n2v
00059,50,2.0,0.0,0.8711056811240073,with_n2v,HRNet,HRNet with_n2v
00059,50,2.0,0.1,0.9260355029585798,with_n2v,HRNet,HRNet with_n2v
00059,50,2.0,0.25,0.9260355029585798,with_n2v,HRNet,HRNet with_n2v
00059,200,0.0,0.0,0.8358024691358025,with_n2v,HRNet,HRNet with_n2v
00059,200,0.0,0.1,0.9149453219927096,with_n2v,HRNet,HRNet with_n2v
00059,200,0.0,0.25,0.9037304452466908,with_n2v,HRNet,HRNet with_n2v
00059,200,1.0,0.0,0.8497536945812808,with_n2v,HRNet,HRNet with_n2v
00059,200,1.0,0.1,0.9204339963833634,with_n2v,HRNet,HRNet with_n2v
00059,200,1.0,0.25,0.9094724220623501,with_n2v,HRNet,HRNet with_n2v
00059,200,2.0,0.0,0.8690842040565457,with_n2v,HRNet,HRNet with_n2v
00059,200,2.0,0.1,0.925089179548157,with_n2v,HRNet,HRNet with_n2v
00059,200,2.0,0.25,0.9189349112426035,with_n2v,HRNet,HRNet with_n2v
00059,1000,0.0,0.0,0.842170160295931,with_n2v,HRNet,HRNet with_n2v
00059,1000,0.0,0.1,0.9064966605950212,with_n2v,HRNet,HRNet with_n2v
00059,1000,0.0,0.25,0.9013157894736842,with_n2v,HRNet,HRNet with_n2v
00059,1000,1.0,0.0,0.8503694581280788,with_n2v,HRNet,HRNet with_n2v
00059,1000,1.0,0.1,0.9231234866828087,with_n2v,HRNet,HRNet with_n2v
00059,1000,1.0,0.25,0.9041095890410958,with_n2v,HRNet,HRNet with_n2v
00059,1000,2.0,0.0,0.8753071253071253,with_n2v,HRNet,HRNet with_n2v
00059,1000,2.0,0.1,0.9284009546539379,with_n2v,HRNet,HRNet with_n2v
00059,1000,2.0,0.25,0.9183431952662722,with_n2v,HRNet,HRNet with_n2v
00062,20,0.0,0.0,0.881578947368421,with_n2v,HRNet,HRNet with_n2v
00062,20,0.0,0.1,0.8667459845330161,with_n2v,HRNet,HRNet with_n2v
00062,20,0.0,0.25,0.8220046082949308,with_n2v,HRNet,HRNet with_n2v
00062,20,1.0,0.0,0.8607594936708861,with_n2v,HRNet,HRNet with_n2v
00062,20,1.0,0.1,0.8627108784176847,with_n2v,HRNet,HRNet with_n2v
00062,20,1.0,0.25,0.8198895027624309,with_n2v,HRNet,HRNet with_n2v
00062,20,2.0,0.0,0.8484673221515326,with_n2v,HRNet,HRNet with_n2v
00062,20,2.0,0.1,0.8309636650868878,with_n2v,HRNet,HRNet with_n2v
00062,20,2.0,0.25,0.7757100881488737,with_n2v,HRNet,HRNet with_n2v
00062,50,0.0,0.0,0.8876664736537349,with_n2v,HRNet,HRNet with_n2v
00062,50,0.0,0.1,0.8572271386430679,with_n2v,HRNet,HRNet with_n2v
00062,50,0.0,0.25,0.821826280623608,with_n2v,HRNet,HRNet with_n2v
00062,50,1.0,0.0,0.8768242848803269,with_n2v,HRNet,HRNet with_n2v
00062,50,1.0,0.1,0.8624277456647399,with_n2v,HRNet,HRNet with_n2v
00062,50,1.0,0.25,0.8661773009599096,with_n2v,HRNet,HRNet with_n2v
00062,50,2.0,0.0,0.8677309007981756,with_n2v,HRNet,HRNet with_n2v
00062,50,2.0,0.1,0.8635568513119534,with_n2v,HRNet,HRNet with_n2v
00062,50,2.0,0.25,0.8468271334792122,with_n2v,HRNet,HRNet with_n2v
00062,200,0.0,0.0,0.8710433763188745,with_n2v,HRNet,HRNet with_n2v
00062,200,0.0,0.1,0.8636619718309859,with_n2v,HRNet,HRNet with_n2v
00062,200,0.0,0.25,0.8626163108921729,with_n2v,HRNet,HRNet with_n2v
00062,200,1.0,0.0,0.8633257403189066,with_n2v,HRNet,HRNet with_n2v
00062,200,1.0,0.1,0.8680827277808831,with_n2v,HRNet,HRNet with_n2v
00062,200,1.0,0.25,0.8519108280254777,with_n2v,HRNet,HRNet with_n2v
00062,200,2.0,0.0,0.8690275435637999,with_n2v,HRNet,HRNet with_n2v
00062,200,2.0,0.1,0.853671706263499,with_n2v,HRNet,HRNet with_n2v
00062,200,2.0,0.25,0.8241025641025641,with_n2v,HRNet,HRNet with_n2v
00062,1000,0.0,0.0,0.8570627802690582,with_n2v,HRNet,HRNet with_n2v
00062,1000,0.0,0.1,0.8458605664488017,with_n2v,HRNet,HRNet with_n2v
00062,1000,0.0,0.25,0.8055271238485159,with_n2v,HRNet,HRNet with_n2v
00062,1000,1.0,0.0,0.8573021181716833,with_n2v,HRNet,HRNet with_n2v
00062,1000,1.0,0.1,0.8440714672441797,with_n2v,HRNet,HRNet with_n2v
00062,1000,1.0,0.25,0.8215575038679732,with_n2v,HRNet,HRNet with_n2v
00062,1000,2.0,0.0,0.8404542996214169,with_n2v,HRNet,HRNet with_n2v
00062,1000,2.0,0.1,0.8361344537815126,with_n2v,HRNet,HRNet with_n2v
00062,1000,2.0,0.25,0.7877750611246944,with_n2v,HRNet,HRNet with_n2v
00074,20,0.0,0.0,0.8370152184585175,with_n2v,HRNet,HRNet with_n2v
00074,20,0.0,0.1,0.9148732663797227,with_n2v,HRNet,HRNet with_n2v
00074,20,0.0,0.25,0.9087885985748219,with_n2v,HRNet,HRNet with_n2v
00074,20,1.0,0.0,0.8467583497053045,with_n2v,HRNet,HRNet with_n2v
00074,20,1.0,0.1,0.8990521327014218,with_n2v,HRNet,HRNet with_n2v
00074,20,1.0,0.25,0.9035508637236085,with_n2v,HRNet,HRNet with_n2v
00074,20,2.0,0.0,0.8722574353973671,with_n2v,HRNet,HRNet with_n2v
00074,20,2.0,0.1,0.9142191142191142,with_n2v,HRNet,HRNet with_n2v
00074,20,2.0,0.25,0.874942739349519,with_n2v,HRNet,HRNet with_n2v
00074,50,0.0,0.0,0.8489455615497793,with_n2v,HRNet,HRNet with_n2v
00074,50,0.0,0.1,0.8969896519285042,with_n2v,HRNet,HRNet with_n2v
00074,50,0.0,0.25,0.9014150943396226,with_n2v,HRNet,HRNet with_n2v
00074,50,1.0,0.0,0.8482318271119843,with_n2v,HRNet,HRNet with_n2v
00074,50,1.0,0.1,0.8969754253308129,with_n2v,HRNet,HRNet with_n2v
00074,50,1.0,0.25,0.8937082936129648,with_n2v,HRNet,HRNet with_n2v
00074,50,2.0,0.0,0.8736532810969637,with_n2v,HRNet,HRNet with_n2v
00074,50,2.0,0.1,0.9058106841611996,with_n2v,HRNet,HRNet with_n2v
00074,50,2.0,0.25,0.9129186602870814,with_n2v,HRNet,HRNet with_n2v
00074,200,0.0,0.0,0.8489455615497793,with_n2v,HRNet,HRNet with_n2v
00074,200,0.0,0.1,0.9144230769230769,with_n2v,HRNet,HRNet with_n2v
00074,200,0.0,0.25,0.8974854932301741,with_n2v,HRNet,HRNet with_n2v
00074,200,1.0,0.0,0.859313725490196,with_n2v,HRNet,HRNet with_n2v
00074,200,1.0,0.1,0.9122974261201144,with_n2v,HRNet,HRNet with_n2v
00074,200,1.0,0.25,0.9079074252651881,with_n2v,HRNet,HRNet with_n2v
00074,200,2.0,0.0,0.86962890625,with_n2v,HRNet,HRNet with_n2v
00074,200,2.0,0.1,0.9126121870571563,with_n2v,HRNet,HRNet with_n2v
00074,200,2.0,0.25,0.9186991869918699,with_n2v,HRNet,HRNet with_n2v
00074,1000,0.0,0.0,0.8493621197252208,with_n2v,HRNet,HRNet with_n2v
00074,1000,0.0,0.1,0.9063850216034566,with_n2v,HRNet,HRNet with_n2v
00074,1000,0.0,0.25,0.8979196903725205,with_n2v,HRNet,HRNet with_n2v
00074,1000,1.0,0.0,0.8553212358999509,with_n2v,HRNet,HRNet with_n2v
00074,1000,1.0,0.1,0.9027181688125894,with_n2v,HRNet,HRNet with_n2v
00074,1000,1.0,0.25,0.9013949013949014,with_n2v,HRNet,HRNet with_n2v
00074,1000,2.0,0.0,0.8792011690209449,with_n2v,HRNet,HRNet with_n2v
00074,1000,2.0,0.1,0.9090909090909091,with_n2v,HRNet,HRNet with_n2v
00074,1000,2.0,0.25,0.9095668729176583,with_n2v,HRNet,HRNet with_n2v
00077,20,0.0,0.0,0.8518518518518519,with_n2v,HRNet,HRNet with_n2v
00077,20,0.0,0.1,0.9178743961352657,with_n2v,HRNet,HRNet with_n2v
00077,20,0.0,0.25,0.9040114613180515,with_n2v,HRNet,HRNet with_n2v
00077,20,1.0,0.0,0.8584766584766584,with_n2v,HRNet,HRNet with_n2v
00077,20,1.0,0.1,0.921090387374462,with_n2v,HRNet,HRNet with_n2v
00077,20,1.0,0.25,0.923712342079689,with_n2v,HRNet,HRNet with_n2v
00077,20,2.0,0.0,0.8616290480863592,with_n2v,HRNet,HRNet with_n2v
00077,20,2.0,0.1,0.9180018850141376,with_n2v,HRNet,HRNet with_n2v
00077,20,2.0,0.25,0.9098931723176963,with_n2v,HRNet,HRNet with_n2v
00077,50,0.0,0.0,0.8496055226824457,with_n2v,HRNet,HRNet with_n2v
00077,50,0.0,0.1,0.92724609375,with_n2v,HRNet,HRNet with_n2v
00077,50,0.0,0.25,0.9354682193110141,with_n2v,HRNet,HRNet with_n2v
00077,50,1.0,0.0,0.8544023610427939,with_n2v,HRNet,HRNet with_n2v
00077,50,1.0,0.1,0.9231870229007634,with_n2v,HRNet,HRNet with_n2v
00077,50,1.0,0.25,0.9361909400876766,with_n2v,HRNet,HRNet with_n2v
00077,50,2.0,0.0,0.8726647000983284,with_n2v,HRNet,HRNet with_n2v
00077,50,2.0,0.1,0.923581809657759,with_n2v,HRNet,HRNet with_n2v
00077,50,2.0,0.25,0.9276126558005753,with_n2v,HRNet,HRNet with_n2v
00077,200,0.0,0.0,0.861439842209073,with_n2v,HRNet,HRNet with_n2v
00077,200,0.0,0.1,0.9203109815354713,with_n2v,HRNet,HRNet with_n2v
00077,200,0.0,0.25,0.9101123595505618,with_n2v,HRNet,HRNet with_n2v
00077,200,1.0,0.0,0.8590438639724002,with_n2v,HRNet,HRNet with_n2v
00077,200,1.0,0.1,0.9180804653417354,with_n2v,HRNet,HRNet with_n2v
00077,200,1.0,0.25,0.923939541686982,with_n2v,HRNet,HRNet with_n2v
00077,200,2.0,0.0,0.8925417075564279,with_n2v,HRNet,HRNet with_n2v
00077,200,2.0,0.1,0.924787133396405,with_n2v,HRNet,HRNet with_n2v
00077,200,2.0,0.25,0.9327812956648807,with_n2v,HRNet,HRNet with_n2v
00077,1000,0.0,0.0,0.8575653031049778,with_n2v,HRNet,HRNet with_n2v
00077,1000,0.0,0.1,0.921321029626032,with_n2v,HRNet,HRNet with_n2v
00077,1000,0.0,0.25,0.9117503656752803,with_n2v,HRNet,HRNet with_n2v
00077,1000,1.0,0.0,0.8660758247168883,with_n2v,HRNet,HRNet with_n2v
00077,1000,1.0,0.1,0.9233009708737864,with_n2v,HRNet,HRNet with_n2v
00077,1000,1.0,0.25,0.9138686131386862,with_n2v,HRNet,HRNet with_n2v
00077,1000,2.0,0.0,0.8935752820009809,with_n2v,HRNet,HRNet with_n2v
00077,1000,2.0,0.1,0.9294566253574833,with_n2v,HRNet,HRNet with_n2v
00077,1000,2.0,0.25,0.9284678588690188,with_n2v,HRNet,HRNet with_n2v
00080,20,0.0,0.0,0.8021415270018621,with_n2v,HRNet,HRNet with_n2v
00080,20,0.0,0.1,0.8520842671447781,with_n2v,HRNet,HRNet with_n2v
00080,20,0.0,0.25,0.871868978805395,with_n2v,HRNet,HRNet with_n2v
00080,20,1.0,0.0,0.8632010943912448,with_n2v,HRNet,HRNet with_n2v
00080,20,1.0,0.1,0.8492890995260663,with_n2v,HRNet,HRNet with_n2v
00080,20,1.0,0.25,0.8363218390804598,with_n2v,HRNet,HRNet with_n2v
00080,20,2.0,0.0,0.8341687552213868,with_n2v,HRNet,HRNet with_n2v
00080,20,2.0,0.1,0.8789664551223935,with_n2v,HRNet,HRNet with_n2v
00080,20,2.0,0.25,0.8546845124282982,with_n2v,HRNet,HRNet with_n2v
00080,50,0.0,0.0,0.8873370577281192,with_n2v,HRNet,HRNet with_n2v
00080,50,0.0,0.1,0.866421004145555,with_n2v,HRNet,HRNet with_n2v
00080,50,0.0,0.25,0.8814055636896047,with_n2v,HRNet,HRNet with_n2v
00080,50,1.0,0.0,0.887378640776699,with_n2v,HRNet,HRNet with_n2v
00080,50,1.0,0.1,0.8847992351816444,with_n2v,HRNet,HRNet with_n2v
00080,50,1.0,0.25,0.8768939393939394,with_n2v,HRNet,HRNet with_n2v
00080,50,2.0,0.0,0.8746150461944566,with_n2v,HRNet,HRNet with_n2v
00080,50,2.0,0.1,0.8840445269016698,with_n2v,HRNet,HRNet with_n2v
00080,50,2.0,0.25,0.8890449438202247,with_n2v,HRNet,HRNet with_n2v
00080,200,0.0,0.0,0.9006653992395437,with_n2v,HRNet,HRNet with_n2v
00080,200,0.0,0.1,0.896780303030303,with_n2v,HRNet,HRNet with_n2v
00080,200,0.0,0.25,0.9043478260869565,with_n2v,HRNet,HRNet with_n2v
00080,200,1.0,0.0,0.8901200369344414,with_n2v,HRNet,HRNet with_n2v
00080,200,1.0,0.1,0.8898305084745762,with_n2v,HRNet,HRNet with_n2v
00080,200,1.0,0.25,0.8802336903602727,with_n2v,HRNet,HRNet with_n2v
00080,200,2.0,0.0,0.8750548005260851,with_n2v,HRNet,HRNet with_n2v
00080,200,2.0,0.1,0.8982664233576643,with_n2v,HRNet,HRNet with_n2v
00080,200,2.0,0.25,0.9123314065510597,with_n2v,HRNet,HRNet with_n2v
00080,1000,0.0,0.0,0.8941823179111315,with_n2v,HRNet,HRNet with_n2v
00080,1000,0.0,0.1,0.9041414611447185,with_n2v,HRNet,HRNet with_n2v
00080,1000,0.0,0.25,0.8943323727185398,with_n2v,HRNet,HRNet with_n2v
00080,1000,1.0,0.0,0.8859609268514311,with_n2v,HRNet,HRNet with_n2v
00080,1000,1.0,0.1,0.8951501154734411,with_n2v,HRNet,HRNet with_n2v
00080,1000,1.0,0.25,0.897065897065897,with_n2v,HRNet,HRNet with_n2v
00080,1000,2.0,0.0,0.8681462140992167,with_n2v,HRNet,HRNet with_n2v
00080,1000,2.0,0.1,0.8953330312641595,with_n2v,HRNet,HRNet with_n2v
00080,1000,2.0,0.25,0.9050958391771856,with_n2v,HRNet,HRNet with_n2v
00081,20,0.0,0.0,0.8719452590420332,with_n2v,HRNet,HRNet with_n2v
00081,20,0.0,0.1,0.8708251473477406,with_n2v,HRNet,HRNet with_n2v
00081,20,0.0,0.25,0.8795761078998073,with_n2v,HRNet,HRNet with_n2v
00081,20,1.0,0.0,0.8801732435033687,with_n2v,HRNet,HRNet with_n2v
00081,20,1.0,0.1,0.8842412451361867,with_n2v,HRNet,HRNet with_n2v
00081,20,1.0,0.25,0.8641098484848485,with_n2v,HRNet,HRNet with_n2v
00081,20,2.0,0.0,0.8869190225203641,with_n2v,HRNet,HRNet with_n2v
00081,20,2.0,0.1,0.8885700621712099,with_n2v,HRNet,HRNet with_n2v
00081,20,2.0,0.25,0.890018484288355,with_n2v,HRNet,HRNet with_n2v
00081,50,0.0,0.0,0.8820939334637965,with_n2v,HRNet,HRNet with_n2v
00081,50,0.0,0.1,0.89306640625,with_n2v,HRNet,HRNet with_n2v
00081,50,0.0,0.25,0.9233023937469468,with_n2v,HRNet,HRNet with_n2v
00081,50,1.0,0.0,0.90771484375,with_n2v,HRNet,HRNet with_n2v
00081,50,1.0,0.1,0.8826705940108002,with_n2v,HRNet,HRNet with_n2v
00081,50,1.0,0.25,0.8788910505836576,with_n2v,HRNet,HRNet with_n2v
00081,50,2.0,0.0,0.8992172211350293,with_n2v,HRNet,HRNet with_n2v
00081,50,2.0,0.1,0.9053921568627451,with_n2v,HRNet,HRNet with_n2v
00081,50,2.0,0.25,0.9059334298118669,with_n2v,HRNet,HRNet with_n2v
00081,200,0.0,0.0,0.9045275590551181,with_n2v,HRNet,HRNet with_n2v
00081,200,0.0,0.1,0.9103889709502708,with_n2v,HRNet,HRNet with_n2v
00081,200,0.0,0.25,0.920448999511957,with_n2v,HRNet,HRNet with_n2v
00081,200,1.0,0.0,0.9254536537518392,with_n2v,HRNet,HRNet with_n2v
00081,200,1.0,0.1,0.9210009813542689,with_n2v,HRNet,HRNet with_n2v
00081,200,1.0,0.25,0.9316072300928188,with_n2v,HRNet,HRNet with_n2v
00081,200,2.0,0.0,0.925146771037182,with_n2v,HRNet,HRNet with_n2v
00081,200,2.0,0.1,0.9214916584887144,with_n2v,HRNet,HRNet with_n2v
00081,200,2.0,0.25,0.9306498545101843,with_n2v,HRNet,HRNet with_n2v
00081,1000,0.0,0.0,0.9173189823874756,with_n2v,HRNet,HRNet with_n2v
00081,1000,0.0,0.1,0.9127878490935816,with_n2v,HRNet,HRNet with_n2v
00081,1000,0.0,0.25,0.9328793774319066,with_n2v,HRNet,HRNet with_n2v
00081,1000,1.0,0.0,0.9113614103819785,with_n2v,HRNet,HRNet with_n2v
00081,1000,1.0,0.1,0.9296875,with_n2v,HRNet,HRNet with_n2v
00081,1000,1.0,0.25,0.936231884057971,with_n2v,HRNet,HRNet with_n2v
00081,1000,2.0,0.0,0.927360774818402,with_n2v,HRNet,HRNet with_n2v
00081,1000,2.0,0.1,0.9321705426356589,with_n2v,HRNet,HRNet with_n2v
00081,1000,2.0,0.25,0.9340245051837889,with_n2v,HRNet,HRNet with_n2v
