n,bias_x,bias_y,bias_mag,jitter_x,jitter_y,rmse,stem,dose,rep,shift,source,n_pred,n_true,matched_frac,spurious_frac,sigma_px,crb,condition,arch
132,0.022073593769775357,0.11051835969241353,0.11270115958150013,0.2019274820332446,0.20520805990654092,0.4000632590981433,07364,50,0,0.0,denoised,132,133,0.9924812030075187,0.0,2.9999999999999996,0.08057374454848279,no_n2v,AtomSegNet
131,0.050665853833749,0.02231302954004377,0.05536153928457629,0.2727617770658162,0.26860483289806336,0.4503159721520918,07364,50,0,0.0,raw,131,133,0.9849624060150376,0.0,2.9999999999999996,0.08057374454848279,no_n2v,AtomSegNet
133,0.013513664686769289,0.07930626540378682,0.08044938076556159,0.21387694910981928,0.20352954677580182,0.3653070664972729,07364,50,0,0.125,denoised,133,133,1.0,0.0,2.9999999999999996,0.08057374454848279,no_n2v,AtomSegNet
131,0.04014476597635053,0.017855926013268686,0.043936730978616015,0.3199385403286796,0.3303185499236817,0.45432886972853437,07364,50,0,0.125,raw,131,133,0.9849624060150376,0.0,2.9999999999999996,0.08057374454848279,no_n2v,AtomSegNet
132,0.01179354461730675,0.06290302486021915,0.06399904867422447,0.22326948883332612,0.2181917458560813,0.38315890783778345,07364,50,0,0.25,denoised,132,133,0.9924812030075187,0.0,2.9999999999999996,0.08057374454848279,no_n2v,AtomSegNet
131,0.024486230207941162,-0.009853486191133243,0.026394443731875536,0.3084047233521308,0.2290975938554192,0.4038874302470752,07364,50,0,0.25,raw,132,133,0.9849624060150376,0.007575757575757569,2.9999999999999996,0.08057374454848279,no_n2v,AtomSegNet
133,0.028447630384818012,0.07367594561279134,0.07897729190375047,0.18333726172794487,0.19001655185230767,0.3697244144435251,07364,50,0,0.375,denoised,133,133,1.0,0.0,2.9999999999999996,0.08057374454848279,no_n2v,AtomSegNet
131,0.06512577924706875,-0.010226052854022782,0.06592373836116394,0.28187969436385446,0.3289879686816071,0.4313506309297301,07364,50,0,0.375,raw,131,133,0.9849624060150376,0.0,2.9999999999999996,0.08057374454848279,no_n2v,AtomSegNet
132,0.04002240713793981,0.07373185408572702,0.08389385782066501,0.21262431114882563,0.2094122641918735,0.397688536690733,07364,50,0,0.5,denoised,132,133,0.9924812030075187,0.0,2.9999999999999996,0.08057374454848279,no_n2v,AtomSegNet
131,0.07158392412810599,0.017468498970032442,0.07368450752936101,0.30947068102291875,0.36454307938049424,0.4754815227400514,07364,50,0,0.5,raw,131,133,0.9849624060150376,0.0,2.9999999999999996,0.08057374454848279,no_n2v,AtomSegNet
131,0.025779735581238583,0.08272584183467302,0.08664963747122036,0.20441180751240906,0.20285388244855843,0.3516779731884937,07364,50,0,0.625,denoised,131,133,0.9849624060150376,0.0,2.9999999999999996,0.08057374454848279,no_n2v,AtomSegNet
131,0.04369565998555913,-0.00573224496085345,0.04407005030476847,0.22461425553991177,0.36729178616699026,0.4204001101533856,07364,50,0,0.625,raw,131,133,0.9849624060150376,0.0,2.9999999999999996,0.08057374454848279,no_n2v,AtomSegNet
132,0.056654835701714035,0.10160292591941555,0.11633110058696451,0.2305426902109377,0.1860656496092367,0.3764111815636797,07364,50,0,0.75,denoised,132,133,0.9924812030075187,0.0,2.9999999999999996,0.08057374454848279,no_n2v,AtomSegNet
131,0.06836467179331862,0.061510881547377494,0.09196367162169897,0.2598105251589742,0.24043428544802442,0.45124824099316135,07364,50,0,0.75,raw,131,133,0.9849624060150376,0.0,2.9999999999999996,0.08057374454848279,no_n2v,AtomSegNet
132,0.017602618375748058,0.05706096027109808,0.05971436477717951,0.22528371293513802,0.22140806202191893,0.3810380374269539,07364,50,0,0.875,denoised,132,133,0.9924812030075187,0.0,2.9999999999999996,0.08057374454848279,no_n2v,AtomSegNet
131,0.07871587445458772,0.0631940863800935,0.10094395199597217,0.2964530423879334,0.30086119252567134,0.45167172874682904,07364,50,0,0.875,raw,131,133,0.9849624060150376,0.0,2.9999999999999996,0.08057374454848279,no_n2v,AtomSegNet
133,0.04254112494869844,0.13206656283995244,0.13874914173521896,0.22660892662207416,0.1910397501846208,0.42359750160983867,07364,50,1,0.0,denoised,133,133,1.0,0.0,2.9999999999999996,0.08057374454848279,no_n2v,AtomSegNet
131,0.06740487849074839,0.08623764773282261,0.10945478304232739,0.2980097678641704,0.3110420823285178,0.48549307394830243,07364,50,1,0.0,raw,131,133,0.9849624060150376,0.0,2.9999999999999996,0.08057374454848279,no_n2v,AtomSegNet
132,0.017968074451310656,0.10707068125408625,0.10856787040235237,0.21314697534829982,0.18815124829163993,0.3872769253738631,07364,50,1,0.125,denoised,132,133,0.9924812030075187,0.0,2.9999999999999996,0.08057374454848279,no_n2v,AtomSegNet
131,0.0950141641002773,0.07192688710529183,0.11916865556148487,0.26244710072009125,0.3191068875105014,0.47792517321969635,07364,50,1,0.125,raw,131,133,0.9849624060150376,0.0,2.9999999999999996,0.08057374454848279,no_n2v,AtomSegNet
132,0.014488775337945903,0.09927094976683293,0.10032270968431094,0.2063423618260349,0.2113220573690506,0.377237921578204,07364,50,1,0.25,denoised,132,133,0.9924812030075187,0.0,2.9999999999999996,0.08057374454848279,no_n2v,AtomSegNet
131,0.07698048307685212,0.08892902628642219,0.11761958379027145,0.30121537046808555,0.28143243497104664,0.42867081437658805,07364,50,1,0.25,raw,131,133,0.9849624060150376,0.0,2.9999999999999996,0.08057374454848279,no_n2v,AtomSegNet
132,0.028814889457056125,0.055484441112625404,0.06252056509663649,0.2214775792853803,0.1924089900992068,0.36877555746086244,07364,50,1,0.375,denoised,132,133,0.9924812030075187,0.0,2.9999999999999996,0.08057374454848279,no_n2v,AtomSegNet
131,0.016411867168358185,0.050250216869329734,0.05286240326892549,0.3123376976708352,0.3000216125547626,0.4461876710175885,07364,50,1,0.375,raw,131,133,0.9849624060150376,0.0,2.9999999999999996,0.08057374454848279,no_n2v,AtomSegNet
132,-0.007453816943906233,0.0999651809151807,0.10024268942141402,0.22914050340858397,0.18890460598866057,0.3982260958461719,07364,50,1,0.5,denoised,132,133,0.9924812030075187,0.0,2.9999999999999996,0.08057374454848279,no_n2v,AtomSegNet
131,0.0013944927797098217,0.05058256562742258,0.05060178411444774,0.2841263291946336,0.3325694813857547,0.43962953797596876,07364,50,1,0.5,raw,131,133,0.9849624060150376,0.0,2.9999999999999996,0.08057374454848279,no_n2v,AtomSegNet
132,0.013023992361652859,0.09344166284886946,0.09434494545548364,0.21772371625558087,0.19062719163636552,0.38808653751946576,07364,50,1,0.625,denoised,132,133,0.9924812030075187,0.0,2.9999999999999996,0.08057374454848279,no_n2v,AtomSegNet
131,0.08119923437857324,0.05847804289011549,0.10006496471755065,0.26032528410895334,0.2798677580681872,0.45003985601505203,07364,50,1,0.625,raw,131,133,0.9849624060150376,0.0,2.9999999999999996,0.08057374454848279,no_n2v,AtomSegNet
132,-0.02019622441471114,0.1352025039775171,0.13670261359023061,0.17713593096636637,0.19760793515735478,0.3779201099969132,07364,50,1,0.75,denoised,132,133,0.9924812030075187,0.0,2.9999999999999996,0.08057374454848279,no_n2v,AtomSegNet
132,0.049453902923701776,0.04149635926172479,0.06455723310648508,0.33726496250720833,0.30150199628559793,0.48579363737289627,07364,50,1,0.75,raw,132,133,0.9924812030075187,0.0,2.9999999999999996,0.08057374454848279,no_n2v,AtomSegNet
132,0.008992538254837257,0.0675487140317017,0.06814465871659588,0.1808156835816191,0.17936567558483868,0.35758853818897396,07364,50,1,0.875,denoised,132,133,0.9924812030075187,0.0,2.9999999999999996,0.08057374454848279,no_n2v,AtomSegNet
131,0.06454780531257143,0.0613569032201724,0.08905666029803289,0.28045069495220115,0.32180904916722075,0.4559252614875839,07364,50,1,0.875,raw,131,133,0.9849624060150376,0.0,2.9999999999999996,0.08057374454848279,no_n2v,AtomSegNet
133,0.015137346237118265,0.12040092845106187,0.12134876523055403,0.24250833092257779,0.19093882114531185,0.42375098573096154,07364,50,2,0.0,denoised,133,133,1.0,0.0,2.9999999999999996,0.08057374454848279,no_n2v,AtomSegNet
132,0.03314405553528488,0.05379544101947431,0.06318605773274502,0.31077105872628197,0.28368551724677205,0.45034989742472065,07364,50,2,0.0,raw,132,133,0.9924812030075187,0.0,2.9999999999999996,0.08057374454848279,no_n2v,AtomSegNet
132,0.026649167958909814,0.1340067764792252,0.13663086874954433,0.20614688934677433,0.20304145625359685,0.3869023490826777,07364,50,2,0.125,denoised,132,133,0.9924812030075187,0.0,2.9999999999999996,0.08057374454848279,no_n2v,AtomSegNet
131,0.07672797649466645,0.09623973859336843,0.12308236941774389,0.3036034497150557,0.2929067021510407,0.4327911803196294,07364,50,2,0.125,raw,131,133,0.9849624060150376,0.0,2.9999999999999996,0.08057374454848279,no_n2v,AtomSegNet
132,0.00896254095215454,0.10830496320619432,0.10867516825574346,0.21159339286298914,0.1954741747821404,0.3813840129879256,07364,50,2,0.25,denoised,132,133,0.9924812030075187,0.0,2.9999999999999996,0.08057374454848279,no_n2v,AtomSegNet
131,0.019142207324993166,0.046347667658594105,0.05014509346550779,0.28688780184408763,0.2910102403026838,0.43176745117066667,07364,50,2,0.25,raw,131,133,0.9849624060150376,0.0,2.9999999999999996,0.08057374454848279,no_n2v,AtomSegNet
132,-0.008837793388504878,0.09980081605891655,0.1001913642885633,0.23229515883802518,0.2239028479802653,0.3960558995298425,07364,50,2,0.375,denoised,132,133,0.9924812030075187,0.0,2.9999999999999996,0.08057374454848279,no_n2v,AtomSegNet
131,0.08330737214272688,0.05464903572248403,0.09963250151794906,0.28223566827888746,0.24581498242889016,0.43690062297708865,07364,50,2,0.375,raw,131,133,0.9849624060150376,0.0,2.9999999999999996,0.08057374454848279,no_n2v,AtomSegNet
132,0.03885065202095461,0.08701392309087908,0.09529321053526701,0.23303922979360112,0.1799167060901694,0.3424204070443326,07364,50,2,0.5,denoised,132,133,0.9924812030075187,0.0,2.9999999999999996,0.08057374454848279,no_n2v,AtomSegNet
132,0.09609442853840733,0.06085064137703,0.11374066885735722,0.26224065040650957,0.3004233858823476,0.44473724078252075,07364,50,2,0.5,raw,132,133,0.9924812030075187,0.0,2.9999999999999996,0.08057374454848279,no_n2v,AtomSegNet
132,0.028610029124735092,0.10280013293215973,0.10670708082122714,0.23079787844941366,0.18912023393721877,0.36480277628310825,07364,50,2,0.625,denoised,132,133,0.9924812030075187,0.0,2.9999999999999996,0.08057374454848279,no_n2v,AtomSegNet
131,0.048499546288411466,0.04788830448455883,0.0681578733279405,0.3149613928055686,0.2521030076875601,0.46701389110667413,07364,50,2,0.625,raw,132,133,0.9849624060150376,0.007575757575757569,2.9999999999999996,0.08057374454848279,no_n2v,AtomSegNet
132,0.0009619054758829293,0.06970924628353004,0.06971588254883086,0.22268496851316621,0.19647976749672957,0.36752484273559555,07364,50,2,0.75,denoised,132,133,0.9924812030075187,0.0,2.9999999999999996,0.08057374454848279,no_n2v,AtomSegNet
132,0.022255159673832736,0.052122571518331995,0.05667499090243795,0.31792473002933846,0.27700502912977515,0.4885570045515578,07364,50,2,0.75,raw,132,133,0.9924812030075187,0.0,2.9999999999999996,0.08057374454848279,no_n2v,AtomSegNet
132,0.017923175645375267,0.07136084529765796,0.0735772415004208,0.22706702864357511,0.12204204796697975,0.361673971497441,07364,50,2,0.875,denoised,132,133,0.9924812030075187,0.0,2.9999999999999996,0.08057374454848279,no_n2v,AtomSegNet
131,0.03434214443791461,0.040443439108955204,0.05305708860797355,0.23908660834143342,0.2953406458289924,0.4592784795431261,07364,50,2,0.875,raw,131,133,0.9849624060150376,0.0,2.9999999999999996,0.08057374454848279,no_n2v,AtomSegNet
132,0.02352055477289383,0.09826338041139593,0.10103914304218642,0.15972548506490558,0.17948639253382534,0.3271811012536715,07364,200,0,0.0,denoised,132,133,0.9924812030075187,0.0,2.999999999999986,0.04165850907281803,no_n2v,AtomSegNet
131,0.011287168174419548,0.028930210766951348,0.031054102151211155,0.1790588832350243,0.17574926714257563,0.32378539876990964,07364,200,0,0.0,raw,132,133,0.9849624060150376,0.007575757575757569,2.999999999999986,0.04165850907281803,no_n2v,AtomSegNet
132,0.03685140250785146,0.08983463294586613,0.09709936736824899,0.1805356238058356,0.1797743366785214,0.33700240776798795,07364,200,0,0.125,denoised,132,133,0.9924812030075187,0.0,2.999999999999986,0.04165850907281803,no_n2v,AtomSegNet
131,0.0313479988984966,0.024547366043378815,0.03981545195784887,0.17578230675502307,0.15003226954029886,0.35392749311052596,07364,200,0,0.125,raw,131,133,0.9849624060150376,0.0,2.999999999999986,0.04165850907281803,no_n2v,AtomSegNet
132,0.03984490505001759,0.05337346775482388,0.06660588201217774,0.1697821084474549,0.1657012646194054,0.33895249835361757,07364,200,0,0.25,denoised,132,133,0.9924812030075187,0.0,2.999999999999986,0.04165850907281803,no_n2v,AtomSegNet
131,0.03832786623064521,0.016189611187400033,0.041606836459810566,0.21096218095302136,0.18207437465734805,0.32491693696299323,07364,200,0,0.25,raw,131,133,0.9849624060150376,0.0,2.999999999999986,0.04165850907281803,no_n2v,AtomSegNet
132,0.03889550166549327,0.08470820289694814,0.09321126373910464,0.15634819971626718,0.17716820951618928,0.3522007177840536,07364,200,0,0.375,denoised,132,133,0.9924812030075187,0.0,2.999999999999986,0.04165850907281803,no_n2v,AtomSegNet
131,0.0112838355245799,0.03275323546958475,0.03464245051770784,0.19928176049228205,0.22903627047868522,0.3531169344329421,07364,200,0,0.375,raw,131,133,0.9849624060150376,0.0,2.999999999999986,0.04165850907281803,no_n2v,AtomSegNet
132,0.03878499315356976,0.07711258078914796,0.08631700765136222,0.1656556113544153,0.14851748389222705,0.3132155608915473,07364,200,0,0.5,denoised,132,133,0.9924812030075187,0.0,2.999999999999986,0.04165850907281803,no_n2v,AtomSegNet
131,0.03999526862818925,0.022052506723994725,0.045672032639820746,0.16521395398879915,0.18012281174106037,0.3116610921952448,07364,200,0,0.5,raw,131,133,0.9849624060150376,0.0,2.999999999999986,0.04165850907281803,no_n2v,AtomSegNet
132,0.043376806137189305,0.0685340400619836,0.08110771823865394,0.1611277073961733,0.17137871241742536,0.32931773071714304,07364,200,0,0.625,denoised,132,133,0.9924812030075187,0.0,2.999999999999986,0.04165850907281803,no_n2v,AtomSegNet
131,0.038607599552676675,0.030763864779117966,0.04936559651587019,0.16727597276790032,0.16619772762286736,0.31193870497950427,07364,200,0,0.625,raw,131,133,0.9849624060150376,0.0,2.999999999999986,0.04165850907281803,no_n2v,AtomSegNet
132,0.05281866975765759,0.07685125059106923,0.09325195221752632,0.18088948813671518,0.14206999281351318,0.30553343560404217,07364,200,0,0.75,denoised,132,133,0.9924812030075187,0.0,2.999999999999986,0.04165850907281803,no_n2v,AtomSegNet
132,0.039944837001776534,-0.002356538320828605,0.04001428839747159,0.18813400190529206,0.19899838476199458,0.30654372389558415,07364,200,0,0.75,raw,132,133,0.9924812030075187,0.0,2.999999999999986,0.04165850907281803,no_n2v,AtomSegNet
132,0.033130803192676694,0.07373014444918269,0.08083182739917007,0.18268230630006632,0.16802307032378783,0.3326305444151981,07364,200,0,0.875,denoised,132,133,0.9924812030075187,0.0,2.999999999999986,0.04165850907281803,no_n2v,AtomSegNet
131,0.007982127428533659,0.008949217518903652,0.011991782706753879,0.20421599454342865,0.18383153989710793,0.3095626968115354,07364,200,0,0.875,raw,131,133,0.9849624060150376,0.0,2.999999999999986,0.04165850907281803,no_n2v,AtomSegNet
133,0.0383817113403353,0.08698544775757,0.09507693667234848,0.1903992719369503,0.15667456305702648,0.3377270644503433,07364,200,1,0.0,denoised,133,133,1.0,0.0,2.999999999999986,0.04165850907281803,no_n2v,AtomSegNet
131,0.017949145978263914,0.023130602283401913,0.0292779200651608,0.19204408208519402,0.18239933861882493,0.32541820453332837,07364,200,1,0.0,raw,131,133,0.9849624060150376,0.0,2.999999999999986,0.04165850907281803,no_n2v,AtomSegNet
132,0.04015791654581591,0.09807840788025146,0.10598128303443814,0.16300254126077016,0.15142204945038903,0.3261792892741414,07364,200,1,0.125,denoised,132,133,0.9924812030075187,0.0,2.999999999999986,0.04165850907281803,no_n2v,AtomSegNet
131,0.015332099304373514,0.031103419815451616,0.03467702399709928,0.17479449180408935,0.17371198682563682,0.3196972254257999,07364,200,1,0.125,raw,131,133,0.9849624060150376,0.0,2.999999999999986,0.04165850907281803,no_n2v,AtomSegNet
132,0.06134588410392894,0.03040005803511292,0.06846518111442425,0.15842499106401847,0.13760602293300897,0.33570287243748187,07364,200,1,0.25,denoised,132,133,0.9924812030075187,0.0,2.999999999999986,0.04165850907281803,no_n2v,AtomSegNet
131,0.03063484062371913,0.02765969157025694,0.04127410808003505,0.16942222721952374,0.20531094950404283,0.3036446389495056,07364,200,1,0.25,raw,131,133,0.9849624060150376,0.0,2.999999999999986,0.04165850907281803,no_n2v,AtomSegNet
132,0.043383048190392515,0.07462233062392443,0.0863167486530639,0.16118934670150661,0.15780237577508524,0.3377049516987594,07364,200,1,0.375,denoised,132,133,0.9924812030075187,0.0,2.999999999999986,0.04165850907281803,no_n2v,AtomSegNet
131,0.009146193913352363,0.0046039778356004035,0.010239603264352755,0.16903234174211462,0.18694943728673727,0.31422675619468704,07364,200,1,0.375,raw,132,133,0.9849624060150376,0.007575757575757569,2.999999999999986,0.04165850907281803,no_n2v,AtomSegNet
132,0.04558822986597022,0.08005635441301706,0.09212657914095766,0.17175506351221048,0.16647269194256625,0.31427787588201406,07364,200,1,0.5,denoised,132,133,0.9924812030075187,0.0,2.999999999999986,0.04165850907281803,no_n2v,AtomSegNet
131,-0.009331526229132692,-0.003084666614483922,0.00982815088851932,0.18522362266457307,0.17928327076067818,0.31536314274366023,07364,200,1,0.5,raw,131,133,0.9849624060150376,0.0,2.999999999999986,0.04165850907281803,no_n2v,AtomSegNet
132,0.04040587348962532,0.09177212283119474,0.10027341193658218,0.18254467079208797,0.1487379117530214,0.3211016461248023,07364,200,1,0.625,denoised,132,133,0.9924812030075187,0.0,2.999999999999986,0.04165850907281803,no_n2v,AtomSegNet
131,0.01521327926343119,0.028968748609372597,0.032720517446094464,0.17340091567047283,0.1991515895338106,0.3061108279344874,07364,200,1,0.625,raw,131,133,0.9849624060150376,0.0,2.999999999999986,0.04165850907281803,no_n2v,AtomSegNet
132,0.037902038278502914,0.06661835318641351,0.07664574017474704,0.14855863495473057,0.1604203473777003,0.32579776626730705,07364,200,1,0.75,denoised,132,133,0.9924812030075187,0.0,2.999999999999986,0.04165850907281803,no_n2v,AtomSegNet
131,0.003081102575748673,-0.008545909473781421,0.009084369092917358,0.19218278297496968,0.19896544667660773,0.3021619542573202,07364,200,1,0.75,raw,131,133,0.9849624060150376,0.0,2.999999999999986,0.04165850907281803,no_n2v,AtomSegNet
132,0.03961583506641375,0.07743883323509237,0.08698383344519685,0.20151790715171117,0.14813424370994838,0.3300805307899251,07364,200,1,0.875,denoised,132,133,0.9924812030075187,0.0,2.999999999999986,0.04165850907281803,no_n2v,AtomSegNet
131,-0.0021795127460961794,0.009870891298731976,0.010108648319225392,0.17232155165469848,0.18564478561716063,0.3165945843274076,07364,200,1,0.875,raw,131,133,0.9849624060150376,0.0,2.999999999999986,0.04165850907281803,no_n2v,AtomSegNet
132,0.04982594698445553,0.08540273581184721,0.0988749325008414,0.18284199689770478,0.16102181223862438,0.32867146534999025,07364,200,2,0.0,denoised,132,133,0.9924812030075187,0.0,2.999999999999986,0.04165850907281803,no_n2v,AtomSegNet
131,0.03748605966268315,0.022802594542184806,0.04387667930563475,0.18327036618310116,0.19741364280624618,0.33008053602767556,07364,200,2,0.0,raw,131,133,0.9849624060150376,0.0,2.999999999999986,0.04165850907281803,no_n2v,AtomSegNet
132,0.04625352815502737,0.0602315211013007,0.07594224780031429,0.18355940019629663,0.15861265569172617,0.328035960707282,07364,200,2,0.125,denoised,132,133,0.9924812030075187,0.0,2.999999999999986,0.04165850907281803,no_n2v,AtomSegNet
131,0.02753399060691919,0.020756321860950777,0.03448108954104115,0.18490805074202118,0.20669710702016822,0.32744555588185215,07364,200,2,0.125,raw,131,133,0.9849624060150376,0.0,2.999999999999986,0.04165850907281803,no_n2v,AtomSegNet
132,0.024909705617396583,0.1005937463884976,0.10363201844226877,0.16107773565801994,0.16247125946883328,0.31812771144515045,07364,200,2,0.25,denoised,132,133,0.9924812030075187,0.0,2.999999999999986,0.04165850907281803,no_n2v,AtomSegNet
132,0.015565670291429967,0.026875308204857618,0.031057564017926337,0.19348984265504196,0.18612269393635217,0.335085217059212,07364,200,2,0.25,raw,132,133,0.9924812030075187,0.0,2.999999999999986,0.04165850907281803,no_n2v,AtomSegNet
132,0.05028157164019831,0.07766994576497765,0.09252489892857471,0.19795221111656422,0.1796997751959133,0.34741577329649204,07364,200,2,0.375,denoised,132,133,0.9924812030075187,0.0,2.999999999999986,0.04165850907281803,no_n2v,AtomSegNet
131,0.011683542329080865,0.03110298378294374,0.0332250020550411,0.2324286661379914,0.21782072939821362,0.3177321464334226,07364,200,2,0.375,raw,131,133,0.9849624060150376,0.0,2.999999999999986,0.04165850907281803,no_n2v,AtomSegNet
132,0.022916457036217253,0.0615171835917927,0.06564699444878737,0.15580997683571257,0.1617115664319806,0.351791162390558,07364,200,2,0.5,denoised,132,133,0.9924812030075187,0.0,2.999999999999986,0.04165850907281803,no_n2v,AtomSegNet
131,0.011902612817635827,0.030100373836759786,0.03236826682105858,0.17587598132790877,0.1898219735921195,0.30197683426249455,07364,200,2,0.5,raw,131,133,0.9849624060150376,0.0,2.999999999999986,0.04165850907281803,no_n2v,AtomSegNet
132,0.036120002719812305,0.0986941579633438,0.10509610560136234,0.1805996345998536,0.15327016774344585,0.3129275491375291,07364,200,2,0.625,denoised,132,133,0.9924812030075187,0.0,2.999999999999986,0.04165850907281803,no_n2v,AtomSegNet
131,0.002358805051727586,0.04738938587620112,0.04744805428039748,0.17370996318408463,0.1694775289871187,0.29305226740694335,07364,200,2,0.625,raw,131,133,0.9849624060150376,0.0,2.999999999999986,0.04165850907281803,no_n2v,AtomSegNet
132,0.03360889388130772,0.07532849359469651,0.08248599696415894,0.1597155292155924,0.13882967133209553,0.3205488163502787,07364,200,2,0.75,denoised,132,133,0.9924812030075187,0.0,2.999999999999986,0.04165850907281803,no_n2v,AtomSegNet
131,0.04071202062549162,0.02124410323495951,0.04592146062211079,0.18057573590279288,0.173053152729611,0.3098485908847119,07364,200,2,0.75,raw,131,133,0.9849624060150376,0.0,2.999999999999986,0.04165850907281803,no_n2v,AtomSegNet
132,0.04162083026659502,0.07874631468704862,0.08906893728383876,0.19545062240807715,0.15106137136379588,0.32309619032766757,07364,200,2,0.875,denoised,132,133,0.9924812030075187,0.0,2.999999999999986,0.04165850907281803,no_n2v,AtomSegNet
131,0.04344868509065236,0.030168998175462036,0.05289571520470924,0.20090753893072064,0.18220770402507858,0.33210573832229484,07364,200,2,0.875,raw,131,133,0.9849624060150376,0.0,2.999999999999986,0.04165850907281803,no_n2v,AtomSegNet
132,0.04153093238079464,0.04747289790797282,0.06307530721446347,0.15654916094696603,0.15577522047173198,0.31307367076242276,07364,1000,0,0.0,denoised,132,133,0.9924812030075187,0.0,2.9999999999999996,0.0195394456310795,no_n2v,AtomSegNet
131,-0.007468717000801206,-0.024211724057582984,0.02533750807555075,0.11787558477243176,0.14740410675533744,0.2652317931452991,07364,1000,0,0.0,raw,131,133,0.9849624060150376,0.0,2.9999999999999996,0.0195394456310795,no_n2v,AtomSegNet
132,0.045041195779568,0.042619250243518536,0.062008949423232686,0.17064715303452932,0.15145577478867708,0.3095964340310562,07364,1000,0,0.125,denoised,132,133,0.9924812030075187,0.0,2.9999999999999996,0.0195394456310795,no_n2v,AtomSegNet
131,0.005486909508078952,-0.028378136791531006,0.02890371643420086,0.12328303573470205,0.1330292884729737,0.24765085006675264,07364,1000,0,0.125,raw,131,133,0.9849624060150376,0.0,2.9999999999999996,0.0195394456310795,no_n2v,AtomSegNet
132,0.0450157207580375,0.05474893451460883,0.07087919966993514,0.1516342477096817,0.16494079163113384,0.2927640617470134,07364,1000,0,0.25,denoised,132,133,0.9924812030075187,0.0,2.9999999999999996,0.0195394456310795,no_n2v,AtomSegNet
131,0.008633993031295972,-0.008209600349644575,0.011913999058475358,0.11514384978475943,0.1289901895740708,0.25103627252258426,07364,1000,0,0.25,raw,131,133,0.9849624060150376,0.0,2.9999999999999996,0.0195394456310795,no_n2v,AtomSegNet
132,0.03946214065025799,0.056508879947500645,0.06892397302551402,0.16227416457569704,0.16422463364720155,0.2946430749348689,07364,1000,0,0.375,denoised,132,133,0.9924812030075187,0.0,2.9999999999999996,0.0195394456310795,no_n2v,AtomSegNet
131,-0.010359431322406465,-0.026849770020419328,0.028778950075933358,0.11338235241376682,0.1326293090833255,0.21983356762179437,07364,1000,0,0.375,raw,131,133,0.9849624060150376,0.0,2.9999999999999996,0.0195394456310795,no_n2v,AtomSegNet
132,0.050126338484563604,0.0457269734355199,0.06784987774080205,0.15307550883438825,0.14500445556662772,0.30010994410085046,07364,1000,0,0.5,denoised,132,133,0.9924812030075187,0.0,2.9999999999999996,0.0195394456310795,no_n2v,AtomSegNet
131,-0.0061648111670074,-0.034110744247911384,0.03466334908619302,0.14331322047836537,0.1269692052392986,0.2370692829314741,07364,1000,0,0.5,raw,131,133,0.9849624060150376,0.0,2.9999999999999996,0.0195394456310795,no_n2v,AtomSegNet
132,0.053168478091180305,0.039077184615635474,0.06598419068244134,0.14644781180773736,0.15255769116365478,0.29476819324114995,07364,1000,0,0.625,denoised,132,133,0.9924812030075187,0.0,2.9999999999999996,0.0195394456310795,no_n2v,AtomSegNet
131,-0.013073059509466134,-0.01730378379855324,0.021686996534447008,0.1338409526016265,0.16184754600118006,0.23170814731467548,07364,1000,0,0.625,raw,131,133,0.9849624060150376,0.0,2.9999999999999996,0.0195394456310795,no_n2v,AtomSegNet
132,0.03408303188622597,0.03216781576638539,0.046865994428131025,0.1722274327885966,0.14947537293646315,0.29668835712433184,07364,1000,0,0.75,denoised,132,133,0.9924812030075187,0.0,2.9999999999999996,0.0195394456310795,no_n2v,AtomSegNet
131,-0.011084762929442604,-0.001990098002508489,0.011261991798147132,0.10106342741940527,0.12023093053154678,0.23166632771769097,07364,1000,0,0.75,raw,131,133,0.9849624060150376,0.0,2.9999999999999996,0.0195394456310795,no_n2v,AtomSegNet
132,0.03728660028311026,0.03895478725583956,0.05392370546262709,0.16893667716369262,0.1529771188075806,0.2969598578555631,07364,1000,0,0.875,denoised,132,133,0.9924812030075187,0.0,2.9999999999999996,0.0195394456310795,no_n2v,AtomSegNet
131,0.008032621154669073,-0.013579231428650473,0.015777152113334202,0.12789933845778598,0.12864267698757026,0.22453566729201022,07364,1000,0,0.875,raw,131,133,0.9849624060150376,0.0,2.9999999999999996,0.0195394456310795,no_n2v,AtomSegNet
132,0.04412941284569882,0.06030209551306598,0.07472447926464969,0.17819728410234287,0.16181213468719824,0.3016144329531359,07364,1000,1,0.0,denoised,132,133,0.9924812030075187,0.0,2.9999999999999996,0.0195394456310795,no_n2v,AtomSegNet
131,-0.009596403360603745,-0.0027783757114647756,0.009990511951520014,0.14136470383802696,0.1349246511013102,0.2236551616090405,07364,1000,1,0.0,raw,131,133,0.9849624060150376,0.0,2.9999999999999996,0.0195394456310795,no_n2v,AtomSegNet
132,0.038064802739185666,0.06084335700274579,0.07176937577363128,0.1602320693795678,0.16025532079837385,0.3096781467438786,07364,1000,1,0.125,denoised,132,133,0.9924812030075187,0.0,2.9999999999999996,0.0195394456310795,no_n2v,AtomSegNet
131,-0.021122373854488785,-0.026307133647961223,0.03373751558755453,0.10577729641088547,0.1451920166148896,0.24971556879016954,07364,1000,1,0.125,raw,131,133,0.9849624060150376,0.0,2.9999999999999996,0.0195394456310795,no_n2v,AtomSegNet
132,0.04332950352642584,0.06084571761310542,0.07469703627119563,0.16108988102460997,0.14950732114399026,0.32024231539173803,07364,1000,1,0.25,denoised,132,133,0.9924812030075187,0.0,2.9999999999999996,0.0195394456310795,no_n2v,AtomSegNet
131,0.018445873143548397,-0.012402447167914943,0.022227706399464642,0.1588763625920704,0.13248222750801383,0.23887593219486555,07364,1000,1,0.25,raw,131,133,0.9849624060150376,0.0,2.9999999999999996,0.0195394456310795,no_n2v,AtomSegNet
132,0.04019403880239736,0.044933491195667585,0.06028747288019096,0.17051550394237902,0.15346811560519977,0.289876029631469,07364,1000,1,0.375,denoised,132,133,0.9924812030075187,0.0,2.9999999999999996,0.0195394456310795,no_n2v,AtomSegNet
131,-0.003263032233135732,-0.04481000197004548,0.0449286507243425,0.13064845982342907,0.11622622826874919,0.24157350816707193,07364,1000,1,0.375,raw,131,133,0.9849624060150376,0.0,2.9999999999999996,0.0195394456310795,no_n2v,AtomSegNet
132,0.0332519546072092,0.04036900865233406,0.05230056734656063,0.15779755521482636,0.16453429598274041,0.293938985790747,07364,1000,1,0.5,denoised,132,133,0.9924812030075187,0.0,2.9999999999999996,0.0195394456310795,no_n2v,AtomSegNet
131,-0.009882728671747998,-0.01585465561595356,0.018682570238055515,0.12054647908568708,0.13968126503370235,0.23968126053824979,07364,1000,1,0.5,raw,131,133,0.9849624060150376,0.0,2.9999999999999996,0.0195394456310795,no_n2v,AtomSegNet
132,0.03151000426147732,0.050320429303837066,0.05937192917432264,0.16804648356292984,0.14779010068869192,0.3012907470967684,07364,1000,1,0.625,denoised,132,133,0.9924812030075187,0.0,2.9999999999999996,0.0195394456310795,no_n2v,AtomSegNet
131,-0.0033335649619630203,-0.007494828630996153,0.008202750243889374,0.13850234004014336,0.11051062121151738,0.22607851983824379,07364,1000,1,0.625,raw,131,133,0.9849624060150376,0.0,2.9999999999999996,0.0195394456310795,no_n2v,AtomSegNet
132,0.05468982238914322,0.04538679022141423,0.07106994723199599,0.15368661807977577,0.1462359057718114,0.29201552151185445,07364,1000,1,0.75,denoised,132,133,0.9924812030075187,0.0,2.9999999999999996,0.0195394456310795,no_n2v,AtomSegNet
131,-0.0024524726265156005,-0.00851501311093017,0.008861155131421694,0.1320138751747276,0.1284413213386868,0.23682723387377114,07364,1000,1,0.75,raw,131,133,0.9849624060150376,0.0,2.9999999999999996,0.0195394456310795,no_n2v,AtomSegNet
132,0.03700982754936177,0.03546825226659678,0.051261332933122655,0.16940613962176215,0.14720762332591716,0.2962117968694395,07364,1000,1,0.875,denoised,132,133,0.9924812030075187,0.0,2.9999999999999996,0.0195394456310795,no_n2v,AtomSegNet
131,-0.007181184414548625,-0.017412110165423655,0.018834834483175206,0.13544292838857933,0.13295181674487247,0.22956276327155875,07364,1000,1,0.875,raw,131,133,0.9849624060150376,0.0,2.9999999999999996,0.0195394456310795,no_n2v,AtomSegNet
132,0.03313825924888647,0.051552394084003694,0.06128452954734032,0.16053125107964492,0.13690631183290952,0.3139326838085708,07364,1000,2,0.0,denoised,132,133,0.9924812030075187,0.0,2.9999999999999996,0.0195394456310795,no_n2v,AtomSegNet
131,0.008335621279371708,-0.017071768039102153,0.018998101118112416,0.12103139123220336,0.13114663847566152,0.23944803471397597,07364,1000,2,0.0,raw,131,133,0.9849624060150376,0.0,2.9999999999999996,0.0195394456310795,no_n2v,AtomSegNet
132,0.036578791972516456,0.05196388949124042,0.06354725669316089,0.16308622087223745,0.15030435782887286,0.30917250968557847,07364,1000,2,0.125,denoised,132,133,0.9924812030075187,0.0,2.9999999999999996,0.0195394456310795,no_n2v,AtomSegNet
131,0.0025352997833039126,-0.007920735628786701,0.008316597735393479,0.1278457927737952,0.14282884363450607,0.23755601560471978,07364,1000,2,0.125,raw,131,133,0.9849624060150376,0.0,2.9999999999999996,0.0195394456310795,no_n2v,AtomSegNet
132,0.04018437441261291,0.04438752796792045,0.059875175039710564,0.1610881964792678,0.15378814443782898,0.31414374813040546,07364,1000,2,0.25,denoised,132,133,0.9924812030075187,0.0,2.9999999999999996,0.0195394456310795,no_n2v,AtomSegNet
131,0.0034771691086632472,-0.025843336850577714,0.026076210702145164,0.0953703204254103,0.14947998003263188,0.23052435887706849,07364,1000,2,0.25,raw,131,133,0.9849624060150376,0.0,2.9999999999999996,0.0195394456310795,no_n2v,AtomSegNet
132,0.03486522881678766,0.0463070636281806,0.05796488870265626,0.1677596129361676,0.14197583288138416,0.2867663807246539,07364,1000,2,0.375,denoised,132,133,0.9924812030075187,0.0,2.9999999999999996,0.0195394456310795,no_n2v,AtomSegNet
131,-0.0047063837299248235,-0.022608517149961926,0.023093182880093068,0.11844129366273799,0.12930196988837428,0.23028832243941932,07364,1000,2,0.375,raw,131,133,0.9849624060150376,0.0,2.9999999999999996,0.0195394456310795,no_n2v,AtomSegNet
132,0.0472916021801808,0.03331324360846466,0.05784693454700424,0.1532326542818506,0.16223427200209506,0.2975146116191976,07364,1000,2,0.5,denoised,132,133,0.9924812030075187,0.0,2.9999999999999996,0.0195394456310795,no_n2v,AtomSegNet
131,0.00483180381161219,-0.011888680951670949,0.012833045735309048,0.11852064144536557,0.14632449353594917,0.23508809007821918,07364,1000,2,0.5,raw,131,133,0.9849624060150376,0.0,2.9999999999999996,0.0195394456310795,no_n2v,AtomSegNet
132,0.052224645984352946,0.04296170875629457,0.067624862790631,0.14200380987430708,0.14868157902178739,0.29716900119390416,07364,1000,2,0.625,denoised,132,133,0.9924812030075187,0.0,2.9999999999999996,0.0195394456310795,no_n2v,AtomSegNet
131,0.008609369422515556,-0.009781149772123854,0.013030431025797434,0.11593340206697515,0.14866743407710767,0.223965368550942,07364,1000,2,0.625,raw,131,133,0.9849624060150376,0.0,2.9999999999999996,0.0195394456310795,no_n2v,AtomSegNet
132,0.034882192269229506,0.03636265172860931,0.050388587777825525,0.15553167510610397,0.1494503976536807,0.2991255168637088,07364,1000,2,0.75,denoised,132,133,0.9924812030075187,0.0,2.9999999999999996,0.0195394456310795,no_n2v,AtomSegNet
131,0.005784815501783669,-0.002078561801511114,0.0061469105697397105,0.13039768397898138,0.12962144240631446,0.2310332901213013,07364,1000,2,0.75,raw,131,133,0.9849624060150376,0.0,2.9999999999999996,0.0195394456310795,no_n2v,AtomSegNet
132,0.04203665587552052,0.03465367722835566,0.054478966424153,0.16207032904106883,0.15378053026282967,0.29194095758997596,07364,1000,2,0.875,denoised,132,133,0.9924812030075187,0.0,2.9999999999999996,0.0195394456310795,no_n2v,AtomSegNet
131,-0.01205613946113715,0.001909604595667247,0.01220643635211284,0.1306176895588601,0.1355924443442332,0.23003608339461704,07364,1000,2,0.875,raw,131,133,0.9849624060150376,0.0,2.9999999999999996,0.0195394456310795,no_n2v,AtomSegNet
90,0.2587530687001518,0.34246576638541626,0.4292271563026925,0.4432097592561643,0.4213604744038111,0.9302632216595147,07557,50,0,0.0,denoised,90,90,1.0,0.0,2.9999999999999996,0.07733358883745395,no_n2v,AtomSegNet
90,0.19660918565063312,0.09431842079658281,0.21806223053010895,0.3892038820296769,0.46518467110280143,0.6779414140296732,07557,50,0,0.0,raw,90,90,1.0,0.0,2.9999999999999996,0.07733358883745395,no_n2v,AtomSegNet
90,0.34550758512470026,0.2965132759889588,0.45529728114321794,0.41647915224915044,0.34797163197258596,0.8426727552827938,07557,50,0,0.125,denoised,90,90,1.0,0.0,2.9999999999999996,0.07733358883745395,no_n2v,AtomSegNet
90,0.23666530166982724,0.060090599231429564,0.24417482493177428,0.42816336938861216,0.38230503906309093,0.6166189122673257,07557,50,0,0.125,raw,90,90,1.0,0.0,2.9999999999999996,0.07733358883745395,no_n2v,AtomSegNet
90,0.14726605304714013,0.3366094228413061,0.36741419940666464,0.38378334400137715,0.3565702619649488,0.801044420077347,07557,50,0,0.25,denoised,90,90,1.0,0.0,2.9999999999999996,0.07733358883745395,no_n2v,AtomSegNet
90,0.14396857566049448,0.08527581994738398,0.167328766939251,0.3592204477280344,0.4082738695525921,0.5883867347301627,07557,50,0,0.25,raw,90,90,1.0,0.0,2.9999999999999996,0.07733358883745395,no_n2v,AtomSegNet
90,-0.17551245200573717,0.2696024830937933,0.32169880276340057,0.36497822606888913,0.40004632740292917,0.754869271044368,07557,50,0,0.375,denoised,90,90,1.0,0.0,2.9999999999999996,0.07733358883745395,no_n2v,AtomSegNet
90,-0.04242724119063013,0.06021722398092777,0.07366264222125843,0.493909240211959,0.3897188078670146,0.5909816645930211,07557,50,0,0.375,raw,90,90,1.0,0.0,2.9999999999999996,0.07733358883745395,no_n2v,AtomSegNet
90,-0.7660812095319542,0.22435385084897064,0.7982575210974865,0.45064805872366653,0.4818244710178263,1.1461395060214767,07557,50,0,0.5,denoised,90,90,1.0,0.0,2.9999999999999996,0.07733358883745395,no_n2v,AtomSegNet
90,-0.3314973213391319,0.07965403499410506,0.34093289566403207,0.41937319599877587,0.43312510922681663,0.7566698522293045,07557,50,0,0.5,raw,90,90,1.0,0.0,2.9999999999999996,0.07733358883745395,no_n2v,AtomSegNet
90,-0.7817556583196534,0.2819645096235348,0.8310510778538436,0.4760075254872099,0.36613107153139623,1.1247165085871371,07557,50,0,0.625,denoised,90,90,1.0,0.0,2.9999999999999996,0.07733358883745395,no_n2v,AtomSegNet
90,-0.43486753874568507,0.04758820397240271,0.43746361381496507,0.43622758331421246,0.32042665620716804,0.7358035825470719,07557,50,0,0.625,raw,90,90,1.0,0.0,2.9999999999999996,0.07733358883745395,no_n2v,AtomSegNet
90,-1.000298211110433,0.23923728062356986,1.0285091091433722,0.492778724007426,0.417264453427513,1.3647168072558054,07557,50,0,0.75,denoised,90,90,1.0,0.0,2.9999999999999996,0.07733358883745395,no_n2v,AtomSegNet
90,-0.5742487507335099,0.0940887371305621,0.5819057639977635,0.38628167464949786,0.4182918241355612,0.8895474083734007,07557,50,0,0.75,raw,90,90,1.0,0.0,2.9999999999999996,0.07733358883745395,no_n2v,AtomSegNet
90,-1.2381210888220835,0.23021791515337853,1.2593427329538014,0.6440019936673077,0.3661552325604548,1.6408523105966872,07557,50,0,0.875,denoised,90,90,1.0,0.0,2.9999999999999996,0.07733358883745395,no_n2v,AtomSegNet
90,-0.7339983134595656,0.12729303059057884,0.7449543877301621,0.447652484150616,0.3882102383921794,0.9735225064558711,07557,50,0,0.875,raw,90,90,1.0,0.0,2.9999999999999996,0.07733358883745395,no_n2v,AtomSegNet
90,0.20003038239339332,0.40888641568762196,0.4551925469670148,0.32904168279971174,0.3713518320190264,0.8784557500839046,07557,50,1,0.0,denoised,90,90,1.0,0.0,2.9999999999999996,0.07733358883745395,no_n2v,AtomSegNet
90,0.16827158642458784,0.16005369913525058,0.2322337473424671,0.2958095436426332,0.5051014770040962,0.6639100230267234,07557,50,1,0.0,raw,90,90,1.0,0.0,2.9999999999999996,0.07733358883745395,no_n2v,AtomSegNet
90,0.30820115737031983,0.38131262168253954,0.49029304386133826,0.40539441978472207,0.4345130427472956,0.9133522177100628,07557,50,1,0.125,denoised,90,90,1.0,0.0,2.9999999999999996,0.07733358883745395,no_n2v,AtomSegNet
90,0.2594165188665123,0.10658086509739917,0.2804575031368024,0.3142606623604928,0.5014035041917706,0.6965011583720739,07557,50,1,0.125,raw,90,90,1.0,0.0,2.9999999999999996,0.07733358883745395,no_n2v,AtomSegNet
90,0.2932415673063673,0.31907866541520313,0.43336106368643906,0.4265643053408375,0.41136164165856304,0.8039087366881233,07557,50,1,0.25,denoised,90,90,1.0,0.0,2.9999999999999996,0.07733358883745395,no_n2v,AtomSegNet
90,0.22592117282670898,-0.03211869909678455,0.22819287272626526,0.4194950872038356,0.4502583563734376,0.649840238489295,07557,50,1,0.25,raw,90,90,1.0,0.0,2.9999999999999996,0.07733358883745395,no_n2v,AtomSegNet
90,-0.12221503491361574,0.3722938664745499,0.39184083219274923,0.35394562497831,0.39367993432081355,0.8388917856238776,07557,50,1,0.375,denoised,90,90,1.0,0.0,2.9999999999999996,0.07733358883745395,no_n2v,AtomSegNet
90,0.07468658164938802,0.1538719751595039,0.17103996672695446,0.3823598248399075,0.5009831417250205,0.6460369370432145,07557,50,1,0.375,raw,90,90,1.0,0.0,2.9999999999999996,0.07733358883745395,no_n2v,AtomSegNet
90,-0.3092404121942991,0.40440141865563817,0.5090875562659067,0.42215219259931946,0.49720793093035187,0.8718762749780351,07557,50,1,0.5,denoised,90,90,1.0,0.0,2.9999999999999996,0.07733358883745395,no_n2v,AtomSegNet
90,-0.12996259071053373,0.2841869241823787,0.31249397251856675,0.38123506871006474,0.37211946145333974,0.670421224398732,07557,50,1,0.5,raw,90,90,1.0,0.0,2.9999999999999996,0.07733358883745395,no_n2v,AtomSegNet
90,-0.8248194731889313,0.2143909625185927,0.8522268759909621,0.47550344118679544,0.42322293448273285,1.2330006807633485,07557,50,1,0.625,denoised,90,90,1.0,0.0,2.9999999999999996,0.07733358883745395,no_n2v,AtomSegNet
90,-0.4345182129368865,0.08011893928804881,0.44184287004149736,0.3525448652778173,0.3576353888619181,0.7271202279653876,07557,50,1,0.625,raw,90,90,1.0,0.0,2.9999999999999996,0.07733358883745395,no_n2v,AtomSegNet
90,-1.0201772863159988,0.15516790820041138,1.0319102554245532,0.47535578141567114,0.4634095069499033,1.4294827530465932,07557,50,1,0.75,denoised,90,90,1.0,0.0,2.9999999999999996,0.07733358883745395,no_n2v,AtomSegNet
90,-0.5842452158080711,0.0765213889690699,0.5892350932899154,0.3413497758955073,0.45770348320410714,0.8727069139447997,07557,50,1,0.75,raw,90,90,1.0,0.0,2.9999999999999996,0.07733358883745395,no_n2v,AtomSegNet
90,-1.1780112409867485,0.161030861174412,1.1889665353329806,0.5527044737449134,0.44853972185736923,1.6433897073941413,07557,50,1,0.875,denoised,90,90,1.0,0.0,2.9999999999999996,0.07733358883745395,no_n2v,AtomSegNet
90,-0.6543617608884063,0.04317718023141737,0.6557847078163016,0.3980810830464309,0.36125728133533086,0.9184507746374503,07557,50,1,0.875,raw,90,90,1.0,0.0,2.9999999999999996,0.07733358883745395,no_n2v,AtomSegNet
90,0.3042906333347162,0.38379773517645077,0.48978923126362806,0.45149789319850947,0.40969509629964584,0.9075415462630096,07557,50,2,0.0,denoised,90,90,1.0,0.0,2.9999999999999996,0.07733358883745395,no_n2v,AtomSegNet
90,0.30880353499081536,0.25708764211830193,0.40181299002492665,0.4211028015470528,0.39493370866754846,0.6836695532108434,07557,50,2,0.0,raw,90,90,1.0,0.0,2.9999999999999996,0.07733358883745395,no_n2v,AtomSegNet
90,0.38810813466898963,0.2849317340274098,0.4814706816121924,0.4320457863641687,0.42756356766678905,1.004246709802439,07557,50,2,0.125,denoised,90,90,1.0,0.0,2.9999999999999996,0.07733358883745395,no_n2v,AtomSegNet
90,0.35566874148901206,0.19275834351645926,0.4045442283206955,0.407580611670417,0.5016206576506415,0.6813418395367287,07557,50,2,0.125,raw,90,90,1.0,0.0,2.9999999999999996,0.07733358883745395,no_n2v,AtomSegNet
90,-0.045323546365082734,0.3560999899126571,0.3589727380608482,0.37079856141934403,0.3532328321694492,0.7667771906855683,07557,50,2,0.25,denoised,90,90,1.0,0.0,2.9999999999999996,0.07733358883745395,no_n2v,AtomSegNet
90,0.05502653615778996,0.11363580572291987,0.1262577364909642,0.4283409520448966,0.5065470804575736,0.6627889438170366,07557,50,2,0.25,raw,90,90,1.0,0.0,2.9999999999999996,0.07733358883745395,no_n2v,AtomSegNet
90,0.16454882160937956,0.4715264858819239,0.49941319724371686,0.3932118275850849,0.4400666073432026,0.8705240544858588,07557,50,2,0.375,denoised,90,90,1.0,0.0,2.9999999999999996,0.07733358883745395,no_n2v,AtomSegNet
90,0.25102284032458044,0.21187336767042098,0.32848560134749466,0.42684570983881687,0.48408033793711547,0.6423120797438072,07557,50,2,0.375,raw,90,90,1.0,0.0,2.9999999999999996,0.07733358883745395,no_n2v,AtomSegNet
90,-0.4529894229632845,0.3799900264008329,0.5912629173901532,0.3706274098699289,0.4432321504122603,0.9045767523941108,07557,50,2,0.5,denoised,90,90,1.0,0.0,2.9999999999999996,0.07733358883745395,no_n2v,AtomSegNet
90,-0.18488650687922004,0.16803892427832068,0.2498401498931168,0.5024508628336724,0.4019197745409524,0.6524705653185515,07557,50,2,0.5,raw,90,90,1.0,0.0,2.9999999999999996,0.07733358883745395,no_n2v,AtomSegNet
90,-0.9449386237486195,0.1532713759137323,0.957288419091354,0.5271116089547848,0.4877466628092232,1.3493701462848218,07557,50,2,0.625,denoised,90,90,1.0,0.0,2.9999999999999996,0.07733358883745395,no_n2v,AtomSegNet
90,-0.4753159365502313,0.08645644511771877,0.4831148480858528,0.5028461766103827,0.39756001902126437,0.8290729333640883,07557,50,2,0.625,raw,90,90,1.0,0.0,2.9999999999999996,0.07733358883745395,no_n2v,AtomSegNet
90,-1.0452575249012561,0.14033561989296217,1.0546361361026095,0.5362990817672043,0.39552233370903805,1.4634972202319918,07557,50,2,0.75,denoised,90,90,1.0,0.0,2.9999999999999996,0.07733358883745395,no_n2v,AtomSegNet
90,-0.6132614656336557,0.028755669423631502,0.6139352683753725,0.3366905602873785,0.36901297048555987,0.8790508440093684,07557,50,2,0.75,raw,90,90,1.0,0.0,2.9999999999999996,0.07733358883745395,no_n2v,AtomSegNet
90,-1.2305456540584174,0.10034116892801137,1.2346298866072771,0.606913253777728,0.48120194126294635,1.6049719683445487,07557,50,2,0.875,denoised,90,90,1.0,0.0,2.9999999999999996,0.07733358883745395,no_n2v,AtomSegNet
90,-0.6982973420071694,-0.023077106668566216,0.6986785603598197,0.47892440364141414,0.415504538964108,0.9628296154209742,07557,50,2,0.875,raw,90,90,1.0,0.0,2.9999999999999996,0.07733358883745395,no_n2v,AtomSegNet
90,0.22911038317576526,0.30469517269339974,0.3812226592709393,0.3525355894516582,0.3842392614606802,0.8600961425928119,07557,200,0,0.0,denoised,90,90,1.0,0.0,2.9999999999999996,0.04059819536988142,no_n2v,AtomSegNet
90,0.0683785790177609,0.015763234465968168,0.07017200032290129,0.2864295459474454,0.3558953194898192,0.5311353973655574,07557,200,0,0.0,raw,90,90,1.0,0.0,2.9999999999999996,0.04059819536988142,no_n2v,AtomSegNet
90,0.37150583285684036,0.3619407310544229,0.5186691398597614,0.3638914901480489,0.43382400542984983,0.9117974615481446,07557,200,0,0.125,denoised,90,90,1.0,0.0,2.9999999999999996,0.04059819536988142,no_n2v,AtomSegNet
90,0.13813109161807446,0.09710114799029412,0.16884558452217185,0.29547143691974614,0.34243757464727465,0.5144271568025224,07557,200,0,0.125,raw,90,90,1.0,0.0,2.9999999999999996,0.04059819536988142,no_n2v,AtomSegNet
90,0.23839338401024435,0.33393163659268055,0.41029470317970457,0.3154712859257737,0.3499096314807725,0.7710981780216635,07557,200,0,0.25,denoised,90,90,1.0,0.0,2.9999999999999996,0.04059819536988142,no_n2v,AtomSegNet
90,0.013202973540884955,0.05783360435569307,0.059321533215959184,0.34059517236314063,0.3670939840844303,0.4837745529145953,07557,200,0,0.25,raw,90,90,1.0,0.0,2.9999999999999996,0.04059819536988142,no_n2v,AtomSegNet
90,0.02552787220601971,0.2980172083043442,0.29910855672294256,0.320348777405674,0.4770123111294405,0.767359522953869,07557,200,0,0.375,denoised,90,90,1.0,0.0,2.9999999999999996,0.04059819536988142,no_n2v,AtomSegNet
90,0.017708560026456155,0.09080081227121184,0.09251151607947226,0.30894511800408025,0.33655218190439057,0.5287469411159,07557,200,0,0.375,raw,90,90,1.0,0.0,2.9999999999999996,0.04059819536988142,no_n2v,AtomSegNet
90,-0.5900823819660204,0.2795376157895646,0.6529460131955831,0.37647279864162325,0.4975347783192482,1.0220277414386574,07557,200,0,0.5,denoised,90,90,1.0,0.0,2.9999999999999996,0.04059819536988142,no_n2v,AtomSegNet
90,-0.16812106689341277,0.04663471810273734,0.17446916651919087,0.2865649356938341,0.3609765820069048,0.5488652705821007,07557,200,0,0.5,raw,90,90,1.0,0.0,2.9999999999999996,0.04059819536988142,no_n2v,AtomSegNet
90,-0.903224683796676,0.21563183821999132,0.9286075161626347,0.6309434858462142,0.483027109981098,1.3862001832286501,07557,200,0,0.625,denoised,90,90,1.0,0.0,2.9999999999999996,0.04059819536988142,no_n2v,AtomSegNet
90,-0.3403397897366318,-0.008368372223785059,0.34044265615761277,0.3662008399733281,0.34405584772226466,0.645134129436728,07557,200,0,0.625,raw,90,90,1.0,0.0,2.9999999999999996,0.04059819536988142,no_n2v,AtomSegNet
90,-1.0518539043843376,0.16950489172167238,1.0654241148416677,0.6824908471843546,0.5216628041699066,1.5611730382079758,07557,200,0,0.75,denoised,90,90,1.0,0.0,2.9999999999999996,0.04059819536988142,no_n2v,AtomSegNet
90,-0.4441717828842968,0.0022722570688600285,0.44417759495814496,0.3147966220681438,0.2518648606098146,0.7156861054887861,07557,200,0,0.75,raw,90,90,1.0,0.0,2.9999999999999996,0.04059819536988142,no_n2v,AtomSegNet
90,-1.0593265108217267,0.14112682386821263,1.068685845767999,0.6410070545344311,0.5117208103347736,1.5947349397495103,07557,200,0,0.875,denoised,90,90,1.0,0.0,2.9999999999999996,0.04059819536988142,no_n2v,AtomSegNet
90,-0.5027327021389141,0.018252293552039944,0.5030639283627917,0.3136106305303384,0.34506720056879114,0.7253170349223104,07557,200,0,0.875,raw,90,90,1.0,0.0,2.9999999999999996,0.04059819536988142,no_n2v,AtomSegNet
90,0.28015942061951193,0.33572409883136345,0.43726418959021984,0.3807343023883517,0.32921260312126316,0.8157323698163081,07557,200,1,0.0,denoised,90,90,1.0,0.0,2.9999999999999996,0.04059819536988142,no_n2v,AtomSegNet
90,0.07703591096802143,0.0857526045908994,0.11527376446007159,0.26762433962807675,0.3191312623243429,0.5571764277711083,07557,200,1,0.0,raw,90,90,1.0,0.0,2.9999999999999996,0.04059819536988142,no_n2v,AtomSegNet
90,0.2796622888431699,0.3006547129762467,0.41061448127876576,0.3720905192800257,0.4613645526288678,0.8348214821644002,07557,200,1,0.125,denoised,90,90,1.0,0.0,2.9999999999999996,0.04059819536988142,no_n2v,AtomSegNet
90,0.055949343949521335,0.0625879632801265,0.08394987930864643,0.2771667995968658,0.36670840431888063,0.5084253140005055,07557,200,1,0.125,raw,90,90,1.0,0.0,2.9999999999999996,0.04059819536988142,no_n2v,AtomSegNet
90,0.13072644747508377,0.302466433768501,0.3295077353053959,0.3104836975212633,0.40821075527964684,0.7856688590440354,07557,200,1,0.25,denoised,90,90,1.0,0.0,2.9999999999999996,0.04059819536988142,no_n2v,AtomSegNet
90,0.027537830156930454,0.12074773727580634,0.12384808495483127,0.23265168309485576,0.38073926057473506,0.5167814508738727,07557,200,1,0.25,raw,90,90,1.0,0.0,2.9999999999999996,0.04059819536988142,no_n2v,AtomSegNet
90,-0.08939235597258488,0.323092057903537,0.33523047472846473,0.3092364563334428,0.4884119851370711,0.7915010076004797,07557,200,1,0.375,denoised,90,90,1.0,0.0,2.9999999999999996,0.04059819536988142,no_n2v,AtomSegNet
90,0.011040847751814908,0.057225056959623544,0.05828042092427709,0.3064908930971974,0.3966740763007809,0.544245828523931,07557,200,1,0.375,raw,90,90,1.0,0.0,2.9999999999999996,0.04059819536988142,no_n2v,AtomSegNet
90,-0.4738726147760133,0.29739593367876616,0.5594636685284585,0.4370871473759604,0.48160811035478224,1.0181660647163213,07557,200,1,0.5,denoised,90,90,1.0,0.0,2.9999999999999996,0.04059819536988142,no_n2v,AtomSegNet
90,-0.13683168328540773,0.08051312381135922,0.15876168510248748,0.2591089467345916,0.3657256854940235,0.5445177229928618,07557,200,1,0.5,raw,90,90,1.0,0.0,2.9999999999999996,0.04059819536988142,no_n2v,AtomSegNet
90,-0.8920392011335636,0.19013704777677276,0.9120778658076695,0.6263215492059251,0.501079219908893,1.4111607728714157,07557,200,1,0.625,denoised,90,90,1.0,0.0,2.9999999999999996,0.04059819536988142,no_n2v,AtomSegNet
90,-0.32870187725850997,0.06561429478531977,0.3351867536067668,0.31333602457813603,0.31974181151465686,0.6474731903594757,07557,200,1,0.625,raw,90,90,1.0,0.0,2.9999999999999996,0.04059819536988142,no_n2v,AtomSegNet
90,-1.0842429078065123,0.13530901281681196,1.0926532899681314,0.6389243108450557,0.4951951588323299,1.6215264108397105,07557,200,1,0.75,denoised,90,90,1.0,0.0,2.9999999999999996,0.04059819536988142,no_n2v,AtomSegNet
90,-0.44277579779408427,-0.007554129079665017,0.44284023301676195,0.40677186414171645,0.4007089225174929,0.7658071214461171,07557,200,1,0.75,raw,90,90,1.0,0.0,2.9999999999999996,0.04059819536988142,no_n2v,AtomSegNet
90,-1.1444958085323051,0.14265445798029575,1.1533520495189953,0.7248676965431441,0.40920027007789667,1.6009286182354423,07557,200,1,0.875,denoised,90,90,1.0,0.0,2.9999999999999996,0.04059819536988142,no_n2v,AtomSegNet
90,-0.517641303262451,0.055144581821242156,0.520570306248338,0.3167066690693879,0.310636834078757,0.7434085354440143,07557,200,1,0.875,raw,90,90,1.0,0.0,2.9999999999999996,0.04059819536988142,no_n2v,AtomSegNet
90,0.24059182695242498,0.3330058813193375,0.4108251990683803,0.3084719772872519,0.3737737100971006,0.8516100512665566,07557,200,2,0.0,denoised,90,90,1.0,0.0,2.9999999999999996,0.04059819536988142,no_n2v,AtomSegNet
90,0.09896587882848706,0.05404930460679225,0.11276334732869807,0.2993930587074708,0.3890321243177044,0.5184567033053586,07557,200,2,0.0,raw,90,90,1.0,0.0,2.9999999999999996,0.04059819536988142,no_n2v,AtomSegNet
90,0.28597649271671344,0.3157498429929575,0.42600530247478113,0.39207240165784624,0.42331476861508816,0.8135560345036011,07557,200,2,0.125,denoised,90,90,1.0,0.0,2.9999999999999996,0.04059819536988142,no_n2v,AtomSegNet
90,0.09428017901536379,0.08965305571729232,0.13010158551922787,0.27604749717077676,0.3378639137424804,0.5268765790023707,07557,200,2,0.125,raw,90,90,1.0,0.0,2.9999999999999996,0.04059819536988142,no_n2v,AtomSegNet
90,0.20106579957374038,0.30751223013020024,0.3674115232785667,0.28046493167560926,0.4392593706960405,0.7493062173776024,07557,200,2,0.25,denoised,90,90,1.0,0.0,2.9999999999999996,0.04059819536988142,no_n2v,AtomSegNet
90,0.07661140668651001,0.09996292731899814,0.12594401324663723,0.3978937115184779,0.4016329629432708,0.5283446616868566,07557,200,2,0.25,raw,90,90,1.0,0.0,2.9999999999999996,0.04059819536988142,no_n2v,AtomSegNet
90,-0.2620521652915606,0.2870085925143542,0.38864542903662974,0.307889011761658,0.4407237826144556,0.850723463711343,07557,200,2,0.375,denoised,90,90,1.0,0.0,2.9999999999999996,0.04059819536988142,no_n2v,AtomSegNet
90,-0.0760452479713365,0.11370038566724361,0.1367869052208653,0.2942990219476406,0.32026198399710304,0.5467093005208478,07557,200,2,0.375,raw,90,90,1.0,0.0,2.9999999999999996,0.04059819536988142,no_n2v,AtomSegNet
90,-0.7115687750472119,0.2762028673256509,0.7632942719168675,0.5050435708431544,0.5081652926097263,1.0734114971528086,07557,200,2,0.5,denoised,90,90,1.0,0.0,2.9999999999999996,0.04059819536988142,no_n2v,AtomSegNet
90,-0.19576668610547188,0.07747411731075005,0.21053938881311074,0.28290467312134526,0.3792643975253512,0.5537265246334226,07557,200,2,0.5,raw,90,90,1.0,0.0,2.9999999999999996,0.04059819536988142,no_n2v,AtomSegNet
90,-0.998229696734672,0.19959507013456346,1.017988565488344,0.6346463486180385,0.44408697964906696,1.5173730198011057,07557,200,2,0.625,denoised,90,90,1.0,0.0,2.9999999999999996,0.04059819536988142,no_n2v,AtomSegNet
90,-0.40487187917957357,0.0594180181884294,0.4092086746830274,0.3520736103960515,0.3576483657804923,0.7383783343387291,07557,200,2,0.625,raw,90,90,1.0,0.0,2.9999999999999996,0.04059819536988142,no_n2v,AtomSegNet
90,-1.046172997214974,0.13293476797571202,1.0545850333844675,0.6992079583296348,0.485031080140582,1.5319723176227686,07557,200,2,0.75,denoised,90,90,1.0,0.0,2.9999999999999996,0.04059819536988142,no_n2v,AtomSegNet
90,-0.43173240691354664,0.04403188538459801,0.43397197848465585,0.3529573393288768,0.38940294903539513,0.7609265530602114,07557,200,2,0.75,raw,90,90,1.0,0.0,2.9999999999999996,0.04059819536988142,no_n2v,AtomSegNet
90,-1.1130228873096044,0.170939754733908,1.1260729760648271,0.6609626773419731,0.4696000033556683,1.619827388609408,07557,200,2,0.875,denoised,90,90,1.0,0.0,2.9999999999999996,0.04059819536988142,no_n2v,AtomSegNet
90,-0.5027327021389141,0.010174847710199941,0.5028356563787216,0.37571814724011626,0.3565756958102779,0.7250407796107518,07557,200,2,0.875,raw,90,90,1.0,0.0,2.9999999999999996,0.04059819536988142,no_n2v,AtomSegNet
90,0.2123855062854645,0.24068705962790204,0.3209951151535773,0.4039422457136027,0.41828769661916837,0.7700776397024541,07557,1000,0,0.0,denoised,90,90,1.0,0.0,2.9999999999999996,0.01848851148165645,no_n2v,AtomSegNet
90,-0.011087095083031073,0.05787747704519575,0.05892983986485397,0.1963838449987273,0.36031594690351926,0.5033746577246899,07557,1000,0,0.0,raw,90,90,1.0,0.0,2.9999999999999996,0.01848851148165645,no_n2v,AtomSegNet
90,0.20001646185258437,0.24440724261509672,0.31581875380468,0.36433157823384965,0.4682286697160545,0.7800966723800137,07557,1000,0,0.125,denoised,90,90,1.0,0.0,2.9999999999999996,0.01848851148165645,no_n2v,AtomSegNet
90,-0.04200594723410234,0.02586312839170546,0.04932951462603327,0.19707911358055252,0.30111853855202225,0.5042075507474206,07557,1000,0,0.125,raw,90,90,1.0,0.0,2.9999999999999996,0.01848851148165645,no_n2v,AtomSegNet
90,0.11376443405305281,0.21355409672774073,0.24196631725224205,0.32041297277038927,0.46274934800468326,0.7296576252228062,07557,1000,0,0.25,denoised,90,90,1.0,0.0,2.9999999999999996,0.01848851148165645,no_n2v,AtomSegNet
90,-0.039011634976837684,0.0074006751843853635,0.03970740052875286,0.2578245266662727,0.3597907711968929,0.5245430602922165,07557,1000,0,0.25,raw,90,90,1.0,0.0,2.9999999999999996,0.01848851148165645,no_n2v,AtomSegNet
90,-0.14596529475869957,0.25643131461831103,0.2950642072344073,0.3465365293247321,0.4378097936846238,0.7552135460892083,07557,1000,0,0.375,denoised,90,90,1.0,0.0,2.9999999999999996,0.01848851148165645,no_n2v,AtomSegNet
90,-0.031761769639814474,0.0551362553305097,0.06363031245030783,0.22711119396754514,0.3852959541380791,0.5501140803252421,07557,1000,0,0.375,raw,90,90,1.0,0.0,2.9999999999999996,0.01848851148165645,no_n2v,AtomSegNet
90,-0.530000848747818,0.225852373913483,0.5761164764835001,0.45284982642948884,0.4765187809657945,1.0150586773996564,07557,1000,0,0.5,denoised,90,90,1.0,0.0,2.9999999999999996,0.01848851148165645,no_n2v,AtomSegNet
90,-0.03181929491986324,0.023377078706431575,0.03948360847293382,0.224034111490799,0.3487949969889472,0.5359859369813132,07557,1000,0,0.5,raw,90,90,1.0,0.0,2.9999999999999996,0.01848851148165645,no_n2v,AtomSegNet
90,-0.7906355188050682,0.14863418166172693,0.8044853283649184,0.590517638344487,0.4553514545830032,1.3060008224923942,07557,1000,0,0.625,denoised,90,90,1.0,0.0,2.9999999999999996,0.01848851148165645,no_n2v,AtomSegNet
90,-0.12756339103688674,0.026481850021713882,0.13028318047009071,0.24464156910858906,0.3833854512034684,0.569215148740521,07557,1000,0,0.625,raw,90,90,1.0,0.0,2.9999999999999996,0.01848851148165645,no_n2v,AtomSegNet
90,-0.955465214604132,0.14618627121373606,0.9665837791986249,0.6936492902688925,0.44459475322350483,1.4418858884097112,07557,1000,0,0.75,denoised,90,90,1.0,0.0,2.9999999999999996,0.01848851148165645,no_n2v,AtomSegNet
90,-0.18997296103215433,0.04894698598688052,0.1961773008289295,0.41118137779277386,0.3589047516292275,0.635195674836417,07557,1000,0,0.75,raw,90,90,1.0,0.0,2.9999999999999996,0.01848851148165645,no_n2v,AtomSegNet
90,-1.0023099487120959,0.1414081854689968,1.0122358955326958,0.7224805827573834,0.4391560997643639,1.5061768631472794,07557,1000,0,0.875,denoised,90,90,1.0,0.0,2.9999999999999996,0.01848851148165645,no_n2v,AtomSegNet
90,-0.28774258006852804,0.033885538957498795,0.2897309478377024,0.4082275649552662,0.43249993203161724,0.6865883626509537,07557,1000,0,0.875,raw,90,90,1.0,0.0,2.9999999999999996,0.01848851148165645,no_n2v,AtomSegNet
90,0.22482716492710253,0.2210598681363649,0.3153009980790191,0.33862824538195413,0.4452782100259799,0.7740813470661394,07557,1000,1,0.0,denoised,90,90,1.0,0.0,2.9999999999999996,0.01848851148165645,no_n2v,AtomSegNet
90,-0.04322526426697948,-0.005180178582065764,0.04353455777990981,0.19505726319135394,0.3602999777412965,0.5230843577303186,07557,1000,1,0.0,raw,90,90,1.0,0.0,2.9999999999999996,0.01848851148165645,no_n2v,AtomSegNet
90,0.16108965627321226,0.22978027067193807,0.2806222552619282,0.33707164131417544,0.4425376514545084,0.7442768931253717,07557,1000,1,0.125,denoised,90,90,1.0,0.0,2.9999999999999996,0.01848851148165645,no_n2v,AtomSegNet
90,-0.026917763131407924,0.04470815924317151,0.05218606590759037,0.18693762725206994,0.3053481490308641,0.5001188841381239,07557,1000,1,0.125,raw,90,90,1.0,0.0,2.9999999999999996,0.01848851148165645,no_n2v,AtomSegNet
90,0.07303784714228101,0.2228571743907679,0.2345204624177096,0.31716479956902593,0.46143435561304647,0.7176919963305788,07557,1000,1,0.25,denoised,90,90,1.0,0.0,2.9999999999999996,0.01848851148165645,no_n2v,AtomSegNet
90,-0.06198580687959776,0.02090258673794132,0.0654152764027788,0.17979722022228334,0.3578568789707323,0.4938693541912266,07557,1000,1,0.25,raw,90,90,1.0,0.0,2.9999999999999996,0.01848851148165645,no_n2v,AtomSegNet
90,-0.15793583828945756,0.28492855425582775,0.3257729424714549,0.3389856588588887,0.47344911720269317,0.7657030008926046,07557,1000,1,0.375,denoised,90,90,1.0,0.0,2.9999999999999996,0.01848851148165645,no_n2v,AtomSegNet
90,-0.03893908358966769,0.029422136366378027,0.04880485979044374,0.2149775309567984,0.39742345241101174,0.4945568590975331,07557,1000,1,0.375,raw,90,90,1.0,0.0,2.9999999999999996,0.01848851148165645,no_n2v,AtomSegNet
90,-0.4831129376390635,0.2340036880611649,0.5368014870885444,0.4543421873993913,0.4059767736337872,0.9960161131801256,07557,1000,1,0.5,denoised,90,90,1.0,0.0,2.9999999999999996,0.01848851148165645,no_n2v,AtomSegNet
90,-0.047528841090137774,0.03266536566101763,0.057671629499603694,0.27139360447594607,0.36692177267103177,0.5297227347387266,07557,1000,1,0.5,raw,90,90,1.0,0.0,2.9999999999999996,0.01848851148165645,no_n2v,AtomSegNet
90,-0.7987041733663602,0.20543422660611554,0.8247009021542863,0.6360185712590125,0.37976800125489285,1.3211035937449023,07557,1000,1,0.625,denoised,90,90,1.0,0.0,2.9999999999999996,0.01848851148165645,no_n2v,AtomSegNet
90,-0.10774698430113716,0.024112618574861244,0.11041209625999428,0.3092375845625289,0.38419977376265163,0.5828699382563157,07557,1000,1,0.625,raw,90,90,1.0,0.0,2.9999999999999996,0.01848851148165645,no_n2v,AtomSegNet
90,-0.8760618650306427,0.15137789114035627,0.8890442380933974,0.6287006753794465,0.4431849182125057,1.4572901427874014,07557,1000,1,0.75,denoised,90,90,1.0,0.0,2.9999999999999996,0.01848851148165645,no_n2v,AtomSegNet
90,-0.20238388878520652,0.0071065195211375,0.20250861971661144,0.40297781500654944,0.29654039231209706,0.6362394054423932,07557,1000,1,0.75,raw,90,90,1.0,0.0,2.9999999999999996,0.01848851148165645,no_n2v,AtomSegNet
90,-1.0196766069313625,0.15892825182622516,1.0319876801355705,0.6691354061570217,0.4031780894255555,1.515895476852421,07557,1000,1,0.875,denoised,90,90,1.0,0.0,2.9999999999999996,0.01848851148165645,no_n2v,AtomSegNet
90,-0.2866553556797484,0.034435104061856237,0.2887162436227549,0.48071976147364537,0.33747436824280624,0.6743930432287111,07557,1000,1,0.875,raw,90,90,1.0,0.0,2.9999999999999996,0.01848851148165645,no_n2v,AtomSegNet
90,0.23459152256746307,0.23757097849819786,0.3338759534394649,0.39100188481545456,0.42309720322469996,0.7772697902548747,07557,1000,2,0.0,denoised,90,90,1.0,0.0,2.9999999999999996,0.01848851148165645,no_n2v,AtomSegNet
90,-0.045202102213934836,0.004429247954774951,0.045418589608263824,0.20797850680851085,0.37093943296671167,0.5301039077277365,07557,1000,2,0.0,raw,90,90,1.0,0.0,2.9999999999999996,0.01848851148165645,no_n2v,AtomSegNet
90,0.20509232567462732,0.21154048103490908,0.29463916434701637,0.364331184644599,0.4589621030035804,0.7493739526608767,07557,1000,2,0.125,denoised,90,90,1.0,0.0,2.9999999999999996,0.01848851148165645,no_n2v,AtomSegNet
90,-0.03278087847545663,0.03931459061517195,0.05118811413659642,0.23893905393099782,0.3868529253187804,0.5360281903927578,07557,1000,2,0.125,raw,90,90,1.0,0.0,2.9999999999999996,0.01848851148165645,no_n2v,AtomSegNet
90,0.15389859921325666,0.22554272915249385,0.2730463358358024,0.3023721834032637,0.4408446739907581,0.7689086783885648,07557,1000,2,0.25,denoised,90,90,1.0,0.0,2.9999999999999996,0.01848851148165645,no_n2v,AtomSegNet
90,-0.078868470849212,0.002628726382063462,0.07891226708493908,0.22313545491277972,0.35929820764037107,0.5368969256998076,07557,1000,2,0.25,raw,90,90,1.0,0.0,2.9999999999999996,0.01848851148165645,no_n2v,AtomSegNet
90,-0.07085126322421331,0.2573539631441548,0.26692876174453317,0.3125666671256926,0.46612447783092925,0.7451198411416912,07557,1000,2,0.375,denoised,90,90,1.0,0.0,2.9999999999999996,0.01848851148165645,no_n2v,AtomSegNet
90,-0.054016921893886405,0.006576634760556033,0.05441580630353628,0.23060920880697963,0.3158424480296949,0.5544582067154725,07557,1000,2,0.375,raw,90,90,1.0,0.0,2.9999999999999996,0.01848851148165645,no_n2v,AtomSegNet
90,-0.4519544234305357,0.23427974778496718,0.5090675800722492,0.4881591064242496,0.4073265088373834,0.9956693314094117,07557,1000,2,0.5,denoised,90,90,1.0,0.0,2.9999999999999996,0.01848851148165645,no_n2v,AtomSegNet
90,-0.020672677253038785,0.020556282362425904,0.02915339310221178,0.25784634004359613,0.3762157403621703,0.5354741201565232,07557,1000,2,0.5,raw,90,90,1.0,0.0,2.9999999999999996,0.01848851148165645,no_n2v,AtomSegNet
90,-0.7720208354911833,0.19180038674849698,0.7954895089122028,0.6736733452378373,0.45014930083982135,1.315955252016398,07557,1000,2,0.625,denoised,90,90,1.0,0.0,2.9999999999999996,0.01848851148165645,no_n2v,AtomSegNet
90,-0.09061649224785029,-0.008802357008576678,0.09104301267099607,0.2622361773930536,0.3632872141472964,0.5719764341758105,07557,1000,2,0.625,raw,90,90,1.0,0.0,2.9999999999999996,0.01848851148165645,no_n2v,AtomSegNet
90,-0.8838193379098414,0.16739260444126103,0.8995314925476589,0.6711914990259235,0.4173361038556279,1.4459276992187151,07557,1000,2,0.75,denoised,90,90,1.0,0.0,2.9999999999999996,0.01848851148165645,no_n2v,AtomSegNet
90,-0.18155667396884922,0.0688849609176998,0.19418538488584572,0.40126702805565695,0.38862217522837933,0.6480847718747189,07557,1000,2,0.75,raw,90,90,1.0,0.0,2.9999999999999996,0.01848851148165645,no_n2v,AtomSegNet
90,-0.9781645074328438,0.13954332364279054,0.9880678836874592,0.6820096405543906,0.4417667063943334,1.542319084212312,07557,1000,2,0.875,denoised,90,90,1.0,0.0,2.9999999999999996,0.01848851148165645,no_n2v,AtomSegNet
90,-0.2744171577724046,-0.008369227671842339,0.2745447512732814,0.5283495345624418,0.32318834195895596,0.686860394435794,07557,1000,2,0.875,raw,90,90,1.0,0.0,2.9999999999999996,0.01848851148165645,no_n2v,AtomSegNet
80,0.27947619384605105,0.2729402859045891,0.3906447780226357,0.24613449595399853,0.20666524925784055,0.5546932527295683,07443,50,0,0.0,denoised,160,80,1.0,0.5,2.9999999999999996,0.08778586867787412,no_n2v,AtomSegNet
80,0.11943892887172325,0.13078944431774175,0.177120118775277,0.3089621666124092,0.38878195178071,0.5521366759163265,07443,50,0,0.0,raw,160,80,1.0,0.5,2.9999999999999996,0.08778586867787412,no_n2v,AtomSegNet
80,0.26349056577497487,0.2773593356314308,0.38256434663246525,0.20688353650989932,0.26538010153023134,0.4797195383584356,07443,50,0,0.125,denoised,160,80,1.0,0.5,2.9999999999999996,0.08778586867787412,no_n2v,AtomSegNet
80,0.08672879688488244,0.06782465662958259,0.11010026455926424,0.33155090283356187,0.38651378797492075,0.45546235943588015,07443,50,0,0.125,raw,160,80,1.0,0.5,2.9999999999999996,0.08778586867787412,no_n2v,AtomSegNet
80,0.22427646761168774,0.3553734800097921,0.4202264201816046,0.19741644002122663,0.23850278865321448,0.5299362360659514,07443,50,0,0.25,denoised,160,80,1.0,0.5,2.9999999999999996,0.08778586867787412,no_n2v,AtomSegNet
80,0.05288837558140358,0.16689458919421796,0.17507422475609133,0.41604451740534903,0.3455744978601216,0.5327481582259802,07443,50,0,0.25,raw,160,80,1.0,0.5,2.9999999999999996,0.08778586867787412,no_n2v,AtomSegNet
80,-0.28824647542475645,0.2361987858957022,0.37266056546594584,0.21689047713041282,0.22401151279832313,0.4608414691908727,07443,50,0,0.375,denoised,160,80,1.0,0.5,2.9999999999999996,0.08778586867787412,no_n2v,AtomSegNet
80,-0.1471807481872709,0.10629987166501564,0.18155394612335926,0.30917277890717954,0.2579140410678125,0.5147111449787722,07443,50,0,0.375,raw,160,80,1.0,0.5,2.9999999999999996,0.08778586867787412,no_n2v,AtomSegNet
80,-0.5073473029905102,0.21705382223834135,0.5518275524110935,0.2238664315945918,0.22206567604817154,0.6535974558726476,07443,50,0,0.5,denoised,160,80,1.0,0.5,2.9999999999999996,0.08778586867787412,no_n2v,AtomSegNet
80,-0.48798444401548835,0.08122448530567894,0.4946981247329302,0.32766356719477574,0.3097390156219902,0.6816722363574088,07443,50,0,0.5,raw,160,80,1.0,0.5,2.9999999999999996,0.08778586867787412,no_n2v,AtomSegNet
80,-0.6659086658490097,0.2337468617662566,0.7057421247441458,0.23818108075053449,0.21088466291686195,0.7769960406439661,07443,50,0,0.625,denoised,160,80,1.0,0.5,2.9999999999999996,0.08778586867787412,no_n2v,AtomSegNet
80,-0.6129844440154848,0.13927791841432935,0.6286081984533781,0.3346970128769219,0.3161447959787056,0.791720951553867,07443,50,0,0.625,raw,160,80,1.0,0.5,2.9999999999999996,0.08778586867787412,no_n2v,AtomSegNet
80,-0.6831421295741791,0.21952312335534785,0.7175469119763751,0.18630474713171077,0.23969356875361172,0.7441100868162093,07443,50,0,0.75,denoised,160,80,1.0,0.5,2.9999999999999996,0.08778586867787412,no_n2v,AtomSegNet
80,-0.5245619946796154,0.131122706608366,0.5407018128789292,0.41474371222831097,0.2897121999079953,0.7369598725118465,07443,50,0,0.75,raw,160,80,1.0,0.5,2.9999999999999996,0.08778586867787412,no_n2v,AtomSegNet
80,-0.5616521534220951,0.2383139830948231,0.61012023075964,0.2005502393985319,0.24145833840000738,0.6945975613551488,07443,50,0,0.875,denoised,160,80,1.0,0.5,2.9999999999999996,0.08778586867787412,no_n2v,AtomSegNet
80,-0.3781004644071402,0.11102082235616706,0.39406291906437313,0.30880342413095724,0.362562012139647,0.6273923448995422,07443,50,0,0.875,raw,160,80,1.0,0.5,2.9999999999999996,0.08778586867787412,no_n2v,AtomSegNet
80,0.2940352416577241,0.31576395525494405,0.43146679915720343,0.22561648678127091,0.26138706574759485,0.5467824378593986,07443,50,1,0.0,denoised,160,80,1.0,0.5,2.9999999999999996,0.08778586867787412,no_n2v,AtomSegNet
80,0.1406771943109817,0.07297579467142512,0.15847883015449002,0.3653726726962033,0.33959109794147346,0.5333322310620482,07443,50,1,0.0,raw,160,80,1.0,0.5,2.9999999999999996,0.08778586867787412,no_n2v,AtomSegNet
80,0.32929958025006556,0.3260085418731151,0.46337866041403336,0.1527879122158198,0.27955318194909445,0.5697175836993992,07443,50,1,0.125,denoised,160,80,1.0,0.5,2.9999999999999996,0.08778586867787412,no_n2v,AtomSegNet
80,0.11901964170542456,0.15225902242415046,0.19325756135594174,0.40637403708845715,0.3384398898148311,0.5493621634555634,07443,50,1,0.125,raw,160,80,1.0,0.5,2.9999999999999996,0.08778586867787412,no_n2v,AtomSegNet
80,0.22896014916995,0.32304727963203206,0.39595744062409294,0.19747932792726397,0.24905288303218226,0.5199618389900046,07443,50,1,0.25,denoised,160,80,1.0,0.5,2.9999999999999996,0.08778586867787412,no_n2v,AtomSegNet
80,-0.003356746936622468,0.1784049330794346,0.1784365094286314,0.36912524453523793,0.2854614400441461,0.5209225725115335,07443,50,1,0.25,raw,160,80,1.0,0.5,2.9999999999999996,0.08778586867787412,no_n2v,AtomSegNet
80,-0.12375584905212733,0.23700513518087973,0.26737042520952087,0.21422360307907337,0.18748523406595516,0.39074178505403395,07443,50,1,0.375,denoised,160,80,1.0,0.5,2.9999999999999996,0.08778586867787412,no_n2v,AtomSegNet
80,-0.1396224961871928,0.06229369502202786,0.15288867152617974,0.3482036117802155,0.310438061614193,0.44802324070164884,07443,50,1,0.375,raw,160,80,1.0,0.5,2.9999999999999996,0.08778586867787412,no_n2v,AtomSegNet
80,-0.5441550273918132,0.2850446645534319,0.6142924015696136,0.259901759253687,0.17722261377697135,0.6733009439728606,07443,50,1,0.5,denoised,160,80,1.0,0.5,2.9999999999999996,0.08778586867787412,no_n2v,AtomSegNet
80,-0.4811656691399122,0.07204032039702923,0.48652873391174556,0.4143941546982481,0.35535997310875894,0.6768590023128284,07443,50,1,0.5,raw,160,80,1.0,0.5,2.9999999999999996,0.08778586867787412,no_n2v,AtomSegNet
80,-0.5580699733982755,0.21218033855434726,0.5970448821301371,0.1650439455325747,0.19600258232536982,0.6352700711991612,07443,50,1,0.625,denoised,160,80,1.0,0.5,2.9999999999999996,0.08778586867787412,no_n2v,AtomSegNet
80,-0.48189635206277615,0.11976068473992285,0.496554846659245,0.30767603460931015,0.32668644855910484,0.6708054150960902,07443,50,1,0.625,raw,160,80,1.0,0.5,2.9999999999999996,0.08778586867787412,no_n2v,AtomSegNet
80,-0.745113302517761,0.22540107914365137,0.7784596842920299,0.19109373637752353,0.24015468482381244,0.805507861639222,07443,50,1,0.75,denoised,160,80,1.0,0.5,2.9999999999999996,0.08778586867787412,no_n2v,AtomSegNet
80,-0.5506312112245837,0.11690037870696557,0.5629035701756422,0.4503802437858116,0.35742167963353866,0.7685041673277747,07443,50,1,0.75,raw,160,80,1.0,0.5,2.9999999999999996,0.08778586867787412,no_n2v,AtomSegNet
80,-0.7326339677709086,0.2022495877833208,0.7600377796466883,0.16399572595335418,0.17395263979198172,0.7879642278791474,07443,50,1,0.875,denoised,160,80,1.0,0.5,2.9999999999999996,0.08778586867787412,no_n2v,AtomSegNet
80,-0.5807172137356815,0.02478408937459875,0.5812458459335957,0.4167426435326742,0.3445096189306683,0.8098528777600579,07443,50,1,0.875,raw,160,80,1.0,0.5,2.9999999999999996,0.08778586867787412,no_n2v,AtomSegNet
80,0.24253254456373696,0.3430458073217757,0.4201219597850247,0.20428707655906667,0.2360289939468552,0.49584661820888964,07443,50,2,0.0,denoised,160,80,1.0,0.5,2.9999999999999996,0.08778586867787412,no_n2v,AtomSegNet
80,0.08967282942391108,0.1074599137333685,0.13996017075037046,0.2571219198216971,0.34270746649147,0.4927896400652402,07443,50,2,0.0,raw,160,80,1.0,0.5,2.9999999999999996,0.08778586867787412,no_n2v,AtomSegNet
80,0.3038166764628869,0.3658729915390637,0.4755708347183396,0.1698214158247723,0.24626190702316367,0.5699246490361557,07443,50,2,0.125,denoised,160,80,1.0,0.5,2.9999999999999996,0.08778586867787412,no_n2v,AtomSegNet
80,0.08160982659411786,0.23821123499904928,0.2518030108566899,0.3262357250850028,0.40991698653688724,0.5947192485262585,07443,50,2,0.125,raw,160,80,1.0,0.5,2.9999999999999996,0.08778586867787412,no_n2v,AtomSegNet
80,0.20925746604098094,0.2466798724657906,0.32348051962000895,0.2232370964270431,0.2519686752559991,0.45113079222659763,07443,50,2,0.25,denoised,160,80,1.0,0.5,2.9999999999999996,0.08778586867787412,no_n2v,AtomSegNet
80,0.05023722478949155,0.14648769565895847,0.15486259630401897,0.3421567458741919,0.4150707053745158,0.537550220169926,07443,50,2,0.25,raw,160,80,1.0,0.5,2.9999999999999996,0.08778586867787412,no_n2v,AtomSegNet
80,-0.09117013828888432,0.272621835132135,0.2874624481674559,0.23952364912335142,0.1881453391002635,0.43981822816981503,07443,50,2,0.375,denoised,160,80,1.0,0.5,2.9999999999999996,0.08778586867787412,no_n2v,AtomSegNet
80,-0.07790911138962286,0.1453953945413815,0.16495347947638042,0.31614548721713764,0.30454164943244727,0.47379930233665374,07443,50,2,0.375,raw,160,80,1.0,0.5,2.9999999999999996,0.08778586867787412,no_n2v,AtomSegNet
80,-0.4216310305628683,0.28057751728864844,0.5064548046384477,0.1968844378598643,0.17467280720726677,0.5776672910347292,07443,50,2,0.5,denoised,160,80,1.0,0.5,2.9999999999999996,0.08778586867787412,no_n2v,AtomSegNet
80,-0.47734896296266527,0.09661128678476416,0.48702748708439436,0.3420800589018135,0.35906951117102115,0.6342471496353934,07443,50,2,0.5,raw,160,80,1.0,0.5,2.9999999999999996,0.08778586867787412,no_n2v,AtomSegNet
80,-0.6390235351493203,0.24179492102884836,0.6832392423668898,0.1849227412804173,0.1580697824602845,0.7523985088939278,07443,50,2,0.625,denoised,160,80,1.0,0.5,2.9999999999999996,0.08778586867787412,no_n2v,AtomSegNet
80,-0.611806275878318,0.11985201641084586,0.6234351811069393,0.37313663909552447,0.2241173819401811,0.701783973565743,07443,50,2,0.625,raw,160,80,1.0,0.5,2.9999999999999996,0.08778586867787412,no_n2v,AtomSegNet
80,-0.6968892605560448,0.25351220909456984,0.741567988547483,0.21273340616412853,0.21387268383724434,0.8035281771031787,07443,50,2,0.75,denoised,160,80,1.0,0.5,2.9999999999999996,0.08778586867787412,no_n2v,AtomSegNet
80,-0.5917821963681575,0.09228610846454188,0.5989347992510118,0.3958284046898037,0.3128383937165439,0.7432358533011966,07443,50,2,0.75,raw,160,80,1.0,0.5,2.9999999999999996,0.08778586867787412,no_n2v,AtomSegNet
80,-0.7276579523003903,0.21230289728844554,0.7579964483710101,0.2084103877695545,0.1974049196994069,0.829884173516919,07443,50,2,0.875,denoised,160,80,1.0,0.5,2.9999999999999996,0.08778586867787412,no_n2v,AtomSegNet
80,-0.6368150557356387,0.1009070221962709,0.6447601432626735,0.4528243656505198,0.28210095868190355,0.777981552745818,07443,50,2,0.875,raw,160,80,1.0,0.5,2.9999999999999996,0.08778586867787412,no_n2v,AtomSegNet
80,0.26902421659276854,0.3535839137468564,0.44429226098807667,0.1852888027525165,0.11457687005436809,0.5453924005276577,07443,200,0,0.0,denoised,160,80,1.0,0.5,2.9962760994011095,0.04653343828650632,no_n2v,AtomSegNet
80,0.13514049699654507,0.14040805250926525,0.194877846708952,0.21629029427996432,0.24957899051476387,0.40350540592857476,07443,200,0,0.0,raw,160,80,1.0,0.5,2.9962760994011095,0.04653343828650632,no_n2v,AtomSegNet
80,0.2842661374725637,0.3571709276148738,0.456484729697325,0.14249122207953197,0.15687794772032915,0.4935693208662403,07443,200,0,0.125,denoised,160,80,1.0,0.5,2.9962760994011095,0.04653343828650632,no_n2v,AtomSegNet
80,0.08613809373017745,0.10264723611395965,0.13400084430071257,0.2339088754414003,0.22265362311070963,0.3489850746121661,07443,200,0,0.125,raw,160,80,1.0,0.5,2.9962760994011095,0.04653343828650632,no_n2v,AtomSegNet
80,0.19352240690147582,0.31531810766788126,0.369968148623897,0.15866636646043708,0.18437184655357577,0.45822598857985386,07443,200,0,0.25,denoised,160,80,1.0,0.5,2.9962760994011095,0.04653343828650632,no_n2v,AtomSegNet
80,0.10903479864943577,0.11699110159533177,0.15992343533395048,0.19994929076417614,0.21641490539085814,0.3573735565515147,07443,200,0,0.25,raw,160,80,1.0,0.5,2.9962760994011095,0.04653343828650632,no_n2v,AtomSegNet
80,-0.031603194185994,0.28816080228119745,0.2898886162892586,0.16953259424403722,0.14395666134991483,0.37965722319946477,07443,200,0,0.375,denoised,160,80,1.0,0.5,2.9962760994011095,0.04653343828650632,no_n2v,AtomSegNet
80,-0.032321444449948444,0.09893268238428377,0.10407858288370703,0.18026784016379016,0.20788901136418964,0.3072472720977223,07443,200,0,0.375,raw,160,80,1.0,0.5,2.9962760994011095,0.04653343828650632,no_n2v,AtomSegNet
80,-0.41200856247959905,0.27062383100752285,0.4929384479483153,0.16212264018536726,0.13501321788271237,0.5309718662694605,07443,200,0,0.5,denoised,160,80,1.0,0.5,2.9962760994011095,0.04653343828650632,no_n2v,AtomSegNet
80,-0.30887510709699484,0.08461335440208018,0.32025497892671717,0.2659561481429655,0.1570238932264799,0.4394998452648509,07443,200,0,0.5,raw,160,80,1.0,0.5,2.9962760994011095,0.04653343828650632,no_n2v,AtomSegNet
80,-0.5217901277883712,0.29373792504843266,0.5987878639962264,0.14447464447916963,0.15458587372200172,0.6202383197910348,07443,200,0,0.625,denoised,160,80,1.0,0.5,2.9962760994011095,0.04653343828650632,no_n2v,AtomSegNet
80,-0.3131811528924118,0.1280087159401262,0.338332182748937,0.44274160733890067,0.21043900916661346,0.49898534423383545,07443,200,0,0.625,raw,160,80,1.0,0.5,2.9962760994011095,0.04653343828650632,no_n2v,AtomSegNet
80,-0.6183216032892354,0.27911364493334645,0.6783996107620852,0.159167107169325,0.12549377945205523,0.6730049153317559,07443,200,0,0.75,denoised,160,80,1.0,0.5,2.9962760994011095,0.04653343828650632,no_n2v,AtomSegNet
80,-0.18595246781477215,0.07435442847974372,0.20026707497977095,0.32572108839070646,0.15661838469887884,0.4741423094955688,07443,200,0,0.75,raw,160,80,1.0,0.5,2.9962760994011095,0.04653343828650632,no_n2v,AtomSegNet
80,-0.5970085672404721,0.2373215478653279,0.6424490224443621,0.17493870353282154,0.16397700964451709,0.671146484222216,07443,200,0,0.875,denoised,160,80,1.0,0.5,2.9962760994011095,0.04653343828650632,no_n2v,AtomSegNet
80,-0.17411628483226593,0.07341363908804155,0.1889604272008824,0.2644058413996427,0.18100508015915592,0.44112339800314854,07443,200,0,0.875,raw,160,80,1.0,0.5,2.9962760994011095,0.04653343828650632,no_n2v,AtomSegNet
80,0.2941170051798352,0.33623407604227395,0.44671933764720423,0.15023776359457314,0.15495179804858306,0.5066359037145488,07443,200,1,0.0,denoised,160,80,1.0,0.5,2.9962760994011095,0.04653343828650632,no_n2v,AtomSegNet
80,0.07232564141142817,0.19258121568756437,0.20571466413767076,0.18438536127639674,0.18888273306876255,0.3638709972103327,07443,200,1,0.0,raw,160,80,1.0,0.5,2.9962760994011095,0.04653343828650632,no_n2v,AtomSegNet
80,0.2770014262724594,0.3467710022656192,0.44382419736792045,0.1546023424522127,0.16700853133210936,0.5263801690020217,07443,200,1,0.125,denoised,160,80,1.0,0.5,2.9962760994011095,0.04653343828650632,no_n2v,AtomSegNet
80,0.13409669329845553,0.1360266810241697,0.1910109449849177,0.24776432197231962,0.25241844516946566,0.3692940639932841,07443,200,1,0.125,raw,160,80,1.0,0.5,2.9962760994011095,0.04653343828650632,no_n2v,AtomSegNet
80,0.23323829069788715,0.3380971757305389,0.4107429859226314,0.11336310347220066,0.15787217251222907,0.46155671796463105,07443,200,1,0.25,denoised,160,80,1.0,0.5,2.9962760994011095,0.04653343828650632,no_n2v,AtomSegNet
80,0.11920294371231499,0.054191372289086104,0.13094291359312143,0.245111567564622,0.19064544749287235,0.32057679543327583,07443,200,1,0.25,raw,160,80,1.0,0.5,2.9962760994011095,0.04653343828650632,no_n2v,AtomSegNet
80,-0.05995225383868075,0.2996443008827008,0.305583016203159,0.14025748715276495,0.14864557034892484,0.364700887138561,07443,200,1,0.375,denoised,160,80,1.0,0.5,2.9962760994011095,0.04653343828650632,no_n2v,AtomSegNet
80,-0.027936932666001724,0.09663865796983018,0.10059573758860033,0.2723560933855301,0.16025305441210333,0.32334674827516774,07443,200,1,0.375,raw,160,80,1.0,0.5,2.9962760994011095,0.04653343828650632,no_n2v,AtomSegNet
80,-0.3605812986611454,0.2635193191844536,0.4466109095483406,0.12865281672150383,0.1656362787939316,0.4886775764648408,07443,200,1,0.5,denoised,160,80,1.0,0.5,2.9962760994011095,0.04653343828650632,no_n2v,AtomSegNet
80,-0.17349141338051055,0.08435498149451348,0.19291198360834638,0.394713218639577,0.19327251720965974,0.39329285745994824,07443,200,1,0.5,raw,160,80,1.0,0.5,2.9962760994011095,0.04653343828650632,no_n2v,AtomSegNet
80,-0.5070475219833668,0.29673344834245796,0.587492918182576,0.15417653749219828,0.1670074694713682,0.6063035854839208,07443,200,1,0.625,denoised,160,80,1.0,0.5,2.9962760994011095,0.04653343828650632,no_n2v,AtomSegNet
80,-0.2563858959575711,0.12410012559334405,0.2848413046210999,0.5065702436547116,0.22589597574825643,0.47731661027833633,07443,200,1,0.625,raw,160,80,1.0,0.5,2.9962760994011095,0.04653343828650632,no_n2v,AtomSegNet
80,-0.5725282247110286,0.25276038797355227,0.6258405402491138,0.13865136928815028,0.15558995607166992,0.6348189080329764,07443,200,1,0.75,denoised,160,80,1.0,0.5,2.9962760994011095,0.04653343828650632,no_n2v,AtomSegNet
80,-0.20664692321989264,0.09448423488840163,0.22722284550347233,0.32926858257715463,0.1918882357882551,0.47710293996308367,07443,200,1,0.75,raw,160,80,1.0,0.5,2.9962760994011095,0.04653343828650632,no_n2v,AtomSegNet
80,-0.6172532507302577,0.22978265317954794,0.6586361994601442,0.15577874249509324,0.1683947493311405,0.6715268551305017,07443,200,1,0.875,denoised,160,80,1.0,0.5,2.9962760994011095,0.04653343828650632,no_n2v,AtomSegNet
80,-0.22632308719374805,0.07955784440752822,0.2398991254750241,0.3295954340013148,0.22649401116291049,0.4772482731392225,07443,200,1,0.875,raw,160,80,1.0,0.5,2.9962760994011095,0.04653343828650632,no_n2v,AtomSegNet
80,0.267332548239656,0.34971578008466864,0.4401906611782403,0.12040941231214648,0.16587478265412547,0.513025131208073,07443,200,2,0.0,denoised,160,80,1.0,0.5,2.9962760994011095,0.04653343828650632,no_n2v,AtomSegNet
80,0.1125076175672497,0.08355026255322429,0.14013782638306913,0.26723643376676803,0.18827885505706587,0.360964750408668,07443,200,2,0.0,raw,160,80,1.0,0.5,2.9962760994011095,0.04653343828650632,no_n2v,AtomSegNet
80,0.2898529293523566,0.3540595806138924,0.4575728436857105,0.155203347392728,0.1614151303153024,0.500827819137513,07443,200,2,0.125,denoised,160,80,1.0,0.5,2.9962760994011095,0.04653343828650632,no_n2v,AtomSegNet
80,0.08406270641684443,0.12956425241018366,0.1544455700651021,0.25425819069942,0.2683364345681556,0.379203192165006,07443,200,2,0.125,raw,160,80,1.0,0.5,2.9962760994011095,0.04653343828650632,no_n2v,AtomSegNet
80,0.21571529482514862,0.354085267995373,0.4146196635868298,0.11797490112169656,0.18027349835352044,0.4651931948709433,07443,200,2,0.25,denoised,160,80,1.0,0.5,2.9962760994011095,0.04653343828650632,no_n2v,AtomSegNet
80,0.015186148601891603,0.1595879028614995,0.16030882024732804,0.2696728216128538,0.1861733659755524,0.33945306166996053,07443,200,2,0.25,raw,160,80,1.0,0.5,2.9962760994011095,0.04653343828650632,no_n2v,AtomSegNet
80,-0.06854218422176217,0.2911899644609264,0.29914816800482924,0.17573592900284662,0.14960184658316958,0.3923344425571572,07443,200,2,0.375,denoised,160,80,1.0,0.5,2.9962760994011095,0.04653343828650632,no_n2v,AtomSegNet
80,-0.05598181672519331,0.07649960472289763,0.09479532333724441,0.19911130465699475,0.2207440795625641,0.3210764613837431,07443,200,2,0.375,raw,160,80,1.0,0.5,2.9962760994011095,0.04653343828650632,no_n2v,AtomSegNet
80,-0.3803010617914513,0.2798541430127699,0.4721728909638048,0.14604814476786643,0.13913041506912763,0.503619159066536,07443,200,2,0.5,denoised,160,80,1.0,0.5,2.9962760994011095,0.04653343828650632,no_n2v,AtomSegNet
80,-0.17947807301185392,0.06313417488352968,0.190258515526303,0.3983120298199287,0.22437415082583456,0.4105830932083459,07443,200,2,0.5,raw,160,80,1.0,0.5,2.9962760994011095,0.04653343828650632,no_n2v,AtomSegNet
80,-0.5473952677912592,0.2775793894097518,0.6137523088554169,0.1363128996349109,0.15542537059424147,0.6421009618481558,07443,200,2,0.625,denoised,160,80,1.0,0.5,2.9962760994011095,0.04653343828650632,no_n2v,AtomSegNet
80,-0.46895738250767494,0.12408332641546593,0.4850955560534201,0.23587832537737655,0.23815759709459583,0.5395402872847856,07443,200,2,0.625,raw,160,80,1.0,0.5,2.9962760994011095,0.04653343828650632,no_n2v,AtomSegNet
80,-0.5429875210752222,0.272975507368983,0.60774260642707,0.1448091969789752,0.1560301152105792,0.635706916230007,07443,200,2,0.75,denoised,160,80,1.0,0.5,2.9962760994011095,0.04653343828650632,no_n2v,AtomSegNet
80,-0.18572412163828034,0.11846116037911258,0.22028730303101127,0.3483593973723459,0.20741163739436125,0.5031520304372835,07443,200,2,0.75,raw,160,80,1.0,0.5,2.9962760994011095,0.04653343828650632,no_n2v,AtomSegNet
80,-0.6142955579042066,0.2143834094561825,0.6506299091733316,0.14358648587869072,0.12034894434043508,0.6725271443894628,07443,200,2,0.875,denoised,160,80,1.0,0.5,2.9962760994011095,0.04653343828650632,no_n2v,AtomSegNet
80,-0.23504251113929797,0.026141231517556207,0.23649174621521463,0.17197312423230343,0.21873044021689586,0.4511844130996774,07443,200,2,0.875,raw,160,80,1.0,0.5,2.9962760994011095,0.04653343828650632,no_n2v,AtomSegNet
80,0.22907173726872898,0.28925683319361895,0.36897611896234517,0.12128171734579118,0.14503915531052708,0.409529912239272,07443,1000,0,0.0,denoised,160,80,1.0,0.5,2.9999999999999996,0.021401889573518757,no_n2v,AtomSegNet
80,0.07058881138814144,0.06808097005387381,0.0980703766520098,0.1375947062514398,0.11611467490960285,0.22925628972838433,07443,1000,0,0.0,raw,160,80,1.0,0.5,2.9999999999999996,0.021401889573518757,no_n2v,AtomSegNet
80,0.24561303368705012,0.2836293254271922,0.3751950913314833,0.12139241404327475,0.12470171019154926,0.40456547513170704,07443,1000,0,0.125,denoised,160,80,1.0,0.5,2.9999999999999996,0.021401889573518757,no_n2v,AtomSegNet
80,0.08712355258312243,0.07697478869936702,0.11625674823431241,0.13359611980644104,0.13801324641850124,0.24347171420055078,07443,1000,0,0.125,raw,160,80,1.0,0.5,2.9999999999999996,0.021401889573518757,no_n2v,AtomSegNet
80,0.22415186800324705,0.2574024185929602,0.3413210585751348,0.11620215483556678,0.14271819343039843,0.37859935922307886,07443,1000,0,0.25,denoised,160,80,1.0,0.5,2.9999999999999996,0.021401889573518757,no_n2v,AtomSegNet
80,0.06679120114434056,0.07966804340282962,0.10396182804250272,0.16097685182937382,0.1627709429280971,0.234201518493266,07443,1000,0,0.25,raw,160,80,1.0,0.5,2.9999999999999996,0.021401889573518757,no_n2v,AtomSegNet
80,0.02653552141870108,0.21570641247024014,0.2173324418436965,0.1436681084833491,0.13549995387824826,0.30867729325918236,07443,1000,0,0.375,denoised,160,80,1.0,0.5,2.9999999999999996,0.021401889573518757,no_n2v,AtomSegNet
80,0.0977126208019925,0.05596930835764624,0.11260692581731936,0.13235914862303308,0.11071904657038238,0.22279160145944485,07443,1000,0,0.375,raw,160,80,1.0,0.5,2.9999999999999996,0.021401889573518757,no_n2v,AtomSegNet
80,-0.2812640592393798,0.2344028339294546,0.36613407322178143,0.13893112614969813,0.13310519074028987,0.41663299995020864,07443,1000,0,0.5,denoised,160,80,1.0,0.5,2.9999999999999996,0.021401889573518757,no_n2v,AtomSegNet
80,0.050522862885173936,0.07682409067807328,0.09194835823780059,0.1775537154434833,0.13307511263957778,0.2911756715675168,07443,1000,0,0.5,raw,160,80,1.0,0.5,2.9999999999999996,0.021401889573518757,no_n2v,AtomSegNet
80,-0.4027447016500538,0.2314815737936975,0.4645288082704859,0.1292727794927718,0.13323004588192824,0.498423909090144,07443,1000,0,0.625,denoised,160,80,1.0,0.5,2.9999999999999996,0.021401889573518757,no_n2v,AtomSegNet
80,0.04103807131681236,0.07260590045664017,0.08340107960046632,0.18563354206024751,0.1575455202775115,0.35232320144061996,07443,1000,0,0.625,raw,160,80,1.0,0.5,2.9999999999999996,0.021401889573518757,no_n2v,AtomSegNet
80,-0.4289661507628608,0.2021552326083622,0.4742137667458068,0.14340403603023083,0.13104503457820393,0.5164784715352988,07443,1000,0,0.75,denoised,160,80,1.0,0.5,2.9999999999999996,0.021401889573518757,no_n2v,AtomSegNet
80,0.09014762986331704,0.08677924173204232,0.1251288614411633,0.14933072653279053,0.15451870122002298,0.34023190851449825,07443,1000,0,0.75,raw,160,80,1.0,0.5,2.9999999999999996,0.021401889573518757,no_n2v,AtomSegNet
80,-0.42549479333284523,0.1956239676240834,0.4683103200468137,0.1251877302162231,0.12449504802879226,0.49716809991663374,07443,1000,0,0.875,denoised,160,80,1.0,0.5,2.9999999999999996,0.021401889573518757,no_n2v,AtomSegNet
80,0.1202312833356558,0.06731301132145973,0.13779188287305502,0.14029297901710278,0.12438240234916374,0.2806426886169495,07443,1000,0,0.875,raw,160,80,1.0,0.5,2.9999999999999996,0.021401889573518757,no_n2v,AtomSegNet
80,0.21536609343953117,0.2882264642664758,0.3598014020358438,0.15496962320682567,0.143173639348215,0.41103449764418193,07443,1000,1,0.0,denoised,160,80,1.0,0.5,2.9999999999999996,0.021401889573518757,no_n2v,AtomSegNet
80,0.05664405299584274,0.041288588166878526,0.07009490889222941,0.12294678937854374,0.18875004125564476,0.21265855830667252,07443,1000,1,0.0,raw,160,80,1.0,0.5,2.9999999999999996,0.021401889573518757,no_n2v,AtomSegNet
80,0.2403314081873269,0.26670734976812227,0.3590153146895534,0.11371780012229057,0.1219409832911262,0.39777926156250376,07443,1000,1,0.125,denoised,160,80,1.0,0.5,2.9999999999999996,0.021401889573518757,no_n2v,AtomSegNet
80,0.09813865084194617,0.09744592343796654,0.13830004621747405,0.16216115077649018,0.17313550606125597,0.24191397547273302,07443,1000,1,0.125,raw,160,80,1.0,0.5,2.9999999999999996,0.021401889573518757,no_n2v,AtomSegNet
80,0.20984747505521995,0.25160749561408124,0.32763133952087226,0.09499987520481849,0.1349450165381385,0.37186658131631006,07443,1000,1,0.25,denoised,160,80,1.0,0.5,2.9999999999999996,0.021401889573518757,no_n2v,AtomSegNet
80,0.10052945346539843,0.05643176428431218,0.11528536348683592,0.11149751988674234,0.14645136642571008,0.21129614095638302,07443,1000,1,0.25,raw,160,80,1.0,0.5,2.9999999999999996,0.021401889573518757,no_n2v,AtomSegNet
80,0.030646701937286025,0.22744503106652303,0.22950046295483692,0.1424259804269417,0.13313991283893897,0.3172440982415353,07443,1000,1,0.375,denoised,160,80,1.0,0.5,2.9999999999999996,0.021401889573518757,no_n2v,AtomSegNet
80,0.07247202258526997,0.09671773010525087,0.12085740926526611,0.13547577031774272,0.13014060639762076,0.24454263988793554,07443,1000,1,0.375,raw,160,80,1.0,0.5,2.9999999999999996,0.021401889573518757,no_n2v,AtomSegNet
80,-0.27390631550058586,0.24843424455416852,0.3697894583926195,0.11795681185077948,0.12424789202438151,0.41710520692696945,07443,1000,1,0.5,denoised,160,80,1.0,0.5,2.9999999999999996,0.021401889573518757,no_n2v,AtomSegNet
80,0.06726999866694428,0.07273332996078352,0.09907265015045724,0.16712529131008494,0.13564537989725475,0.3037285394919957,07443,1000,1,0.5,raw,160,80,1.0,0.5,2.9999999999999996,0.021401889573518757,no_n2v,AtomSegNet
80,-0.40243082575106826,0.2474779125841593,0.4724361192073479,0.1296389512430101,0.13784331137895992,0.4957879107352716,07443,1000,1,0.625,denoised,160,80,1.0,0.5,2.9999999999999996,0.021401889573518757,no_n2v,AtomSegNet
80,0.09255489821720175,0.10800911583935147,0.14224056484841102,0.16579394673697737,0.1510632813307794,0.3592650383082475,07443,1000,1,0.625,raw,160,80,1.0,0.5,2.9999999999999996,0.021401889573518757,no_n2v,AtomSegNet
80,-0.4427688064046009,0.21728643924843993,0.4932115292713877,0.1309419756204523,0.12238512284381063,0.5289963597939109,07443,1000,1,0.75,denoised,160,80,1.0,0.5,2.9999999999999996,0.021401889573518757,no_n2v,AtomSegNet
80,0.10621018295276485,0.08115164881734671,0.13366447945746002,0.1421499028226079,0.14556392318896327,0.3585723670185563,07443,1000,1,0.75,raw,160,80,1.0,0.5,2.9999999999999996,0.021401889573518757,no_n2v,AtomSegNet
80,-0.40007864636727675,0.19679035990744254,0.4458580144301247,0.13681273093670424,0.1181309853426319,0.48114097446020254,07443,1000,1,0.875,denoised,160,80,1.0,0.5,2.9999999999999996,0.021401889573518757,no_n2v,AtomSegNet
80,0.08505005282498246,0.0877827226736052,0.12222650238603487,0.16624719817349956,0.1150457283929214,0.29365791279733394,07443,1000,1,0.875,raw,160,80,1.0,0.5,2.9999999999999996,0.021401889573518757,no_n2v,AtomSegNet
80,0.2036974758131933,0.280777999312388,0.346884630029256,0.1249312164332281,0.12196135044956152,0.39101354461804694,07443,1000,2,0.0,denoised,160,80,1.0,0.5,2.9999999999999996,0.021401889573518757,no_n2v,AtomSegNet
80,0.08856296984825462,0.06877256513023156,0.11212968091872375,0.1284968258605171,0.16824535361593407,0.22654844526316814,07443,1000,2,0.0,raw,160,80,1.0,0.5,2.9999999999999996,0.021401889573518757,no_n2v,AtomSegNet
80,0.2517690044618135,0.29197143515891355,0.38553203570708405,0.11891736395291556,0.15277220256341378,0.4072411667026322,07443,1000,2,0.125,denoised,160,80,1.0,0.5,2.9999999999999996,0.021401889573518757,no_n2v,AtomSegNet
80,0.09209099783593899,0.10468539913979669,0.13942662828698635,0.12445158565823004,0.164045818341721,0.23559995979226664,07443,1000,2,0.125,raw,160,80,1.0,0.5,2.9999999999999996,0.021401889573518757,no_n2v,AtomSegNet
80,0.22613114657892197,0.2631966914709096,0.3469982620335887,0.1124267227912032,0.12280211716994671,0.37753199235760765,07443,1000,2,0.25,denoised,160,80,1.0,0.5,2.9999999999999996,0.021401889573518757,no_n2v,AtomSegNet
80,0.09283260833152118,0.034970709131258104,0.09920102654094198,0.1598149790197549,0.12858889262069303,0.22516564954698695,07443,1000,2,0.25,raw,160,80,1.0,0.5,2.9999999999999996,0.021401889573518757,no_n2v,AtomSegNet
80,0.04050071563355573,0.21393296587396193,0.21773291403565953,0.11619141278693737,0.15510499793292526,0.308796703799278,07443,1000,2,0.375,denoised,160,80,1.0,0.5,2.9999999999999996,0.021401889573518757,no_n2v,AtomSegNet
80,0.11606434070616345,0.0991454926111075,0.1526458643024945,0.1164312213546095,0.17910353590326786,0.25516364492216537,07443,1000,2,0.375,raw,160,80,1.0,0.5,2.9999999999999996,0.021401889573518757,no_n2v,AtomSegNet
80,-0.24491498378623078,0.24058593639270498,0.3433146400504417,0.1254939203521799,0.14439833890195536,0.4004118850593219,07443,1000,2,0.5,denoised,160,80,1.0,0.5,2.9999999999999996,0.021401889573518757,no_n2v,AtomSegNet
80,0.09566320639588355,0.07070304846408249,0.11895532825416359,0.1795145448342063,0.14804381199728947,0.2964435045808505,07443,1000,2,0.5,raw,160,80,1.0,0.5,2.9999999999999996,0.021401889573518757,no_n2v,AtomSegNet
80,-0.3914130306404644,0.21202954373581662,0.44515243228805534,0.14672841508975368,0.11581238393453279,0.4794246637517029,07443,1000,2,0.625,denoised,160,80,1.0,0.5,2.9999999999999996,0.021401889573518757,no_n2v,AtomSegNet
80,0.06586623147088488,0.07615582662967313,0.10068798527046322,0.19560291384483927,0.14709954589140511,0.35218137113234116,07443,1000,2,0.625,raw,160,80,1.0,0.5,2.9999999999999996,0.021401889573518757,no_n2v,AtomSegNet
80,-0.43407646661111343,0.22846137818538637,0.4905272471412319,0.12396497561079131,0.1138369411389288,0.526752235286233,07443,1000,2,0.75,denoised,160,80,1.0,0.5,2.9999999999999996,0.021401889573518757,no_n2v,AtomSegNet
80,0.08896901568014925,0.06945396573540563,0.1128686808085819,0.1649088955040662,0.11252655385012399,0.3529948454980359,07443,1000,2,0.75,raw,160,80,1.0,0.5,2.9999999999999996,0.021401889573518757,no_n2v,AtomSegNet
80,-0.4303682661208832,0.20905970088012538,0.4784587788054294,0.12123439633523164,0.1119765445208196,0.5166035797932864,07443,1000,2,0.875,denoised,160,80,1.0,0.5,2.9999999999999996,0.021401889573518757,no_n2v,AtomSegNet
80,0.08689616866233507,0.07228209805785824,0.11302940249262056,0.11996567313062259,0.14370891014475926,0.2858094554155799,07443,1000,2,0.875,raw,160,80,1.0,0.5,2.9999999999999996,0.021401889573518757,no_n2v,AtomSegNet
131,3.0982437749571545e-05,-0.001574434200129815,0.0015747390139281229,0.17007914992179357,0.18434257820803984,0.2931098030658502,07364,50,0,0.0,denoised,131,133,0.9849624060150376,0.0,2.9999999999999996,0.08057374454848279,no_n2v,UNetPP
131,0.011444805281854542,-0.035653020197344176,0.03744491176557634,0.28087661719203944,0.2619079698895856,0.4326794301902459,07364,50,0,0.0,raw,131,133,0.9849624060150376,0.0,2.9999999999999996,0.08057374454848279,no_n2v,UNetPP
132,-0.004533222404134563,-0.0511780067259302,0.05137838531721978,0.1805900113414082,0.17241005287733782,0.34181913802012454,07364,50,0,0.125,denoised,132,133,0.9924812030075187,0.0,2.9999999999999996,0.08057374454848279,no_n2v,UNetPP
131,-0.02089741210329521,-0.031088474759286555,0.03745924579424613,0.27688505911918637,0.30766508272158677,0.45223314168351764,07364,50,0,0.125,raw,131,133,0.9849624060150376,0.0,2.9999999999999996,0.08057374454848279,no_n2v,UNetPP
132,0.0016851048232737753,-0.06193728313259328,0.061960201905032916,0.16540408606758333,0.14688018802340502,0.34427388346601817,07364,50,0,0.25,denoised,132,133,0.9924812030075187,0.0,2.9999999999999996,0.08057374454848279,no_n2v,UNetPP
131,-0.009794990202195208,-0.07341479115774519,0.07406533192929361,0.3053710401342327,0.27384594529717926,0.41805768361448103,07364,50,0,0.25,raw,132,133,0.9849624060150376,0.007575757575757569,2.9999999999999996,0.08057374454848279,no_n2v,UNetPP
132,0.03896072546945817,-0.07442938147321598,0.08400994557546144,0.16901247360614868,0.179065994476458,0.3348302707135559,07364,50,0,0.375,denoised,132,133,0.9924812030075187,0.0,2.9999999999999996,0.08057374454848279,no_n2v,UNetPP
131,0.06512577924706875,-0.07894254151142377,0.1023391029021693,0.24339427127299212,0.3018761294128974,0.42187137146111486,07364,50,0,0.375,raw,131,133,0.9849624060150376,0.0,2.9999999999999996,0.08057374454848279,no_n2v,UNetPP
131,0.03258116381741161,-0.06298626273675723,0.07091404324420392,0.16805609722342577,0.17943732060595216,0.29635196351887677,07364,50,0,0.5,denoised,131,133,0.9849624060150376,0.0,2.9999999999999996,0.08057374454848279,no_n2v,UNetPP
131,-0.005672132572811961,-0.04367117897254502,0.04403799451355174,0.27584432306542433,0.34047301938449875,0.44981579062802945,07364,50,0,0.5,raw,131,133,0.9849624060150376,0.0,2.9999999999999996,0.08057374454848279,no_n2v,UNetPP
131,0.053305044545808755,-0.060186810576396965,0.08039825832311136,0.14468363596884012,0.15769311898994023,0.28598222835717213,07364,50,0,0.625,denoised,131,133,0.9849624060150376,0.0,2.9999999999999996,0.08057374454848279,no_n2v,UNetPP
131,0.02921805424026047,-0.04707658202325504,0.055406671697360264,0.22426515990350243,0.3059946720382737,0.40682205686178946,07364,50,0,0.625,raw,131,133,0.9849624060150376,0.0,2.9999999999999996,0.08057374454848279,no_n2v,UNetPP
132,0.061671739444953744,-0.029215740645851085,0.06824194419601406,0.14653189996843963,0.1637814438018381,0.314353603019428,07364,50,0,0.75,denoised,132,133,0.9924812030075187,0.0,2.9999999999999996,0.08057374454848279,no_n2v,UNetPP
132,0.023158943780927643,0.0032012351446528697,0.023379148476784347,0.26847146877908135,0.2771830085893539,0.44861910753843637,07364,50,0,0.75,raw,132,133,0.9924812030075187,0.0,2.9999999999999996,0.08057374454848279,no_n2v,UNetPP
131,0.04021843422741256,-0.0768599151306546,0.08674657921552952,0.1548984962383569,0.1944101370515904,0.3083089632311553,07364,50,0,0.875,denoised,131,133,0.9849624060150376,0.0,2.9999999999999996,0.08057374454848279,no_n2v,UNetPP
131,0.04570801341084518,-0.04530914116497797,0.06435946521743251,0.28296919468616194,0.2881467170431195,0.4187032225599059,07364,50,0,0.875,raw,131,133,0.9849624060150376,0.0,2.9999999999999996,0.08057374454848279,no_n2v,UNetPP
131,0.0459166630736334,-0.028771425298685926,0.054186113179812354,0.1661114872286588,0.17688171691318305,0.32042894389099646,07364,50,1,0.0,denoised,131,133,0.9849624060150376,0.0,2.9999999999999996,0.08057374454848279,no_n2v,UNetPP
131,-0.0003357506822112555,-0.03461998175345826,0.03462160979981128,0.30558995515822235,0.2792736161874415,0.47657290175930944,07364,50,1,0.0,raw,131,133,0.9849624060150376,0.0,2.9999999999999996,0.08057374454848279,no_n2v,UNetPP
131,0.05579239684382742,-0.08342804603273635,0.10036448779533276,0.16159178550519288,0.18572834900502994,0.3137193609574222,07364,50,1,0.125,denoised,131,133,0.9849624060150376,0.0,2.9999999999999996,0.08057374454848279,no_n2v,UNetPP
131,0.044947621523149905,0.027690614460013308,0.05279260184686323,0.2780268574621147,0.3433746790175202,0.4534039296504392,07364,50,1,0.125,raw,131,133,0.9849624060150376,0.0,2.9999999999999996,0.08057374454848279,no_n2v,UNetPP
132,0.02232424406476241,-0.03585426410838011,0.042236241876101546,0.14494698139461415,0.18213466154297153,0.286381989793154,07364,50,1,0.25,denoised,132,133,0.9924812030075187,0.0,2.9999999999999996,0.08057374454848279,no_n2v,UNetPP
132,0.04098589664978647,0.0021228383170104337,0.04104083535586411,0.2994522631937813,0.33548394813523336,0.4218330558110431,07364,50,1,0.25,raw,132,133,0.9924812030075187,0.0,2.9999999999999996,0.08057374454848279,no_n2v,UNetPP
131,0.016399387941788746,-0.042172734399059664,0.045249082328362375,0.13980399781316263,0.1672591387358907,0.2914495626869258,07364,50,1,0.375,denoised,131,133,0.9849624060150376,0.0,2.9999999999999996,0.08057374454848279,no_n2v,UNetPP
131,0.00769561683969755,0.005487266645673117,0.009451593187614097,0.30943368097104773,0.2940514152671509,0.44842369200539356,07364,50,1,0.375,raw,131,133,0.9849624060150376,0.0,2.9999999999999996,0.08057374454848279,no_n2v,UNetPP
131,-0.01637751127216802,-0.05693819670752731,0.059246781514062555,0.1854311523184182,0.1492551689543723,0.2946492699583646,07364,50,1,0.5,denoised,131,133,0.9849624060150376,0.0,2.9999999999999996,0.08057374454848279,no_n2v,UNetPP
131,-0.039423493375181806,-0.025080406776368136,0.04672513920761603,0.28151720995687585,0.3395493884690347,0.4342670013999051,07364,50,1,0.5,raw,131,133,0.9849624060150376,0.0,2.9999999999999996,0.08057374454848279,no_n2v,UNetPP
131,0.04583019047575476,-0.05220318020838022,0.06946638311379529,0.15454845496781722,0.15023583214142053,0.2836704574797311,07364,50,1,0.625,denoised,131,133,0.9849624060150376,0.0,2.9999999999999996,0.08057374454848279,no_n2v,UNetPP
131,0.03322898175125033,-0.021730866986359842,0.0397038513019051,0.24860206972305784,0.25093744596554435,0.42252912115462987,07364,50,1,0.625,raw,131,133,0.9849624060150376,0.0,2.9999999999999996,0.08057374454848279,no_n2v,UNetPP
132,0.007265504284845292,-0.057035032846613376,0.057495934850451576,0.14559881835316146,0.18673805940186564,0.32739715513077955,07364,50,1,0.75,denoised,132,133,0.9924812030075187,0.0,2.9999999999999996,0.08057374454848279,no_n2v,UNetPP
132,-0.020381099757933896,-0.03721376796152143,0.04242939727637916,0.27641080935868906,0.2601527637599967,0.4501407325811614,07364,50,1,0.75,raw,132,133,0.9924812030075187,0.0,2.9999999999999996,0.08057374454848279,no_n2v,UNetPP
132,0.041068022898116396,-0.04852695344411728,0.06357238170249514,0.15098923268531608,0.17047272796260995,0.3374418407809912,07364,50,1,0.875,denoised,132,133,0.9924812030075187,0.0,2.9999999999999996,0.08057374454848279,no_n2v,UNetPP
131,0.0123546965984076,-0.027084110952358742,0.029768903139322803,0.2651396873892047,0.3107455243619461,0.41601168803567234,07364,50,1,0.875,raw,131,133,0.9849624060150376,0.0,2.9999999999999996,0.08057374454848279,no_n2v,UNetPP
131,0.01561260794989039,-0.038406301760105066,0.04145838325218713,0.15517575859365013,0.17989926055580588,0.3129534361436578,07364,50,2,0.0,denoised,131,133,0.9849624060150376,0.0,2.9999999999999996,0.08057374454848279,no_n2v,UNetPP
131,-0.020783754867153448,-0.00534646424875973,0.02146040881113849,0.2936312965284626,0.27740528830807043,0.42642044919266103,07364,50,2,0.0,raw,131,133,0.9849624060150376,0.0,2.9999999999999996,0.08057374454848279,no_n2v,UNetPP
132,0.03852323405964597,-0.06064941353030662,0.07184978026399529,0.14178462690114424,0.2061203844684977,0.35005969479582805,07364,50,2,0.125,denoised,132,133,0.9924812030075187,0.0,2.9999999999999996,0.08057374454848279,no_n2v,UNetPP
131,0.016061274835948325,-0.026828507003699542,0.031268727786774794,0.27962050548990397,0.2861108866276426,0.4191543612024729,07364,50,2,0.125,raw,131,133,0.9849624060150376,0.0,2.9999999999999996,0.08057374454848279,no_n2v,UNetPP
131,0.003674041043424836,-0.02813345825518354,0.028372346589327524,0.14549558785126995,0.15151515283620895,0.2732630662840451,07364,50,2,0.25,denoised,131,133,0.9849624060150376,0.0,2.9999999999999996,0.08057374454848279,no_n2v,UNetPP
131,-5.8148811859837224e-05,-0.04391604533565463,0.04391608383277809,0.2826449236980529,0.2551838344752879,0.40996083159343877,07364,50,2,0.25,raw,131,133,0.9849624060150376,0.0,2.9999999999999996,0.08057374454848279,no_n2v,UNetPP
131,0.004535748635504433,-0.07186205118196654,0.07200505132116815,0.1523252279052777,0.18842889406029023,0.30127466953663246,07364,50,2,0.375,denoised,131,133,0.9849624060150376,0.0,2.9999999999999996,0.08057374454848279,no_n2v,UNetPP
131,0.08330737214272688,0.003766027478420142,0.08339245299363128,0.2793190915007097,0.28486084151607804,0.43053943318328647,07364,50,2,0.375,raw,131,133,0.9849624060150376,0.0,2.9999999999999996,0.08057374454848279,no_n2v,UNetPP
132,0.04328100961524228,-0.052972657570272474,0.0684057617702781,0.15287318399514319,0.15311186136958505,0.2918080393339648,07364,50,2,0.5,denoised,132,133,0.9924812030075187,0.0,2.9999999999999996,0.08057374454848279,no_n2v,UNetPP
132,0.08658892716974975,-0.014120785552027115,0.0877327697785415,0.24211416267961358,0.27761026120210486,0.4313720980743861,07364,50,2,0.5,raw,132,133,0.9924812030075187,0.0,2.9999999999999996,0.08057374454848279,no_n2v,UNetPP
132,0.03702824700863516,-0.03466473619337407,0.05072213532461658,0.17046171329555845,0.1805358956375144,0.3286518817676619,07364,50,2,0.625,denoised,132,133,0.9924812030075187,0.0,2.9999999999999996,0.08057374454848279,no_n2v,UNetPP
131,0.020735238343995377,-0.006434561698000607,0.021710681551431604,0.32152880510093945,0.26378697382806987,0.44812742276682715,07364,50,2,0.625,raw,132,133,0.9849624060150376,0.007575757575757569,2.9999999999999996,0.08057374454848279,no_n2v,UNetPP
132,0.030234631134078427,-0.06554932046486783,0.07218619212300732,0.1705727805542668,0.1799131994548806,0.36089843839104757,07364,50,2,0.75,denoised,132,133,0.9924812030075187,0.0,2.9999999999999996,0.08057374454848279,no_n2v,UNetPP
131,0.009338610715275308,-0.012685171979967436,0.015751928080486075,0.2803865930108562,0.2806312256531974,0.4310517464097584,07364,50,2,0.75,raw,131,133,0.9849624060150376,0.0,2.9999999999999996,0.08057374454848279,no_n2v,UNetPP
131,0.05238241210517458,-0.08055420439228556,0.096087964611758,0.1493029822492411,0.17844707722750466,0.2937497383782824,07364,50,2,0.875,denoised,131,133,0.9849624060150376,0.0,2.9999999999999996,0.08057374454848279,no_n2v,UNetPP
131,0.02394025258897159,-0.04003590356003528,0.04664771449805667,0.2545084531966763,0.27249155158633837,0.460419080531592,07364,50,2,0.875,raw,131,133,0.9849624060150376,0.0,2.9999999999999996,0.08057374454848279,no_n2v,UNetPP
131,0.04694864427995071,-0.0013065468988884277,0.04696682089011714,0.11015262783243292,0.13427366878902441,0.2688159133638803,07364,200,0,0.0,denoised,131,133,0.9849624060150376,0.0,2.999999999999986,0.04165850907281803,no_n2v,UNetPP
131,0.0028973056472807457,-0.001925040182527482,0.0034785283839736513,0.16080757682957003,0.1895443590625293,0.31684193925276216,07364,200,0,0.0,raw,132,133,0.9849624060150376,0.007575757575757569,2.999999999999986,0.04165850907281803,no_n2v,UNetPP
131,0.03139935751116241,0.013901651730833464,0.034339125978381804,0.1268107616530074,0.13083401232612357,0.2814123686248625,07364,200,0,0.125,denoised,131,133,0.9849624060150376,0.0,2.999999999999986,0.04165850907281803,no_n2v,UNetPP
131,0.026984423090912202,-0.0005155718091529593,0.02698934796988895,0.16950854329225037,0.1550582284009472,0.3507898918624151,07364,200,0,0.125,raw,131,133,0.9849624060150376,0.0,2.999999999999986,0.04165850907281803,no_n2v,UNetPP
131,0.04598600538244568,0.0014486302040523924,0.04600881676920649,0.13012870599471643,0.1588846892806568,0.26674171116002515,07364,200,0,0.25,denoised,131,133,0.9849624060150376,0.0,2.999999999999986,0.04165850907281803,no_n2v,UNetPP
131,0.015464559501594977,-0.005291982985312416,0.016344958993377977,0.22652085227520333,0.18082453742638369,0.3192631907265455,07364,200,0,0.25,raw,131,133,0.9849624060150376,0.0,2.999999999999986,0.04165850907281803,no_n2v,UNetPP
131,0.04292737482998632,0.011467519851294128,0.044432685281602866,0.1252528213322626,0.13444021670319067,0.26752895409311045,07364,200,0,0.375,denoised,131,133,0.9849624060150376,0.0,2.999999999999986,0.04165850907281803,no_n2v,UNetPP
131,0.006530626403602469,-0.0025053423539560526,0.00699469953135628,0.1730583885602109,0.2165235053251885,0.33566789944394754,07364,200,0,0.375,raw,131,133,0.9849624060150376,0.0,2.999999999999986,0.04165850907281803,no_n2v,UNetPP
131,0.05137738329614194,-0.008158128245973728,0.05202105891690825,0.12334343058531282,0.12146350470928598,0.2495311960100197,07364,200,0,0.5,denoised,131,133,0.9849624060150376,0.0,2.999999999999986,0.04165850907281803,no_n2v,UNetPP
131,0.03283153887267076,-0.009249317855619665,0.034109526902933965,0.17109978875955908,0.22229357172751324,0.2964397544585264,07364,200,0,0.5,raw,131,133,0.9849624060150376,0.0,2.999999999999986,0.04165850907281803,no_n2v,UNetPP
131,0.04018242223239099,0.010091226177110002,0.04143018105463383,0.10480858246844865,0.1486065040849494,0.2583784259122458,07364,200,0,0.625,denoised,131,133,0.9849624060150376,0.0,2.999999999999986,0.04165850907281803,no_n2v,UNetPP
131,0.015183356650879887,0.00701792142820068,0.016726791095730727,0.16864931031242067,0.17890556046175957,0.3051934135180066,07364,200,0,0.625,raw,131,133,0.9849624060150376,0.0,2.999999999999986,0.04165850907281803,no_n2v,UNetPP
131,0.05831077304270593,0.016003434115404502,0.06046698401875236,0.1307472698294166,0.13219574681372215,0.24716315878991676,07364,200,0,0.75,denoised,131,133,0.9849624060150376,0.0,2.999999999999986,0.04165850907281803,no_n2v,UNetPP
131,0.017005661692309104,-0.006172420830154124,0.018091194225307236,0.18708757305806825,0.18150254873461436,0.2903713941285182,07364,200,0,0.75,raw,131,133,0.9849624060150376,0.0,2.999999999999986,0.04165850907281803,no_n2v,UNetPP
131,0.044854271620167196,0.023599983207560626,0.05068397073999708,0.13185973906853124,0.14144998661254937,0.264939631954907,07364,200,0,0.875,denoised,131,133,0.9849624060150376,0.0,2.999999999999986,0.04165850907281803,no_n2v,UNetPP
131,0.01389419882769971,-0.011072047329324874,0.01776623182125186,0.20245064837916713,0.15676753581362932,0.3031318900350201,07364,200,0,0.875,raw,131,133,0.9849624060150376,0.0,2.999999999999986,0.04165850907281803,no_n2v,UNetPP
131,0.057431613522084035,0.006629506973013122,0.057812979463570766,0.11437565300202017,0.14968593631288124,0.2707582858478355,07364,200,1,0.0,denoised,131,133,0.9849624060150376,0.0,2.999999999999986,0.04165850907281803,no_n2v,UNetPP
131,-0.008873170011185039,-0.012344148761854967,0.015202340435018518,0.1856930652671466,0.1798320532254052,0.32442901727747747,07364,200,1,0.0,raw,131,133,0.9849624060150376,0.0,2.999999999999986,0.04165850907281803,no_n2v,UNetPP
131,0.04938092428142227,-0.024409311095297426,0.05508439117422075,0.10741746757351042,0.1328320647635747,0.24329497569383748,07364,200,1,0.125,denoised,131,133,0.9849624060150376,0.0,2.999999999999986,0.04165850907281803,no_n2v,UNetPP
131,-0.007029792572293303,0.010037997166321588,0.01225476930507263,0.15326757145048142,0.16226571178220076,0.3060470060650969,07364,200,1,0.125,raw,131,133,0.9849624060150376,0.0,2.999999999999986,0.04165850907281803,no_n2v,UNetPP
132,0.027141589755473206,0.008214976314122602,0.02835756918877222,0.13121219090697328,0.14226937800644873,0.3242134528325424,07364,200,1,0.25,denoised,132,133,0.9924812030075187,0.0,2.999999999999986,0.04165850907281803,no_n2v,UNetPP
131,0.026020271005648965,0.037149558310744624,0.04535575140917446,0.17201160032063587,0.19254510442722636,0.300680369552793,07364,200,1,0.25,raw,131,133,0.9849624060150376,0.0,2.999999999999986,0.04165850907281803,no_n2v,UNetPP
131,0.029435756595489693,0.004089126752830907,0.029718423981591493,0.12166654645378804,0.1359106017589464,0.2537709099911829,07364,200,1,0.375,denoised,131,133,0.9849624060150376,0.0,2.999999999999986,0.04165850907281803,no_n2v,UNetPP
131,0.0003261606177034082,-0.0006865770450872333,0.0007601110362186472,0.15466040582807156,0.1683698940210526,0.3033967975437752,07364,200,1,0.375,raw,132,133,0.9849624060150376,0.007575757575757569,2.999999999999986,0.04165850907281803,no_n2v,UNetPP
131,0.014805626490868917,0.014499741990892545,0.020723153562852637,0.10872167913160648,0.13718353896657245,0.24359761926917994,07364,200,1,0.5,denoised,131,133,0.9849624060150376,0.0,2.999999999999986,0.04165850907281803,no_n2v,UNetPP
131,-0.021117293554013372,-0.014231561924873404,0.025465220239924907,0.19398936609727432,0.18324956775363258,0.30599631612772604,07364,200,1,0.5,raw,131,133,0.9849624060150376,0.0,2.999999999999986,0.04165850907281803,no_n2v,UNetPP
131,0.03567272130928245,0.014422060542031545,0.03847777119179017,0.12470581903873158,0.13589985079621503,0.2579694790142336,07364,200,1,0.625,denoised,131,133,0.9849624060150376,0.0,2.999999999999986,0.04165850907281803,no_n2v,UNetPP
131,0.00693388202230949,-0.024558202944291452,0.02551830816790784,0.18039609832234385,0.18751139652960477,0.30718040517828216,07364,200,1,0.625,raw,131,133,0.9849624060150376,0.0,2.999999999999986,0.04165850907281803,no_n2v,UNetPP
131,0.02903808313929801,0.010808376827156962,0.030984371577338906,0.1201239209426345,0.13982593703789833,0.24240897525027896,07364,200,1,0.75,denoised,131,133,0.9849624060150376,0.0,2.999999999999986,0.04165850907281803,no_n2v,UNetPP
131,-0.00013225657187376783,-0.012698434458712882,0.012699123178512385,0.16870727151906703,0.19552221686316917,0.29978883770352943,07364,200,1,0.75,raw,131,133,0.9849624060150376,0.0,2.999999999999986,0.04165850907281803,no_n2v,UNetPP
131,0.04914785012464051,-0.019809856126244085,0.052990013885793774,0.1275961857448273,0.14052166445122252,0.2594249371577677,07364,200,1,0.875,denoised,131,133,0.9849624060150376,0.0,2.999999999999986,0.04165850907281803,no_n2v,UNetPP
131,-0.025696574222273227,-0.02375262902717168,0.034992875167142744,0.17424086001356787,0.18399873290978933,0.29849836182324274,07364,200,1,0.875,raw,131,133,0.9849624060150376,0.0,2.999999999999986,0.04165850907281803,no_n2v,UNetPP
131,0.015294665859101997,0.021410060746745785,0.026311927046891205,0.10800588222452465,0.14045330925005334,0.26946718262962727,07364,200,2,0.0,denoised,131,133,0.9849624060150376,0.0,2.999999999999986,0.04165850907281803,no_n2v,UNetPP
131,0.03071892711847113,0.004242699644990466,0.031010530204876263,0.17506092864624453,0.1919849862928718,0.32816479241118574,07364,200,2,0.0,raw,131,133,0.9849624060150376,0.0,2.999999999999986,0.04165850907281803,no_n2v,UNetPP
131,0.04120654654292366,0.005852177689000371,0.041620036781552315,0.13558813881876075,0.1213596766109053,0.25992758372269315,07364,200,2,0.125,denoised,131,133,0.9849624060150376,0.0,2.999999999999986,0.04165850907281803,no_n2v,UNetPP
131,-0.003776265095865483,-0.007062978833118905,0.008009110317091258,0.18055290223136305,0.2077055287004563,0.32910178456542555,07364,200,2,0.125,raw,131,133,0.9849624060150376,0.0,2.999999999999986,0.04165850907281803,no_n2v,UNetPP
132,0.038583990950570524,0.008618937199976529,0.03953492678797885,0.12777782339225402,0.146320995102261,0.2522881300629183,07364,200,2,0.25,denoised,132,133,0.9924812030075187,0.0,2.999999999999986,0.04165850907281803,no_n2v,UNetPP
132,-0.01784195438239422,0.02016661947321463,0.026926341696578017,0.1820326703715631,0.1877984206539819,0.3112987077440334,07364,200,2,0.25,raw,132,133,0.9924812030075187,0.0,2.999999999999986,0.04165850907281803,no_n2v,UNetPP
131,0.016890247474634634,0.01841602257640318,0.02498860434856243,0.10696238517985243,0.14291415648529499,0.2518221252582748,07364,200,2,0.375,denoised,131,133,0.9849624060150376,0.0,2.999999999999986,0.04165850907281803,no_n2v,UNetPP
131,0.010015586089991757,0.017212316903666647,0.019914211456100513,0.22831411145189942,0.22452295979344755,0.30823007367279415,07364,200,2,0.375,raw,131,133,0.9849624060150376,0.0,2.999999999999986,0.04165850907281803,no_n2v,UNetPP
132,0.023490316710692127,-0.008131760749719774,0.024858007000950515,0.14678022665103108,0.1499837836515788,0.332606394773308,07364,200,2,0.5,denoised,132,133,0.9924812030075187,0.0,2.999999999999986,0.04165850907281803,no_n2v,UNetPP
131,0.00805043604034239,0.012091601959738796,0.014526402114508697,0.18996688103180337,0.19989482430831762,0.30422182087355,07364,200,2,0.5,raw,131,133,0.9849624060150376,0.0,2.999999999999986,0.04165850907281803,no_n2v,UNetPP
131,0.019051130974730768,0.01757764070194412,0.02592140127506591,0.13163663796381375,0.1386406505890941,0.24113813867022163,07364,200,2,0.625,denoised,131,133,0.9849624060150376,0.0,2.999999999999986,0.04165850907281803,no_n2v,UNetPP
131,-0.01666171332237809,0.009738021254804607,0.019298749928327946,0.1696231949993252,0.16626144389784295,0.28952696447023485,07364,200,2,0.625,raw,131,133,0.9849624060150376,0.0,2.999999999999986,0.04165850907281803,no_n2v,UNetPP
131,0.03526204664203192,0.001057978497158274,0.035277914505895666,0.10936929430820692,0.1046996143339767,0.2560596029051242,07364,200,2,0.75,denoised,131,133,0.9849624060150376,0.0,2.999999999999986,0.04165850907281803,no_n2v,UNetPP
131,0.029876758199137043,0.0066914836689448975,0.03061693378151148,0.18108193045553295,0.20030146754998912,0.31149430761348335,07364,200,2,0.75,raw,131,133,0.9849624060150376,0.0,2.999999999999986,0.04165850907281803,no_n2v,UNetPP
131,0.024300077745635917,0.029196968134684198,0.037986270239413006,0.12398397439533843,0.1574526025003564,0.25776715096373726,07364,200,2,0.875,denoised,131,133,0.9849624060150376,0.0,2.999999999999986,0.04165850907281803,no_n2v,UNetPP
131,0.025021904068893264,0.01929129784093675,0.03159509227112065,0.2074097188466692,0.2218066786683411,0.3333428882578138,07364,200,2,0.875,raw,131,133,0.9849624060150376,0.0,2.999999999999986,0.04165850907281803,no_n2v,UNetPP
131,0.027355316752796455,0.025245771792924643,0.03722448586705068,0.10590326505286855,0.12877209893242503,0.25470339068705766,07364,1000,0,0.0,denoised,131,133,0.9849624060150376,0.0,2.9999999999999996,0.0195394456310795,no_n2v,UNetPP
131,0.0065058820316608035,-0.023535599975538446,0.02441825069939393,0.1141843989951016,0.15141244810482613,0.2646625759352958,07364,1000,0,0.0,raw,131,133,0.9849624060150376,0.0,2.9999999999999996,0.0195394456310795,no_n2v,UNetPP
131,0.038020847028917615,0.019561955604714854,0.042758097664386194,0.10998952507427767,0.11602846896201148,0.24807581769051198,07364,1000,0,0.125,denoised,131,133,0.9849624060150376,0.0,2.9999999999999996,0.0195394456310795,no_n2v,UNetPP
131,0.010342943164872054,0.000865681012726327,0.010379107713458244,0.1328169489816055,0.14151006977594277,0.24961804184323366,07364,1000,0,0.125,raw,131,133,0.9849624060150376,0.0,2.9999999999999996,0.0195394456310795,no_n2v,UNetPP
131,0.023936500456272825,0.03401185210438484,0.04159040920288831,0.10869096101446751,0.1321709159016885,0.25245142443669777,07364,1000,0,0.25,denoised,131,133,0.9849624060150376,0.0,2.9999999999999996,0.0195394456310795,no_n2v,UNetPP
131,0.0168156242656039,0.003013614065054071,0.01708353269013931,0.12650996840540077,0.12925386020238117,0.2551618341554423,07364,1000,0,0.25,raw,131,133,0.9849624060150376,0.0,2.9999999999999996,0.0195394456310795,no_n2v,UNetPP
131,0.027970684945399782,0.01563159832784322,0.032042254642859404,0.10110316565842188,0.1363460379544526,0.24374471877832768,07364,1000,0,0.375,denoised,131,133,0.9849624060150376,0.0,2.9999999999999996,0.0195394456310795,no_n2v,UNetPP
131,-0.0006382179118986642,-0.02246917336850629,0.02247823556169524,0.11424888198288696,0.13485456560277564,0.22328733784444163,07364,1000,0,0.375,raw,131,133,0.9849624060150376,0.0,2.9999999999999996,0.0195394456310795,no_n2v,UNetPP
131,0.02317436527615513,0.02474546711466985,0.03390264515750757,0.0988509383529837,0.11753271424176345,0.2448816857003748,07364,1000,0,0.5,denoised,131,133,0.9849624060150376,0.0,2.9999999999999996,0.0195394456310795,no_n2v,UNetPP
131,-0.011952048198168086,-0.013645213238895337,0.01813955072393629,0.1395320245482326,0.13130481921326895,0.23984266963277226,07364,1000,0,0.5,raw,131,133,0.9849624060150376,0.0,2.9999999999999996,0.0195394456310795,no_n2v,UNetPP
131,0.02836290911271533,0.025788607230822436,0.0383341476524753,0.10437315711301293,0.12650831514279479,0.23293620828022685,07364,1000,0,0.625,denoised,131,133,0.9849624060150376,0.0,2.9999999999999996,0.0195394456310795,no_n2v,UNetPP
131,-0.001109047805954333,-0.001736455730256381,0.0020604042173885057,0.1384971976176914,0.1714233450456716,0.23456464653969014,07364,1000,0,0.625,raw,131,133,0.9849624060150376,0.0,2.9999999999999996,0.0195394456310795,no_n2v,UNetPP
131,0.03049527586875911,0.016207554297722027,0.03453471683140502,0.10942893517195525,0.13402376445433162,0.2401385006281788,07364,1000,0,0.75,denoised,131,133,0.9849624060150376,0.0,2.9999999999999996,0.0195394456310795,no_n2v,UNetPP
131,-0.011084762929442604,0.006747408004486033,0.01297688267577954,0.10308923656280138,0.12509751435619437,0.2338394933629482,07364,1000,0,0.75,raw,131,133,0.9849624060150376,0.0,2.9999999999999996,0.0195394456310795,no_n2v,UNetPP
131,0.04351358743983269,0.01771219084737652,0.046980357560344875,0.11341459176441149,0.13940466473481467,0.23719029047214119,07364,1000,0,0.875,denoised,131,133,0.9849624060150376,0.0,2.9999999999999996,0.0195394456310795,no_n2v,UNetPP
131,0.01981222611038902,-0.013950978525087976,0.024231262972792943,0.12462864826113125,0.13695558204916944,0.2270209326354529,07364,1000,0,0.875,raw,131,133,0.9849624060150376,0.0,2.9999999999999996,0.0195394456310795,no_n2v,UNetPP
131,0.048024031218858454,0.022587901782273434,0.05307090428319008,0.11206621711742798,0.13170196323752653,0.2471376811102369,07364,1000,1,0.0,denoised,131,133,0.9849624060150376,0.0,2.9999999999999996,0.0195394456310795,no_n2v,UNetPP
131,0.005814166327766657,0.005879691078661153,0.0082689356792409,0.13922911765092205,0.13680332721312835,0.22568519760673347,07364,1000,1,0.0,raw,131,133,0.9849624060150376,0.0,2.9999999999999996,0.0195394456310795,no_n2v,UNetPP
131,0.02533219119612795,0.01873747217608468,0.0315089316598759,0.10363795373589954,0.14931015726079166,0.246885341659754,07364,1000,1,0.125,denoised,131,133,0.9849624060150376,0.0,2.9999999999999996,0.0195394456310795,no_n2v,UNetPP
131,-0.012263883452721558,-0.011382671760667762,0.016732245926743994,0.10456659098448208,0.14842270528859494,0.25311880242475826,07364,1000,1,0.125,raw,131,133,0.9849624060150376,0.0,2.9999999999999996,0.0195394456310795,no_n2v,UNetPP
131,0.04210894925415687,0.020441836625138876,0.0468084638916727,0.10757533237672455,0.13096491064174176,0.2514365504191769,07364,1000,1,0.25,denoised,131,133,0.9849624060150376,0.0,2.9999999999999996,0.0195394456310795,no_n2v,UNetPP
131,0.017672012102877943,0.0030451076427908674,0.01793244802921363,0.15772903621317239,0.1456849080973416,0.24064459337347963,07364,1000,1,0.25,raw,131,133,0.9849624060150376,0.0,2.9999999999999996,0.0195394456310795,no_n2v,UNetPP
131,0.03612018016376339,0.014591127222814748,0.03895598039704677,0.10071636205553544,0.12634260503707465,0.24335661998115793,07364,1000,1,0.375,denoised,131,133,0.9849624060150376,0.0,2.9999999999999996,0.0195394456310795,no_n2v,UNetPP
131,-0.0026940974198623735,-0.016483111528998506,0.016701830037008297,0.13240363356471294,0.1262593951675052,0.2456524255448848,07364,1000,1,0.375,raw,131,133,0.9849624060150376,0.0,2.9999999999999996,0.0195394456310795,no_n2v,UNetPP
131,0.023390183628947625,0.02035459992301014,0.03100661910337362,0.10473665570557475,0.13244146830447745,0.24152524064980618,07364,1000,1,0.5,denoised,131,133,0.9849624060150376,0.0,2.9999999999999996,0.0195394456310795,no_n2v,UNetPP
131,-0.009882728671747998,0.0011106394557600652,0.009944940723809316,0.12462663619549538,0.14334440802137222,0.24298360079927833,07364,1000,1,0.5,raw,131,133,0.9849624060150376,0.0,2.9999999999999996,0.0195394456310795,no_n2v,UNetPP
131,0.033357790202533266,0.016962883855427435,0.03742300891014704,0.10472897911216482,0.12066072249170412,0.24647323543544503,07364,1000,1,0.625,denoised,131,133,0.9849624060150376,0.0,2.9999999999999996,0.0195394456310795,no_n2v,UNetPP
131,0.0016174510522262153,0.00392955386838878,0.004249416608302476,0.1399975787638154,0.12518108812588313,0.23057400172214,07364,1000,1,0.625,raw,131,133,0.9849624060150376,0.0,2.9999999999999996,0.0195394456310795,no_n2v,UNetPP
131,0.04060502491844886,0.021988837992552135,0.046176585461579524,0.10167027046047761,0.13784777927481576,0.24010808736110498,07364,1000,1,0.75,denoised,131,133,0.9849624060150376,0.0,2.9999999999999996,0.0195394456310795,no_n2v,UNetPP
131,-0.0020510954861983066,0.002374104859669046,0.0031374139953482785,0.12961811123010947,0.13702334844431316,0.23713380957631447,07364,1000,1,0.75,raw,131,133,0.9849624060150376,0.0,2.9999999999999996,0.0195394456310795,no_n2v,UNetPP
131,0.03261248908430048,0.014020391198471316,0.035498532556033774,0.11813060891321817,0.12216015463083853,0.23976496959069546,07364,1000,1,0.875,denoised,131,133,0.9849624060150376,0.0,2.9999999999999996,0.0195394456310795,no_n2v,UNetPP
131,0.0027572487785363364,-0.007003610202360733,0.0075268171688537425,0.13842227405684632,0.14400962147969273,0.23114491830234707,07364,1000,1,0.875,raw,131,133,0.9849624060150376,0.0,2.9999999999999996,0.0195394456310795,no_n2v,UNetPP
131,0.043294776305089044,0.00782940763437523,0.0439970144352195,0.11469880945772415,0.1259861792399144,0.25685089694497765,07364,1000,2,0.0,denoised,131,133,0.9849624060150376,0.0,2.9999999999999996,0.0195394456310795,no_n2v,UNetPP
131,0.014670127991109894,-0.00610746294216824,0.015890681510416862,0.12138129632469842,0.13633471704874645,0.24356129447880334,07364,1000,2,0.0,raw,131,133,0.9849624060150376,0.0,2.9999999999999996,0.0195394456310795,no_n2v,UNetPP
131,0.021838100798845517,0.036419873770299205,0.04246539593533852,0.11845577454655463,0.12931523910755813,0.25022687828403534,07364,1000,2,0.125,denoised,131,133,0.9849624060150376,0.0,2.9999999999999996,0.0195394456310795,no_n2v,UNetPP
131,0.003973619910709658,-0.006882353591349144,0.007947103003682832,0.12571333935290346,0.14602674964731002,0.24340717563932807,07364,1000,2,0.125,raw,131,133,0.9849624060150376,0.0,2.9999999999999996,0.0195394456310795,no_n2v,UNetPP
131,0.032265133217848074,0.024658206105982572,0.04060869303401181,0.10929113625735884,0.13933296431670772,0.24502073752611916,07364,1000,2,0.25,denoised,131,133,0.9849624060150376,0.0,2.9999999999999996,0.0195394456310795,no_n2v,UNetPP
131,0.005019003973657732,-0.002754623000825518,0.005725237878400258,0.10584474555966053,0.16538466177581077,0.23407179624775776,07364,1000,2,0.25,raw,131,133,0.9849624060150376,0.0,2.9999999999999996,0.0195394456310795,no_n2v,UNetPP
131,0.02314589312834414,0.013519117481166631,0.02680482990392429,0.10934596056348016,0.1324654522928725,0.2403116891959384,07364,1000,2,0.375,denoised,131,133,0.9849624060150376,0.0,2.9999999999999996,0.0195394456310795,no_n2v,UNetPP
131,-0.006026722644662641,-0.00831830622772145,0.010272078871087338,0.11977191592016605,0.14268647243129667,0.23326465835785118,07364,1000,2,0.375,raw,131,133,0.9849624060150376,0.0,2.9999999999999996,0.0195394456310795,no_n2v,UNetPP
131,0.036922589252782245,0.015289997096047614,0.039963253225016794,0.0983666521475504,0.12474556483178215,0.2430753446938794,07364,1000,2,0.5,denoised,131,133,0.9849624060150376,0.0,2.9999999999999996,0.0195394456310795,no_n2v,UNetPP
131,0.005902568018772314,-0.0058296336560061945,0.008296079663279148,0.11874625253385598,0.14728521501892536,0.23757798282132994,07364,1000,2,0.5,raw,131,133,0.9849624060150376,0.0,2.9999999999999996,0.0195394456310795,no_n2v,UNetPP
131,0.027041730027796973,0.027928902843896708,0.03887516915667478,0.09444836673909199,0.12211048943012477,0.2415820056089177,07364,1000,2,0.625,denoised,131,133,0.9849624060150376,0.0,2.9999999999999996,0.0195394456310795,no_n2v,UNetPP
131,0.01752465800183245,-0.008655887327080336,0.019545792987246645,0.1267904363496785,0.14964060417195377,0.2239171464759254,07364,1000,2,0.625,raw,131,133,0.9849624060150376,0.0,2.9999999999999996,0.0195394456310795,no_n2v,UNetPP
131,0.039796943938512186,0.016369489375653856,0.04303204537626263,0.11094245707574989,0.12162985067003688,0.2467655286732263,07364,1000,2,0.75,denoised,131,133,0.9849624060150376,0.0,2.9999999999999996,0.0195394456310795,no_n2v,UNetPP
131,0.006386126122436053,-0.0017196121153801869,0.006613597559499857,0.13983832126556076,0.1331457376648062,0.23583949901888895,07364,1000,2,0.75,raw,131,133,0.9849624060150376,0.0,2.9999999999999996,0.0195394456310795,no_n2v,UNetPP
131,0.04400837859103035,0.01828811393130536,0.04765702988411955,0.11694352541386228,0.12230657254951095,0.23559958792039953,07364,1000,2,0.875,denoised,131,133,0.9849624060150376,0.0,2.9999999999999996,0.0195394456310795,no_n2v,UNetPP
131,-0.0011064501762660939,0.006577598826396525,0.00667001036832569,0.13584854159875231,0.1420005471254585,0.23403062174599015,07364,1000,2,0.875,raw,131,133,0.9849624060150376,0.0,2.9999999999999996,0.0195394456310795,no_n2v,UNetPP
90,0.04468057675332204,-0.0908902177329125,0.10127875205859196,0.46110651220934773,0.573706345625227,0.8342795650404206,07557,50,0,0.0,denoised,90,90,1.0,0.0,2.9999999999999996,0.07733358883745395,no_n2v,UNetPP
90,0.010516566968878038,-0.016020607963717737,0.019163978197076742,0.4456277274182453,0.5248693889067227,0.6700809160361383,07557,50,0,0.0,raw,90,90,1.0,0.0,2.9999999999999996,0.07733358883745395,no_n2v,UNetPP
90,0.03864560903717518,-0.16383121308420812,0.16832750660096346,0.37907823649799427,0.49455354561611214,0.7841976768503995,07557,50,0,0.125,denoised,90,90,1.0,0.0,2.9999999999999996,0.07733358883745395,no_n2v,UNetPP
90,0.03101103771927427,-0.07817974604715516,0.0841056309198375,0.35413445584283465,0.4816203687569599,0.6285715592749466,07557,50,0,0.125,raw,90,90,1.0,0.0,2.9999999999999996,0.07733358883745395,no_n2v,UNetPP
90,-0.009273201990218638,-0.15777053580488598,0.15804282408041248,0.4100354175675009,0.5149224192596864,0.7917955217637365,07557,50,0,0.25,denoised,90,90,1.0,0.0,2.9999999999999996,0.07733358883745395,no_n2v,UNetPP
90,0.03941225668981474,0.03700951851751455,0.054065057461192986,0.35189260367461256,0.450462248474637,0.6343949016189433,07557,50,0,0.25,raw,90,90,1.0,0.0,2.9999999999999996,0.07733358883745395,no_n2v,UNetPP
90,-0.022174673482425078,-0.21596763845611022,0.21710305618383474,0.45707881332160455,0.5051174151118366,0.8492449487719249,07557,50,0,0.375,denoised,90,90,1.0,0.0,2.9999999999999996,0.07733358883745395,no_n2v,UNetPP
90,0.02486566835827375,-0.04547963538881561,0.051833374364431126,0.4796840615613785,0.4238706569949944,0.6858471994749045,07557,50,0,0.375,raw,90,90,1.0,0.0,2.9999999999999996,0.07733358883745395,no_n2v,UNetPP
90,-0.0041905890247768696,-0.20818798607156452,0.2082301577123461,0.3751252182745862,0.43574315868383495,0.829932534794356,07557,50,0,0.5,denoised,90,90,1.0,0.0,2.9999999999999996,0.07733358883745395,no_n2v,UNetPP
90,-0.02200400648942491,0.0008572201639136523,0.022020697718193982,0.3924009603375141,0.5319180031920367,0.6899853332017247,07557,50,0,0.5,raw,90,90,1.0,0.0,2.9999999999999996,0.07733358883745395,no_n2v,UNetPP
90,-0.08388840535974396,-0.16860993156437587,0.18832571140432267,0.5244372795437231,0.5009778819389921,0.8255874151191241,07557,50,0,0.625,denoised,90,90,1.0,0.0,2.9999999999999996,0.07733358883745395,no_n2v,UNetPP
90,-0.15077768737752706,-0.0051126295684156275,0.15086434301059717,0.45419376544240864,0.41928643214594297,0.6873124914345905,07557,50,0,0.625,raw,90,90,1.0,0.0,2.9999999999999996,0.07733358883745395,no_n2v,UNetPP
90,-0.11450860022699771,-0.18587097373698214,0.2183122497797141,0.5091566434803839,0.5376824580846917,0.8667509090942624,07557,50,0,0.75,denoised,90,90,1.0,0.0,2.9999999999999996,0.07733358883745395,no_n2v,UNetPP
90,-0.17853462617269855,0.12972590533635753,0.22068852090211402,0.4812913174029427,0.4711656884078466,0.7392064180464873,07557,50,0,0.75,raw,90,90,1.0,0.0,2.9999999999999996,0.07733358883745395,no_n2v,UNetPP
90,-0.25191182437517057,-0.24206672715283162,0.3493649490926504,0.5127212016783559,0.47470813275482543,0.9317804186518804,07557,50,0,0.875,denoised,90,90,1.0,0.0,2.9999999999999996,0.07733358883745395,no_n2v,UNetPP
90,-0.19695545805053882,0.05854699645331962,0.20547312050388142,0.46372791064477836,0.47802227366013683,0.7548131616701119,07557,50,0,0.875,raw,90,90,1.0,0.0,2.9999999999999996,0.07733358883745395,no_n2v,UNetPP
90,0.04373206991623135,-0.05305989205913164,0.0687593345261925,0.44483253111640103,0.5611615679885353,0.872653804745101,07557,50,1,0.0,denoised,90,90,1.0,0.0,2.9999999999999996,0.07733358883745395,no_n2v,UNetPP
90,0.02659993040398234,0.013622537376676291,0.029885277681086498,0.3702274730418786,0.5512966093492796,0.7061202823238115,07557,50,1,0.0,raw,90,90,1.0,0.0,2.9999999999999996,0.07733358883745395,no_n2v,UNetPP
90,0.06256682626428756,-0.12097492776499763,0.1361966992864803,0.4337629337112093,0.6242912838301207,0.8833181854574846,07557,50,1,0.125,denoised,90,90,1.0,0.0,2.9999999999999996,0.07733358883745395,no_n2v,UNetPP
90,0.07633422688733305,-0.03333641396358189,0.08329604246564261,0.4555644369548883,0.46808358640334125,0.7605648674098475,07557,50,1,0.125,raw,90,90,1.0,0.0,2.9999999999999996,0.07733358883745395,no_n2v,UNetPP
90,0.012343502759009084,-0.21810576467434828,0.2184547702490011,0.36218541682622785,0.577171081859808,0.8099469792483144,07557,50,1,0.25,denoised,90,90,1.0,0.0,2.9999999999999996,0.07733358883745395,no_n2v,UNetPP
90,0.03560485541871117,-0.10434186463153594,0.11024940110573435,0.45646467187069995,0.5441760471873675,0.7369151708064856,07557,50,1,0.25,raw,90,90,1.0,0.0,2.9999999999999996,0.07733358883745395,no_n2v,UNetPP
90,0.07833754103050694,-0.15542977611344355,0.17405512241063617,0.49334523895367954,0.4730189701131412,0.8417404749498923,07557,50,1,0.375,denoised,90,90,1.0,0.0,2.9999999999999996,0.07733358883745395,no_n2v,UNetPP
90,0.05372996029034027,-0.02353761237573515,0.058659422339057375,0.34224567070691325,0.45096851048715747,0.6681273735715656,07557,50,1,0.375,raw,90,90,1.0,0.0,2.9999999999999996,0.07733358883745395,no_n2v,UNetPP
90,-0.03904833839781929,-0.05983453471981193,0.07144889276095878,0.4502885349415653,0.43656930482449735,0.829454088435541,07557,50,1,0.5,denoised,90,90,1.0,0.0,2.9999999999999996,0.07733358883745395,no_n2v,UNetPP
90,-0.10062700668593294,0.07434991062893914,0.1251147620590873,0.3555437135717211,0.3174354912115505,0.6280528780452334,07557,50,1,0.5,raw,90,90,1.0,0.0,2.9999999999999996,0.07733358883745395,no_n2v,UNetPP
90,-0.12724018033891582,-0.12988453524163113,0.1818242447739419,0.4471735624496873,0.515667611458476,0.831245287789905,07557,50,1,0.625,denoised,90,90,1.0,0.0,2.9999999999999996,0.07733358883745395,no_n2v,UNetPP
90,-0.15330030510264692,0.04587633708768024,0.1600175673141768,0.4357065510697034,0.41796845865260235,0.7150457686464395,07557,50,1,0.625,raw,90,90,1.0,0.0,2.9999999999999996,0.07733358883745395,no_n2v,UNetPP
90,-0.2418785546534039,-0.16260278474231882,0.291453085087766,0.5027523753495522,0.5696538879341954,0.8706807929598109,07557,50,1,0.75,denoised,90,90,1.0,0.0,2.9999999999999996,0.07733358883745395,no_n2v,UNetPP
90,-0.158326759603014,0.057458358938809795,0.16843047770024192,0.3705192649420235,0.4440493303465893,0.7106631480472364,07557,50,1,0.75,raw,90,90,1.0,0.0,2.9999999999999996,0.07733358883745395,no_n2v,UNetPP
90,-0.24057921965253115,-0.1968809535785958,0.31087050489011986,0.4414457555178843,0.5413546977557095,0.859153179015853,07557,50,1,0.875,denoised,90,90,1.0,0.0,2.9999999999999996,0.07733358883745395,no_n2v,UNetPP
90,-0.15927788000510645,0.006185295354427467,0.15939793266395455,0.3920207470591528,0.3928326418751438,0.7012887768997759,07557,50,1,0.875,raw,90,90,1.0,0.0,2.9999999999999996,0.07733358883745395,no_n2v,UNetPP
90,0.03296739832433104,-0.07908561956392646,0.08568188008024341,0.4696644159791544,0.5199934600609417,0.8216166075493858,07557,50,2,0.0,denoised,90,90,1.0,0.0,2.9999999999999996,0.07733358883745395,no_n2v,UNetPP
90,0.024981819913008962,0.022845401088504858,0.033852676069413924,0.3971048811448673,0.4712655517962016,0.6563037551541805,07557,50,2,0.0,raw,90,90,1.0,0.0,2.9999999999999996,0.07733358883745395,no_n2v,UNetPP
90,0.03822669422454794,-0.2051795501164122,0.20871015293298598,0.4358510345678897,0.6238963976311614,0.8896383473583708,07557,50,2,0.125,denoised,90,90,1.0,0.0,2.9999999999999996,0.07733358883745395,no_n2v,UNetPP
90,-0.0042740005289232386,-0.061836662417846355,0.06198419072231183,0.35793378482022153,0.5437842594147266,0.6924653982596022,07557,50,2,0.125,raw,90,90,1.0,0.0,2.9999999999999996,0.07733358883745395,no_n2v,UNetPP
90,0.02226057939274284,-0.09794393562252424,0.10044176382426674,0.47406793272359543,0.5130803346227932,0.834824403072475,07557,50,2,0.25,denoised,90,90,1.0,0.0,2.9999999999999996,0.07733358883745395,no_n2v,UNetPP
90,-0.009210057910419067,-0.04134637809589137,0.04235974679293631,0.4156100537604335,0.4295320097968951,0.6776100293434723,07557,50,2,0.25,raw,90,90,1.0,0.0,2.9999999999999996,0.07733358883745395,no_n2v,UNetPP
90,0.02210042364010789,-0.09062370647795603,0.0932796060287294,0.46485917008701083,0.524687439932983,0.8815025888510579,07557,50,2,0.375,denoised,90,90,1.0,0.0,2.9999999999999996,0.07733358883745395,no_n2v,UNetPP
90,0.026418985451513777,-0.03169125812807749,0.04125892187185378,0.4982636856686403,0.41398570171449384,0.69041161379977,07557,50,2,0.375,raw,90,90,1.0,0.0,2.9999999999999996,0.07733358883745395,no_n2v,UNetPP
90,-0.05107648807225473,-0.20378526092613924,0.21008864844281766,0.4834712658854699,0.5693137899836428,0.8335976489601041,07557,50,2,0.5,denoised,90,90,1.0,0.0,2.9999999999999996,0.07733358883745395,no_n2v,UNetPP
90,-0.06280008252630864,0.03869809872130503,0.0737657997310071,0.4041452367827246,0.4392079625497323,0.6833852595531967,07557,50,2,0.5,raw,90,90,1.0,0.0,2.9999999999999996,0.07733358883745395,no_n2v,UNetPP
90,-0.09911239448432241,-0.20226442271598444,0.2252424547838315,0.582921571747414,0.5676720586979983,0.9132682993116208,07557,50,2,0.625,denoised,90,90,1.0,0.0,2.9999999999999996,0.07733358883745395,no_n2v,UNetPP
90,0.05961570487050949,-0.05491079370864327,0.08105077132835237,0.47324324967401854,0.47154037195166226,0.6912701450736809,07557,50,2,0.625,raw,90,90,1.0,0.0,2.9999999999999996,0.07733358883745395,no_n2v,UNetPP
90,-0.13248544140353502,-0.14759500147884808,0.19833475904498102,0.5054188045093366,0.484897906554433,0.8475958880363549,07557,50,2,0.75,denoised,90,90,1.0,0.0,2.9999999999999996,0.07733358883745395,no_n2v,UNetPP
90,-0.08005357363355614,-0.0027299607127702075,0.0801001082208786,0.37990376260120606,0.40619417853870493,0.7014139711262853,07557,50,2,0.75,raw,90,90,1.0,0.0,2.9999999999999996,0.07733358883745395,no_n2v,UNetPP
90,-0.2469394958438471,-0.20927410782168465,0.3236893059898264,0.5707936565882906,0.5669652433812588,0.9668359087758518,07557,50,2,0.875,denoised,90,90,1.0,0.0,2.9999999999999996,0.07733358883745395,no_n2v,UNetPP
90,-0.24899540460449288,-0.04045510226155358,0.25226043449805574,0.3856587719914512,0.4912142372783151,0.7111644685586367,07557,50,2,0.875,raw,90,90,1.0,0.0,2.9999999999999996,0.07733358883745395,no_n2v,UNetPP
90,0.06128846860324444,-0.05605163929877932,0.08305457634478272,0.31228251996989426,0.46702030431760594,0.7762987461862118,07557,200,0,0.0,denoised,90,90,1.0,0.0,2.9999999999999996,0.04059819536988142,no_n2v,UNetPP
90,-0.0289263481445019,-0.007548514574480691,0.029895044560228973,0.25185109934919453,0.3967715072555784,0.6108597053688908,07557,200,0,0.0,raw,90,90,1.0,0.0,2.9999999999999996,0.04059819536988142,no_n2v,UNetPP
90,0.12466840286933234,-0.040937689430283086,0.1312177773393547,0.42140146484684127,0.4615929543288148,0.7707047820724443,07557,200,0,0.125,denoised,90,90,1.0,0.0,2.9999999999999996,0.04059819536988142,no_n2v,UNetPP
90,0.004853789395852459,0.05481478510640159,0.055029264375968855,0.3156616308942159,0.31243141459313273,0.5892377249310801,07557,200,0,0.125,raw,90,90,1.0,0.0,2.9999999999999996,0.04059819536988142,no_n2v,UNetPP
90,0.06495951048856341,-0.03603160128382754,0.0742833379297841,0.36800320801986586,0.39500976471923804,0.722704707281713,07557,200,0,0.25,denoised,90,90,1.0,0.0,2.9999999999999996,0.04059819536988142,no_n2v,UNetPP
90,-0.07558577791831667,0.012073427702986805,0.07654395782827235,0.34578603693917265,0.3741614928423523,0.5644761937916702,07557,200,0,0.25,raw,90,90,1.0,0.0,2.9999999999999996,0.04059819536988142,no_n2v,UNetPP
90,0.10778996605627711,-0.06082869106568012,0.12376916594684366,0.4109237093925017,0.4636447825640647,0.736191803454905,07557,200,0,0.375,denoised,90,90,1.0,0.0,2.9999999999999996,0.04059819536988142,no_n2v,UNetPP
90,-0.030777616589446666,-0.022771444452210687,0.03828577236215954,0.30193795273140495,0.4034827220933301,0.6097973795413731,07557,200,0,0.375,raw,90,90,1.0,0.0,2.9999999999999996,0.04059819536988142,no_n2v,UNetPP
90,0.060692728616039915,-0.06452962689349562,0.08858713255249898,0.3733051535949791,0.38627524881276304,0.720541288479028,07557,200,0,0.5,denoised,90,90,1.0,0.0,2.9999999999999996,0.04059819536988142,no_n2v,UNetPP
90,-0.05172401910706981,0.02626536667275481,0.05801072003554844,0.3031244764740324,0.45405389641329735,0.6454064740933625,07557,200,0,0.5,raw,90,90,1.0,0.0,2.9999999999999996,0.04059819536988142,no_n2v,UNetPP
90,-0.026277605697174522,-0.1321590513891664,0.13474615922266764,0.3151418835117522,0.4501711207953226,0.7456104736099535,07557,200,0,0.625,denoised,90,90,1.0,0.0,2.9999999999999996,0.04059819536988142,no_n2v,UNetPP
90,-0.0686586975854766,0.0012219352993696475,0.06866957026230597,0.30038389585805236,0.3215660720788356,0.6006585862245561,07557,200,0,0.625,raw,90,90,1.0,0.0,2.9999999999999996,0.04059819536988142,no_n2v,UNetPP
90,-0.1287412652264237,-0.08123942149474317,0.15223060460006363,0.3889397612595503,0.4567437221851445,0.7470890107377299,07557,200,0,0.75,denoised,90,90,1.0,0.0,2.9999999999999996,0.04059819536988142,no_n2v,UNetPP
90,-0.09046909838500028,0.010803504053555457,0.09111187333399555,0.2741285116165793,0.3012929197473477,0.5983003186764027,07557,200,0,0.75,raw,90,90,1.0,0.0,2.9999999999999996,0.04059819536988142,no_n2v,UNetPP
90,-0.13347679623858255,-0.20678038233410234,0.24611822698116778,0.3578972573759607,0.4187699191097337,0.7854963560128583,07557,200,0,0.875,denoised,90,90,1.0,0.0,2.9999999999999996,0.04059819536988142,no_n2v,UNetPP
90,-0.12231561465907959,0.033111765297945794,0.12671818571371155,0.3311561232486948,0.4073178067292079,0.6150145896308281,07557,200,0,0.875,raw,90,90,1.0,0.0,2.9999999999999996,0.04059819536988142,no_n2v,UNetPP
90,0.09215592744230605,-0.061414876694549037,0.11074521227646024,0.3264300393260787,0.455585682949654,0.7607895977393345,07557,200,1,0.0,denoised,90,90,1.0,0.0,2.9999999999999996,0.04059819536988142,no_n2v,UNetPP
90,0.008026611231819913,0.03866036242150983,0.03948480860317379,0.28761017916985837,0.37312815028333207,0.5970387928690502,07557,200,1,0.0,raw,90,90,1.0,0.0,2.9999999999999996,0.04059819536988142,no_n2v,UNetPP
90,0.12234031881845553,-0.05121735953811779,0.13262869797543128,0.38473046993331295,0.47525456810657307,0.786447235291355,07557,200,1,0.125,denoised,90,90,1.0,0.0,2.9999999999999996,0.04059819536988142,no_n2v,UNetPP
90,0.0024904407945030016,0.004309804924261584,0.004977621303003488,0.3201309193654231,0.3771234724526741,0.584498774842721,07557,200,1,0.125,raw,90,90,1.0,0.0,2.9999999999999996,0.04059819536988142,no_n2v,UNetPP
90,0.0742597616660916,-0.04595928852231168,0.08733137124872034,0.3568027099528106,0.43283959042487796,0.7658964333907753,07557,200,1,0.25,denoised,90,90,1.0,0.0,2.9999999999999996,0.04059819536988142,no_n2v,UNetPP
90,-0.008163484413046262,0.03478665646167656,0.035731693852163696,0.2206921297392059,0.35431502332848963,0.5732985509598697,07557,200,1,0.25,raw,90,90,1.0,0.0,2.9999999999999996,0.04059819536988142,no_n2v,UNetPP
90,0.07044926104663674,-0.09937144767651063,0.12181043877822072,0.3818646467771047,0.4400237012613474,0.7505105488840536,07557,200,1,0.375,denoised,90,90,1.0,0.0,2.9999999999999996,0.04059819536988142,no_n2v,UNetPP
90,-0.012822487790870696,-0.0019809821832552643,0.01297460918707777,0.2912934325441283,0.37427081088937314,0.5935007687376659,07557,200,1,0.375,raw,90,90,1.0,0.0,2.9999999999999996,0.04059819536988142,no_n2v,UNetPP
90,0.032298472813682366,-0.054809118693075476,0.06361784999516892,0.3855807554126323,0.44411159563598634,0.7475206834256376,07557,200,1,0.5,denoised,90,90,1.0,0.0,2.9999999999999996,0.04059819536988142,no_n2v,UNetPP
90,0.035422972348001736,0.024005143169375742,0.04279058154021189,0.26083949077044233,0.37942330419543446,0.6062571606711853,07557,200,1,0.5,raw,90,90,1.0,0.0,2.9999999999999996,0.04059819536988142,no_n2v,UNetPP
90,-0.05386809240363277,-0.10031481218371141,0.11386322023664891,0.3542019766411688,0.43029454394941463,0.7146290011217891,07557,200,1,0.625,denoised,90,90,1.0,0.0,2.9999999999999996,0.04059819536988142,no_n2v,UNetPP
90,-0.029542624697562303,0.08142018463778555,0.08661416247053427,0.2695702986231712,0.37427816520029084,0.6142537006495948,07557,200,1,0.625,raw,90,90,1.0,0.0,2.9999999999999996,0.04059819536988142,no_n2v,UNetPP
90,-0.1361186379769066,-0.16827350077914005,0.21643533599935896,0.3738437331968924,0.4391075479690737,0.7773177661579631,07557,200,1,0.75,denoised,90,90,1.0,0.0,2.9999999999999996,0.04059819536988142,no_n2v,UNetPP
90,-0.08203211486175377,-0.015359008024958598,0.08345757602640222,0.22544659082703505,0.4288651881860374,0.6160750817182767,07557,200,1,0.75,raw,90,90,1.0,0.0,2.9999999999999996,0.04059819536988142,no_n2v,UNetPP
90,-0.21527645612666646,-0.12804206507539106,0.2504769909417375,0.45068866636475974,0.4226370544514623,0.7678261657355958,07557,200,1,0.875,denoised,90,90,1.0,0.0,2.9999999999999996,0.04059819536988142,no_n2v,UNetPP
90,-0.10305285145685872,0.09081501889818,0.13735813718475576,0.2965098584879499,0.3637126347207043,0.5843100942677876,07557,200,1,0.875,raw,90,90,1.0,0.0,2.9999999999999996,0.04059819536988142,no_n2v,UNetPP
90,0.13049237649232737,-0.019007126875365543,0.13186937170803367,0.39967981138616937,0.44044343341577363,0.8079502533751851,07557,200,2,0.0,denoised,90,90,1.0,0.0,2.9999999999999996,0.04059819536988142,no_n2v,UNetPP
90,-0.015723489128170343,0.03169336424130975,0.03537933644510624,0.3478014291414202,0.412536682432029,0.5744760864955679,07557,200,2,0.0,raw,90,90,1.0,0.0,2.9999999999999996,0.04059819536988142,no_n2v,UNetPP
90,0.07564182153238619,-0.07973096165169125,0.10990319108488535,0.37036726124977326,0.4562851408413283,0.7546858332920651,07557,200,2,0.125,denoised,90,90,1.0,0.0,2.9999999999999996,0.04059819536988142,no_n2v,UNetPP
90,0.00937526186847748,0.03219869054967894,0.033535819778507156,0.3358266895273568,0.341414001640191,0.5612553077991275,07557,200,2,0.125,raw,90,90,1.0,0.0,2.9999999999999996,0.04059819536988142,no_n2v,UNetPP
90,0.06075970127484709,-0.07250573053866205,0.09459821488777537,0.3806336935502168,0.4574826323258113,0.7726076826193069,07557,200,2,0.25,denoised,90,90,1.0,0.0,2.9999999999999996,0.04059819536988142,no_n2v,UNetPP
90,-0.023375369248185507,0.04905656666009861,0.054341095130349695,0.34510610744833375,0.4072083128509586,0.5849426683906047,07557,200,2,0.25,raw,90,90,1.0,0.0,2.9999999999999996,0.04059819536988142,no_n2v,UNetPP
90,0.05917376232357796,-0.0545902317447613,0.08050855575324922,0.3456557947689061,0.39763530329112123,0.7254770085559851,07557,200,2,0.375,denoised,90,90,1.0,0.0,2.9999999999999996,0.04059819536988142,no_n2v,UNetPP
90,-0.0497074319818438,0.08214962214448462,0.09601765052692773,0.2927128068114673,0.3846737412069577,0.593100193270887,07557,200,2,0.375,raw,90,90,1.0,0.0,2.9999999999999996,0.04059819536988142,no_n2v,UNetPP
90,0.064672993862402,-0.04738365217978213,0.08017360306872118,0.35111679795409345,0.4672724146034428,0.7266570481674949,07557,200,2,0.5,denoised,90,90,1.0,0.0,2.9999999999999996,0.04059819536988142,no_n2v,UNetPP
90,-0.07403341750035253,0.05258247752460932,0.09080673900877373,0.33911407995704734,0.3919208277420699,0.6614197179442818,07557,200,2,0.5,raw,90,90,1.0,0.0,2.9999999999999996,0.04059819536988142,no_n2v,UNetPP
90,-0.05863915469031866,-0.04598585140583111,0.07452012474703931,0.3187011549288777,0.4456207301314796,0.7288033489902076,07557,200,2,0.625,denoised,90,90,1.0,0.0,2.9999999999999996,0.04059819536988142,no_n2v,UNetPP
90,-0.09282693257215868,0.0825261927245009,0.12420713303332286,0.3019188853811096,0.38111906048773253,0.6182539642027692,07557,200,2,0.625,raw,90,90,1.0,0.0,2.9999999999999996,0.04059819536988142,no_n2v,UNetPP
90,-0.10574105910483311,-0.09327620885902377,0.1410022082086803,0.45026358270919187,0.3736713892595563,0.7418132771222085,07557,200,2,0.75,denoised,90,90,1.0,0.0,2.9999999999999996,0.04059819536988142,no_n2v,UNetPP
90,-0.062002469179986974,0.04279093272925394,0.0753350523213117,0.27552364889978714,0.4662279340933256,0.6487120490879655,07557,200,2,0.75,raw,90,90,1.0,0.0,2.9999999999999996,0.04059819536988142,no_n2v,UNetPP
90,-0.1656553729399377,-0.0718879353883608,0.1805812222748284,0.40856839413815743,0.48580017137079495,0.8119304011629246,07557,200,2,0.875,denoised,90,90,1.0,0.0,2.9999999999999996,0.04059819536988142,no_n2v,UNetPP
90,-0.11901217434986222,0.0321709043758176,0.1232836758530504,0.32000951260667837,0.40417570512388884,0.6084567737024468,07557,200,2,0.875,raw,90,90,1.0,0.0,2.9999999999999996,0.04059819536988142,no_n2v,UNetPP
90,0.13495156733969793,-0.05050464334214411,0.14409248601699606,0.3508846110167831,0.34851598051553584,0.7747969625706927,07557,1000,0,0.0,denoised,90,90,1.0,0.0,2.9999999999999996,0.01848851148165645,no_n2v,UNetPP
90,-0.008167463007225706,0.05396715897881066,0.05458169748385098,0.19874279428011815,0.36677346585058085,0.5701195735576838,07557,1000,0,0.0,raw,90,90,1.0,0.0,2.9999999999999996,0.01848851148165645,no_n2v,UNetPP
90,0.14830616991801548,-0.02566955914624458,0.15051128297411404,0.32306677758658425,0.3759757226086068,0.7807141449387969,07557,1000,0,0.125,denoised,90,90,1.0,0.0,2.9999999999999996,0.01848851148165645,no_n2v,UNetPP
90,-0.039307218771952535,0.03936613627345231,0.05563047845099083,0.19938359913300507,0.3253660670345063,0.5507824649170053,07557,1000,0,0.125,raw,90,90,1.0,0.0,2.9999999999999996,0.01848851148165645,no_n2v,UNetPP
90,0.12095435237034025,-0.06626105681318961,0.13791476718368187,0.3263498188842236,0.348904669173344,0.7285127729187779,07557,1000,0,0.25,denoised,90,90,1.0,0.0,2.9999999999999996,0.01848851148165645,no_n2v,UNetPP
90,-0.039011634976837684,0.030054658754352204,0.04924621991997543,0.25619175358223784,0.35987651123981207,0.5901628877075865,07557,1000,0,0.25,raw,90,90,1.0,0.0,2.9999999999999996,0.01848851148165645,no_n2v,UNetPP
90,0.10979768935110457,-0.01907974286579517,0.11144312080459037,0.34032852537403896,0.37449122329120704,0.7240764979987826,07557,1000,0,0.375,denoised,90,90,1.0,0.0,2.9999999999999996,0.01848851148165645,no_n2v,UNetPP
90,-0.050376729241278895,0.06746091884561167,0.08419495484020006,0.2351710094611256,0.43557068008002686,0.5977357717450509,07557,1000,0,0.375,raw,90,90,1.0,0.0,2.9999999999999996,0.01848851148165645,no_n2v,UNetPP
90,0.10375189428983589,-0.06593448663548429,0.12293011061824576,0.2906239008424785,0.32620590428668583,0.7085219485020179,07557,1000,0,0.5,denoised,90,90,1.0,0.0,2.9999999999999996,0.01848851148165645,no_n2v,UNetPP
90,-0.05340618194633606,0.04613986667133929,0.07057696200980967,0.23635187593439622,0.3580977875260533,0.6035617577929704,07557,1000,0,0.5,raw,90,90,1.0,0.0,2.9999999999999996,0.01848851148165645,no_n2v,UNetPP
90,0.06049302986579619,-0.06962866532246892,0.09223642283248248,0.3342472465807468,0.3125823040161193,0.7288014388146407,07557,1000,0,0.625,denoised,90,90,1.0,0.0,2.9999999999999996,0.01848851148165645,no_n2v,UNetPP
90,-0.06595348701432613,0.03917640557774149,0.07671149329364264,0.23310834362961638,0.3883911170522004,0.5885742026837326,07557,1000,0,0.625,raw,90,90,1.0,0.0,2.9999999999999996,0.01848851148165645,no_n2v,UNetPP
90,-0.0097129026717937,-0.0935336617949929,0.09403662247811674,0.309312967044785,0.38095176969679484,0.7466647883214832,07557,1000,0,0.75,denoised,90,90,1.0,0.0,2.9999999999999996,0.01848851148165645,no_n2v,UNetPP
90,-0.010566295830649608,0.060955986351688196,0.061865005291263014,0.2711368800931683,0.32783533604129766,0.5952804614383357,07557,1000,0,0.75,raw,90,90,1.0,0.0,2.9999999999999996,0.01848851148165645,no_n2v,UNetPP
90,-0.11800161981294366,-0.15643702078071442,0.19595133005219478,0.29677583761270926,0.4293272934191604,0.7886582735140794,07557,1000,0,0.875,denoised,90,90,1.0,0.0,2.9999999999999996,0.01848851148165645,no_n2v,UNetPP
90,-0.040030825920389645,0.046266264643186616,0.061180342168885585,0.24117399575472745,0.44429498606496826,0.622579824208734,07557,1000,0,0.875,raw,90,90,1.0,0.0,2.9999999999999996,0.01848851148165645,no_n2v,UNetPP
90,0.13416857669294302,-0.056392961623544124,0.145538218666042,0.29395173432383254,0.39426448897533234,0.7683752414074495,07557,1000,1,0.0,denoised,90,90,1.0,0.0,2.9999999999999996,0.01848851148165645,no_n2v,UNetPP
90,-0.04999993985943263,0.0020012826458497557,0.05003997520158717,0.20258501458795916,0.4062316399301882,0.5462514566943644,07557,1000,1,0.0,raw,90,90,1.0,0.0,2.9999999999999996,0.01848851148165645,no_n2v,UNetPP
90,0.14842108107201568,-0.04091182327544374,0.15395646979035013,0.3489281199953957,0.36710075926732627,0.7523781770448185,07557,1000,1,0.125,denoised,90,90,1.0,0.0,2.9999999999999996,0.01848851148165645,no_n2v,UNetPP
90,-0.053615298936101397,0.0509443412508741,0.07395894932658946,0.20778498841800522,0.326200683058961,0.5473239830257498,07557,1000,1,0.125,raw,90,90,1.0,0.0,2.9999999999999996,0.01848851148165645,no_n2v,UNetPP
90,0.11993071107421116,-0.05391090110741814,0.13149053470489705,0.32164156546594364,0.3236091802463882,0.7273160679798026,07557,1000,1,0.25,denoised,90,90,1.0,0.0,2.9999999999999996,0.01848851148165645,no_n2v,UNetPP
90,-0.051791408305863484,0.01611335562469307,0.05424011618527834,0.19053761984175133,0.3649573930192342,0.5539098952312314,07557,1000,1,0.25,raw,90,90,1.0,0.0,2.9999999999999996,0.01848851148165645,no_n2v,UNetPP
90,0.10259785447967573,-0.04480009233236615,0.1119525257277443,0.3639301928565835,0.36685469260899556,0.735783210650658,07557,1000,1,0.375,denoised,90,90,1.0,0.0,2.9999999999999996,0.01848851148165645,no_n2v,UNetPP
90,-0.0374537674210238,0.04373943578160677,0.057584051060353914,0.2080386225138221,0.396734149841345,0.5562311063747598,07557,1000,1,0.375,raw,90,90,1.0,0.0,2.9999999999999996,0.01848851148165645,no_n2v,UNetPP
90,0.07392683987060877,-0.05166856431197431,0.0901932269702956,0.35158899882248995,0.3141014639435173,0.7079535402529199,07557,1000,1,0.5,denoised,90,90,1.0,0.0,2.9999999999999996,0.01848851148165645,no_n2v,UNetPP
90,-0.05517621560554531,0.04455226336484941,0.070917691301117,0.24862925894552979,0.3813391671246169,0.5620081675996698,07557,1000,1,0.5,raw,90,90,1.0,0.0,2.9999999999999996,0.01848851148165645,no_n2v,UNetPP
90,0.046557093904041835,-0.07480802119908603,0.08811244536677366,0.28390254255822645,0.32893440608821634,0.729429282054378,07557,1000,1,0.625,denoised,90,90,1.0,0.0,2.9999999999999996,0.01848851148165645,no_n2v,UNetPP
90,-0.008902680134198704,0.04707433734215272,0.04790877737716388,0.20529153771435407,0.42434143244942646,0.5785888831943224,07557,1000,1,0.625,raw,90,90,1.0,0.0,2.9999999999999996,0.01848851148165645,no_n2v,UNetPP
90,-0.003186472740637214,-0.11119366635962535,0.11123931430489178,0.33355383500690194,0.3575020197940145,0.7377054101694979,07557,1000,1,0.75,denoised,90,90,1.0,0.0,2.9999999999999996,0.01848851148165645,no_n2v,UNetPP
90,-0.013950205577998531,0.041511725271590194,0.04379305390918063,0.21889621213263255,0.28753880398025533,0.5473720955801008,07557,1000,1,0.75,raw,90,90,1.0,0.0,2.9999999999999996,0.01848851148165645,no_n2v,UNetPP
90,-0.11989169962376423,-0.1776270282314556,0.2143020783777265,0.301009993559858,0.39868784446583533,0.7722980727517392,07557,1000,1,0.875,denoised,90,90,1.0,0.0,2.9999999999999996,0.01848851148165645,no_n2v,UNetPP
90,-0.033374827130877804,0.05863721995667959,0.06747001297068202,0.23746698704259067,0.3862769004615669,0.5821719004559959,07557,1000,1,0.875,raw,90,90,1.0,0.0,2.9999999999999996,0.01848851148165645,no_n2v,UNetPP
90,0.15048888451179465,-0.08383270622550043,0.17226382961810446,0.3272541701899243,0.3079702673084669,0.7795966374585088,07557,1000,2,0.0,denoised,90,90,1.0,0.0,2.9999999999999996,0.01848851148165645,no_n2v,UNetPP
90,-0.04074991935702599,0.006502554153613005,0.04126547150009062,0.22068619128528508,0.36008432485895175,0.5558029403100782,07557,1000,2,0.0,raw,90,90,1.0,0.0,2.9999999999999996,0.01848851148165645,no_n2v,UNetPP
90,0.13943776306794575,-0.06251900802771715,0.15281202876135877,0.31152181859676953,0.38522878128247806,0.7551398341307702,07557,1000,2,0.125,denoised,90,90,1.0,0.0,2.9999999999999996,0.01848851148165645,no_n2v,UNetPP
90,-0.02812341073194702,0.06437360936641312,0.07024875667267957,0.23569648593797582,0.42836313204496673,0.5818334696623314,07557,1000,2,0.125,raw,90,90,1.0,0.0,2.9999999999999996,0.01848851148165645,no_n2v,UNetPP
90,0.10910687904070215,-0.021227101837780538,0.11115260188782769,0.2821283062196744,0.3466731025238024,0.7382079320299619,07557,1000,2,0.25,denoised,90,90,1.0,0.0,2.9999999999999996,0.01848851148165645,no_n2v,UNetPP
90,-0.07649548142052609,0.016261675130259334,0.07820486401624996,0.22824505625882374,0.3439577599682097,0.5679808181456161,07557,1000,2,0.25,raw,90,90,1.0,0.0,2.9999999999999996,0.01848851148165645,no_n2v,UNetPP
90,0.13115852939172612,-0.04198491802305071,0.13771453508472725,0.35675088135091004,0.32677717575097903,0.7520331734834224,07557,1000,2,0.375,denoised,90,90,1.0,0.0,2.9999999999999996,0.01848851148165645,no_n2v,UNetPP
90,-0.05167110575263578,0.029804587409714145,0.059650788765643004,0.230067516025685,0.2860989907630511,0.5747989567813417,07557,1000,2,0.375,raw,90,90,1.0,0.0,2.9999999999999996,0.01848851148165645,no_n2v,UNetPP
90,0.0745907420118499,-0.04943231320522301,0.08948369897750995,0.30649951007824255,0.30941163925127246,0.6994658707007396,07557,1000,2,0.5,denoised,90,90,1.0,0.0,2.9999999999999996,0.01848851148165645,no_n2v,UNetPP
90,-0.020672677253038785,0.05280464141447894,0.05670705193994845,0.253426189381344,0.39984935211031125,0.5936468803076086,07557,1000,2,0.5,raw,90,90,1.0,0.0,2.9999999999999996,0.01848851148165645,no_n2v,UNetPP
90,0.06767597231272049,-0.10145191274576959,0.12195297383929331,0.3307671546950246,0.341342591653543,0.7284350897419566,07557,1000,2,0.625,denoised,90,90,1.0,0.0,2.9999999999999996,0.01848851148165645,no_n2v,UNetPP
90,-0.027253408640000032,0.025155933629086746,0.03708866780095837,0.20973311517402365,0.3916041782040087,0.5754495452136239,07557,1000,2,0.625,raw,90,90,1.0,0.0,2.9999999999999996,0.01848851148165645,no_n2v,UNetPP
90,-0.02458690251835094,-0.08282140872334764,0.08639387431043186,0.2847996239224402,0.3575410500285025,0.741419880919928,07557,1000,2,0.75,denoised,90,90,1.0,0.0,2.9999999999999996,0.01848851148165645,no_n2v,UNetPP
90,-0.03299687699946219,0.07610132311799589,0.08294700279110302,0.27445765772915237,0.4316428163831435,0.5878830393176291,07557,1000,2,0.75,raw,90,90,1.0,0.0,2.9999999999999996,0.01848851148165645,no_n2v,UNetPP
90,-0.10913175687241505,-0.12555526580404575,0.16635463663266042,0.29709942583970383,0.3930490984216446,0.7505460382591883,07557,1000,2,0.875,denoised,90,90,1.0,0.0,2.9999999999999996,0.01848851148165645,no_n2v,UNetPP
90,-0.04696478596754616,-0.011091897591718691,0.048256826596478515,0.2708604903052101,0.37212911041927066,0.6146314014981238,07557,1000,2,0.875,raw,90,90,1.0,0.0,2.9999999999999996,0.01848851148165645,no_n2v,UNetPP
80,0.1890906017381857,-0.004774566889519605,0.18915087140875575,0.21555640685720945,0.2074204468253036,0.3637496021072551,07443,50,0,0.0,denoised,160,80,1.0,0.5,2.9999999999999996,0.08778586867787412,no_n2v,UNetPP
80,0.10421893656487669,0.059442136072490825,0.1199789743228967,0.3135552347991478,0.3752983055685906,0.49004379522452923,07443,50,0,0.0,raw,160,80,1.0,0.5,2.9999999999999996,0.08778586867787412,no_n2v,UNetPP
80,0.18599738619402117,0.07776165557565662,0.2015983699062939,0.24880584217245166,0.19007724663834064,0.36546527873937396,07443,50,0,0.125,denoised,160,80,1.0,0.5,2.9999999999999996,0.08778586867787412,no_n2v,UNetPP
80,0.10033915694070439,0.06782465662958259,0.12111205746122922,0.3142884188172368,0.3753808179694944,0.4621166892375682,07443,50,0,0.125,raw,160,80,1.0,0.5,2.9999999999999996,0.08778586867787412,no_n2v,UNetPP
80,0.22516400943283088,0.07348951571076157,0.2368534147173526,0.24536912933280575,0.17697585000744237,0.3728322644781058,07443,50,0,0.25,denoised,160,80,1.0,0.5,2.9999999999999996,0.08778586867787412,no_n2v,UNetPP
80,0.059376475562316955,0.12221037591541517,0.13587104854084814,0.3053570887316942,0.33978827174587545,0.4952424033939756,07443,50,0,0.25,raw,160,80,1.0,0.5,2.9999999999999996,0.08778586867787412,no_n2v,UNetPP
80,0.22045427021760844,0.09369280650933476,0.23953794532134978,0.22568434740525137,0.2320653571171363,0.3999837307619093,07443,50,0,0.375,denoised,160,80,1.0,0.5,2.9999999999999996,0.08778586867787412,no_n2v,UNetPP
80,-0.014838989558911386,0.15439478606573687,0.1551062396404933,0.32755262503015187,0.23664259232097934,0.5062262535856372,07443,50,0,0.375,raw,160,80,1.0,0.5,2.9999999999999996,0.08778586867787412,no_n2v,UNetPP
80,0.17077735725923038,-0.10374851000646146,0.1998215681076686,0.1876788019218054,0.2333446132636502,0.3767500707241642,07443,50,0,0.5,denoised,160,80,1.0,0.5,2.9999999999999996,0.08778586867787412,no_n2v,UNetPP
80,0.07375696236286444,0.050250764492105304,0.08924813067531462,0.5153862668926794,0.3196967815947866,0.544050610755042,07443,50,0,0.5,raw,160,80,1.0,0.5,2.9999999999999996,0.08778586867787412,no_n2v,UNetPP
80,0.18245744040746814,0.08364564258675955,0.20071699251382955,0.23153178712819691,0.23230440697914806,0.385963457395703,07443,50,0,0.625,denoised,160,80,1.0,0.5,2.9999999999999996,0.08778586867787412,no_n2v,UNetPP
80,0.06623879179591663,0.11176340734657231,0.12991780771048533,0.4596466205751215,0.37291477214439256,0.5240444026355267,07443,50,0,0.625,raw,160,80,1.0,0.5,2.9999999999999996,0.08778586867787412,no_n2v,UNetPP
80,0.11855439059738515,0.028009004333497955,0.12181809329353038,0.23629204369519138,0.2271976795405725,0.34931891426213607,07443,50,0,0.75,denoised,160,80,1.0,0.5,2.9999999999999996,0.08778586867787412,no_n2v,UNetPP
80,0.13928406698399698,0.1533583833515877,0.20716863918029457,0.28928020894929973,0.30165727944761866,0.5343981141409833,07443,50,0,0.75,raw,160,80,1.0,0.5,2.9999999999999996,0.08778586867787412,no_n2v,UNetPP
80,0.1380789244923335,0.07903811872656874,0.15910001131613635,0.22777827061845998,0.2209459512973578,0.3531161109892452,07443,50,0,0.875,denoised,160,80,1.0,0.5,2.9999999999999996,0.08778586867787412,no_n2v,UNetPP
80,0.11605206495671894,0.16756375715152672,0.2038276097378722,0.27257861838152614,0.45186591828955514,0.5495372495996649,07443,50,0,0.875,raw,160,80,1.0,0.5,2.9999999999999996,0.08778586867787412,no_n2v,UNetPP
80,0.1998654349575375,0.022525285415355256,0.2011307549178118,0.2681599287432629,0.24747305714162493,0.3844448655302918,07443,50,1,0.0,denoised,160,80,1.0,0.5,2.9999999999999996,0.08778586867787412,no_n2v,UNetPP
80,0.1406771943109817,0.04457460496337262,0.14757021517518507,0.3447476397221511,0.3057278334273028,0.536409739596205,07443,50,1,0.0,raw,160,80,1.0,0.5,2.9999999999999996,0.08778586867787412,no_n2v,UNetPP
80,0.14956164599557553,0.11659131502579712,0.18963707625976128,0.20049046631622944,0.1982145635886791,0.3868261779805028,07443,50,1,0.125,denoised,160,80,1.0,0.5,2.9999999999999996,0.08778586867787412,no_n2v,UNetPP
80,0.03907580639363317,0.17038041817849603,0.17480390597464315,0.315824388187454,0.30292222617819387,0.4920903463253239,07443,50,1,0.125,raw,160,80,1.0,0.5,2.9999999999999996,0.08778586867787412,no_n2v,UNetPP
80,0.16798343053959286,0.075071272048163,0.18399491520903374,0.2464592784242383,0.24154177746348013,0.4094652103372042,07443,50,1,0.25,denoised,160,80,1.0,0.5,2.9999999999999996,0.08778586867787412,no_n2v,UNetPP
80,0.013673926601330155,0.12498269111327431,0.12572847468499213,0.35337808417363953,0.29280862768648175,0.5151626773963012,07443,50,1,0.25,raw,160,80,1.0,0.5,2.9999999999999996,0.08778586867787412,no_n2v,UNetPP
80,0.1910406479772888,0.04451170765010204,0.19615764399459568,0.23231817493542678,0.1894148373773295,0.35837345589464314,07443,50,1,0.375,denoised,160,80,1.0,0.5,2.9999999999999996,0.08778586867787412,no_n2v,UNetPP
80,-0.048291823435378856,0.06791180165998867,0.08333134473545621,0.3732099307401194,0.33929736390412146,0.488295254031025,07443,50,1,0.375,raw,160,80,1.0,0.5,2.9999999999999996,0.08778586867787412,no_n2v,UNetPP
80,0.19042257110067595,-0.02499280706025786,0.1920557106397601,0.22904944081979972,0.23342833244641661,0.36746172680388567,07443,50,1,0.5,denoised,160,80,1.0,0.5,2.9999999999999996,0.08778586867787412,no_n2v,UNetPP
80,-0.06079177361069554,0.10945501521061374,0.12520399391988157,0.3704449681866545,0.32779299312999627,0.5496483361434165,07443,50,1,0.5,raw,160,80,1.0,0.5,2.9999999999999996,0.08778586867787412,no_n2v,UNetPP
80,0.1555657295163897,0.012533834016714707,0.15606983435348765,0.22099993274540947,0.22472458150999397,0.3622323527479195,07443,50,1,0.625,denoised,160,80,1.0,0.5,2.9999999999999996,0.08778586867787412,no_n2v,UNetPP
80,0.08122045159008451,0.10449025854495275,0.1323441569820456,0.3663479588027859,0.3270203015834002,0.5572355589154174,07443,50,1,0.625,raw,160,80,1.0,0.5,2.9999999999999996,0.08778586867787412,no_n2v,UNetPP
80,0.10914463437556776,0.059478168789240726,0.12429884864912377,0.24083050983527557,0.24884407212930093,0.3721167987358694,07443,50,1,0.75,denoised,160,80,1.0,0.5,2.9999999999999996,0.08778586867787412,no_n2v,UNetPP
80,0.09354956753304933,0.15899995540272016,0.1844790161608836,0.3741020433850115,0.41675834392214123,0.6279765771049653,07443,50,1,0.75,raw,160,80,1.0,0.5,2.9999999999999996,0.08778586867787412,no_n2v,UNetPP
80,0.03699485848322581,-0.04008132769889983,0.05454477412457127,0.19159879377222844,0.2200236837085945,0.31630480865518573,07443,50,1,0.875,denoised,160,80,1.0,0.5,2.9999999999999996,0.08778586867787412,no_n2v,UNetPP
80,-0.03184027223268515,0.04256365198681067,0.053155125870473045,0.31414560475431724,0.35086828242720824,0.5110337981640853,07443,50,1,0.875,raw,160,80,1.0,0.5,2.9999999999999996,0.08778586867787412,no_n2v,UNetPP
80,0.1445819366950225,0.04483630764330826,0.15137447242375077,0.1933563905343433,0.22014632818182633,0.32946368168354073,07443,50,2,0.0,denoised,160,80,1.0,0.5,2.9999999999999996,0.08778586867787412,no_n2v,UNetPP
80,0.11900935008974045,0.08175653205534417,0.1443861348693112,0.2852425535138583,0.3260986642304222,0.4837923281590526,07443,50,2,0.0,raw,160,80,1.0,0.5,2.9999999999999996,0.08778586867787412,no_n2v,UNetPP
80,0.18469217717463948,0.0580435079579118,0.19359816405526317,0.19878553316556397,0.22096315094455707,0.3872682091612908,07443,50,2,0.125,denoised,160,80,1.0,0.5,2.9999999999999996,0.08778586867787412,no_n2v,UNetPP
80,0.050505299368708734,0.1852319456772733,0.19199390345453998,0.3454750959430101,0.3734120801116588,0.5566808440968593,07443,50,2,0.125,raw,160,80,1.0,0.5,2.9999999999999996,0.08778586867787412,no_n2v,UNetPP
80,0.17569254601301276,0.08400089311324166,0.1947409067668035,0.23815596232830796,0.24189748112998893,0.3933756840593641,07443,50,2,0.25,denoised,160,80,1.0,0.5,2.9999999999999996,0.08778586867787412,no_n2v,UNetPP
80,0.02437859042193935,0.11576241671543741,0.11830153335759962,0.3193517406439846,0.4016414954000386,0.5430930693279022,07443,50,2,0.25,raw,160,80,1.0,0.5,2.9999999999999996,0.08778586867787412,no_n2v,UNetPP
80,0.2063560819934196,0.11367649246065525,0.23559536819265425,0.18463681781404048,0.18585424101883294,0.3440394531760951,07443,50,2,0.375,denoised,160,80,1.0,0.5,2.9999999999999996,0.08778586867787412,no_n2v,UNetPP
80,0.015465991181205396,0.1761030183614345,0.17678085292028903,0.29319354916359236,0.2928903209721001,0.5187623357715259,07443,50,2,0.375,raw,160,80,1.0,0.5,2.9999999999999996,0.08778586867787412,no_n2v,UNetPP
80,0.186865933966903,0.05422291977023974,0.19457389934349573,0.19058547047732702,0.2306467558180867,0.374009199435515,07443,50,2,0.5,denoised,160,80,1.0,0.5,2.9999999999999996,0.08778586867787412,no_n2v,UNetPP
80,0.033027803313832926,0.12609547596492376,0.13034916513180245,0.46571404197826655,0.33526130054771447,0.544425037975437,07443,50,2,0.5,raw,160,80,1.0,0.5,2.9999999999999996,0.08778586867787412,no_n2v,UNetPP
80,0.10583714878833916,0.06871753826427351,0.12618875595213283,0.19991680216996807,0.21355750401902537,0.34539293518758557,07443,50,2,0.625,denoised,160,80,1.0,0.5,2.9999999999999996,0.08778586867787412,no_n2v,UNetPP
80,0.0613473108262923,0.12754920160781325,0.14153547744791165,0.4336039492604024,0.3003075848512217,0.5318571768020511,07443,50,2,0.625,raw,160,80,1.0,0.5,2.9999999999999996,0.08778586867787412,no_n2v,UNetPP
80,0.09088448239930358,0.09133229300812218,0.12884710663073037,0.2775724799309739,0.1781788662497621,0.3428669786382254,07443,50,2,0.75,denoised,160,80,1.0,0.5,2.9999999999999996,0.08778586867787412,no_n2v,UNetPP
80,-0.017094442992647618,0.11227797167023823,0.11357184027571138,0.4118947935398724,0.3031257443537105,0.5003344030444439,07443,50,2,0.75,raw,160,80,1.0,0.5,2.9999999999999996,0.08778586867787412,no_n2v,UNetPP
80,0.09002993648858748,0.08807953319848494,0.12594996479793913,0.2781374388465714,0.24751126470210263,0.3459995467846456,07443,50,2,0.875,denoised,160,80,1.0,0.5,2.9999999999999996,0.08778586867787412,no_n2v,UNetPP
80,0.07253597733682682,0.07692821744439016,0.10573276997875364,0.24861997366455485,0.33285756192603555,0.5114420489036182,07443,50,2,0.875,raw,160,80,1.0,0.5,2.9999999999999996,0.08778586867787412,no_n2v,UNetPP
80,0.21084526084033683,0.10700381991069108,0.23644352707213045,0.266098496870863,0.13911713718892016,0.36823557303086174,07443,200,0,0.0,denoised,160,80,1.0,0.5,2.9962760994011095,0.04653343828650632,no_n2v,UNetPP
80,0.10900500045113404,0.09842616880927935,0.1468666089682215,0.20493752570978124,0.26816383128151966,0.36182424569770544,07443,200,0,0.0,raw,160,80,1.0,0.5,2.9962760994011095,0.04653343828650632,no_n2v,UNetPP
80,0.13355409118477013,0.12316397271372637,0.181675698558771,0.2563198416521827,0.17793757408805505,0.3621080314145204,07443,200,0,0.125,denoised,160,80,1.0,0.5,2.9962760994011095,0.04653343828650632,no_n2v,UNetPP
80,0.011605610398333965,0.10322702810382367,0.10387737734398919,0.2228866943430209,0.24026164792297264,0.35050090213157076,07443,200,0,0.125,raw,160,80,1.0,0.5,2.9962760994011095,0.04653343828650632,no_n2v,UNetPP
80,0.202551006610574,0.12018216497033762,0.23552210736131385,0.28298702473052467,0.1483053040584738,0.3628119921513751,07443,200,0,0.25,denoised,160,80,1.0,0.5,2.9962760994011095,0.04653343828650632,no_n2v,UNetPP
80,0.10509108635489639,0.08596693524623333,0.13577352608989118,0.25830779159462475,0.2109643504300112,0.3518933180093472,07443,200,0,0.25,raw,160,80,1.0,0.5,2.9962760994011095,0.04653343828650632,no_n2v,UNetPP
80,0.14101355640831592,0.1134070049900231,0.1809584810715663,0.21848007668225444,0.16216156428784056,0.33578368087761257,07443,200,0,0.375,denoised,160,80,1.0,0.5,2.9962760994011095,0.04653343828650632,no_n2v,UNetPP
80,0.06982716554452528,0.09356290205388618,0.11674694723515316,0.2557008127188476,0.22340493671320966,0.35420409782084133,07443,200,0,0.375,raw,160,80,1.0,0.5,2.9962760994011095,0.04653343828650632,no_n2v,UNetPP
80,0.1737044350632999,0.10494864691194294,0.20294691239165932,0.22814550499702507,0.1371214332503681,0.34530260698996185,07443,200,0,0.5,denoised,160,80,1.0,0.5,2.9962760994011095,0.04653343828650632,no_n2v,UNetPP
80,0.14803903006995256,0.08653724937027363,0.17147667466050664,0.2683123894818029,0.21889199004233803,0.3513477990290111,07443,200,0,0.5,raw,160,80,1.0,0.5,2.9962760994011095,0.04653343828650632,no_n2v,UNetPP
80,0.11706030768756426,0.15288602884496072,0.19255454669233177,0.18245359360742025,0.19107092891941066,0.34239517449906065,07443,200,0,0.625,denoised,160,80,1.0,0.5,2.9962760994011095,0.04653343828650632,no_n2v,UNetPP
80,0.14119551199940616,0.13270712356994707,0.19377139431552753,0.21321416451568365,0.21139411108778813,0.3666419228085616,07443,200,0,0.625,raw,160,80,1.0,0.5,2.9962760994011095,0.04653343828650632,no_n2v,UNetPP
80,0.0894174493368669,0.08973578507188407,0.126680666908485,0.24594328801791157,0.1597775653163376,0.30517548940272005,07443,200,0,0.75,denoised,160,80,1.0,0.5,2.9962760994011095,0.04653343828650632,no_n2v,UNetPP
80,0.06627725235049553,0.0815967153218935,0.10512230082362826,0.2211488299773157,0.14612692389419069,0.31952897008682124,07443,200,0,0.75,raw,160,80,1.0,0.5,2.9962760994011095,0.04653343828650632,no_n2v,UNetPP
80,0.0004233215271103319,0.09559019542572855,0.09559113276159191,0.19477763891474117,0.15755344073186026,0.31356647183821135,07443,200,0,0.875,denoised,160,80,1.0,0.5,2.9962760994011095,0.04653343828650632,no_n2v,UNetPP
80,0.06284688697038732,0.06323561971757385,0.08915421920994124,0.21214170013469838,0.21602994102140835,0.3410484850454855,07443,200,0,0.875,raw,160,80,1.0,0.5,2.9962760994011095,0.04653343828650632,no_n2v,UNetPP
80,0.15101687938468444,0.11588876374713664,0.190358355272176,0.24361225401687658,0.14180069812348411,0.3416481686342393,07443,200,1,0.0,denoised,160,80,1.0,0.5,2.9962760994011095,0.04653343828650632,no_n2v,UNetPP
80,0.09025439268512514,0.17978017235776633,0.20116352992515552,0.17663384391936565,0.22500160117737622,0.3402805439939759,07443,200,1,0.0,raw,160,80,1.0,0.5,2.9962760994011095,0.04653343828650632,no_n2v,UNetPP
80,0.1557276817422668,0.11922846480845806,0.19612888028386452,0.23824763171195174,0.14812514396726642,0.34994646998830947,07443,200,1,0.125,denoised,160,80,1.0,0.5,2.9962760994011095,0.04653343828650632,no_n2v,UNetPP
80,0.05126526348085747,0.12297833763691557,0.13323587642861418,0.19909435833446693,0.23448616044937717,0.33169176408525547,07443,200,1,0.125,raw,160,80,1.0,0.5,2.9962760994011095,0.04653343828650632,no_n2v,UNetPP
80,0.13868391985959505,0.09367904073832278,0.16735887278920983,0.27818471226151903,0.17146810950694724,0.34574075349417893,07443,200,1,0.25,denoised,160,80,1.0,0.5,2.9962760994011095,0.04653343828650632,no_n2v,UNetPP
80,0.05560206011530333,0.05532957494035884,0.0784407480340836,0.2172947459392684,0.15669088993780958,0.2954979301754781,07443,200,1,0.25,raw,160,80,1.0,0.5,2.9962760994011095,0.04653343828650632,no_n2v,UNetPP
80,0.14881285052765492,0.13182042351741075,0.19880112811167772,0.2259228104525037,0.13991858351284686,0.34655270662947507,07443,200,1,0.375,denoised,160,80,1.0,0.5,2.9962760994011095,0.04653343828650632,no_n2v,UNetPP
80,0.09842180315633087,0.1024336278502247,0.1420545650484414,0.3099073720927016,0.16587094358869386,0.35769815101342733,07443,200,1,0.375,raw,160,80,1.0,0.5,2.9962760994011095,0.04653343828650632,no_n2v,UNetPP
80,0.16140255474590504,0.09118550785021995,0.18537956068673644,0.2278224533444045,0.15815333077794164,0.35047614502340263,07443,200,1,0.5,denoised,160,80,1.0,0.5,2.9962760994011095,0.04653343828650632,no_n2v,UNetPP
80,0.1501981617492163,0.10469481867102814,0.1830860258168362,0.2014353729900221,0.23248788736824438,0.3733583923477875,07443,200,1,0.5,raw,160,80,1.0,0.5,2.9962760994011095,0.04653343828650632,no_n2v,UNetPP
80,0.08369970617185274,0.10671558534458825,0.13562395425842952,0.2358458762788193,0.1741966233385893,0.3496805905761494,07443,200,1,0.625,denoised,160,80,1.0,0.5,2.9962760994011095,0.04653343828650632,no_n2v,UNetPP
80,0.1110569273944444,0.13575030401430155,0.17539038218291841,0.230168793714071,0.2383555579273929,0.375447060943433,07443,200,1,0.625,raw,160,80,1.0,0.5,2.9962760994011095,0.04653343828650632,no_n2v,UNetPP
80,0.11531740683601788,0.09981235102794983,0.15251429355017956,0.24430742179640672,0.13408928747579762,0.3095937639168935,07443,200,1,0.75,denoised,160,80,1.0,0.5,2.9962760994011095,0.04653343828650632,no_n2v,UNetPP
80,0.14083129992477694,0.08721942062406285,0.1656522935926324,0.18527804717974283,0.193438224817011,0.3172953741361186,07443,200,1,0.75,raw,160,80,1.0,0.5,2.9962760994011095,0.04653343828650632,no_n2v,UNetPP
80,0.06395502139337816,0.10564228190795788,0.12349306251019894,0.24933847078496266,0.15374183871888103,0.32662273753242627,07443,200,1,0.875,denoised,160,80,1.0,0.5,2.9962760994011095,0.04653343828650632,no_n2v,UNetPP
80,0.08623188077513433,0.09296397482970065,0.12679999163309988,0.24546980382338496,0.2023653543516611,0.3597885865251888,07443,200,1,0.875,raw,160,80,1.0,0.5,2.9962760994011095,0.04653343828650632,no_n2v,UNetPP
80,0.17913349008961177,0.08647973756538363,0.1989159427523663,0.23678934762123655,0.14266198165390415,0.34073215616060226,07443,200,2,0.0,denoised,160,80,1.0,0.5,2.9962760994011095,0.04653343828650632,no_n2v,UNetPP
80,0.09757221220516499,0.07113834629188176,0.1207518153393705,0.26890841583627373,0.15614401017401655,0.3378244702953108,07443,200,2,0.0,raw,160,80,1.0,0.5,2.9962760994011095,0.04653343828650632,no_n2v,UNetPP
80,0.15368825938903985,0.11330890772582691,0.19094237257364524,0.309430488002069,0.15644854966217084,0.36148683276902044,07443,200,2,0.125,denoised,160,80,1.0,0.5,2.9962760994011095,0.04653343828650632,no_n2v,UNetPP
80,0.052642080473788155,0.0890259599655927,0.10342538462294498,0.2153180620314776,0.23643734736601682,0.3555401324507717,07443,200,2,0.125,raw,160,80,1.0,0.5,2.9962760994011095,0.04653343828650632,no_n2v,UNetPP
80,0.14195429951837468,0.14523592391294216,0.20308741159067037,0.20429749347111364,0.12936053046148863,0.356636019500422,07443,200,2,0.25,denoised,160,80,1.0,0.5,2.9962760994011095,0.04653343828650632,no_n2v,UNetPP
80,0.0115219858784954,0.1595879028614995,0.1600032965232768,0.24922763783106963,0.18483243786653458,0.33243454639250664,07443,200,2,0.25,raw,160,80,1.0,0.5,2.9962760994011095,0.04653343828650632,no_n2v,UNetPP
80,0.18350468928989638,0.08170706925364613,0.20087313448393623,0.224363015193788,0.1378766518056444,0.3355875282134485,07443,200,2,0.375,denoised,160,80,1.0,0.5,2.9962760994011095,0.04653343828650632,no_n2v,UNetPP
80,0.07997108012175147,0.08193528547200657,0.11449351362072353,0.20156376486528033,0.23069009398679896,0.33870690651108243,07443,200,2,0.375,raw,160,80,1.0,0.5,2.9962760994011095,0.04653343828650632,no_n2v,UNetPP
80,0.14371915410397307,0.12322856319507736,0.18931580505463544,0.24043668669423043,0.16692161148082635,0.33804570280266605,07443,200,2,0.5,denoised,160,80,1.0,0.5,2.9962760994011095,0.04653343828650632,no_n2v,UNetPP
80,0.1529830423207983,0.07817400797279106,0.17179926297937706,0.2723473632179641,0.248269047705399,0.3797649744623335,07443,200,2,0.5,raw,160,80,1.0,0.5,2.9962760994011095,0.04653343828650632,no_n2v,UNetPP
80,0.10698289283128659,0.15234696943147696,0.18615836928138882,0.2570174774629734,0.14413446737792834,0.3517449750388045,07443,200,2,0.625,denoised,160,80,1.0,0.5,2.9962760994011095,0.04653343828650632,no_n2v,UNetPP
80,0.14855513028663836,0.1143032923565066,0.1874403088399534,0.2048356628110708,0.2716441624340718,0.3946991680442109,07443,200,2,0.625,raw,160,80,1.0,0.5,2.9962760994011095,0.04653343828650632,no_n2v,UNetPP
80,0.1011527221117845,0.12153988211236566,0.15812595022484968,0.25689813818181695,0.17501910149049915,0.3400494834400962,07443,200,2,0.75,denoised,160,80,1.0,0.5,2.9962760994011095,0.04653343828650632,no_n2v,UNetPP
80,0.10955431644038782,0.13134699873485545,0.17103854047370362,0.20586181868411593,0.22362408399707065,0.3704043263158395,07443,200,2,0.75,raw,160,80,1.0,0.5,2.9962760994011095,0.04653343828650632,no_n2v,UNetPP
80,0.05851029624701809,0.07517582586570981,0.09526205730250288,0.23037592712014057,0.1775118621926537,0.3174884531931957,07443,200,2,0.875,denoised,160,80,1.0,0.5,2.9962760994011095,0.04653343828650632,no_n2v,UNetPP
80,0.020739612682689312,0.05746048082531274,0.06108877467181758,0.21811450145173983,0.24191984964975838,0.33197041160143387,07443,200,2,0.875,raw,160,80,1.0,0.5,2.9962760994011095,0.04653343828650632,no_n2v,UNetPP
80,0.229898654329034,0.10519799002997487,0.252824066039306,0.2705312260406871,0.13171248969624846,0.3908325250712515,07443,1000,0,0.0,denoised,160,80,1.0,0.5,2.9999999999999996,0.021401889573518757,no_n2v,UNetPP
80,0.07084458873048405,0.0725232179045392,0.10138329688671947,0.1398147185566505,0.12100569357317062,0.23385848974303278,07443,1000,0,0.0,raw,160,80,1.0,0.5,2.9999999999999996,0.021401889573518757,no_n2v,UNetPP
80,0.20315453447959442,0.11889207776303579,0.2353871088960321,0.28420201618006863,0.12487219096135527,0.3662152114026279,07443,1000,0,0.125,denoised,160,80,1.0,0.5,2.9999999999999996,0.021401889573518757,no_n2v,UNetPP
80,0.09468233816046734,0.05937661815246997,0.11176013574954764,0.1314591500384531,0.13667391453837077,0.24359480295338298,07443,1000,0,0.125,raw,160,80,1.0,0.5,2.9999999999999996,0.021401889573518757,no_n2v,UNetPP
80,0.2157498692066504,0.09219260141991725,0.2346219977309427,0.24960778393257513,0.15566168061421834,0.34524395091961935,07443,1000,0,0.25,denoised,160,80,1.0,0.5,2.9999999999999996,0.021401889573518757,no_n2v,UNetPP
80,0.08792539269165545,0.07966804340282962,0.11865020783638333,0.14918775987344826,0.1603248755119008,0.23422665798187697,07443,1000,0,0.25,raw,160,80,1.0,0.5,2.9999999999999996,0.021401889573518757,no_n2v,UNetPP
80,0.2152170671665452,0.10714134269970188,0.24041142509303545,0.2835211258245995,0.15130010675180244,0.37598921714173344,07443,1000,0,0.375,denoised,160,80,1.0,0.5,2.9999999999999996,0.021401889573518757,no_n2v,UNetPP
80,0.0928766133565162,0.05736785918091414,0.10916563825479608,0.13796024062308576,0.11321643644161257,0.2129012552371747,07443,1000,0,0.375,raw,160,80,1.0,0.5,2.9999999999999996,0.021401889573518757,no_n2v,UNetPP
80,0.19465875736388583,0.10216667129985879,0.21984098922390602,0.28971325132090253,0.1267001006553075,0.38700267779593095,07443,1000,0,0.5,denoised,160,80,1.0,0.5,2.9999999999999996,0.021401889573518757,no_n2v,UNetPP
80,0.08452657085746296,0.07619663814092803,0.11380100546524725,0.16616509786610228,0.1266403337888946,0.2329290385454867,07443,1000,0,0.5,raw,160,80,1.0,0.5,2.9999999999999996,0.021401889573518757,no_n2v,UNetPP
80,0.1647276440515526,0.10215282511182977,0.1938308447928324,0.24774327094118717,0.1505516827120063,0.3406871372675848,07443,1000,0,0.625,denoised,160,80,1.0,0.5,2.9999999999999996,0.021401889573518757,no_n2v,UNetPP
80,0.06865927841424124,0.07547882338252165,0.102035039528459,0.13300647241573405,0.16322831722912146,0.22935164482145678,07443,1000,0,0.625,raw,160,80,1.0,0.5,2.9999999999999996,0.021401889573518757,no_n2v,UNetPP
80,0.1449514399644407,0.0720109454222424,0.16185331695201688,0.2746237928591962,0.1657306662385856,0.3460690035789737,07443,1000,0,0.75,denoised,160,80,1.0,0.5,2.9999999999999996,0.021401889573518757,no_n2v,UNetPP
80,0.0951606427678442,0.08927523251681535,0.13048224045026474,0.14467273822227583,0.15849309073682977,0.2476406168395036,07443,1000,0,0.75,raw,160,80,1.0,0.5,2.9999999999999996,0.021401889573518757,no_n2v,UNetPP
80,0.15927714974788998,0.08534530521038164,0.1807014984809616,0.26437550652246017,0.1669599418716863,0.3366076366128415,07443,1000,0,0.875,denoised,160,80,1.0,0.5,2.9999999999999996,0.021401889573518757,no_n2v,UNetPP
80,0.11438086231291322,0.05251028950168646,0.1258583019391114,0.10466354371512872,0.14721309953624395,0.2188068878461118,07443,1000,0,0.875,raw,160,80,1.0,0.5,2.9999999999999996,0.021401889573518757,no_n2v,UNetPP
80,0.14974802760872663,0.11498047014271862,0.18879878253565238,0.2439121404098153,0.12461700194137693,0.3302222691146088,07443,1000,1,0.0,denoised,160,80,1.0,0.5,2.9999999999999996,0.021401889573518757,no_n2v,UNetPP
80,0.05664405299584274,0.04504576054512199,0.07237174367724127,0.12112310035864801,0.1756736012830612,0.21414969997150834,07443,1000,1,0.0,raw,160,80,1.0,0.5,2.9999999999999996,0.021401889573518757,no_n2v,UNetPP
80,0.23141163024700973,0.09542208918169592,0.25031323919716725,0.2662722286039962,0.16108166637288995,0.3725179414492703,07443,1000,1,0.125,denoised,160,80,1.0,0.5,2.9999999999999996,0.021401889573518757,no_n2v,UNetPP
80,0.10741268347148747,0.09146585866054124,0.14107972168620148,0.1514450767622845,0.1597326025023331,0.2400513608891734,07443,1000,1,0.125,raw,160,80,1.0,0.5,2.9999999999999996,0.021401889573518757,no_n2v,UNetPP
80,0.21823902919488702,0.12681193372777244,0.2524074887948131,0.22372984911629615,0.13653365119249844,0.36761909668692966,07443,1000,1,0.25,denoised,160,80,1.0,0.5,2.9999999999999996,0.021401889573518757,no_n2v,UNetPP
80,0.11021051040324892,0.07065653454314358,0.13091486728783358,0.10626492523993751,0.14796683258972568,0.21260893322052332,07443,1000,1,0.25,raw,160,80,1.0,0.5,2.9999999999999996,0.021401889573518757,no_n2v,UNetPP
80,0.18689448792115115,0.0975987526842701,0.21084370073785613,0.2676183675576868,0.15430868565671269,0.3737103239285113,07443,1000,1,0.375,denoised,160,80,1.0,0.5,2.9999999999999996,0.021401889573518757,no_n2v,UNetPP
80,0.06520637726684697,0.09801211168078083,0.11772105025182299,0.13566350357019913,0.11250067246628329,0.23057154526739765,07443,1000,1,0.375,raw,160,80,1.0,0.5,2.9999999999999996,0.021401889573518757,no_n2v,UNetPP
80,0.1898671918797561,0.1169055485032402,0.22297187675388025,0.2777579253237486,0.14516151051048465,0.35146953249011725,07443,1000,1,0.5,denoised,160,80,1.0,0.5,2.9999999999999996,0.021401889573518757,no_n2v,UNetPP
80,0.06903668887996872,0.0864012917287198,0.11059497106062707,0.13149148470503302,0.15488687967061435,0.22945208839877348,07443,1000,1,0.5,raw,160,80,1.0,0.5,2.9999999999999996,0.021401889573518757,no_n2v,UNetPP
80,0.16040283618843532,0.12534469608596766,0.203569061240105,0.2770226843843349,0.16829988600366663,0.3601519535783322,07443,1000,1,0.625,denoised,160,80,1.0,0.5,2.9999999999999996,0.021401889573518757,no_n2v,UNetPP
80,0.06572527552930696,0.10745543543139036,0.12596222627102546,0.12481792228607483,0.15401287642800635,0.23463309736691268,07443,1000,1,0.625,raw,160,80,1.0,0.5,2.9999999999999996,0.021401889573518757,no_n2v,UNetPP
80,0.14007967693440904,0.11325020352388293,0.18013307438737983,0.2759277875826564,0.15664994376531124,0.33797961863321285,07443,1000,1,0.75,denoised,160,80,1.0,0.5,2.9999999999999996,0.021401889573518757,no_n2v,UNetPP
80,0.09216404623099805,0.07422403706258862,0.11833604309566075,0.13990789113103186,0.15310734666222167,0.23816501423631506,07443,1000,1,0.75,raw,160,80,1.0,0.5,2.9999999999999996,0.021401889573518757,no_n2v,UNetPP
80,0.1741608161297563,0.10777277498823423,0.2048095722949671,0.24260993266425393,0.13430114514854122,0.34331223624364776,07443,1000,1,0.875,denoised,160,80,1.0,0.5,2.9999999999999996,0.021401889573518757,no_n2v,UNetPP
80,0.06932831718751231,0.07776751353858202,0.10418350025808239,0.15856267225864287,0.1366414760430209,0.24875004658764993,07443,1000,1,0.875,raw,160,80,1.0,0.5,2.9999999999999996,0.021401889573518757,no_n2v,UNetPP
80,0.23610953751317254,0.10614406301148094,0.25887115678898925,0.25290232762156656,0.13757209892467162,0.3671063555370443,07443,1000,2,0.0,denoised,160,80,1.0,0.5,2.9999999999999996,0.021401889573518757,no_n2v,UNetPP
80,0.09144511593045834,0.06930836022259257,0.11474257285018329,0.13634705730146474,0.16824535361593407,0.2274128856054276,07443,1000,2,0.0,raw,160,80,1.0,0.5,2.9999999999999996,0.021401889573518757,no_n2v,UNetPP
80,0.21247451271004536,0.10561627954113817,0.2372766677435501,0.24408803750896824,0.14788406577037963,0.38639188344871855,07443,1000,2,0.125,denoised,160,80,1.0,0.5,2.9999999999999996,0.021401889573518757,no_n2v,UNetPP
80,0.09209099783593899,0.09230473207941259,0.13038755863452256,0.13256084104483334,0.16268004499469393,0.2373858959225909,07443,1000,2,0.125,raw,160,80,1.0,0.5,2.9999999999999996,0.021401889573518757,no_n2v,UNetPP
80,0.21107721713034522,0.12306397038218364,0.2443324219126841,0.22396248329834384,0.13559405697896065,0.34119403270211573,07443,1000,2,0.25,denoised,160,80,1.0,0.5,2.9999999999999996,0.021401889573518757,no_n2v,UNetPP
80,0.09898863933769775,0.042530210890824094,0.10773843119493978,0.16372110727792763,0.1482969916192745,0.2360278848523608,07443,1000,2,0.25,raw,160,80,1.0,0.5,2.9999999999999996,0.021401889573518757,no_n2v,UNetPP
80,0.2447510262055026,0.11447000333367541,0.27019705122717064,0.22298998941528375,0.14032789847237467,0.363501068425956,07443,1000,2,0.375,denoised,160,80,1.0,0.5,2.9999999999999996,0.021401889573518757,no_n2v,UNetPP
80,0.09429078254633394,0.09648203266808508,0.13490564962582358,0.12106527622885035,0.17884165899435067,0.242117599090296,07443,1000,2,0.375,raw,160,80,1.0,0.5,2.9999999999999996,0.021401889573518757,no_n2v,UNetPP
80,0.24352185903108392,0.08189302753395111,0.2569228751680776,0.23283923016689292,0.16140701435331056,0.3962273552162642,07443,1000,2,0.5,denoised,160,80,1.0,0.5,2.9999999999999996,0.021401889573518757,no_n2v,UNetPP
80,0.09218554872680329,0.07631803282346183,0.11967713870286514,0.14244152657044226,0.16709298537763723,0.23263777995278645,07443,1000,2,0.5,raw,160,80,1.0,0.5,2.9999999999999996,0.021401889573518757,no_n2v,UNetPP
80,0.17704230243394736,0.09931744443287371,0.20299736850459477,0.27651068832443015,0.15373369854312036,0.3500026978729619,07443,1000,2,0.625,denoised,160,80,1.0,0.5,2.9999999999999996,0.021401889573518757,no_n2v,UNetPP
80,0.08333182526012095,0.04842288052997645,0.09637929476813838,0.1447912550529852,0.13901471348550853,0.22597335200776128,07443,1000,2,0.625,raw,160,80,1.0,0.5,2.9999999999999996,0.021401889573518757,no_n2v,UNetPP
80,0.14489493282148436,0.12146751061013816,0.18907378901150337,0.2274861428575832,0.14186427145835218,0.3187077763265942,07443,1000,2,0.75,denoised,160,80,1.0,0.5,2.9999999999999996,0.021401889573518757,no_n2v,UNetPP
80,0.07699394321599584,0.058118557616808175,0.09646675091142151,0.1180630341090946,0.12868061651729024,0.21991387528106662,07443,1000,2,0.75,raw,160,80,1.0,0.5,2.9999999999999996,0.021401889573518757,no_n2v,UNetPP
80,0.10914509531806837,0.10857973948704824,0.15395522615054513,0.2523222858989096,0.14253563668907437,0.3294371948019289,07443,1000,2,0.875,denoised,160,80,1.0,0.5,2.9999999999999996,0.021401889573518757,no_n2v,UNetPP
80,0.0719879923422333,0.06021506370664298,0.09385161127365109,0.13758963891700726,0.14631357708454146,0.24118754937866502,07443,1000,2,0.875,raw,160,80,1.0,0.5,2.9999999999999996,0.021401889573518757,no_n2v,UNetPP
131,-0.07499392568608698,0.015899489888170137,0.0766608287752902,0.19272128530965862,0.2067559073817497,0.3525428643260204,07364,50,0,0.0,denoised,131,133,0.9849624060150376,0.0,2.9999999999999996,0.08057374454848279,no_n2v,HRNet
131,0.0034081210213230406,-0.06407757205175812,0.0641681426328068,0.24716368828892807,0.26038674101686865,0.42669310092433405,07364,50,0,0.0,raw,131,133,0.9849624060150376,0.0,2.9999999999999996,0.08057374454848279,no_n2v,HRNet
132,-0.1202312359709179,0.023017667366779904,0.12241471771850909,0.17747151272443504,0.22781994265535493,0.3837964057396351,07364,50,0,0.125,denoised,132,133,0.9924812030075187,0.0,2.9999999999999996,0.08057374454848279,no_n2v,HRNet
132,-0.03611585093133485,-0.014208856034308326,0.03881038879344164,0.2798789632502315,0.290291686919726,0.4469510795429911,07364,50,0,0.125,raw,132,133,0.9924812030075187,0.0,2.9999999999999996,0.08057374454848279,no_n2v,HRNet
132,-0.12443540418872345,-0.025488544617957132,0.12701903685020038,0.17178576874866733,0.2080473694092233,0.4009611956700722,07364,50,0,0.25,denoised,132,133,0.9924812030075187,0.0,2.9999999999999996,0.08057374454848279,no_n2v,HRNet
131,-0.01919339007000076,-0.07984167989546975,0.0821162594795322,0.2598892985570051,0.2526254855801714,0.41657697302573904,07364,50,0,0.25,raw,132,133,0.9849624060150376,0.007575757575757569,2.9999999999999996,0.08057374454848279,no_n2v,HRNet
132,-0.07855743733759368,-0.011632943260771356,0.07941408143369967,0.19674363753327898,0.2042618837183255,0.37864693893531276,07364,50,0,0.375,denoised,132,133,0.9924812030075187,0.0,2.9999999999999996,0.08057374454848279,no_n2v,HRNet
131,0.046493375777004076,-0.060407256162037015,0.07622775471026068,0.22032118082764118,0.3157642029923603,0.4189735823914656,07364,50,0,0.375,raw,131,133,0.9849624060150376,0.0,2.9999999999999996,0.08057374454848279,no_n2v,HRNet
131,-0.09446466800793019,-0.012642785471825846,0.09530694374669182,0.1858956815070937,0.22280033206749164,0.34522453882675647,07364,50,0,0.5,denoised,131,133,0.9849624060150376,0.0,2.9999999999999996,0.08057374454848279,no_n2v,HRNet
131,-0.03541677308649582,-0.045638305907829135,0.057768527608005785,0.27923208952336664,0.3436981705863399,0.4607154070390423,07364,50,0,0.5,raw,131,133,0.9849624060150376,0.0,2.9999999999999996,0.08057374454848279,no_n2v,HRNet
131,-0.06397013867001533,0.0005494778024655034,0.06397249852332167,0.18598421328160886,0.2069084136421577,0.33123707427860716,07364,50,0,0.625,denoised,131,133,0.9849624060150376,0.0,2.9999999999999996,0.08057374454848279,no_n2v,HRNet
131,-0.02403266921720615,-0.04586610844492611,0.05178097231208941,0.2560078859111212,0.3083660532615363,0.4182054817301248,07364,50,0,0.625,raw,131,133,0.9849624060150376,0.0,2.9999999999999996,0.08057374454848279,no_n2v,HRNet
132,-0.08224242724298758,0.05049550129075442,0.09650705927248372,0.1627798480133062,0.1983404929535971,0.4056972114270738,07364,50,0,0.75,denoised,132,133,0.9924812030075187,0.0,2.9999999999999996,0.08057374454848279,no_n2v,HRNet
131,0.02368766022485147,0.0046639797348575485,0.024142451281822488,0.26720963404185477,0.2750535976794631,0.418638111450794,07364,50,0,0.75,raw,131,133,0.9849624060150376,0.0,2.9999999999999996,0.08057374454848279,no_n2v,HRNet
131,-0.07463833225385841,0.013075619092553836,0.07577501208373984,0.20466125407283017,0.20330944580344806,0.35603499027313373,07364,50,0,0.875,denoised,131,133,0.9849624060150376,0.0,2.9999999999999996,0.08057374454848279,no_n2v,HRNet
131,0.0352722982362792,-0.031182080659512224,0.04707926483203992,0.2906746600935247,0.28612997336101925,0.40695732675740803,07364,50,0,0.875,raw,131,133,0.9849624060150376,0.0,2.9999999999999996,0.08057374454848279,no_n2v,HRNet
131,-0.07889936716424018,0.020823927483071714,0.08160114027841651,0.18597523932950555,0.20195220511196968,0.36840793752815,07364,50,1,0.0,denoised,131,133,0.9849624060150376,0.0,2.9999999999999996,0.08057374454848279,no_n2v,HRNet
131,-0.021305133745443072,-0.018685288125169564,0.028338114196816623,0.2907751992883104,0.2671886410402152,0.46362862131322546,07364,50,1,0.0,raw,131,133,0.9849624060150376,0.0,2.9999999999999996,0.08057374454848279,no_n2v,HRNet
132,-0.11316880472878665,0.007212880439070091,0.1133984303593774,0.18985510279130682,0.20255917255208078,0.3680538410108118,07364,50,1,0.125,denoised,132,133,0.9924812030075187,0.0,2.9999999999999996,0.08057374454848279,no_n2v,HRNet
132,0.006491863442736445,0.01781260245666516,0.018958720875584714,0.24953494978366228,0.2970707361151532,0.44720764164483506,07364,50,1,0.125,raw,132,133,0.9924812030075187,0.0,2.9999999999999996,0.08057374454848279,no_n2v,HRNet
132,-0.11527245089438942,-0.015469267300261436,0.11630578732808768,0.19149049046772906,0.20303731688808715,0.37558472516289776,07364,50,1,0.25,denoised,132,133,0.9924812030075187,0.0,2.9999999999999996,0.08057374454848279,no_n2v,HRNet
131,0.050948913288888065,-0.016011048770849357,0.05340548144208749,0.28201868411312475,0.31853118325058044,0.42852918764218,07364,50,1,0.25,raw,131,133,0.9849624060150376,0.0,2.9999999999999996,0.08057374454848279,no_n2v,HRNet
131,-0.0927373665615221,-0.015634023958256194,0.09404595611664249,0.17681630729155104,0.17679701547295823,0.33193523951932347,07364,50,1,0.375,denoised,131,133,0.9849624060150376,0.0,2.9999999999999996,0.08057374454848279,no_n2v,HRNet
131,-0.021533917478734566,0.007435645504088484,0.02278153695525,0.3025387699888241,0.3050118992350735,0.43762889767442353,07364,50,1,0.375,raw,131,133,0.9849624060150376,0.0,2.9999999999999996,0.08057374454848279,no_n2v,HRNet
131,-0.14416410217636866,0.058352224986499834,0.15552578730613634,0.1606568130495552,0.20957226868207035,0.3670094484598317,07364,50,1,0.5,denoised,131,133,0.9849624060150376,0.0,2.9999999999999996,0.08057374454848279,no_n2v,HRNet
131,-0.0257562952309911,0.00034196392780927454,0.02575856524253433,0.2766921887878031,0.3079382448782958,0.4295448461767188,07364,50,1,0.5,raw,132,133,0.9849624060150376,0.007575757575757569,2.9999999999999996,0.08057374454848279,no_n2v,HRNet
131,-0.0977218543593068,0.02468020643337354,0.10079024461234085,0.19220135040707287,0.19285169299172475,0.3330563395495188,07364,50,1,0.625,denoised,131,133,0.9849624060150376,0.0,2.9999999999999996,0.08057374454848279,no_n2v,HRNet
131,0.000440596634099677,0.001911160104668852,0.001961289968275426,0.25277916359844166,0.22048700992000236,0.40765242314721356,07364,50,1,0.625,raw,131,133,0.9849624060150376,0.0,2.9999999999999996,0.08057374454848279,no_n2v,HRNet
132,-0.10239303194262561,0.055783769916452286,0.11660258134576282,0.17927656833959818,0.23349053890158192,0.4050713437490409,07364,50,1,0.75,denoised,132,133,0.9924812030075187,0.0,2.9999999999999996,0.08057374454848279,no_n2v,HRNet
132,-0.024366451459599148,-0.015118723882231677,0.028675769711729866,0.2912179566658601,0.2792346981112064,0.44474884087531547,07364,50,1,0.75,raw,132,133,0.9924812030075187,0.0,2.9999999999999996,0.08057374454848279,no_n2v,HRNet
132,-0.09371972778171056,0.003982765943540301,0.09380431653201762,0.22714661392088503,0.22816886040673895,0.39252690128126794,07364,50,1,0.875,denoised,132,133,0.9924812030075187,0.0,2.9999999999999996,0.08057374454848279,no_n2v,HRNet
131,0.014382346506721433,-0.027084110952358742,0.03066595762599109,0.2775500452263522,0.31499965243156,0.4320632912454552,07364,50,1,0.875,raw,131,133,0.9849624060150376,0.0,2.9999999999999996,0.08057374454848279,no_n2v,HRNet
132,-0.10610762538469842,0.013494136783952726,0.10696223582332001,0.18789695491224978,0.21432273912733438,0.38321671748448116,07364,50,2,0.0,denoised,132,133,0.9924812030075187,0.0,2.9999999999999996,0.08057374454848279,no_n2v,HRNet
132,-0.023948287636656573,0.005470757847156449,0.024565212642072974,0.308841037903241,0.2531956618970844,0.429186755720785,07364,50,2,0.0,raw,132,133,0.9924812030075187,0.0,2.9999999999999996,0.08057374454848279,no_n2v,HRNet
131,-0.08780093650906906,0.00965826758010735,0.08833055295037233,0.18527197796733863,0.21873619018569693,0.33247152751609044,07364,50,2,0.125,denoised,131,133,0.9849624060150376,0.0,2.9999999999999996,0.08057374454848279,no_n2v,HRNet
131,0.019658017950831663,-0.026828507003699542,0.0332596821662922,0.3047609470970168,0.2768254583192939,0.4166033797961455,07364,50,2,0.125,raw,131,133,0.9849624060150376,0.0,2.9999999999999996,0.08057374454848279,no_n2v,HRNet
132,-0.09573780893001782,0.03373189673140331,0.10150649691432888,0.175732899594457,0.19717776765584788,0.3396685014521551,07364,50,2,0.25,denoised,132,133,0.9924812030075187,0.0,2.9999999999999996,0.08057374454848279,no_n2v,HRNet
132,0.014883031236281319,-0.021040947697386514,0.02577258424730202,0.30134572639232854,0.246572936113869,0.4330340509684656,07364,50,2,0.25,raw,132,133,0.9924812030075187,0.0,2.9999999999999996,0.08057374454848279,no_n2v,HRNet
132,-0.10534078052531015,-0.002216080769187556,0.10536408807395965,0.20652604058744375,0.23662616382333426,0.38387655150540345,07364,50,2,0.375,denoised,132,133,0.9924812030075187,0.0,2.9999999999999996,0.08057374454848279,no_n2v,HRNet
131,0.02722590979314532,-0.03574813201126403,0.04493527685860238,0.30258511141449274,0.2754698658582615,0.4307717527700653,07364,50,2,0.375,raw,131,133,0.9849624060150376,0.0,2.9999999999999996,0.08057374454848279,no_n2v,HRNet
132,-0.0943741631888706,0.019045137406898505,0.09627668428257811,0.16932391049342482,0.20873700071966428,0.3791487871111974,07364,50,2,0.5,denoised,132,133,0.9924812030075187,0.0,2.9999999999999996,0.08057374454848279,no_n2v,HRNet
132,0.05212501641931766,-0.011655858542809483,0.05341232418725214,0.2685903820678772,0.27761026120210486,0.4590962666811031,07364,50,2,0.5,raw,132,133,0.9924812030075187,0.0,2.9999999999999996,0.08057374454848279,no_n2v,HRNet
132,-0.0937479176193321,0.011132353327482747,0.09440657471049882,0.20720571052787384,0.19018383746573556,0.38865038403352786,07364,50,2,0.625,denoised,132,133,0.9924812030075187,0.0,2.9999999999999996,0.08057374454848279,no_n2v,HRNet
131,-0.007970002115996522,-0.0016289517010079635,0.008134765969172425,0.2820826954246398,0.2762064604826529,0.4436668811028805,07364,50,2,0.625,raw,132,133,0.9849624060150376,0.007575757575757569,2.9999999999999996,0.08057374454848279,no_n2v,HRNet
132,-0.10545633131041754,-0.016546294275585183,0.10674651126714546,0.1880619983066398,0.25044445332735205,0.390991183111371,07364,50,2,0.75,denoised,132,133,0.9924812030075187,0.0,2.9999999999999996,0.08057374454848279,no_n2v,HRNet
131,-0.005201357554561525,-0.01186567808088057,0.012955633397463973,0.28485953508055883,0.2685928843164411,0.4298816720542664,07364,50,2,0.75,raw,131,133,0.9849624060150376,0.0,2.9999999999999996,0.08057374454848279,no_n2v,HRNet
131,-0.06918211548756403,-0.016916678277169694,0.07122035598947755,0.1774781717264426,0.19747026016062305,0.3434591951768002,07364,50,2,0.875,denoised,131,133,0.9849624060150376,0.0,2.9999999999999996,0.08057374454848279,no_n2v,HRNet
131,0.022969755397816982,-0.037120700202066814,0.04365267513597838,0.2534016254422982,0.255972895156976,0.4173733005696597,07364,50,2,0.875,raw,131,133,0.9849624060150376,0.0,2.9999999999999996,0.08057374454848279,no_n2v,HRNet
131,-0.15509289521219216,0.008515333163842342,0.1553264853274909,0.13950414723376448,0.16286535497135596,0.2965331920561904,07364,200,0,0.0,denoised,131,133,0.9849624060150376,0.0,2.999999999999986,0.04165850907281803,no_n2v,HRNet
131,-0.003803461560718091,-0.0038719386340062556,0.005427543517040681,0.15668551558970925,0.1679917924387025,0.27899396727904957,07364,200,0,0.0,raw,132,133,0.9849624060150376,0.007575757575757569,2.999999999999986,0.04165850907281803,no_n2v,HRNet
131,-0.12450522167078759,0.0016284261301109382,0.12451587045414406,0.1506965280342662,0.17239379471940142,0.3254116424669809,07364,200,0,0.125,denoised,131,133,0.9849624060150376,0.0,2.999999999999986,0.04165850907281803,no_n2v,HRNet
131,0.018178199934709482,0.011942213076133967,0.02175002082808329,0.18195911184428798,0.14776691823653662,0.35255093008261124,07364,200,0,0.125,raw,131,133,0.9849624060150376,0.0,2.999999999999986,0.04165850907281803,no_n2v,HRNet
131,-0.12240281767782335,-0.014179016332747096,0.12322132234169042,0.15028175559301032,0.19283958069031204,0.3136861700787607,07364,200,0,0.25,denoised,131,133,0.9849624060150376,0.0,2.999999999999986,0.04165850907281803,no_n2v,HRNet
131,0.002996761508597956,-0.007610909067068405,0.008179640356800437,0.22320261984714287,0.1842625772351951,0.31937124954406243,07364,200,0,0.25,raw,131,133,0.9849624060150376,0.0,2.999999999999986,0.04165850907281803,no_n2v,HRNet
131,-0.11863227241909158,0.014843661301426891,0.11955730985660824,0.14883159876953495,0.18053153585373385,0.3105210781379267,07364,200,0,0.375,denoised,131,133,0.9849624060150376,0.0,2.999999999999986,0.04165850907281803,no_n2v,HRNet
131,-0.0033764765489081583,-0.0019900762057716292,0.003919310805499502,0.17900629101512025,0.21408038782843009,0.3422361851497061,07364,200,0,0.375,raw,131,133,0.9849624060150376,0.0,2.999999999999986,0.04165850907281803,no_n2v,HRNet
131,-0.13409465549693778,0.0020677525946553033,0.13411059702214112,0.1286112341954753,0.17250654955434533,0.2866316543760425,07364,200,0,0.5,denoised,131,133,0.9849624060150376,0.0,2.999999999999986,0.04165850907281803,no_n2v,HRNet
131,0.023298083562480087,-0.0020508843726076975,0.023388177021608832,0.17791739787714353,0.17543383806690088,0.2941530594739139,07364,200,0,0.5,raw,131,133,0.9849624060150376,0.0,2.999999999999986,0.04165850907281803,no_n2v,HRNet
131,-0.11696428011592275,-0.009064983048574504,0.11731503203216109,0.12295875131876309,0.17240996885474524,0.30379993525031895,07364,200,0,0.625,denoised,131,133,0.9849624060150376,0.0,2.999999999999986,0.04165850907281803,no_n2v,HRNet
131,0.014929591024866795,-0.00236805132834661,0.015116228208897459,0.192722544698419,0.1751092874327082,0.304696462432016,07364,200,0,0.625,raw,131,133,0.9849624060150376,0.0,2.999999999999986,0.04165850907281803,no_n2v,HRNet
131,-0.09781091695518285,0.009237187570448668,0.09824612516443244,0.13836139622136734,0.1685089697069984,0.28122880186497845,07364,200,0,0.75,denoised,131,133,0.9849624060150376,0.0,2.999999999999986,0.04165850907281803,no_n2v,HRNet
131,0.028188105305890332,-0.007686801514722674,0.029217395473633605,0.1758825748758691,0.18939086600247337,0.2908563337949792,07364,200,0,0.75,raw,131,133,0.9849624060150376,0.0,2.999999999999986,0.04165850907281803,no_n2v,HRNet
131,-0.12910775232407445,0.03148907318524152,0.13289233777851922,0.1364781901439011,0.15827871256015463,0.2997551414312485,07364,200,0,0.875,denoised,131,133,0.9849624060150376,0.0,2.999999999999986,0.04165850907281803,no_n2v,HRNet
131,0.010424222391520743,-0.021274883734719197,0.023691456063182396,0.19249274668806782,0.16698816698243685,0.30614133937179766,07364,200,0,0.875,raw,131,133,0.9849624060150376,0.0,2.999999999999986,0.04165850907281803,no_n2v,HRNet
131,-0.148841413904222,0.01303480448763139,0.14941108600448197,0.1491238294161254,0.1757962374460843,0.3196191297427239,07364,200,1,0.0,denoised,131,133,0.9849624060150376,0.0,2.999999999999986,0.04165850907281803,no_n2v,HRNet
131,-0.008873170011185039,-0.012344148761854967,0.015202340435018518,0.1594851249307863,0.1798320532254052,0.29728721210371595,07364,200,1,0.0,raw,131,133,0.9849624060150376,0.0,2.999999999999986,0.04165850907281803,no_n2v,HRNet
131,-0.12780307523485135,0.009625323030917343,0.12816502207285177,0.13714666097092384,0.1652452852871737,0.29532362090624587,07364,200,1,0.125,denoised,131,133,0.9849624060150376,0.0,2.999999999999986,0.04165850907281803,no_n2v,HRNet
131,-0.007698872316098004,-0.013480968324159903,0.015524469134130896,0.1545704991835489,0.17273216918261772,0.2846025306160489,07364,200,1,0.125,raw,131,133,0.9849624060150376,0.0,2.999999999999986,0.04165850907281803,no_n2v,HRNet
131,-0.13208752257025935,0.012165353009237379,0.13264655831414598,0.14552165905548967,0.15980555963409943,0.3032297506784619,07364,200,1,0.25,denoised,131,133,0.9849624060150376,0.0,2.999999999999986,0.04165850907281803,no_n2v,HRNet
131,0.026020271005648965,0.021737738227786352,0.03390551233158379,0.17201160032063587,0.19653106147849594,0.30500023828658146,07364,200,1,0.25,raw,131,133,0.9849624060150376,0.0,2.999999999999986,0.04165850907281803,no_n2v,HRNet
131,-0.12856206114420843,-0.00322326505413173,0.12860246110886203,0.112169417981615,0.14843451103465938,0.29889176014747976,07364,200,1,0.375,denoised,131,133,0.9849624060150376,0.0,2.999999999999986,0.04165850907281803,no_n2v,HRNet
131,0.005495291671465452,-0.014636871775934424,0.015634457008147844,0.16232415952837914,0.16563982308546216,0.30692785807575773,07364,200,1,0.375,raw,132,133,0.9849624060150376,0.007575757575757569,2.999999999999986,0.04165850907281803,no_n2v,HRNet
131,-0.1166003040257948,-0.0017771379232129902,0.11661384616805116,0.1349378185639129,0.1654661015359022,0.2820448205687002,07364,200,1,0.5,denoised,131,133,0.9849624060150376,0.0,2.999999999999986,0.04165850907281803,no_n2v,HRNet
131,0.00733231280128166,-0.025966014146078464,0.026981414003906204,0.16980071995916518,0.1814199590974893,0.2960395798560629,07364,200,1,0.5,raw,131,133,0.9849624060150376,0.0,2.999999999999986,0.04165850907281803,no_n2v,HRNet
131,-0.12367185615481446,-0.003994206707602643,0.12373633941571158,0.13968268961425037,0.1534580494422785,0.30583213434937767,07364,200,1,0.625,denoised,131,133,0.9849624060150376,0.0,2.999999999999986,0.04165850907281803,no_n2v,HRNet
131,-0.005873357099460463,-0.021048004547651544,0.021852112462088024,0.16665851564005754,0.1873522567392706,0.30413555702462386,07364,200,1,0.625,raw,131,133,0.9849624060150376,0.0,2.999999999999986,0.04165850907281803,no_n2v,HRNet
131,-0.1343263141434079,-0.0031014727657634467,0.1343621144693335,0.11425155162613022,0.18245190820896806,0.28437821454470885,07364,200,1,0.75,denoised,131,133,0.9849624060150376,0.0,2.999999999999986,0.04165850907281803,no_n2v,HRNet
131,-0.007364143575159687,-0.013183300198633674,0.015100662724624386,0.16346239935278617,0.19300972358095692,0.2968042491720599,07364,200,1,0.75,raw,131,133,0.9849624060150376,0.0,2.999999999999986,0.04165850907281803,no_n2v,HRNet
131,-0.1334033268155963,-0.013988502919175971,0.13413473010144908,0.12073057484816556,0.18731956187396379,0.3078717187956923,07364,200,1,0.875,denoised,131,133,0.9849624060150376,0.0,2.999999999999986,0.04165850907281803,no_n2v,HRNet
131,-0.018374676576655702,-0.029800783159323885,0.03501021873975856,0.17247032891435787,0.15797063105301837,0.29430784762837886,07364,200,1,0.875,raw,131,133,0.9849624060150376,0.0,2.999999999999986,0.04165850907281803,no_n2v,HRNet
131,-0.1295430958762953,0.005254032917461515,0.12964959911666835,0.13370273579959502,0.1674667652222279,0.3023579472240654,07364,200,2,0.0,denoised,131,133,0.9849624060150376,0.0,2.999999999999986,0.04165850907281803,no_n2v,HRNet
131,0.025454836774514433,0.0034664569173372684,0.025689784716437927,0.16541511610435355,0.19913984949689437,0.3016747758991579,07364,200,2,0.0,raw,131,133,0.9849624060150376,0.0,2.999999999999986,0.04165850907281803,no_n2v,HRNet
132,-0.12387177202629829,-0.019619152336092682,0.125415816559643,0.12862483632611568,0.17464967566209408,0.3206323780603226,07364,200,2,0.125,denoised,132,133,0.9924812030075187,0.0,2.999999999999986,0.04165850907281803,no_n2v,HRNet
132,-0.02188351165411717,-0.007186669102466681,0.023033373506810315,0.1637766491232304,0.21829976044927232,0.33521761567011316,07364,200,2,0.125,raw,132,133,0.9924812030075187,0.0,2.999999999999986,0.04165850907281803,no_n2v,HRNet
131,-0.12542801453273,0.00421263614163081,0.12549873757486368,0.12940737153779397,0.15382685261106516,0.3029748143991149,07364,200,2,0.25,denoised,131,133,0.9849624060150376,0.0,2.999999999999986,0.04165850907281803,no_n2v,HRNet
131,-0.006752052179990642,0.003025711404688991,0.007398995752518135,0.18305413532267625,0.18085298365641722,0.29868872821572096,07364,200,2,0.25,raw,131,133,0.9849624060150376,0.0,2.999999999999986,0.04165850907281803,no_n2v,HRNet
131,-0.12493111619340169,-0.0029629605660090874,0.12496624715756234,0.1408751098323489,0.1640807034736057,0.2944204047103841,07364,200,2,0.375,denoised,131,133,0.9849624060150376,0.0,2.999999999999986,0.04165850907281803,no_n2v,HRNet
131,0.0009574935206160262,0.023848973888021874,0.023868186972486428,0.21652622617456144,0.2009399621278811,0.30076170111021255,07364,200,2,0.375,raw,131,133,0.9849624060150376,0.0,2.999999999999986,0.04165850907281803,no_n2v,HRNet
131,-0.1271710110236377,-0.013171784520892516,0.1278513275341285,0.12581685789651956,0.16472585987774063,0.2948434052647289,07364,200,2,0.5,denoised,131,133,0.9849624060150376,0.0,2.999999999999986,0.04165850907281803,no_n2v,HRNet
131,-0.0025624406686119983,-0.010110966585479275,0.010430615872173376,0.1870600612560257,0.1844488993950413,0.3070245767966919,07364,200,2,0.5,raw,131,133,0.9849624060150376,0.0,2.999999999999986,0.04165850907281803,no_n2v,HRNet
131,-0.1403020575186531,0.004535608724211215,0.14037535072250606,0.1376092810603379,0.16301617259677098,0.28702180282691114,07364,200,2,0.625,denoised,131,133,0.9849624060150376,0.0,2.999999999999986,0.04165850907281803,no_n2v,HRNet
131,-0.020775946735241746,0.013412576211607075,0.024729277453612957,0.1869080498330489,0.17315922414215995,0.2903958910493115,07364,200,2,0.625,raw,131,133,0.9849624060150376,0.0,2.999999999999986,0.04165850907281803,no_n2v,HRNet
131,-0.12208792081376885,-0.0045919745394087386,0.12217424703594318,0.13452453488637203,0.15124549802018453,0.3018238548231582,07364,200,2,0.75,denoised,131,133,0.9849624060150376,0.0,2.999999999999986,0.04165850907281803,no_n2v,HRNet
131,0.03474091279832692,-0.004450464961536227,0.035024814923634025,0.17587096810458566,0.1768918160547512,0.3032889791698474,07364,200,2,0.75,raw,131,133,0.9849624060150376,0.0,2.999999999999986,0.04165850907281803,no_n2v,HRNet
131,-0.13395274895697185,0.013881645915517993,0.13467011192708403,0.1330806766531946,0.19929404879995402,0.29942688827208486,07364,200,2,0.875,denoised,131,133,0.9849624060150376,0.0,2.999999999999986,0.04165850907281803,no_n2v,HRNet
131,0.0032898691745515407,0.020320056467619807,0.020584652876182344,0.20486095465713292,0.1973515165559419,0.32567682644937246,07364,200,2,0.875,raw,131,133,0.9849624060150376,0.0,2.999999999999986,0.04165850907281803,no_n2v,HRNet
131,-0.0837102513816319,-0.02382475375881654,0.08703461999712671,0.10516365920426293,0.1517721614682784,0.26043071697533,07364,1000,0,0.0,denoised,131,133,0.9849624060150376,0.0,2.9999999999999996,0.0195394456310795,no_n2v,HRNet
131,-0.007468717000801206,-0.014353066536386905,0.016179995446105867,0.12781724973204106,0.14085564484395488,0.2340275865573337,07364,1000,0,0.0,raw,131,133,0.9849624060150376,0.0,2.9999999999999996,0.0195394456310795,no_n2v,HRNet
132,-0.0934590123542609,-0.02398789569734916,0.09648837303126628,0.11108339771063985,0.15135625964276983,0.28661555588171134,07364,1000,0,0.125,denoised,132,133,0.9924812030075187,0.0,2.9999999999999996,0.0195394456310795,no_n2v,HRNet
132,0.0029225549549707353,-0.0001985735048464221,0.0029292932426868753,0.13716646396979162,0.1453536394545493,0.27363740529708847,07364,1000,0,0.125,raw,132,133,0.9924812030075187,0.0,2.9999999999999996,0.0195394456310795,no_n2v,HRNet
131,-0.0812178033798574,-0.012679071143566034,0.0822015232882748,0.09184583505980079,0.15223216851839685,0.27314034416303856,07364,1000,0,0.25,denoised,131,133,0.9849624060150376,0.0,2.9999999999999996,0.0195394456310795,no_n2v,HRNet
131,0.016038588847123947,0.002078031228961663,0.016172648082352765,0.13086164523360197,0.1298495611966035,0.2546255943086428,07364,1000,0,0.25,raw,131,133,0.9849624060150376,0.0,2.9999999999999996,0.0195394456310795,no_n2v,HRNet
131,-0.07816742874315707,-0.012131136972669765,0.0791031693459005,0.09511609315035718,0.15347610581265153,0.2597122642258335,07364,1000,0,0.375,denoised,131,133,0.9849624060150376,0.0,2.9999999999999996,0.0195394456310795,no_n2v,HRNet
131,-0.0011543846767096966,-0.02246917336850629,0.022498807876103446,0.1137487706442746,0.1379331028092167,0.22378991524697542,07364,1000,0,0.375,raw,131,133,0.9849624060150376,0.0,2.9999999999999996,0.0195394456310795,no_n2v,HRNet
131,-0.09508676553019768,-0.02871789183879514,0.09932879889870574,0.11156439687427312,0.15319485353305162,0.2666802674194893,07364,1000,0,0.5,denoised,131,133,0.9849624060150376,0.0,2.9999999999999996,0.0195394456310795,no_n2v,HRNet
131,-0.0022752902118838847,-0.010517102668364586,0.010760408639322957,0.14871215847208877,0.13868605697456152,0.24062991131047096,07364,1000,0,0.5,raw,131,133,0.9849624060150376,0.0,2.9999999999999996,0.0195394456310795,no_n2v,HRNet
131,-0.082239163159187,-0.020578734554362654,0.08477478559679347,0.10053268747319696,0.15668268639796615,0.24921341188286864,07364,1000,0,0.625,denoised,131,133,0.9849624060150376,0.0,2.9999999999999996,0.0195394456310795,no_n2v,HRNet
131,0.0017035607911850548,-0.009793817675372907,0.009940874409613564,0.13107527746981298,0.16852166860983298,0.23632441440047014,07364,1000,0,0.625,raw,131,133,0.9849624060150376,0.0,2.9999999999999996,0.0195394456310795,no_n2v,HRNet
131,-0.08760034055099197,-0.014419330408827591,0.08877914594142426,0.09494370980596278,0.148020431097388,0.26381526171560865,07364,1000,0,0.75,denoised,131,133,0.9849624060150376,0.0,2.9999999999999996,0.0195394456310795,no_n2v,HRNet
131,-0.006686157160828543,0.006747408004486033,0.009499063762197883,0.10907639341227758,0.12946593640387777,0.23574314415217465,07364,1000,0,0.75,raw,131,133,0.9849624060150376,0.0,2.9999999999999996,0.0195394456310795,no_n2v,HRNet
131,-0.09388253621360576,-0.015068250951202344,0.0950840827511493,0.09009821663683806,0.15373845148712847,0.2588681532492924,07364,1000,0,0.875,denoised,131,133,0.9849624060150376,0.0,2.9999999999999996,0.0195394456310795,no_n2v,HRNet
131,0.01981222611038902,-0.00932906427365765,0.021898761235997252,0.1249159220794417,0.15571077901180913,0.2276876107739372,07364,1000,0,0.875,raw,131,133,0.9849624060150376,0.0,2.9999999999999996,0.0195394456310795,no_n2v,HRNet
131,-0.09113628640207594,-0.0009649869053873772,0.09114139508965606,0.10988761619944083,0.15355294427657593,0.25318867015891505,07364,1000,1,0.0,denoised,131,133,0.9849624060150376,0.0,2.9999999999999996,0.0195394456310795,no_n2v,HRNet
131,0.006403344969243108,0.011376827669835166,0.01305507696738162,0.14584532905501157,0.15475369606981554,0.22671808571766192,07364,1000,1,0.0,raw,131,133,0.9849624060150376,0.0,2.9999999999999996,0.0195394456310795,no_n2v,HRNet
132,-0.09885696227746621,-0.008738215752480016,0.09924240729277614,0.1021795742526988,0.13595335481349322,0.2789437747706729,07364,1000,1,0.125,denoised,132,133,0.9924812030075187,0.0,2.9999999999999996,0.0195394456310795,no_n2v,HRNet
132,-0.015491402295374712,-0.010368901038068756,0.018641288952602076,0.10811746723004517,0.16916338794710953,0.27655351791581295,07364,1000,1,0.125,raw,132,133,0.9924812030075187,0.0,2.9999999999999996,0.0195394456310795,no_n2v,HRNet
131,-0.08087920316226871,-0.017763977231318506,0.0828070310495331,0.10673911587328061,0.16006418449570978,0.2671107648133086,07364,1000,1,0.25,denoised,131,133,0.9849624060150376,0.0,2.9999999999999996,0.0195394456310795,no_n2v,HRNet
131,0.007422847946756406,0.007881848705153516,0.010826920644929284,0.14648219401293286,0.1464710812538653,0.24210252947280536,07364,1000,1,0.25,raw,131,133,0.9849624060150376,0.0,2.9999999999999996,0.0195394456310795,no_n2v,HRNet
131,-0.0873016803474087,-0.026837194455886504,0.09133355570514154,0.0877610667209551,0.13520331628418542,0.2384196901455603,07364,1000,1,0.375,denoised,131,133,0.9849624060150376,0.0,2.9999999999999996,0.0195394456310795,no_n2v,HRNet
131,-0.00015572650410433653,-0.015606797391239269,0.015607574300808995,0.1298493448661123,0.12288560528693862,0.217706712253678,07364,1000,1,0.375,raw,131,133,0.9849624060150376,0.0,2.9999999999999996,0.0195394456310795,no_n2v,HRNet
131,-0.08515882443094824,-0.01849056241783842,0.08714313671763856,0.10871833310644032,0.1546016403018859,0.2566080091945795,07364,1000,1,0.5,denoised,131,133,0.9849624060150376,0.0,2.9999999999999996,0.0195394456310795,no_n2v,HRNet
131,0.00918942150762092,-0.003598756947482684,0.009868967484584233,0.11152619204017314,0.14367444988444258,0.2412285474167511,07364,1000,1,0.5,raw,131,133,0.9849624060150376,0.0,2.9999999999999996,0.0195394456310795,no_n2v,HRNet
131,-0.08339494402319758,-0.022219520718152808,0.08630425128333297,0.11741768904143149,0.1457606886102226,0.26298029029113984,07364,1000,1,0.625,denoised,131,133,0.9849624060150376,0.0,2.9999999999999996,0.0195394456310795,no_n2v,HRNet
131,0.002325167793188143,0.007549479613622623,0.007899433378602733,0.1374825976706859,0.12609099669841806,0.2310603229957976,07364,1000,1,0.625,raw,131,133,0.9849624060150376,0.0,2.9999999999999996,0.0195394456310795,no_n2v,HRNet
131,-0.0787098205974246,-0.01893511536466974,0.08095538556731181,0.10785490406962074,0.14708715964143346,0.25515848286720766,07364,1000,1,0.75,denoised,131,133,0.9849624060150376,0.0,2.9999999999999996,0.0195394456310795,no_n2v,HRNet
131,0.0028548773976524444,0.0020181684733984184,0.003496187772795691,0.13611818406365506,0.1368706758883804,0.23842821792582966,07364,1000,1,0.75,raw,131,133,0.9849624060150376,0.0,2.9999999999999996,0.0195394456310795,no_n2v,HRNet
131,-0.09554201000241846,-0.021759019420443337,0.09798842075184935,0.09338820687501594,0.14055424900873895,0.26363227600442785,07364,1000,1,0.875,denoised,131,133,0.9849624060150376,0.0,2.9999999999999996,0.0195394456310795,no_n2v,HRNet
131,0.0027572487785363364,-0.009472364647820086,0.009865501145304878,0.1359583725572258,0.13205412001930697,0.23037978907706524,07364,1000,1,0.875,raw,131,133,0.9849624060150376,0.0,2.9999999999999996,0.0195394456310795,no_n2v,HRNet
131,-0.09277461731483072,-0.007353366207922818,0.09306557694712428,0.10527988637156122,0.16090883391798647,0.2659012686457358,07364,1000,2,0.0,denoised,131,133,0.9849624060150376,0.0,2.9999999999999996,0.0195394456310795,no_n2v,HRNet
131,0.014670127991109894,-0.0021511606267683447,0.014827007362165313,0.11931643819457087,0.13899541654103814,0.2365378946074397,07364,1000,2,0.0,raw,131,133,0.9849624060150376,0.0,2.9999999999999996,0.0195394456310795,no_n2v,HRNet
132,-0.08859979482615188,-0.012636195330710365,0.08949635230372284,0.10597316506675838,0.13709890106521894,0.2837411244394619,07364,1000,2,0.125,denoised,132,133,0.9924812030075187,0.0,2.9999999999999996,0.0195394456310795,no_n2v,HRNet
132,0.00023771105344128074,-0.00602482553094319,0.006029513182938822,0.12686812427511607,0.15015255326555504,0.26637621275283896,07364,1000,2,0.125,raw,132,133,0.9924812030075187,0.0,2.9999999999999996,0.0195394456310795,no_n2v,HRNet
132,-0.08725810663936073,-0.007729921022452402,0.08759982222184814,0.09875690998898733,0.1676903045916927,0.2846199728365117,07364,1000,2,0.25,denoised,132,133,0.9924812030075187,0.0,2.9999999999999996,0.0195394456310795,no_n2v,HRNet
132,0.008755755489623596,0.00822958797006379,0.012016212895546266,0.10090786831508862,0.16120800367063734,0.26060127033298813,07364,1000,2,0.25,raw,132,133,0.9924812030075187,0.0,2.9999999999999996,0.0195394456310795,no_n2v,HRNet
132,-0.08072675986950628,-0.023754427545600976,0.08414916866522293,0.10993360490545687,0.14571908977858847,0.2556440629386018,07364,1000,2,0.375,denoised,132,133,0.9924812030075187,0.0,2.9999999999999996,0.0195394456310795,no_n2v,HRNet
132,-0.00045328428910096363,-0.002788701363655832,0.0028253003278238694,0.11604938048349317,0.138549572814708,0.2365514872570207,07364,1000,2,0.375,raw,132,133,0.9924812030075187,0.0,2.9999999999999996,0.0195394456310795,no_n2v,HRNet
131,-0.08777012699451348,-0.008712209483945799,0.08820146136388658,0.10897225983690813,0.1723715933260633,0.26108700765746395,07364,1000,2,0.5,denoised,131,133,0.9849624060150376,0.0,2.9999999999999996,0.0195394456310795,no_n2v,HRNet
131,0.007619517149038302,-0.005387077594299683,0.009331540419003415,0.12147159187132732,0.15167448896618838,0.23916572200288308,07364,1000,2,0.5,raw,131,133,0.9849624060150376,0.0,2.9999999999999996,0.0195394456310795,no_n2v,HRNet
131,-0.06793117554616401,-0.01307837698962544,0.06917867124892264,0.10240299706491937,0.15010840328071678,0.25252440654675967,07364,1000,2,0.625,denoised,131,133,0.9849624060150376,0.0,2.9999999999999996,0.0195394456310795,no_n2v,HRNet
131,0.01937288030185158,-0.0073372892847203275,0.020715798445571455,0.1286452647968595,0.15227954768899815,0.2270723093068725,07364,1000,2,0.625,raw,131,133,0.9849624060150376,0.0,2.9999999999999996,0.0195394456310795,no_n2v,HRNet
131,-0.09320098119083298,-0.02227881212296623,0.09582676225639906,0.10337912764036222,0.14617371417471173,0.26603695519227116,07364,1000,2,0.75,denoised,131,133,0.9849624060150376,0.0,2.9999999999999996,0.0195394456310795,no_n2v,HRNet
131,0.009147020433942998,-0.0003311657717830485,0.009153013361039708,0.1414228624690567,0.12722588331416834,0.23457072346396718,07364,1000,2,0.75,raw,131,133,0.9849624060150376,0.0,2.9999999999999996,0.0195394456310795,no_n2v,HRNet
131,-0.08859955087925186,-0.03347718024421198,0.09471326207616648,0.0944230519033549,0.15945776823097071,0.25886806439858945,07364,1000,2,0.875,denoised,131,133,0.9849624060150376,0.0,2.9999999999999996,0.0195394456310795,no_n2v,HRNet
131,-0.0039745823145977965,0.0031234388634970855,0.005055014827823707,0.12531025990768324,0.14586353598765536,0.2319731992802238,07364,1000,2,0.875,raw,131,133,0.9849624060150376,0.0,2.9999999999999996,0.0195394456310795,no_n2v,HRNet
90,-0.03989704672262917,-0.17352297945085837,0.17805055106539455,0.4888249814580596,0.5770737701936548,0.8759182582059022,07557,50,0,0.0,denoised,90,90,1.0,0.0,2.9999999999999996,0.07733358883745395,no_n2v,HRNet
90,0.08106160163192655,-0.08752013120544433,0.11929273500658516,0.44295790661467266,0.40845359864370057,0.643662635132669,07557,50,0,0.0,raw,90,90,1.0,0.0,2.9999999999999996,0.07733358883745395,no_n2v,HRNet
90,-0.22690453488719697,-0.2398901617942215,0.33020138957616907,0.4719449213628766,0.4095549743853766,0.8118691233237437,07557,50,0,0.125,denoised,90,90,1.0,0.0,2.9999999999999996,0.07733358883745395,no_n2v,HRNet
90,-0.002594880996522164,-0.2255209744017037,0.22553590246894176,0.36465614181193806,0.44264845699570454,0.6114811304723233,07557,50,0,0.125,raw,90,90,1.0,0.0,2.9999999999999996,0.07733358883745395,no_n2v,HRNet
90,-0.4477750833993639,-0.15848627932962245,0.4749951852903926,0.48435612353959034,0.5101995722512845,0.9126625654282042,07557,50,0,0.25,denoised,90,90,1.0,0.0,2.9999999999999996,0.07733358883745395,no_n2v,HRNet
90,-0.04095008244684806,0.005024972891344959,0.04125723700106934,0.37404931319605916,0.4343008445736682,0.6561002864768363,07557,50,0,0.25,raw,90,90,1.0,0.0,2.9999999999999996,0.07733358883745395,no_n2v,HRNet
90,-0.8162933725910548,-0.4095755265187364,0.9132836262953469,0.3856107519665084,0.475907455047755,1.2045722247277093,07557,50,0,0.375,denoised,90,90,1.0,0.0,2.9999999999999996,0.07733358883745395,no_n2v,HRNet
90,-0.3509050365271875,-0.16603534265055941,0.38820365746504176,0.344335230318513,0.5822688009117118,0.7664617944884858,07557,50,0,0.375,raw,90,90,1.0,0.0,2.9999999999999996,0.07733358883745395,no_n2v,HRNet
90,-1.0944946724669364,-0.07533504255532364,1.0970842978984428,0.39127013852125075,0.440110267497392,1.3040309211827332,07557,50,0,0.5,denoised,90,90,1.0,0.0,2.9999999999999996,0.07733358883745395,no_n2v,HRNet
90,-0.41922421756562755,-0.06727140524552055,0.42458731323158927,0.43880223673792484,0.3938128210093987,0.8388168364793694,07557,50,0,0.5,raw,90,90,1.0,0.0,2.9999999999999996,0.07733358883745395,no_n2v,HRNet
90,-1.2130990875989909,-0.170871193943114,1.2250740227647672,0.4295747881540784,0.5169742252738642,1.4693161820207858,07557,50,0,0.625,denoised,90,90,1.0,0.0,2.9999999999999996,0.07733358883745395,no_n2v,HRNet
90,-0.6120781409818363,-0.08727193096779473,0.6182685829011759,0.3671246097119407,0.3831807588068506,0.8951367575657915,07557,50,0,0.625,raw,90,90,1.0,0.0,2.9999999999999996,0.07733358883745395,no_n2v,HRNet
90,-1.2496060485031109,-0.03856507819673993,1.2502010005242676,0.4602912973540214,0.4746919119470006,1.5226820619342976,07557,50,0,0.75,denoised,90,90,1.0,0.0,2.9999999999999996,0.07733358883745395,no_n2v,HRNet
90,-0.5911706459773569,-0.01248981967424001,0.5913025691308812,0.3919061354266526,0.4515709894412008,0.9527594420340015,07557,50,0,0.75,raw,90,90,1.0,0.0,2.9999999999999996,0.07733358883745395,no_n2v,HRNet
90,-1.3551865912992582,-0.12078347776922982,1.36055846832811,0.5392085769206469,0.38381576179850213,1.5841120835766427,07557,50,0,0.875,denoised,90,90,1.0,0.0,2.9999999999999996,0.07733358883745395,no_n2v,HRNet
90,-0.6930484454740835,0.011486570776948923,0.6931436280326448,0.4224930174723018,0.481656223724292,0.9873772870524031,07557,50,0,0.875,raw,90,90,1.0,0.0,2.9999999999999996,0.07733358883745395,no_n2v,HRNet
90,-0.12579122660223163,-0.21434016606629314,0.24852593321305547,0.46023274368306316,0.592354443177195,0.836631086196165,07557,50,1,0.0,denoised,90,90,1.0,0.0,2.9999999999999996,0.07733358883745395,no_n2v,HRNet
90,-0.019542652739680477,-0.05147689340783046,0.05506165481553274,0.32988118074585493,0.5051262495431383,0.6474491147318644,07557,50,1,0.0,raw,90,90,1.0,0.0,2.9999999999999996,0.07733358883745395,no_n2v,HRNet
90,-0.22968875054549187,-0.30585688168751446,0.3824988290214225,0.5007047004250613,0.539879661759195,0.961845430000556,07557,50,1,0.125,denoised,90,90,1.0,0.0,2.9999999999999996,0.07733358883745395,no_n2v,HRNet
90,0.0021872155194131437,-0.21111204436052944,0.21112337432366535,0.4195418253164318,0.47801315412375434,0.7405235935798444,07557,50,1,0.125,raw,90,90,1.0,0.0,2.9999999999999996,0.07733358883745395,no_n2v,HRNet
90,-0.3577230219957741,-0.2674771223660031,0.4466651670490848,0.42990173256957825,0.5110181492746916,0.8922716507748467,07557,50,1,0.25,denoised,90,90,1.0,0.0,2.9999999999999996,0.07733358883745395,no_n2v,HRNet
90,-0.07965606438226303,-0.17763845925036037,0.19468053523070347,0.44112596323346603,0.5383364825697654,0.7332886966225387,07557,50,1,0.25,raw,90,90,1.0,0.0,2.9999999999999996,0.07733358883745395,no_n2v,HRNet
90,-0.8870728887661805,-0.1962112584817035,0.9085137136768769,0.4488916739359937,0.5102283403419402,1.1591401325147466,07557,50,1,0.375,denoised,90,90,1.0,0.0,2.9999999999999996,0.07733358883745395,no_n2v,HRNet
90,-0.26727242292670894,-0.11597219151247984,0.29134875537973537,0.36926521402347684,0.46274658221938747,0.7203732281325539,07557,50,1,0.375,raw,90,90,1.0,0.0,2.9999999999999996,0.07733358883745395,no_n2v,HRNet
90,-1.085742210286682,-0.08332526683947705,1.0889349141670863,0.499119161481353,0.4480609496847179,1.3711887865015273,07557,50,1,0.5,denoised,90,90,1.0,0.0,2.9999999999999996,0.07733358883745395,no_n2v,HRNet
90,-0.4205934530299871,0.014898737452600841,0.42085725027539855,0.38600047114740776,0.45612592236061067,0.8524359798051946,07557,50,1,0.5,raw,90,90,1.0,0.0,2.9999999999999996,0.07733358883745395,no_n2v,HRNet
90,-1.1267670924986533,-0.0997597951420488,1.1311746538287764,0.43932075436115525,0.5246135025182724,1.4193552404342924,07557,50,1,0.625,denoised,90,90,1.0,0.0,2.9999999999999996,0.07733358883745395,no_n2v,HRNet
90,-0.502788518090231,0.013990982378855321,0.5029831423728791,0.3511773327799854,0.3520364718701507,0.8471316585571202,07557,50,1,0.625,raw,90,90,1.0,0.0,2.9999999999999996,0.07733358883745395,no_n2v,HRNet
90,-1.282387098889565,-0.04561931985479717,1.2831982675106794,0.4570535957120472,0.431001038534157,1.4799784678160812,07557,50,1,0.75,denoised,90,90,1.0,0.0,2.9999999999999996,0.07733358883745395,no_n2v,HRNet
90,-0.63883211238171,-0.03253855489440838,0.6396602421322543,0.3964685890428067,0.46053061910027654,0.9682745257386266,07557,50,1,0.75,raw,90,90,1.0,0.0,2.9999999999999996,0.07733358883745395,no_n2v,HRNet
90,-1.297020739554327,-0.13162091941665466,1.3036820414741237,0.4196697654569089,0.48904619259898335,1.557665852035227,07557,50,1,0.875,denoised,90,90,1.0,0.0,2.9999999999999996,0.07733358883745395,no_n2v,HRNet
90,-0.5935531032806693,-0.018517378732980205,0.5938418810838905,0.3333394524066769,0.3661863511079582,0.939767363872914,07557,50,1,0.875,raw,90,90,1.0,0.0,2.9999999999999996,0.07733358883745395,no_n2v,HRNet
90,-0.07210186899786919,-0.17491136313708466,0.18918949354406284,0.3976810574880592,0.4919630658132177,0.8143911775023501,07557,50,2,0.0,denoised,90,90,1.0,0.0,2.9999999999999996,0.07733358883745395,no_n2v,HRNet
90,-0.005766124213508306,-0.13772590333471157,0.13784655468240012,0.41117191530334307,0.49444395209715314,0.6269386611283414,07557,50,2,0.0,raw,90,90,1.0,0.0,2.9999999999999996,0.07733358883745395,no_n2v,HRNet
90,-0.21002438176955707,-0.2667966421103518,0.33954482646484807,0.43787267420222176,0.5000912708190818,0.844608083580287,07557,50,2,0.125,denoised,90,90,1.0,0.0,2.9999999999999996,0.07733358883745395,no_n2v,HRNet
90,-0.04716852864831367,-0.1190396907690392,0.12804420359092894,0.32061413846752845,0.46614231243083665,0.6467577642693206,07557,50,2,0.125,raw,90,90,1.0,0.0,2.9999999999999996,0.07733358883745395,no_n2v,HRNet
90,-0.6220051440052572,-0.23801962549997313,0.6659907967022879,0.47555480314420645,0.44834540927093774,1.0636593598099688,07557,50,2,0.25,denoised,90,90,1.0,0.0,2.9999999999999996,0.07733358883745395,no_n2v,HRNet
90,-0.15431579051575284,-0.15688098236994819,0.22005682409746286,0.379483614235382,0.3813197437168791,0.7317199259598318,07557,50,2,0.25,raw,90,90,1.0,0.0,2.9999999999999996,0.07733358883745395,no_n2v,HRNet
90,-0.7246423059250873,-0.0664201765264707,0.7276799512053601,0.48115155892193495,0.43719003059414957,1.119951090912276,07557,50,2,0.375,denoised,90,90,1.0,0.0,2.9999999999999996,0.07733358883745395,no_n2v,HRNet
90,-0.3301701853258834,-0.0468334001135311,0.3334752144377784,0.4079628503441204,0.4286954668747218,0.7618670914511146,07557,50,2,0.375,raw,90,90,1.0,0.0,2.9999999999999996,0.07733358883745395,no_n2v,HRNet
90,-1.127322939258093,-0.0636879064015563,1.1291205244788174,0.47062755580144267,0.3922435117087032,1.4012727148895132,07557,50,2,0.5,denoised,90,90,1.0,0.0,2.9999999999999996,0.07733358883745395,no_n2v,HRNet
90,-0.4177774433492729,-0.05258811214427084,0.4210742235168918,0.39818146486390493,0.39759655761658486,0.8179325586501819,07557,50,2,0.5,raw,90,90,1.0,0.0,2.9999999999999996,0.07733358883745395,no_n2v,HRNet
90,-1.1820500739409496,-0.1546114645380534,1.1921187366493349,0.5317382989844073,0.5199155398295773,1.5279545420523555,07557,50,2,0.625,denoised,90,90,1.0,0.0,2.9999999999999996,0.07733358883745395,no_n2v,HRNet
90,-0.5011148178608877,-0.13140974678573158,0.5180584737556571,0.5038449471605466,0.48326396966924867,0.9304878235221695,07557,50,2,0.625,raw,90,90,1.0,0.0,2.9999999999999996,0.07733358883745395,no_n2v,HRNet
90,-1.263284832858126,-0.13291228398420252,1.2702575503272087,0.47686625107411995,0.5006589013491948,1.5067427222163707,07557,50,2,0.75,denoised,90,90,1.0,0.0,2.9999999999999996,0.07733358883745395,no_n2v,HRNet
90,-0.5736791309494151,-0.02170735160358106,0.5740896745287427,0.38117106722122907,0.4052285116113737,0.8940916878900785,07557,50,2,0.75,raw,90,90,1.0,0.0,2.9999999999999996,0.07733358883745395,no_n2v,HRNet
90,-1.3482099360291784,-0.14110693310642475,1.3555741212410712,0.4435076550001559,0.6097394378353378,1.6002317244944901,07557,50,2,0.875,denoised,90,90,1.0,0.0,2.9999999999999996,0.07733358883745395,no_n2v,HRNet
90,-0.6515919549734122,-0.06344858725077529,0.6546738111534571,0.4110161206898787,0.4640659045706949,0.9838420939222993,07557,50,2,0.875,raw,90,90,1.0,0.0,2.9999999999999996,0.07733358883745395,no_n2v,HRNet
90,-0.3001759962692674,-0.1313480149810431,0.3276551995249084,0.35392160999053335,0.46760453609259456,0.8751220013488643,07557,200,0,0.0,denoised,90,90,1.0,0.0,2.9999999999999996,0.04059819536988142,no_n2v,HRNet
90,-0.04346648365542194,-0.09704979713517048,0.10633907243033863,0.2512406678737512,0.43938063378796,0.5599012364505536,07557,200,0,0.0,raw,90,90,1.0,0.0,2.9999999999999996,0.04059819536988142,no_n2v,HRNet
90,-0.1905678689996222,-0.16334765819453878,0.2509951595802139,0.41443641289511113,0.5181882069292841,0.9048259643997095,07557,200,0,0.125,denoised,90,90,1.0,0.0,2.9999999999999996,0.04059819536988142,no_n2v,HRNet
90,-0.01642425749297871,-0.006018234928234278,0.017492152121654052,0.27927656154983094,0.37540655830103226,0.5410897355372764,07557,200,0,0.125,raw,90,90,1.0,0.0,2.9999999999999996,0.04059819536988142,no_n2v,HRNet
90,-0.5338007390148789,-0.16391627830605415,0.558401088167402,0.34757336414801204,0.49978965694314226,1.0062524248737554,07557,200,0,0.25,denoised,90,90,1.0,0.0,2.9999999999999996,0.04059819536988142,no_n2v,HRNet
90,-0.12576197550973234,-0.0548593828945485,0.1372065099610117,0.2492594614182958,0.36964142643255576,0.5536982907598597,07557,200,0,0.25,raw,90,90,1.0,0.0,2.9999999999999996,0.04059819536988142,no_n2v,HRNet
90,-0.922955578256591,-0.06983796753223714,0.9255940477034152,0.4781088492328409,0.4303639372889013,1.1774732066917912,07557,200,0,0.375,denoised,90,90,1.0,0.0,2.9999999999999996,0.04059819536988142,no_n2v,HRNet
90,-0.20436546229056063,-0.054150138239222656,0.21141778460801608,0.3022752902668845,0.3932821393749343,0.6262047194181845,07557,200,0,0.375,raw,90,90,1.0,0.0,2.9999999999999996,0.04059819536988142,no_n2v,HRNet
90,-1.0511447073505735,-0.02237721836917217,1.0513828682706716,0.5187630292890899,0.3754527439001107,1.3390884581417548,07557,200,0,0.5,denoised,90,90,1.0,0.0,2.9999999999999996,0.04059819536988142,no_n2v,HRNet
90,-0.3227995930509948,-0.0185610584521676,0.3233327854776757,0.3205250370902399,0.3738791791531409,0.6817996522160847,07557,200,0,0.5,raw,90,90,1.0,0.0,2.9999999999999996,0.04059819536988142,no_n2v,HRNet
90,-1.3118019252196902,-0.06129800878528613,1.3132333139587675,0.4992519069484195,0.39812362873270224,1.5205360377016053,07557,200,0,0.625,denoised,90,90,1.0,0.0,2.9999999999999996,0.04059819536988142,no_n2v,HRNet
90,-0.4320689523968184,-0.02452479988900791,0.43276442256137465,0.34809392478761686,0.3569327291628522,0.703689204567561,07557,200,0,0.625,raw,90,90,1.0,0.0,2.9999999999999996,0.04059819536988142,no_n2v,HRNet
90,-1.2848155914626176,0.06954926964609243,1.2866966250728027,0.44197783654574474,0.3874342223264965,1.4932648724248263,07557,200,0,0.75,denoised,90,90,1.0,0.0,2.9999999999999996,0.04059819536988142,no_n2v,HRNet
90,-0.4387725297783618,-0.008328482733659825,0.43885156546689935,0.32555574709075674,0.3611074076047201,0.6911599104838744,07557,200,0,0.75,raw,90,90,1.0,0.0,2.9999999999999996,0.04059819536988142,no_n2v,HRNet
90,-1.3279477632787788,0.0711840586304362,1.3298542898378802,0.4649361000227882,0.43818197338519094,1.5478805460188905,07557,200,0,0.875,denoised,90,90,1.0,0.0,2.9999999999999996,0.04059819536988142,no_n2v,HRNet
90,-0.42432377973287316,0.006135019522915286,0.4243681285291562,0.37765887170365764,0.4518895472390101,0.7188083089480436,07557,200,0,0.875,raw,90,90,1.0,0.0,2.9999999999999996,0.04059819536988142,no_n2v,HRNet
90,-0.25963771767161603,-0.17555605488946213,0.3134193243022479,0.3432346806687574,0.4674040572944029,0.8791519492831436,07557,200,1,0.0,denoised,90,90,1.0,0.0,2.9999999999999996,0.04059819536988142,no_n2v,HRNet
90,-0.0222638026300217,-0.04194796705414916,0.047490092098505604,0.27217510286442936,0.4311212228219826,0.5876664861100279,07557,200,1,0.0,raw,90,90,1.0,0.0,2.9999999999999996,0.04059819536988142,no_n2v,HRNet
90,-0.38966513430679584,-0.06728444098510522,0.3954315527281698,0.4005508695678487,0.5500350776920834,0.94198798287112,07557,200,1,0.125,denoised,90,90,1.0,0.0,2.9999999999999996,0.04059819536988142,no_n2v,HRNet
90,-0.045880273028302554,-0.038706576211936294,0.06002664820895816,0.34032759289133413,0.3815494595828454,0.5385572737706509,07557,200,1,0.125,raw,90,90,1.0,0.0,2.9999999999999996,0.04059819536988142,no_n2v,HRNet
90,-0.6109190209504192,-0.13008168029182343,0.6246145160869725,0.43557387375020734,0.4856721529425105,1.0200564091358788,07557,200,1,0.25,denoised,90,90,1.0,0.0,2.9999999999999996,0.04059819536988142,no_n2v,HRNet
90,-0.12879982380273702,-0.02934990953871086,0.13210152081466214,0.23147750860018274,0.34119527593042104,0.5768886188668644,07557,200,1,0.25,raw,90,90,1.0,0.0,2.9999999999999996,0.04059819536988142,no_n2v,HRNet
90,-0.877489387794995,-0.15874485889296608,0.8917328949398372,0.5010054796549267,0.4135053358159724,1.1885675203071244,07557,200,1,0.375,denoised,90,90,1.0,0.0,2.9999999999999996,0.04059819536988142,no_n2v,HRNet
90,-0.16415130215574436,-0.05447839293364609,0.17295532745787054,0.2698855728062346,0.4525216496714682,0.6378279378338548,07557,200,1,0.375,raw,90,90,1.0,0.0,2.9999999999999996,0.04059819536988142,no_n2v,HRNet
90,-1.116020321467925,-0.03863534573568472,1.1166888769346126,0.4311130786523587,0.42693676887039844,1.3238418102688887,07557,200,1,0.5,denoised,90,90,1.0,0.0,2.9999999999999996,0.04059819536988142,no_n2v,HRNet
90,-0.24854960445256324,-0.0033047379149167,0.24857157352805234,0.2603612753532227,0.3760551387876457,0.6750296998801203,07557,200,1,0.5,raw,90,90,1.0,0.0,2.9999999999999996,0.04059819536988142,no_n2v,HRNet
90,-1.2625178618028272,0.021311059093193307,1.262697712285429,0.4486324038235235,0.4535894301936896,1.5380872665376395,07557,200,1,0.625,denoised,90,90,1.0,0.0,2.9999999999999996,0.04059819536988142,no_n2v,HRNet
90,-0.4166478107638838,0.025899404844279772,0.4174520060864782,0.3494853160238222,0.32639648170319047,0.7245114499017332,07557,200,1,0.625,raw,90,90,1.0,0.0,2.9999999999999996,0.04059819536988142,no_n2v,HRNet
90,-1.2962020751357244,-0.04906553930647917,1.297130389256837,0.42355727206696314,0.4677925222006972,1.5072365373576173,07557,200,1,0.75,denoised,90,90,1.0,0.0,2.9999999999999996,0.04059819536988142,no_n2v,HRNet
90,-0.4161734051594266,-0.026423793295062836,0.4170114147287727,0.35965758189999686,0.42308157914101496,0.7736299986142942,07557,200,1,0.75,raw,90,90,1.0,0.0,2.9999999999999996,0.04059819536988142,no_n2v,HRNet
90,-1.3131933756601626,0.007687899753292982,1.3132158793132032,0.47114421058248274,0.34825474572346815,1.5365675837780655,07557,200,1,0.875,denoised,90,90,1.0,0.0,2.9999999999999996,0.04059819536988142,no_n2v,HRNet
90,-0.4318822720278206,0.02135504428257562,0.43240991525197847,0.3616171854690165,0.32531001819997407,0.7199953237302178,07557,200,1,0.875,raw,90,90,1.0,0.0,2.9999999999999996,0.04059819536988142,no_n2v,HRNet
90,-0.29157094046716736,-0.18282020674494248,0.34414654047247367,0.3896686739923176,0.43529619011708764,0.8631613546648604,07557,200,2,0.0,denoised,90,90,1.0,0.0,2.9999999999999996,0.04059819536988142,no_n2v,HRNet
90,-0.0405898190185745,-0.004947676392731637,0.04089025445809583,0.31531182664848406,0.38981129826777516,0.5369320290904508,07557,200,2,0.0,raw,90,90,1.0,0.0,2.9999999999999996,0.04059819536988142,no_n2v,HRNet
90,-0.3433750793313095,-0.18849413761018496,0.3917096948241011,0.3118201337164086,0.4943548068961512,0.922295295602286,07557,200,2,0.125,denoised,90,90,1.0,0.0,2.9999999999999996,0.04059819536988142,no_n2v,HRNet
90,-0.01907471957023077,-0.04406648059269003,0.04801770130388242,0.33222482173248313,0.34275411566139546,0.5481983427920151,07557,200,2,0.125,raw,90,90,1.0,0.0,2.9999999999999996,0.04059819536988142,no_n2v,HRNet
90,-0.6148762139198567,-0.06395226114346997,0.6181930524923261,0.47847540450853593,0.4844950886449889,0.9866506257291691,07557,200,2,0.25,denoised,90,90,1.0,0.0,2.9999999999999996,0.04059819536988142,no_n2v,HRNet
90,-0.116405567278278,0.007134875105798244,0.11662402212303023,0.300990014504966,0.3574780077923122,0.5721309951153836,07557,200,2,0.25,raw,90,90,1.0,0.0,2.9999999999999996,0.04059819536988142,no_n2v,HRNet
90,-0.9996652099781471,-0.07441308191455676,1.0024309646058802,0.374003809245725,0.42677498122537794,1.2400378354989712,07557,200,2,0.375,denoised,90,90,1.0,0.0,2.9999999999999996,0.04059819536988142,no_n2v,HRNet
90,-0.2277097288104386,0.054904913368869046,0.23423550138048355,0.3092265725727591,0.39254450074256686,0.6383858861072564,07557,200,2,0.375,raw,90,90,1.0,0.0,2.9999999999999996,0.04059819536988142,no_n2v,HRNet
90,-1.1978765789011163,-0.10975990187492357,1.2028946480633436,0.48469113008994075,0.446305221086036,1.4122650399050904,07557,200,2,0.5,denoised,90,90,1.0,0.0,2.9999999999999996,0.04059819536988142,no_n2v,HRNet
90,-0.33746736047609716,-0.00677382714621011,0.3375353375883936,0.30974771504409826,0.33773934437925424,0.7161803939078473,07557,200,2,0.5,raw,90,90,1.0,0.0,2.9999999999999996,0.04059819536988142,no_n2v,HRNet
90,-1.271559634163495,0.0213953561828788,1.2717396213455776,0.43982504127061856,0.43658910801828515,1.49455135122147,07557,200,2,0.625,denoised,90,90,1.0,0.0,2.9999999999999996,0.04059819536988142,no_n2v,HRNet
90,-0.4642442612419089,0.030413835108916487,0.46523943885066116,0.29934335941847373,0.3356053131008462,0.7544638888081061,07557,200,2,0.625,raw,90,90,1.0,0.0,2.9999999999999996,0.04059819536988142,no_n2v,HRNet
90,-1.2904343134526925,0.006688297710894631,1.2904516459993345,0.4353766540515584,0.4141762793608535,1.4965035870932164,07557,200,2,0.75,denoised,90,90,1.0,0.0,2.9999999999999996,0.04059819536988142,no_n2v,HRNet
90,-0.39708575900917253,0.02455527354743481,0.39784426785726096,0.3327823724447789,0.4077690596487128,0.7699404635744261,07557,200,2,0.75,raw,90,90,1.0,0.0,2.9999999999999996,0.04059819536988142,no_n2v,HRNet
90,-1.3483666704587378,0.04102992126888694,1.3489907829348997,0.5227814529623811,0.4475261507957237,1.574562399155519,07557,200,2,0.875,denoised,90,90,1.0,0.0,2.9999999999999996,0.04059819536988142,no_n2v,HRNet
90,-0.37967629473652664,-0.014197976450503802,0.37994166831258047,0.3424130387605138,0.39822265279340624,0.6919198651780807,07557,200,2,0.875,raw,90,90,1.0,0.0,2.9999999999999996,0.04059819536988142,no_n2v,HRNet
90,-0.33757307633614886,-0.0352774391731252,0.339411372204387,0.35617813398168935,0.4251883853773295,0.8784821514471791,07557,1000,0,0.0,denoised,90,90,1.0,0.0,2.9999999999999996,0.01848851148165645,no_n2v,HRNet
90,0.002579842489367934,0.03549203803601131,0.03558567620854804,0.18244224642528686,0.3909858764413069,0.5428940167628116,07557,1000,0,0.0,raw,90,90,1.0,0.0,2.9999999999999996,0.01848851148165645,no_n2v,HRNet
90,-0.329987447914597,-0.05797603905066495,0.3350416942489294,0.37086302775637253,0.4664308761386962,0.887724930131102,07557,1000,0,0.125,denoised,90,90,1.0,0.0,2.9999999999999996,0.01848851148165645,no_n2v,HRNet
90,-0.034347270112121464,0.042273860376349504,0.0544684701021988,0.16850699632115274,0.3413122533265308,0.5589001676646389,07557,1000,0,0.125,raw,90,90,1.0,0.0,2.9999999999999996,0.01848851148165645,no_n2v,HRNet
90,-0.5086853582067512,-0.031575144926236476,0.5096643831297647,0.4167276809111485,0.4398520550954939,0.9404712824261721,07557,1000,0,0.25,denoised,90,90,1.0,0.0,2.9999999999999996,0.01848851148165645,no_n2v,HRNet
90,-0.03223540525174329,0.0077663432592984805,0.03315776589828346,0.24511873244276466,0.3799464056618776,0.5941874085991822,07557,1000,0,0.25,raw,90,90,1.0,0.0,2.9999999999999996,0.01848851148165645,no_n2v,HRNet
90,-0.7860946228608015,-0.050249834527271275,0.7876990554524512,0.3728570565025783,0.41141225219286026,1.0692485282142494,07557,1000,0,0.375,denoised,90,90,1.0,0.0,2.9999999999999996,0.01848851148165645,no_n2v,HRNet
90,-0.018754633190511072,0.05222569047268166,0.055491071457117964,0.23297643272831686,0.4156391969720224,0.6182709934281864,07557,1000,0,0.375,raw,90,90,1.0,0.0,2.9999999999999996,0.01848851148165645,no_n2v,HRNet
90,-0.891278287796279,-0.00820943050594991,0.8913160949103852,0.3900162118548445,0.36670641054293646,1.1944234393028774,07557,1000,0,0.5,denoised,90,90,1.0,0.0,2.9999999999999996,0.01848851148165645,no_n2v,HRNet
90,-0.06744926807598262,0.03977431835222944,0.07830325768683104,0.2435639249115011,0.38659683468621,0.6349321783792756,07557,1000,0,0.5,raw,90,90,1.0,0.0,2.9999999999999996,0.01848851148165645,no_n2v,HRNet
90,-0.9798908091420628,-0.0004642125465323943,0.9798909190998634,0.44595165104340356,0.37712505853724243,1.27221510539372,07557,1000,0,0.625,denoised,90,90,1.0,0.0,2.9999999999999996,0.01848851148165645,no_n2v,HRNet
90,-0.09679237898021853,0.025672125152283343,0.10013901656439786,0.2356129495196022,0.3833854512034684,0.6020911456662537,07557,1000,0,0.625,raw,90,90,1.0,0.0,2.9999999999999996,0.01848851148165645,no_n2v,HRNet
90,-0.9973839501929689,-0.008769850724640094,0.9974225054530618,0.4222359785319696,0.3531444832826016,1.2985395417210468,07557,1000,0,0.75,denoised,90,90,1.0,0.0,2.9999999999999996,0.01848851148165645,no_n2v,HRNet
90,-0.1542883700571025,0.05356531666290465,0.16332221001466596,0.35777227682137414,0.37879033108750176,0.6286836721713318,07557,1000,0,0.75,raw,90,90,1.0,0.0,2.9999999999999996,0.01848851148165645,no_n2v,HRNet
90,-0.9670594331020368,0.004850066028595279,0.9670715952255626,0.4607439817292989,0.3786051323460012,1.2642509122886916,07557,1000,0,0.875,denoised,90,90,1.0,0.0,2.9999999999999996,0.01848851148165645,no_n2v,HRNet
90,-0.13587524572808718,0.03880475105183656,0.14130778855343779,0.34573213202581,0.4397931558826824,0.6696638243994887,07557,1000,0,0.875,raw,90,90,1.0,0.0,2.9999999999999996,0.01848851148165645,no_n2v,HRNet
90,-0.3119797376422184,-0.09914833226349629,0.3273556910914183,0.3513178997984699,0.5249968137771082,0.881872140834809,07557,1000,1,0.0,denoised,90,90,1.0,0.0,2.9999999999999996,0.01848851148165645,no_n2v,HRNet
90,-0.060612339851921604,-0.017298832411881904,0.0630325736832887,0.19399878489199465,0.3896226279851012,0.5505913789925732,07557,1000,1,0.0,raw,90,90,1.0,0.0,2.9999999999999996,0.01848851148165645,no_n2v,HRNet
90,-0.3454863278833713,-0.018201408787689388,0.3459654520847319,0.39194869927362846,0.42834289800424385,0.8692111562561439,07557,1000,1,0.125,denoised,90,90,1.0,0.0,2.9999999999999996,0.01848851148165645,no_n2v,HRNet
90,-0.03531572033888608,0.05042644635692817,0.06156319188640698,0.19938843860787706,0.39408782623186356,0.5312985130214866,07557,1000,1,0.125,raw,90,90,1.0,0.0,2.9999999999999996,0.01848851148165645,no_n2v,HRNet
90,-0.4995431377673043,-0.003251130789053036,0.4995537171734502,0.44369829847852243,0.3842644349948391,0.9365087078027702,07557,1000,1,0.25,denoised,90,90,1.0,0.0,2.9999999999999996,0.01848851148165645,no_n2v,HRNet
90,-0.021804795313926206,0.018392481485999923,0.02852599645753095,0.2511565740092352,0.39395206968442625,0.5431322541619281,07557,1000,1,0.25,raw,90,90,1.0,0.0,2.9999999999999996,0.01848851148165645,no_n2v,HRNet
90,-0.7738504698049766,0.016522646434708577,0.7740268389807872,0.42642958291245586,0.40161879900569736,1.0844516577138053,07557,1000,1,0.375,denoised,90,90,1.0,0.0,2.9999999999999996,0.01848851148165645,no_n2v,HRNet
90,-0.01722747706801897,0.06328474888438507,0.06558769250010855,0.21916109362196137,0.4102018202918578,0.5530190577426078,07557,1000,1,0.375,raw,90,90,1.0,0.0,2.9999999999999996,0.01848851148165645,no_n2v,HRNet
90,-0.8826477515506923,-0.006323834328256339,0.8826704051899009,0.4077970732573526,0.32486142556569425,1.1854953666823786,07557,1000,1,0.5,denoised,90,90,1.0,0.0,2.9999999999999996,0.01848851148165645,no_n2v,HRNet
90,-0.06234127635349296,0.0256288656160919,0.06740380916647276,0.2817759082171658,0.372782615418933,0.5990281374968878,07557,1000,1,0.5,raw,90,90,1.0,0.0,2.9999999999999996,0.01848851148165645,no_n2v,HRNet
90,-0.959325188506746,0.0024836598210100647,0.9593284035561598,0.4552907575936729,0.33531491233624505,1.2398667950708886,07557,1000,1,0.625,denoised,90,90,1.0,0.0,2.9999999999999996,0.01848851148165645,no_n2v,HRNet
90,-0.06971308409259791,0.025877445372103125,0.07436098622724022,0.259974132492648,0.43220214129450235,0.5949285359869184,07557,1000,1,0.625,raw,90,90,1.0,0.0,2.9999999999999996,0.01848851148165645,no_n2v,HRNet
90,-0.9819516222854787,0.005785492507172307,0.9819686657081447,0.4429475836299299,0.32152558969273876,1.2319571506280527,07557,1000,1,0.75,denoised,90,90,1.0,0.0,2.9999999999999996,0.01848851148165645,no_n2v,HRNet
90,-0.08465295281335727,0.014560895169509536,0.0858961121830199,0.2965064253887081,0.2972908019086388,0.5965457765046503,07557,1000,1,0.75,raw,90,90,1.0,0.0,2.9999999999999996,0.01848851148165645,no_n2v,HRNet
90,-1.1365533232839127,0.00030098375285092516,1.136553363137396,0.4685017565697085,0.4030865369390255,1.3898500186704017,07557,1000,1,0.875,denoised,90,90,1.0,0.0,2.9999999999999996,0.01848851148165645,no_n2v,HRNet
90,-0.14353476938649834,0.04723252710847703,0.15110639179031535,0.3336053931191224,0.3841517967502309,0.6523601009241936,07557,1000,1,0.875,raw,90,90,1.0,0.0,2.9999999999999996,0.01848851148165645,no_n2v,HRNet
90,-0.3240984425868696,-0.07092102131509392,0.3317673759603412,0.3719398774864396,0.4730235449956236,0.8691798556190132,07557,1000,2,0.0,denoised,90,90,1.0,0.0,2.9999999999999996,0.01848851148165645,no_n2v,HRNet
90,-0.04074991935702599,0.025967050866995578,0.04832021997397422,0.2067764739763563,0.37946848015416895,0.5670814472379541,07557,1000,2,0.0,raw,90,90,1.0,0.0,2.9999999999999996,0.01848851148165645,no_n2v,HRNet
90,-0.3344612721311364,-0.0657964667525448,0.34087170254026194,0.37334699430683305,0.4521739081416776,0.8596813536266725,07557,1000,2,0.125,denoised,90,90,1.0,0.0,2.9999999999999996,0.01848851148165645,no_n2v,HRNet
90,-0.03438157619323334,0.0655809004184249,0.07404692621049488,0.22395092495858537,0.4142789960288937,0.5686075260445163,07557,1000,2,0.125,raw,90,90,1.0,0.0,2.9999999999999996,0.01848851148165645,no_n2v,HRNet
90,-0.49108084510539385,-0.0498145452887826,0.49360093734894384,0.3845401027757656,0.40835902488025067,0.9089661823183586,07557,1000,2,0.25,denoised,90,90,1.0,0.0,2.9999999999999996,0.01848851148165645,no_n2v,HRNet
90,-0.059877994357385944,0.02661106282891268,0.06552497900150354,0.24343852618709413,0.38300124969263166,0.5774496791325735,07557,1000,2,0.25,raw,90,90,1.0,0.0,2.9999999999999996,0.01848851148165645,no_n2v,HRNet
90,-0.7715252455464423,-0.0736772593604087,0.7750351882736416,0.38026751702814793,0.4623298999978749,1.0725637375091566,07557,1000,2,0.375,denoised,90,90,1.0,0.0,2.9999999999999996,0.01848851148165645,no_n2v,HRNet
90,-0.046003986491374604,0.029417263067770705,0.05460533068755287,0.2119367342642697,0.3400030190565736,0.5833592685096901,07557,1000,2,0.375,raw,90,90,1.0,0.0,2.9999999999999996,0.01848851148165645,no_n2v,HRNet
90,-0.9162692003540656,-0.039784816703743786,0.9171325308577977,0.41898371990044697,0.3518317116969588,1.1980795419767702,07557,1000,2,0.5,denoised,90,90,1.0,0.0,2.9999999999999996,0.01848851148165645,no_n2v,HRNet
90,-0.06529007133670461,0.022445494670915167,0.06904052176927734,0.26365207411387614,0.36196834869975225,0.5819154276748263,07557,1000,2,0.5,raw,90,90,1.0,0.0,2.9999999999999996,0.01848851148165645,no_n2v,HRNet
90,-1.0305076545714655,-0.043153452482890486,1.0314108039920737,0.5254239689971578,0.36959968244003744,1.3219122033489306,07557,1000,2,0.625,denoised,90,90,1.0,0.0,2.9999999999999996,0.01848851148165645,no_n2v,HRNet
90,-0.0950866316782708,-0.007814927665414473,0.095407235670754,0.26196123676769334,0.3863486200781168,0.5990208773287543,07557,1000,2,0.625,raw,90,90,1.0,0.0,2.9999999999999996,0.01848851148165645,no_n2v,HRNet
90,-0.960373092800566,-0.004214872441117734,0.9603823418436115,0.44938325104373256,0.360350793807128,1.270673496400053,07557,1000,2,0.75,denoised,90,90,1.0,0.0,2.9999999999999996,0.01848851148165645,no_n2v,HRNet
90,-0.14879570959121935,0.05144142138015617,0.15743691760945167,0.3462704859652447,0.4340230002298055,0.6222519718241926,07557,1000,2,0.75,raw,90,90,1.0,0.0,2.9999999999999996,0.01848851148165645,no_n2v,HRNet
90,-1.026137230356781,0.00835831612429061,1.026171270779259,0.480402300007595,0.42860992304842854,1.301603605308821,07557,1000,2,0.875,denoised,90,90,1.0,0.0,2.9999999999999996,0.01848851148165645,no_n2v,HRNet
90,-0.14914672695795161,-0.003825290150494709,0.1491957740923155,0.36917756645956545,0.3348867086724073,0.6484099388696439,07557,1000,2,0.875,raw,90,90,1.0,0.0,2.9999999999999996,0.01848851148165645,no_n2v,HRNet
80,-0.1577786610927916,0.19941116453269103,0.2542811798708626,0.2276736633868334,0.2663698806540264,0.5221670028854206,07443,50,0,0.0,denoised,160,80,1.0,0.5,2.9999999999999996,0.08778586867787412,no_n2v,HRNet
80,0.07447108985705775,0.06171800034160668,0.09672153219766802,0.3478367633580466,0.3643311925058956,0.48913076512202036,07443,50,0,0.0,raw,160,80,1.0,0.5,2.9999999999999996,0.08778586867787412,no_n2v,HRNet
80,0.008308224802661357,0.010820632580681888,0.01364231244392503,0.2501816407944824,0.2233577616068254,0.43210620694299895,07443,50,0,0.125,denoised,160,80,1.0,0.5,2.9999999999999996,0.08778586867787412,no_n2v,HRNet
80,0.09233239308411934,0.06351653794703793,0.11206971671873646,0.3032058906528213,0.3772302643025105,0.4202019188187521,07443,50,0,0.125,raw,160,80,1.0,0.5,2.9999999999999996,0.08778586867787412,no_n2v,HRNet
80,-0.17296921074630944,0.14303224523364122,0.224447256705841,0.2867898074825185,0.2705262788638955,0.5033970046654523,07443,50,0,0.25,denoised,160,80,1.0,0.5,2.9999999999999996,0.08778586867787412,no_n2v,HRNet
80,0.01581963035599898,0.10821551503356375,0.10936570942749792,0.25328043073016127,0.2344364463931772,0.4269553722058821,07443,50,0,0.25,raw,160,80,1.0,0.5,2.9999999999999996,0.08778586867787412,no_n2v,HRNet
80,-0.6290906060356036,0.24988295625414025,0.6769021217491873,0.22674103921036345,0.2872576681274114,0.801936174214762,07443,50,0,0.375,denoised,160,80,1.0,0.5,2.9999999999999996,0.08778586867787412,no_n2v,HRNet
80,-0.15727967846590474,0.1514209157650086,0.2183235923794133,0.30338582706040906,0.2521420417832872,0.5736428060753721,07443,50,0,0.375,raw,160,80,1.0,0.5,2.9999999999999996,0.08778586867787412,no_n2v,HRNet
80,-0.9095657078413706,0.015987302138341875,0.909706200215562,0.24783130368801504,0.33154453312664023,1.0108406771635308,07443,50,0,0.5,denoised,160,80,1.0,0.5,2.9999999999999996,0.08778586867787412,no_n2v,HRNet
80,-0.4873379253112544,0.07289426107146824,0.4927594004621659,0.27283906983309386,0.265864370822588,0.6513440299753794,07443,50,0,0.5,raw,160,80,1.0,0.5,2.9999999999999996,0.08778586867787412,no_n2v,HRNet
80,-0.9285093899040575,0.20990370298907024,0.9519397311114444,0.2758910023914706,0.19823621332563696,1.0605720975492425,07443,50,0,0.625,denoised,160,80,1.0,0.5,2.9999999999999996,0.08778586867787412,no_n2v,HRNet
80,-0.6119670340369536,0.12315006396720207,0.6242352032712605,0.2753311667438781,0.2896476549409039,0.7621627815493298,07443,50,0,0.625,raw,160,80,1.0,0.5,2.9999999999999996,0.08778586867787412,no_n2v,HRNet
80,-1.0579892288054573,0.05669341058901267,1.0595071264850373,0.28500993675901326,0.22949461557323872,1.1516113251879319,07443,50,0,0.75,denoised,160,80,1.0,0.5,2.9999999999999996,0.08778586867787412,no_n2v,HRNet
80,-0.7366194037356024,0.13487243801908022,0.7488649547795684,0.36648607979855885,0.2851823905568447,0.7507406882733623,07443,50,0,0.75,raw,160,80,1.0,0.5,2.9999999999999996,0.08778586867787412,no_n2v,HRNet
80,-1.1821667173148,0.1915743787993449,1.197588781735703,0.32196229007247934,0.3027897100450922,1.25046668331046,07443,50,0,0.875,denoised,160,80,1.0,0.5,2.9999999999999996,0.08778586867787412,no_n2v,HRNet
80,-0.4418797262461567,0.1002858623777314,0.4531169238289645,0.6016895911481185,0.35952336743743296,0.790767433652516,07443,50,0,0.875,raw,160,80,1.0,0.5,2.9999999999999996,0.08778586867787412,no_n2v,HRNet
80,-0.2190002584008468,0.09690661209292983,0.23948278570069967,0.2261382383252413,0.2796013571615253,0.5150456369258309,07443,50,1,0.0,denoised,160,80,1.0,0.5,2.9999999999999996,0.08778586867787412,no_n2v,HRNet
80,0.08698020876573764,0.04457460496337262,0.09773664678395728,0.31621970511989694,0.29684288508089773,0.487769197623782,07443,50,1,0.0,raw,160,80,1.0,0.5,2.9999999999999996,0.08778586867787412,no_n2v,HRNet
80,-0.02010256563645818,0.1649677985138709,0.16618810935708128,0.24663887520780894,0.2844199242434189,0.47202599209639917,07443,50,1,0.125,denoised,160,80,1.0,0.5,2.9999999999999996,0.08778586867787412,no_n2v,HRNet
80,0.03907580639363317,0.1424442471488483,0.14770674389179012,0.324504556413758,0.3270274533949491,0.4771414797159768,07443,50,1,0.125,raw,160,80,1.0,0.5,2.9999999999999996,0.08778586867787412,no_n2v,HRNet
80,-0.19038500837157812,0.00030807190928783257,0.19038525762502506,0.2738169051024929,0.3196581784780025,0.5151757968427729,07443,50,1,0.25,denoised,160,80,1.0,0.5,2.9999999999999996,0.08778586867787412,no_n2v,HRNet
80,-0.014903029878357898,0.09940592311868102,0.10051685356512284,0.33602385486879444,0.2822443249465688,0.47314981268756273,07443,50,1,0.25,raw,160,80,1.0,0.5,2.9999999999999996,0.08778586867787412,no_n2v,HRNet
80,-0.6359607278185777,0.17227027208443246,0.6588801818021084,0.25816398453742107,0.33040899563755316,0.7733712376383982,07443,50,1,0.375,denoised,160,80,1.0,0.5,2.9999999999999996,0.08778586867787412,no_n2v,HRNet
80,-0.12074360782107929,0.0816110287063303,0.14573736252641623,0.3302139685817178,0.3067720748122054,0.47495075376634865,07443,50,1,0.375,raw,160,80,1.0,0.5,2.9999999999999996,0.08778586867787412,no_n2v,HRNet
80,-0.8850320917027261,0.05162910482668792,0.8865367267118197,0.25111203679441185,0.267386278499211,0.990184738963074,07443,50,1,0.5,denoised,160,80,1.0,0.5,2.9999999999999996,0.08778586867787412,no_n2v,HRNet
80,-0.48798444401548835,0.0308218111590719,0.48895685049320126,0.376939784609899,0.37581368652670005,0.7039767148121571,07443,50,1,0.5,raw,160,80,1.0,0.5,2.9999999999999996,0.08778586867787412,no_n2v,HRNet
80,-0.9400957450363094,0.18718298437237735,0.958549675016336,0.22730788650574682,0.2699707433621598,1.095955469857433,07443,50,1,0.625,denoised,160,80,1.0,0.5,2.9999999999999996,0.08778586867787412,no_n2v,HRNet
80,-0.6115933618867029,0.09911344228900631,0.619572364414566,0.34896933613390385,0.3719559307768264,0.7400263851291182,07443,50,1,0.625,raw,160,80,1.0,0.5,2.9999999999999996,0.08778586867787412,no_n2v,HRNet
80,-1.0299076581067865,0.10894426019440218,1.035653724010256,0.24868549287033961,0.2076151380563923,1.1052834537952376,07443,50,1,0.75,denoised,160,80,1.0,0.5,2.9999999999999996,0.08778586867787412,no_n2v,HRNet
80,-0.736645517719678,0.10026128377612409,0.743437249403693,0.3363285302029404,0.3632409991241454,0.8631056033525399,07443,50,1,0.75,raw,160,80,1.0,0.5,2.9999999999999996,0.08778586867787412,no_n2v,HRNet
80,-1.1044165475440337,0.05945161692709178,1.106015553798557,0.2207703843821828,0.20783783456183547,1.1528780641771585,07443,50,1,0.875,denoised,160,80,1.0,0.5,2.9999999999999996,0.08778586867787412,no_n2v,HRNet
80,-0.8611394306283624,0.0016234940297330525,0.861140961002207,0.44473846232616054,0.3425163005031931,0.8951791098475077,07443,50,1,0.875,raw,160,80,1.0,0.5,2.9999999999999996,0.08778586867787412,no_n2v,HRNet
80,-0.2516185138102003,0.1449701953236726,0.2903932403211854,0.21913804987878563,0.1961142359511441,0.48633331836946664,07443,50,2,0.0,denoised,160,80,1.0,0.5,2.9999999999999996,0.08778586867787412,no_n2v,HRNet
80,0.07411971301722797,0.06046282416025406,0.09565294017012774,0.28350284367661227,0.2987584248304957,0.46306428589891885,07443,50,2,0.0,raw,160,80,1.0,0.5,2.9999999999999996,0.08778586867787412,no_n2v,HRNet
80,-0.0881936443768403,0.031090112793158653,0.09351317565968927,0.23601155240477734,0.2773229534406028,0.4266027354798551,07443,50,2,0.125,denoised,160,80,1.0,0.5,2.9999999999999996,0.08778586867787412,no_n2v,HRNet
80,0.03802171864898618,0.13668762151744573,0.1418772602114911,0.33307187140526795,0.2994873736163266,0.513306564369617,07443,50,2,0.125,raw,160,80,1.0,0.5,2.9999999999999996,0.08778586867787412,no_n2v,HRNet
80,-0.2989570146739098,0.2008057488117707,0.3601364260646127,0.26617173702179875,0.2956321252408392,0.5806507727091909,07443,50,2,0.25,denoised,160,80,1.0,0.5,2.9999999999999996,0.08778586867787412,no_n2v,HRNet
80,-0.040790009588739906,0.1970329027549127,0.20121080897972748,0.2645977463328181,0.4027492918468437,0.5110380107156067,07443,50,2,0.25,raw,160,80,1.0,0.5,2.9999999999999996,0.08778586867787412,no_n2v,HRNet
80,-0.6285827990157742,0.17777080336631101,0.6532371650082448,0.3249868502677679,0.20258777597718958,0.775051519822619,07443,50,2,0.375,denoised,160,80,1.0,0.5,2.9999999999999996,0.08778586867787412,no_n2v,HRNet
80,-0.07790911138962286,0.1559816790270787,0.17435628417016483,0.327468812364511,0.24912527871762222,0.5098116514409713,07443,50,2,0.375,raw,160,80,1.0,0.5,2.9999999999999996,0.08778586867787412,no_n2v,HRNet
80,-0.8963754321141053,0.23226278925415755,0.9259778175366137,0.2287011918212331,0.28695824924839614,0.9895151128925564,07443,50,2,0.5,denoised,160,80,1.0,0.5,2.9999999999999996,0.08778586867787412,no_n2v,HRNet
80,-0.48613943062836995,0.10860357178555802,0.4981227577778961,0.37113406906820956,0.3764930580825637,0.6577166140220568,07443,50,2,0.5,raw,160,80,1.0,0.5,2.9999999999999996,0.08778586867787412,no_n2v,HRNet
80,-1.0128547749394734,0.18766398192269662,1.030093474024942,0.25641727145082666,0.2348249189588163,1.1233363618059424,07443,50,2,0.625,denoised,160,80,1.0,0.5,2.9999999999999996,0.08778586867787412,no_n2v,HRNet
80,-0.61341787054601,0.1473956308883686,0.630877924728851,0.2694157165743584,0.2338282497523618,0.7503933028540851,07443,50,2,0.625,raw,160,80,1.0,0.5,2.9999999999999996,0.08778586867787412,no_n2v,HRNet
80,-1.0649174050181927,0.22248758418041348,1.0879107521415154,0.27750223061534424,0.2037332923970783,1.1561859396594434,07443,50,2,0.75,denoised,160,80,1.0,0.5,2.9999999999999996,0.08778586867787412,no_n2v,HRNet
80,-0.7366455177196798,0.07453170461555203,0.7404063706974671,0.30386119697335817,0.33089300096452356,0.8158767549164829,07443,50,2,0.75,raw,160,80,1.0,0.5,2.9999999999999996,0.08778586867787412,no_n2v,HRNet
80,-1.1229822629442512,0.13527702214389592,1.1311008070050659,0.26070449804814855,0.2525273182112694,1.1741865129261075,07443,50,2,0.875,denoised,160,80,1.0,0.5,2.9999999999999996,0.08778586867787412,no_n2v,HRNet
80,-0.5961275602460177,0.08768720691094245,0.6025422095925826,0.4958231740449319,0.2909651228873865,0.8079337117603469,07443,50,2,0.875,raw,160,80,1.0,0.5,2.9999999999999996,0.08778586867787412,no_n2v,HRNet
80,-0.07123777297003642,0.15616515949873389,0.171646081630183,0.23787929961732507,0.16597566724959414,0.4612498401290558,07443,200,0,0.0,denoised,160,80,1.0,0.5,2.9962760994011095,0.04653343828650632,no_n2v,HRNet
80,0.08628522555117302,0.07564968927900395,0.11475197443367433,0.2045594321768055,0.23173046443908726,0.3299959156978311,07443,200,0,0.0,raw,160,80,1.0,0.5,2.9962760994011095,0.04653343828650632,no_n2v,HRNet
80,-0.03557936762123859,0.10064727063932821,0.10675094607296659,0.21665113737334862,0.15589473914394783,0.39430315811909206,07443,200,0,0.125,denoised,160,80,1.0,0.5,2.9962760994011095,0.04653343828650632,no_n2v,HRNet
80,0.011605610398333965,0.06836383257854095,0.0693419339039855,0.2191022585570236,0.20910559033888512,0.3208812619207414,07443,200,0,0.125,raw,160,80,1.0,0.5,2.9962760994011095,0.04653343828650632,no_n2v,HRNet
80,-0.2037713347030774,0.18486824820891457,0.27513455988389834,0.1994922043864007,0.12469691555306486,0.4814545881056842,07443,200,0,0.25,denoised,160,80,1.0,0.5,2.9962760994011095,0.04653343828650632,no_n2v,HRNet
80,0.0772613875429613,0.09885785993365914,0.12546791811346286,0.20195133230556978,0.20862401450406154,0.3182033994255017,07443,200,0,0.25,raw,160,80,1.0,0.5,2.9962760994011095,0.04653343828650632,no_n2v,HRNet
80,-0.5775217452039954,0.15864826379876718,0.598916219341096,0.22467380804043993,0.1216108455618335,0.6823706002295945,07443,200,0,0.375,denoised,160,80,1.0,0.5,2.9962760994011095,0.04653343828650632,no_n2v,HRNet
80,-0.07301179801923263,0.09064211865053906,0.11639036181514183,0.2309276383287074,0.19684207599728443,0.3338422192187444,07443,200,0,0.375,raw,160,80,1.0,0.5,2.9962760994011095,0.04653343828650632,no_n2v,HRNet
80,-0.7662213376575018,0.19965558292183516,0.791806472614053,0.2042894081839827,0.19306711205986854,0.8277466932129284,07443,200,0,0.5,denoised,160,80,1.0,0.5,2.9962760994011095,0.04653343828650632,no_n2v,HRNet
80,-0.48568549937003525,0.0693384488189217,0.4906100536912536,0.017213438011518825,0.17736289633572422,0.4632851508979273,07443,200,0,0.5,raw,160,80,1.0,0.5,2.9962760994011095,0.04653343828650632,no_n2v,HRNet
80,-0.8426192714213201,0.20198241970150832,0.8664895466415463,0.1972849838350729,0.1873715034455139,0.8993445368306796,07443,200,0,0.625,denoised,160,80,1.0,0.5,2.9962760994011095,0.04653343828650632,no_n2v,HRNet
80,-0.6094468181959463,0.1280087159401262,0.6227452573611482,0.2398453764387377,0.1975554803071113,0.536776197404466,07443,200,0,0.625,raw,160,80,1.0,0.5,2.9962760994011095,0.04653343828650632,no_n2v,HRNet
80,-1.0209771577454987,0.2573634634203614,1.052915148025614,0.25252713459007353,0.2208630846790422,1.104287056921025,07443,200,0,0.75,denoised,160,80,1.0,0.5,2.9962760994011095,0.04653343828650632,no_n2v,HRNet
80,-0.24520335167876084,0.07435442847974372,0.2562289302733932,0.4134743590902095,0.1652123305327895,0.5078951564165343,07443,200,0,0.75,raw,160,80,1.0,0.5,2.9962760994011095,0.04653343828650632,no_n2v,HRNet
80,-0.8942933660200794,0.15916012865012164,0.9083460634909181,0.2536535806131192,0.19761762597880295,0.959148939288973,07443,200,0,0.875,denoised,160,80,1.0,0.5,2.9962760994011095,0.04653343828650632,no_n2v,HRNet
80,-0.1734582166954226,0.060746329296549106,0.18378756612502645,0.2578334466998584,0.1821402864100717,0.46700735558069445,07443,200,0,0.875,raw,160,80,1.0,0.5,2.9962760994011095,0.04653343828650632,no_n2v,HRNet
80,-0.03539617772991477,0.16630320343728755,0.17002836490242315,0.21673912923238864,0.20292271713314178,0.4447013753119642,07443,200,1,0.0,denoised,160,80,1.0,0.5,2.9962760994011095,0.04653343828650632,no_n2v,HRNet
80,0.06367684347095404,0.16996974505728701,0.18150607325724263,0.19128587283612034,0.21486540144231542,0.33312096575996003,07443,200,1,0.0,raw,160,80,1.0,0.5,2.9962760994011095,0.04653343828650632,no_n2v,HRNet
80,-0.0036789174271589786,0.11475622744765701,0.11481518266960272,0.2170454264595764,0.1651174309396762,0.43553961212981335,07443,200,1,0.125,denoised,160,80,1.0,0.5,2.9962760994011095,0.04653343828650632,no_n2v,HRNet
80,0.0619283837511424,0.11265991864166836,0.1285588658256446,0.19393945189495304,0.20500922675928435,0.31533773225729816,07443,200,1,0.125,raw,160,80,1.0,0.5,2.9962760994011095,0.04653343828650632,no_n2v,HRNet
80,-0.17871291090992258,0.12231297971104382,0.21656123737107744,0.2103795307880957,0.18092746248943978,0.4422967059715154,07443,200,1,0.25,denoised,160,80,1.0,0.5,2.9962760994011095,0.04653343828650632,no_n2v,HRNet
80,0.04389972514558016,0.03627158241931028,0.05694570711702772,0.208681405598036,0.1557197681626719,0.27762471414955264,07443,200,1,0.25,raw,160,80,1.0,0.5,2.9962760994011095,0.04653343828650632,no_n2v,HRNet
80,-0.5215435786619551,0.21917130217552483,0.5657241060276945,0.1997471519573438,0.17844074432008758,0.6653878778182859,07443,200,1,0.375,denoised,160,80,1.0,0.5,2.9962760994011095,0.04653343828650632,no_n2v,HRNet
80,-0.03357295236796176,0.0988609707872925,0.10440610459023615,0.28429601758640083,0.15346375790729366,0.31617904496665544,07443,200,1,0.375,raw,160,80,1.0,0.5,2.9962760994011095,0.04653343828650632,no_n2v,HRNet
80,-0.721267662138132,0.271279686502254,0.7705969820567478,0.19118425081472756,0.20016149841125883,0.8298904432277591,07443,200,1,0.5,denoised,160,80,1.0,0.5,2.9962760994011095,0.04653343828650632,no_n2v,HRNet
80,-0.20135989068951687,0.09572803891764181,0.22295663931247198,0.42288714439692954,0.1910151290685924,0.42405828654245603,07443,200,1,0.5,raw,160,80,1.0,0.5,2.9962760994011095,0.04653343828650632,no_n2v,HRNet
80,-0.7699255915075582,0.21981954123348757,0.8006909810697036,0.2005437040361134,0.19225019978356533,0.8594357986818234,07443,200,1,0.625,denoised,160,80,1.0,0.5,2.9962760994011095,0.04653343828650632,no_n2v,HRNet
80,-0.6100661587829848,0.1363095476076559,0.6251087992191677,0.13601494780161386,0.2059800130592722,0.5351720151343836,07443,200,1,0.625,raw,160,80,1.0,0.5,2.9962760994011095,0.04653343828650632,no_n2v,HRNet
80,-0.9007246662031125,0.18241504739462755,0.9190104318356199,0.18755801435260996,0.19399554921494766,0.9722986478881687,07443,200,1,0.75,denoised,160,80,1.0,0.5,2.9962760994011095,0.04653343828650632,no_n2v,HRNet
80,-0.20664692321989264,0.08291818828858766,0.2226620237609231,0.3517942365363434,0.19635784796942232,0.5067467362455275,07443,200,1,0.75,raw,160,80,1.0,0.5,2.9962760994011095,0.04653343828650632,no_n2v,HRNet
80,-0.8244625141862727,0.15672053129655694,0.8392256920687218,0.21750474466790978,0.17161359990063804,0.8767234060936103,07443,200,1,0.875,denoised,160,80,1.0,0.5,2.9962760994011095,0.04653343828650632,no_n2v,HRNet
80,-0.18224103416699222,0.07054563365018396,0.1954187323706732,0.26516230009428093,0.20969552466300498,0.4338377112257321,07443,200,1,0.875,raw,160,80,1.0,0.5,2.9962760994011095,0.04653343828650632,no_n2v,HRNet
80,-0.10124937087286412,0.156673219322208,0.1865420401811224,0.1868067346565677,0.15600718509591,0.443008739837432,07443,200,2,0.0,denoised,160,80,1.0,0.5,2.9962760994011095,0.04653343828650632,no_n2v,HRNet
80,0.08367860015623307,0.06170724847316933,0.10397063353772636,0.26009447630477045,0.16867007698545583,0.31535608021639167,07443,200,2,0.0,raw,160,80,1.0,0.5,2.9962760994011095,0.04653343828650632,no_n2v,HRNet
80,-0.00691481059599397,0.12330208042752488,0.12349582034763074,0.22573501441525376,0.16121655440430005,0.3956858041080992,07443,200,2,0.125,denoised,160,80,1.0,0.5,2.9962760994011095,0.04653343828650632,no_n2v,HRNet
80,0.052642080473788155,0.06634870557149952,0.0846955687602505,0.2203857189197819,0.21728632549177448,0.34150301132007715,07443,200,2,0.125,raw,160,80,1.0,0.5,2.9962760994011095,0.04653343828650632,no_n2v,HRNet
80,-0.16939680117016565,0.19481234362394773,0.25816104561869846,0.23048346164867867,0.1811258505021734,0.4610189904809996,07443,200,2,0.25,denoised,160,80,1.0,0.5,2.9962760994011095,0.04653343828650632,no_n2v,HRNet
80,0.0027688193535158057,0.1281692608450271,0.12819916452993366,0.25069977683936673,0.1989523710055434,0.3085503548736828,07443,200,2,0.25,raw,160,80,1.0,0.5,2.9962760994011095,0.04653343828650632,no_n2v,HRNet
80,-0.6683817267664907,0.26006284933740176,0.7171937104303439,0.21283639918158448,0.21350957287194494,0.7859956969920159,07443,200,2,0.375,denoised,160,80,1.0,0.5,2.9962760994011095,0.04653343828650632,no_n2v,HRNet
80,-0.11628498523421626,0.07602506646792051,0.13893166853663577,0.23408798641734482,0.20307170214866224,0.33926548803612083,07443,200,2,0.375,raw,160,80,1.0,0.5,2.9962760994011095,0.04653343828650632,no_n2v,HRNet
80,-0.6808246027535318,0.18611030724862587,0.7058039289906811,0.19599541162063633,0.2153063328485269,0.7866257280416556,07443,200,2,0.5,denoised,160,80,1.0,0.5,2.9962760994011095,0.04653343828650632,no_n2v,HRNet
80,-0.48659336188669045,0.07208658061945528,0.4919040302107688,0.05694430004597496,0.23093203948009625,0.5054089340828483,07443,200,2,0.5,raw,160,80,1.0,0.5,2.9962760994011095,0.04653343828650632,no_n2v,HRNet
80,-0.732250000469385,0.202654296646827,0.7597755110141643,0.1994698135565551,0.17289524535913145,0.8344935839650812,07443,200,2,0.625,denoised,160,80,1.0,0.5,2.9962760994011095,0.04653343828650632,no_n2v,HRNet
80,-0.6106854993700352,0.12546865233064608,0.6234413860648793,0.0038170605589663373,0.18995253031158127,0.5523737317449744,07443,200,2,0.625,raw,160,80,1.0,0.5,2.9962760994011095,0.04653343828650632,no_n2v,HRNet
80,-0.8152861497701736,0.19411413049986237,0.8380762505087419,0.23972457372840988,0.1817392038020996,0.8924293685763025,07443,200,2,0.75,denoised,160,80,1.0,0.5,2.9962760994011095,0.04653343828650632,no_n2v,HRNet
80,-0.22025664080290142,0.10178557692949397,0.24263819049903967,0.39368753593900757,0.18492016569959913,0.5132462617965005,07443,200,2,0.75,raw,160,80,1.0,0.5,2.9962760994011095,0.04653343828650632,no_n2v,HRNet
80,-0.8513004455668387,0.1721317015496524,0.8685285092043189,0.22629317474902788,0.11720966572974598,0.8908975836421463,07443,200,2,0.875,denoised,160,80,1.0,0.5,2.9962760994011095,0.04653343828650632,no_n2v,HRNet
80,-0.24260812278305366,0.03499065794881773,0.24511843542256956,0.1617995185735868,0.20626731273045748,0.4440002573595979,07443,200,2,0.875,raw,160,80,1.0,0.5,2.9962760994011095,0.04653343828650632,no_n2v,HRNet
80,0.09459510199310373,0.11807226455346154,0.1512920783711702,0.09859256289098703,0.1298514398579883,0.29467010202729965,07443,1000,0,0.0,denoised,160,80,1.0,0.5,2.9999999999999996,0.021401889573518757,no_n2v,HRNet
80,0.07675982746998056,0.07473926453971558,0.1071355626165223,0.13571404999861314,0.11938292724851685,0.23282212999925292,07443,1000,0,0.0,raw,160,80,1.0,0.5,2.9999999999999996,0.021401889573518757,no_n2v,HRNet
80,0.1184201248926442,0.12224572776804621,0.17019795514966893,0.1651109406354691,0.14027031261531828,0.3038336675443519,07443,1000,0,0.125,denoised,160,80,1.0,0.5,2.9999999999999996,0.021401889573518757,no_n2v,HRNet
80,0.09054254728367539,0.06305688816784993,0.1103364129108307,0.12756757053095774,0.1401929876239976,0.2439088310174784,07443,1000,0,0.125,raw,160,80,1.0,0.5,2.9999999999999996,0.021401889573518757,no_n2v,HRNet
80,0.04597898197109629,0.10999001276146458,0.11921354658915882,0.12011304367674175,0.145546862813967,0.2820671301714339,07443,1000,0,0.25,denoised,160,80,1.0,0.5,2.9999999999999996,0.021401889573518757,no_n2v,HRNet
80,0.09845446982792794,0.08644663450883172,0.13102023983721717,0.16094515980394708,0.16210850310982702,0.24041095827750955,07443,1000,0,0.25,raw,160,80,1.0,0.5,2.9999999999999996,0.021401889573518757,no_n2v,HRNet
80,-0.13784407261900355,0.12150550106716906,0.18375139494920018,0.15926857911506026,0.14550427265653945,0.3589010409904634,07443,1000,0,0.375,denoised,160,80,1.0,0.5,2.9999999999999996,0.021401889573518757,no_n2v,HRNet
80,0.08796560667408215,0.05596930835764624,0.10426174483276508,0.14681007176907296,0.11248744506579332,0.23555969629742396,07443,1000,0,0.375,raw,160,80,1.0,0.5,2.9999999999999996,0.021401889573518757,no_n2v,HRNet
80,-0.2300513514770799,0.122731350002244,0.26074241808690096,0.1698537688756135,0.134877780317554,0.3802340245666588,07443,1000,0,0.5,denoised,160,80,1.0,0.5,2.9999999999999996,0.021401889573518757,no_n2v,HRNet
80,0.007152943180734894,0.07682409067807328,0.07715637047360151,0.24220567410142274,0.12907731243378154,0.32881204342512266,07443,1000,0,0.5,raw,160,80,1.0,0.5,2.9999999999999996,0.021401889573518757,no_n2v,HRNet
80,-0.2883526389165638,0.1273118237976547,0.315207145935544,0.2001853659074391,0.16346372480220492,0.42408544007238197,07443,1000,0,0.625,denoised,160,80,1.0,0.5,2.9999999999999996,0.021401889573518757,no_n2v,HRNet
80,0.0637459144188135,0.07545551157444308,0.09877791166071294,0.18054886808321877,0.15762736767765728,0.3175642250381355,07443,1000,0,0.625,raw,160,80,1.0,0.5,2.9999999999999996,0.021401889573518757,no_n2v,HRNet
80,-0.29501012039401076,0.10747963566778651,0.31397904901150464,0.22251263593022352,0.13801719504170593,0.41343811609445824,07443,1000,0,0.75,denoised,160,80,1.0,0.5,2.9999999999999996,0.021401889573518757,no_n2v,HRNet
80,0.09014762986331704,0.08755047109853464,0.12566495199358077,0.14577280193006925,0.1569509364694576,0.3301810200196074,07443,1000,0,0.75,raw,160,80,1.0,0.5,2.9999999999999996,0.021401889573518757,no_n2v,HRNet
80,-0.2740744429717594,0.13411353704831797,0.3051282371559387,0.18164785868712396,0.1333457733770309,0.42642579566922056,07443,1000,0,0.875,denoised,160,80,1.0,0.5,2.9999999999999996,0.021401889573518757,no_n2v,HRNet
80,0.09918933397701224,0.06997831360263262,0.12138981979338989,0.15145693420390585,0.12985705763906316,0.33987422514996757,07443,1000,0,0.875,raw,160,80,1.0,0.5,2.9999999999999996,0.021401889573518757,no_n2v,HRNet
80,0.08091715359021023,0.10994935510295178,0.1365153706829259,0.13250092536414038,0.1343222238878569,0.2869714677356703,07443,1000,1,0.0,denoised,160,80,1.0,0.5,2.9999999999999996,0.021401889573518757,no_n2v,HRNet
80,0.05664405299584274,0.05305027234819448,0.07760721703561757,0.115182828068047,0.1688831926696784,0.2142097789969727,07443,1000,1,0.0,raw,160,80,1.0,0.5,2.9999999999999996,0.021401889573518757,no_n2v,HRNet
80,0.12838953705949407,0.1263754900935119,0.180151707520985,0.13281774938879762,0.14190325685093252,0.30462774152380584,07443,1000,1,0.125,denoised,160,80,1.0,0.5,2.9999999999999996,0.021401889573518757,no_n2v,HRNet
80,0.10741268347148747,0.09744592343796654,0.14502824747346288,0.16048431048395118,0.16531643087614137,0.24162030286147163,07443,1000,1,0.125,raw,160,80,1.0,0.5,2.9999999999999996,0.021401889573518757,no_n2v,HRNet
80,0.04609014345780338,0.12179861305217798,0.13022750656215099,0.14129885859432342,0.12178519058273776,0.2995669011963116,07443,1000,1,0.25,denoised,160,80,1.0,0.5,2.9999999999999996,0.021401889573518757,no_n2v,HRNet
80,0.11278750202016852,0.06649842299730935,0.13093151214691823,0.10971071613575559,0.14632709392954932,0.22334246122370663,07443,1000,1,0.25,raw,160,80,1.0,0.5,2.9999999999999996,0.021401889573518757,no_n2v,HRNet
80,-0.1381728466073362,0.14222425620345547,0.19829138809388722,0.16866796564137745,0.14210950100935035,0.35755789880239686,07443,1000,1,0.375,denoised,160,80,1.0,0.5,2.9999999999999996,0.021401889573518757,no_n2v,HRNet
80,0.05223533847960482,0.09946239237306287,0.11234455074747506,0.131709561820824,0.12304245496890519,0.2421852457416737,07443,1000,1,0.375,raw,160,80,1.0,0.5,2.9999999999999996,0.021401889573518757,no_n2v,HRNet
80,-0.2567725755081618,0.13857181641935767,0.2917778330148725,0.15827899570520088,0.15410634910596693,0.4109015290376464,07443,1000,1,0.5,denoised,160,80,1.0,0.5,2.9999999999999996,0.021401889573518757,no_n2v,HRNet
80,0.05762542660262682,0.07213818226838242,0.09232879903974217,0.17843196804916994,0.13564537989725475,0.3097040604569597,07443,1000,1,0.5,raw,160,80,1.0,0.5,2.9999999999999996,0.021401889573518757,no_n2v,HRNet
80,-0.2942366767328224,0.13416720566977958,0.323382221236747,0.1995896157606601,0.15349955961180747,0.452971423046727,07443,1000,1,0.625,denoised,160,80,1.0,0.5,2.9999999999999996,0.021401889573518757,no_n2v,HRNet
80,0.07354361099760709,0.10699175460536026,0.12983026716486792,0.1363633127415169,0.15243792079710422,0.3501834354042026,07443,1000,1,0.625,raw,160,80,1.0,0.5,2.9999999999999996,0.021401889573518757,no_n2v,HRNet
80,-0.26977424798513283,0.12198079751959767,0.2960700252296085,0.20530507556530503,0.18754238455841654,0.4545511440562236,07443,1000,1,0.75,denoised,160,80,1.0,0.5,2.9999999999999996,0.021401889573518757,no_n2v,HRNet
80,0.10456511917122668,0.06696643176224626,0.12417071768440587,0.1367641342302736,0.13495108344129986,0.32804055438672275,07443,1000,1,0.75,raw,160,80,1.0,0.5,2.9999999999999996,0.021401889573518757,no_n2v,HRNet
80,-0.22806669554790915,0.11803232686066423,0.2567996257829932,0.21469198755711075,0.15897369897253427,0.399333021384053,07443,1000,1,0.875,denoised,160,80,1.0,0.5,2.9999999999999996,0.021401889573518757,no_n2v,HRNet
80,0.08214347968510438,0.08294834469003831,0.11673893584230825,0.1560316421784356,0.12570042234608828,0.33191356328218297,07443,1000,1,0.875,raw,160,80,1.0,0.5,2.9999999999999996,0.021401889573518757,no_n2v,HRNet
80,0.09999840316749342,0.09274619132051143,0.1363874504509468,0.1153454589211824,0.15099476640607426,0.28085344677334895,07443,1000,2,0.0,denoised,160,80,1.0,0.5,2.9999999999999996,0.021401889573518757,no_n2v,HRNet
80,0.09561645441047872,0.06877256513023156,0.11778018538202042,0.12657158722810838,0.17281506841505997,0.22804106909917402,07443,1000,2,0.0,raw,160,80,1.0,0.5,2.9999999999999996,0.021401889573518757,no_n2v,HRNet
80,0.1157685233729211,0.12176800635554841,0.16801725618445104,0.13064872558576512,0.14844076651498048,0.3036113735927755,07443,1000,2,0.125,denoised,160,80,1.0,0.5,2.9999999999999996,0.021401889573518757,no_n2v,HRNet
80,0.09296625358720689,0.10401833881925171,0.13950820447829407,0.13321118017921835,0.1611750123851652,0.2362315820679031,07443,1000,2,0.125,raw,160,80,1.0,0.5,2.9999999999999996,0.021401889573518757,no_n2v,HRNet
80,0.030556324435874416,0.12794836659346842,0.13154646888824878,0.1144574175921583,0.13595211120950054,0.303818675528053,07443,1000,2,0.25,denoised,160,80,1.0,0.5,2.9999999999999996,0.021401889573518757,no_n2v,HRNet
80,0.10018718990163578,0.042530210890824094,0.10884067189614552,0.15142183979807447,0.1464311546382528,0.23424479143031007,07443,1000,2,0.25,raw,160,80,1.0,0.5,2.9999999999999996,0.021401889573518757,no_n2v,HRNet
80,-0.11899717712127966,0.13969117579761203,0.18350463961042662,0.17266544526619784,0.140262537752665,0.33769038533195617,07443,1000,2,0.375,denoised,160,80,1.0,0.5,2.9999999999999996,0.021401889573518757,no_n2v,HRNet
80,0.11904608935976224,0.09472045968968601,0.15213131457947088,0.13297081347038311,0.17485415849551925,0.2616125064037448,07443,1000,2,0.375,raw,160,80,1.0,0.5,2.9999999999999996,0.021401889573518757,no_n2v,HRNet
80,-0.18966753720761886,0.1257497171945623,0.22756705834745916,0.17312969284099788,0.1635091016307201,0.36061301355476416,07443,1000,2,0.5,denoised,160,80,1.0,0.5,2.9999999999999996,0.021401889573518757,no_n2v,HRNet
80,0.07966713334769082,0.06096475930863221,0.10031726677595541,0.20231085516091363,0.14860187955292128,0.3104138359616601,07443,1000,2,0.5,raw,160,80,1.0,0.5,2.9999999999999996,0.021401889573518757,no_n2v,HRNet
80,-0.24185549503866355,0.11865004363999532,0.26939174697115315,0.21177918786875619,0.14513450751294882,0.4272121163654928,07443,1000,2,0.625,denoised,160,80,1.0,0.5,2.9999999999999996,0.021401889573518757,no_n2v,HRNet
80,0.08250421805699659,0.03749614157960934,0.09062508830646485,0.16544659833330103,0.13945141868109026,0.3300551341725403,07443,1000,2,0.625,raw,160,80,1.0,0.5,2.9999999999999996,0.021401889573518757,no_n2v,HRNet
80,-0.29413568903769516,0.13453597595037792,0.32344355363896243,0.21020437256476657,0.1487307754062388,0.46398061660075135,07443,1000,2,0.75,denoised,160,80,1.0,0.5,2.9999999999999996,0.021401889573518757,no_n2v,HRNet
80,0.09363666220747291,0.05995671362256516,0.11118737346378264,0.1433969992859598,0.11956743151547444,0.32099989549767205,07443,1000,2,0.75,raw,160,80,1.0,0.5,2.9999999999999996,0.021401889573518757,no_n2v,HRNet
80,-0.29458541820361717,0.10037396946493615,0.31121616661791196,0.21562636081960201,0.156618464980173,0.4387207802369326,07443,1000,2,0.875,denoised,160,80,1.0,0.5,2.9999999999999996,0.021401889573518757,no_n2v,HRNet
80,0.07530332841525933,0.05494160326644959,0.09321572313673454,0.11291253303785422,0.1283860705767077,0.32329444191547646,07443,1000,2,0.875,raw,160,80,1.0,0.5,2.9999999999999996,0.021401889573518757,no_n2v,HRNet
131,-0.12567404728577714,0.1743463971571373,0.21492006040121522,0.34732367606553377,0.34361767712603847,0.537431073213334,07364,50,0,0.0,denoised,131,133,0.9849624060150376,0.0,2.9999999999999996,0.08057374454848279,no_n2v,SwinUNet
131,-0.01854734987369966,0.06707406298551177,0.06959119278128395,0.259778310283578,0.30190526583882604,0.4209430629956879,07364,50,0,0.0,raw,131,133,0.9849624060150376,0.0,2.9999999999999996,0.08057374454848279,no_n2v,SwinUNet
132,-0.1263169542764686,0.15346568823468587,0.19876541551041838,0.3109345385069858,0.3219032144355962,0.5677206301302532,07364,50,0,0.125,denoised,132,133,0.9924812030075187,0.0,2.9999999999999996,0.08057374454848279,no_n2v,SwinUNet
131,-0.0654240907865713,0.05020512481117834,0.08246736453019168,0.3107622505804757,0.3332684461739249,0.47771855099710847,07364,50,0,0.125,raw,131,133,0.9849624060150376,0.0,2.9999999999999996,0.08057374454848279,no_n2v,SwinUNet
132,-0.13843490548208592,0.13226686627551487,0.19146474080148282,0.2978016219603905,0.35449388984430313,0.5542897826159109,07364,50,0,0.25,denoised,132,133,0.9924812030075187,0.0,2.9999999999999996,0.08057374454848279,no_n2v,SwinUNet
131,-0.02717159875038533,0.014537660993440227,0.03081621920048167,0.23554896732705935,0.2984232263389278,0.44145357197621304,07364,50,0,0.25,raw,132,133,0.9849624060150376,0.007575757575757569,2.9999999999999996,0.08057374454848279,no_n2v,SwinUNet
132,-0.1769986021422767,0.12757400694816567,0.21818256669388272,0.34937670946569965,0.3964303175415373,0.5899716327352195,07364,50,0,0.375,denoised,132,133,0.9924812030075187,0.0,2.9999999999999996,0.08057374454848279,no_n2v,SwinUNet
131,0.06336306810720771,0.0386694084606205,0.0742307318477526,0.2380696256558172,0.37577029649988275,0.45762918608811426,07364,50,0,0.375,raw,131,133,0.9849624060150376,0.0,2.9999999999999996,0.08057374454848279,no_n2v,SwinUNet
131,-0.11114335816775167,0.14597729385423008,0.18347265841484223,0.3646190306925517,0.32955396335971443,0.5444348542452054,07364,50,0,0.5,denoised,131,133,0.9849624060150376,0.0,2.9999999999999996,0.08057374454848279,no_n2v,SwinUNet
131,-0.024584775016592175,0.10059881236730916,0.10355931736125693,0.2553456003458125,0.3186037564080404,0.46550149289455806,07364,50,0,0.5,raw,131,133,0.9849624060150376,0.0,2.9999999999999996,0.08057374454848279,no_n2v,SwinUNet
132,-0.1503496516065539,0.17523742836304024,0.23089645739487602,0.316262065831873,0.32607315995747777,0.5813957168741823,07364,50,0,0.625,denoised,132,133,0.9924812030075187,0.0,2.9999999999999996,0.08057374454848279,no_n2v,SwinUNet
131,-0.0031431345068710925,0.023011934498981645,0.023225598461906326,0.26293150135675,0.35116821480359484,0.4400281333405721,07364,50,0,0.625,raw,131,133,0.9849624060150376,0.0,2.9999999999999996,0.08057374454848279,no_n2v,SwinUNet
132,-0.12441691703945068,0.19240527140388686,0.22912738315095582,0.28606043402197784,0.3078019063855675,0.5628639542477224,07364,50,0,0.75,denoised,132,133,0.9924812030075187,0.0,2.9999999999999996,0.08057374454848279,no_n2v,SwinUNet
132,-0.01107913256121762,0.11291005989852465,0.11345231952056978,0.27113592737603603,0.2944260784071732,0.5047555216111315,07364,50,0,0.75,raw,132,133,0.9924812030075187,0.0,2.9999999999999996,0.08057374454848279,no_n2v,SwinUNet
131,-0.11016236754306874,0.14610563824970768,0.18298252580792684,0.3305089430635835,0.33812306708694523,0.5491613094318094,07364,50,0,0.875,denoised,131,133,0.9849624060150376,0.0,2.9999999999999996,0.08057374454848279,no_n2v,SwinUNet
131,0.013268805715668464,0.06952655974584587,0.07078137972103138,0.3080921896981839,0.3009732251005922,0.4343314368913327,07364,50,0,0.875,raw,131,133,0.9849624060150376,0.0,2.9999999999999996,0.08057374454848279,no_n2v,SwinUNet
131,-0.11943747643277902,0.17961927154914292,0.21570441230646023,0.3203940910479395,0.27446286456081814,0.5181996705728041,07364,50,1,0.0,denoised,131,133,0.9849624060150376,0.0,2.9999999999999996,0.08057374454848279,no_n2v,SwinUNet
131,-0.023554665095417704,0.08623764773282261,0.08939661142486159,0.28116374315037496,0.30064273479180853,0.48169496645947635,07364,50,1,0.0,raw,131,133,0.9849624060150376,0.0,2.9999999999999996,0.08057374454848279,no_n2v,SwinUNet
131,-0.14877640963554484,0.1699333334077835,0.22585782666784948,0.3262236372826913,0.3539790376436722,0.5762884365120737,07364,50,1,0.125,denoised,131,133,0.9849624060150376,0.0,2.9999999999999996,0.08057374454848279,no_n2v,SwinUNet
131,0.020986284373123,0.10998882773708374,0.1119730608618317,0.27273474964459044,0.3425877938750644,0.4867874495640196,07364,50,1,0.125,raw,131,133,0.9849624060150376,0.0,2.9999999999999996,0.08057374454848279,no_n2v,SwinUNet
131,-0.13968899571491633,0.15531442573131926,0.20889132668469362,0.25492702249487736,0.31704411432995233,0.519576303707545,07364,50,1,0.25,denoised,131,133,0.9849624060150376,0.0,2.9999999999999996,0.08057374454848279,no_n2v,SwinUNet
131,0.02464330554792582,0.12309998975430858,0.12554242305228663,0.3368430618726568,0.2779810784507382,0.45795909764904225,07364,50,1,0.25,raw,131,133,0.9849624060150376,0.0,2.9999999999999996,0.08057374454848279,no_n2v,SwinUNet
131,-0.15240521535312723,0.16477060921543796,0.22444755139689018,0.34451423037618983,0.30633796628233584,0.543930706872142,07364,50,1,0.375,denoised,131,133,0.9849624060150376,0.0,2.9999999999999996,0.08057374454848279,no_n2v,SwinUNet
131,-0.015364114243165972,0.10253542825361706,0.103680133360397,0.30703941096624277,0.3167589576116285,0.46888509331423783,07364,50,1,0.375,raw,131,133,0.9849624060150376,0.0,2.9999999999999996,0.08057374454848279,no_n2v,SwinUNet
131,-0.1172828973291189,0.18521617896129783,0.21922662008737934,0.3358100067751337,0.31432202242893437,0.5593925352497067,07364,50,1,0.5,denoised,131,133,0.9849624060150376,0.0,2.9999999999999996,0.08057374454848279,no_n2v,SwinUNet
132,-0.014405275332314282,0.12502575896493617,0.12585289969705943,0.31530828723489096,0.337079281636547,0.5312315814051698,07364,50,1,0.5,raw,132,133,0.9924812030075187,0.0,2.9999999999999996,0.08057374454848279,no_n2v,SwinUNet
131,-0.12493886512633878,0.17451452249820498,0.21462767431492605,0.3308628285723504,0.3559774199440227,0.5581898209728484,07364,50,1,0.625,denoised,131,133,0.9849624060150376,0.0,2.9999999999999996,0.08057374454848279,no_n2v,SwinUNet
131,0.008148045576128027,0.08468576520633064,0.08507684453065018,0.25128189972886883,0.2708857539690968,0.4480155595877266,07364,50,1,0.625,raw,131,133,0.9849624060150376,0.0,2.9999999999999996,0.08057374454848279,no_n2v,SwinUNet
132,-0.18326944349347585,0.19594831960055004,0.2682972845048709,0.3646449884379968,0.36440353535725056,0.5782803941906225,07364,50,1,0.75,denoised,132,133,0.9924812030075187,0.0,2.9999999999999996,0.08057374454848279,no_n2v,SwinUNet
132,-0.028201729304916157,0.022593707472879032,0.03613603676605663,0.29393620545673316,0.29790729756519546,0.48108422681855395,07364,50,1,0.75,raw,132,133,0.9924812030075187,0.0,2.9999999999999996,0.08057374454848279,no_n2v,SwinUNet
131,-0.15262647410003183,0.14400282771134698,0.20983721067787658,0.38954535719892097,0.29623730046455204,0.5264885991392932,07364,50,1,0.875,denoised,131,133,0.9849624060150376,0.0,2.9999999999999996,0.08057374454848279,no_n2v,SwinUNet
131,0.0005534443317287696,0.10059474927237488,0.10059627170924522,0.23621996602399872,0.3007761923929539,0.4168787138190545,07364,50,1,0.875,raw,131,133,0.9849624060150376,0.0,2.9999999999999996,0.08057374454848279,no_n2v,SwinUNet
132,-0.12729868348242235,0.17605170678496052,0.2172536726461849,0.30651457147501554,0.3169859336702922,0.5472501947705283,07364,50,2,0.0,denoised,132,133,0.9924812030075187,0.0,2.9999999999999996,0.08057374454848279,no_n2v,SwinUNet
132,-0.023948287636656573,0.05643970512910812,0.06131036450543017,0.25302613783153705,0.31118368404821317,0.4506438838098848,07364,50,2,0.0,raw,132,133,0.9924812030075187,0.0,2.9999999999999996,0.08057374454848279,no_n2v,SwinUNet
132,-0.08838116208735514,0.1411062913879455,0.16649989573921997,0.3463144987033337,0.27177747736529345,0.5559476442363257,07364,50,2,0.125,denoised,132,133,0.9924812030075187,0.0,2.9999999999999996,0.08057374454848279,no_n2v,SwinUNet
131,0.02482559432740672,0.060234877621468286,0.06515021577694298,0.26588280506576023,0.308379164507187,0.421959703173513,07364,50,2,0.125,raw,131,133,0.9849624060150376,0.0,2.9999999999999996,0.08057374454848279,no_n2v,SwinUNet
132,-0.10255084403391379,0.1720311046356926,0.20027824788090376,0.3631602096062158,0.2965729597488385,0.5587546237528727,07364,50,2,0.25,denoised,132,133,0.9924812030075187,0.0,2.9999999999999996,0.08057374454848279,no_n2v,SwinUNet
132,-0.006362242628405568,0.10661018827958202,0.10679986131203836,0.32754707046228987,0.28946926526482275,0.49521682658639454,07364,50,2,0.25,raw,132,133,0.9924812030075187,0.0,2.9999999999999996,0.08057374454848279,no_n2v,SwinUNet
132,-0.17777119308694278,0.16757620159477682,0.24430386904936313,0.3619492773540741,0.32149266371077045,0.6031002359258364,07364,50,2,0.375,denoised,132,133,0.9924812030075187,0.0,2.9999999999999996,0.08057374454848279,no_n2v,SwinUNet
131,-0.011703887851240324,0.04470806577444364,0.04621463119106751,0.28971240213516825,0.30725973397185335,0.46455956845422003,07364,50,2,0.375,raw,131,133,0.9849624060150376,0.0,2.9999999999999996,0.08057374454848279,no_n2v,SwinUNet
132,-0.15130236162437427,0.18071066748797904,0.23568782314125575,0.3560950706132804,0.30501762574431845,0.564215812205663,07364,50,2,0.5,denoised,132,133,0.9924812030075187,0.0,2.9999999999999996,0.08057374454848279,no_n2v,SwinUNet
132,0.034893566050483216,0.06395534796810409,0.07285497570818833,0.29256963615439385,0.27730903551559377,0.47222249231645996,07364,50,2,0.5,raw,132,133,0.9924812030075187,0.0,2.9999999999999996,0.08057374454848279,no_n2v,SwinUNet
132,-0.13359772871021036,0.18025440944597904,0.2243657844709073,0.31905237692609384,0.3447634094614484,0.5754756829962933,07364,50,2,0.625,denoised,132,133,0.9924812030075187,0.0,2.9999999999999996,0.08057374454848279,no_n2v,SwinUNet
131,-0.0039956162873409085,0.08340702535576838,0.08350267557517815,0.2787492512696319,0.2940475349848196,0.4818660973085664,07364,50,2,0.625,raw,132,133,0.9849624060150376,0.007575757575757569,2.9999999999999996,0.08057374454848279,no_n2v,SwinUNet
132,-0.13952398064659377,0.13580254003833403,0.19470303299212982,0.3342962920880458,0.3746791604310621,0.5946140661689245,07364,50,2,0.75,denoised,132,133,0.9924812030075187,0.0,2.9999999999999996,0.08057374454848279,no_n2v,SwinUNet
131,-0.0391579819504102,0.08559480429551058,0.09412660661478989,0.27740053986729524,0.32252049521135817,0.46887430009495185,07364,50,2,0.75,raw,131,133,0.9849624060150376,0.0,2.9999999999999996,0.08057374454848279,no_n2v,SwinUNet
131,-0.09103343161814337,0.1684162996562577,0.191444863242871,0.3274126574096178,0.3330859884102503,0.5397156039488428,07364,50,2,0.875,denoised,131,133,0.9849624060150376,0.0,2.9999999999999996,0.08057374454848279,no_n2v,SwinUNet
131,0.02300514366339712,0.04569299071687283,0.051157463146893505,0.2573658933471393,0.27905545313430474,0.46449433044841654,07364,50,2,0.875,raw,131,133,0.9849624060150376,0.0,2.9999999999999996,0.08057374454848279,no_n2v,SwinUNet
132,-0.09981158227478915,0.11207653411187835,0.15007831773686708,0.2556903567906035,0.26834429595938675,0.459523392538256,07364,200,0,0.0,denoised,132,133,0.9924812030075187,0.0,2.999999999999986,0.04165850907281803,no_n2v,SwinUNet
131,-0.003803461560718091,0.02417456521041572,0.024471941544481145,0.16399934993164028,0.17334422899892138,0.32216869450348595,07364,200,0,0.0,raw,132,133,0.9849624060150376,0.007575757575757569,2.999999999999986,0.04165850907281803,no_n2v,SwinUNet
131,-0.06731212400763553,0.12880004611196227,0.14532850345635198,0.25804062388458265,0.2573958172084216,0.4672824916388934,07364,200,0,0.125,denoised,131,133,0.9849624060150376,0.0,2.999999999999986,0.04165850907281803,no_n2v,SwinUNet
131,0.012491871622398065,0.04412924875140334,0.04586324729010918,0.18860442353007167,0.17953425804476697,0.36214284146084214,07364,200,0,0.125,raw,131,133,0.9849624060150376,0.0,2.999999999999986,0.04165850907281803,no_n2v,SwinUNet
131,-0.1243048368219064,0.13017931734196964,0.17999540861072544,0.2991432450012963,0.28146275489145256,0.4732733810051496,07364,200,0,0.25,denoised,131,133,0.9849624060150376,0.0,2.999999999999986,0.04165850907281803,no_n2v,SwinUNet
131,-0.0038805738013536484,0.02279988840550118,0.02312777041418086,0.22101603707698458,0.18460304034105338,0.33136052221427403,07364,200,0,0.25,raw,131,133,0.9849624060150376,0.0,2.999999999999986,0.04165850907281803,no_n2v,SwinUNet
131,-0.07995918186493611,0.13597379644593843,0.15774138355051737,0.2529911972051673,0.2605956958381602,0.46249575231162937,07364,200,0,0.375,denoised,131,133,0.9849624060150376,0.0,2.999999999999986,0.04165850907281803,no_n2v,SwinUNet
131,-0.0057258525915528935,0.016487554377960123,0.01745350501378978,0.18936869211943302,0.21857393627133642,0.35082704309748675,07364,200,0,0.375,raw,131,133,0.9849624060150376,0.0,2.999999999999986,0.04165850907281803,no_n2v,SwinUNet
131,-0.09879032321475734,0.1684399707908142,0.19527301841495295,0.2757413677391169,0.27544622619966413,0.4514175470454508,07364,200,0,0.5,denoised,131,133,0.9849624060150376,0.0,2.999999999999986,0.04165850907281803,no_n2v,SwinUNet
131,0.03283153887267076,0.028692534273687897,0.04360242502194627,0.17583489972433086,0.19415514497064176,0.3187453753008751,07364,200,0,0.5,raw,131,133,0.9849624060150376,0.0,2.999999999999986,0.04165850907281803,no_n2v,SwinUNet
131,-0.07734681519926312,0.17088135900766588,0.18757123627511696,0.25417528337651885,0.25383876025741337,0.45099488423887535,07364,200,0,0.625,denoised,131,133,0.9849624060150376,0.0,2.999999999999986,0.04165850907281803,no_n2v,SwinUNet
131,0.03557673387107663,0.053988693757773376,0.06465665508363426,0.1622310892371647,0.17314746596205016,0.31118924913015655,07364,200,0,0.625,raw,131,133,0.9849624060150376,0.0,2.999999999999986,0.04165850907281803,no_n2v,SwinUNet
131,-0.05804260994634092,0.16053689498576773,0.1707074667993597,0.3145710271704684,0.2233837299295683,0.4531605327411904,07364,200,0,0.75,denoised,131,133,0.9849624060150376,0.0,2.999999999999986,0.04165850907281803,no_n2v,SwinUNet
131,0.00651076447354626,0.044152832441739065,0.044630288668776025,0.19137916666042748,0.19431822512800334,0.30824438821167427,07364,200,0,0.75,raw,131,133,0.9849624060150376,0.0,2.999999999999986,0.04165850907281803,no_n2v,SwinUNet
131,-0.07642622138703814,0.15968835169596218,0.17703484680388173,0.2588512073822105,0.23093675719521314,0.45031731374981765,07364,200,0,0.875,denoised,131,133,0.9849624060150376,0.0,2.999999999999986,0.04165850907281803,no_n2v,SwinUNet
131,0.024284311564002792,-0.003058592036211394,0.024476167456967922,0.19531156909508995,0.20590218876640723,0.31206728433680037,07364,200,0,0.875,raw,131,133,0.9849624060150376,0.0,2.999999999999986,0.04165850907281803,no_n2v,SwinUNet
132,-0.08385643403094178,0.12668248823660733,0.1519221983589095,0.3043541313881351,0.24417951686528788,0.48479121397308655,07364,200,1,0.0,denoised,132,133,0.9924812030075187,0.0,2.999999999999986,0.04165850907281803,no_n2v,SwinUNet
131,0.001261567462847779,0.002952241488110019,0.0032104956420207524,0.18418407134427264,0.17628662782950305,0.3336949172393037,07364,200,1,0.0,raw,131,133,0.9849624060150376,0.0,2.999999999999986,0.04165850907281803,no_n2v,SwinUNet
131,-0.11693827700986503,0.16790046380114632,0.20460969276814814,0.2574116214680763,0.26254726210527957,0.46677281607651877,07364,200,1,0.125,denoised,131,133,0.9849624060150376,0.0,2.999999999999986,0.04165850907281803,no_n2v,SwinUNet
131,-0.024729854002970342,0.018293859259413736,0.030760867439190754,0.15883418150801165,0.21194436662361563,0.32101220789109847,07364,200,1,0.125,raw,131,133,0.9849624060150376,0.0,2.999999999999986,0.04165850907281803,no_n2v,SwinUNet
131,-0.09726020476499997,0.14330627454859268,0.17319421397935425,0.2622542724126562,0.2512969965033119,0.4500384818550907,07364,200,1,0.25,denoised,131,133,0.9849624060150376,0.0,2.999999999999986,0.04165850907281803,no_n2v,SwinUNet
131,0.009685931891368682,0.03567781932532199,0.03696923137440853,0.19510995344825235,0.21161905575266687,0.3160808332110983,07364,200,1,0.25,raw,131,133,0.9849624060150376,0.0,2.999999999999986,0.04165850907281803,no_n2v,SwinUNet
131,-0.08849180448470406,0.16525015454195113,0.18745242873085913,0.23324060615369985,0.27027339962825697,0.45468719908340566,07364,200,1,0.375,denoised,131,133,0.9849624060150376,0.0,2.999999999999986,0.04165850907281803,no_n2v,SwinUNet
131,0.005679380471818263,0.015440639944230838,0.01645201277750074,0.15908861084371875,0.1742911498446929,0.32541281455368753,07364,200,1,0.375,raw,132,133,0.9849624060150376,0.007575757575757569,2.999999999999986,0.04165850907281803,no_n2v,SwinUNet
131,-0.0417334123881119,0.16916185394435956,0.17423378128092454,0.27705378598563074,0.24755745079085126,0.44317993390792365,07364,200,1,0.5,denoised,131,133,0.9849624060150376,0.0,2.999999999999986,0.04165850907281803,no_n2v,SwinUNet
131,-0.00023585176614915326,0.003425282882886904,0.0034333932025612354,0.18818550907449266,0.19979362038630766,0.32972598523710533,07364,200,1,0.5,raw,131,133,0.9849624060150376,0.0,2.999999999999986,0.04165850907281803,no_n2v,SwinUNet
131,-0.08156083610461451,0.1853634336062271,0.20251363535420017,0.28775665073837103,0.2641145014199443,0.4567387902350258,07364,200,1,0.625,denoised,131,133,0.9849624060150376,0.0,2.999999999999986,0.04165850907281803,no_n2v,SwinUNet
131,0.010764374944827182,0.025004760980074536,0.027223332632568726,0.1701962135402405,0.22635816886936688,0.3141348840351145,07364,200,1,0.625,raw,131,133,0.9849624060150376,0.0,2.999999999999986,0.04165850907281803,no_n2v,SwinUNet
131,-0.10303136626103537,0.15979116196442078,0.19012805651864054,0.25300430786386163,0.23741308248023776,0.4510948075147992,07364,200,1,0.75,denoised,131,133,0.9849624060150376,0.0,2.999999999999986,0.04165850907281803,no_n2v,SwinUNet
131,-0.024088751264685015,-0.002023195047797799,0.024173565225123445,0.16493839345180186,0.20115483086421398,0.305047692145507,07364,200,1,0.75,raw,131,133,0.9849624060150376,0.0,2.999999999999986,0.04165850907281803,no_n2v,SwinUNet
131,-0.10219511053392694,0.1402964187507223,0.17357109705051577,0.26502304604316806,0.27531669890587196,0.4669974984616139,07364,200,1,0.875,denoised,131,133,0.9849624060150376,0.0,2.999999999999986,0.04165850907281803,no_n2v,SwinUNet
131,-0.018374676576655702,0.01641928032653084,0.024641864899757532,0.1744094372196691,0.2005352411945256,0.3074522517719972,07364,200,1,0.875,raw,131,133,0.9849624060150376,0.0,2.999999999999986,0.04165850907281803,no_n2v,SwinUNet
131,-0.058489050166627976,0.14588671231037154,0.15717474930192646,0.24324927804573812,0.2684287058223459,0.4456205627656771,07364,200,2,0.0,denoised,131,133,0.9849624060150376,0.0,2.999999999999986,0.04165850907281803,no_n2v,SwinUNet
131,0.018373908295558294,0.03020877284575363,0.03535774968659527,0.21098450153572393,0.21622043039649302,0.33922347532933217,07364,200,2,0.0,raw,131,133,0.9849624060150376,0.0,2.999999999999986,0.04165850907281803,no_n2v,SwinUNet
132,-0.09523129211089554,0.135421416209347,0.16555349276066605,0.24401531657480866,0.26199503821258097,0.4933300625376632,07364,200,2,0.125,denoised,132,133,0.9924812030075187,0.0,2.999999999999986,0.04165850907281803,no_n2v,SwinUNet
131,-0.0015221068190243159,0.01770224022675393,0.017767558026195535,0.18123450499726276,0.22950770377794824,0.323138930484048,07364,200,2,0.125,raw,131,133,0.9849624060150376,0.0,2.999999999999986,0.04165850907281803,no_n2v,SwinUNet
131,-0.1122235575399202,0.1600640742749988,0.19548563819479964,0.27868437904339455,0.2808703548202548,0.46974242396007315,07364,200,2,0.25,denoised,131,133,0.9849624060150376,0.0,2.999999999999986,0.04165850907281803,no_n2v,SwinUNet
131,-0.007684088098585562,0.026999741606815064,0.028071894427373525,0.18101474280635063,0.2121898000808159,0.31862122583543745,07364,200,2,0.25,raw,131,133,0.9849624060150376,0.0,2.999999999999986,0.04165850907281803,no_n2v,SwinUNet
131,-0.10772897836267248,0.14589904772859086,0.1813616963616485,0.24038178516010478,0.26171513044882044,0.44426350451117347,07364,200,2,0.375,denoised,131,133,0.9849624060150376,0.0,2.999999999999986,0.04165850907281803,no_n2v,SwinUNet
131,0.009519178883920176,0.047406930629414035,0.04835319884274614,0.20668631013225006,0.2197862249666768,0.31078550259875326,07364,200,2,0.375,raw,131,133,0.9849624060150376,0.0,2.999999999999986,0.04165850907281803,no_n2v,SwinUNet
132,-0.09436279045414153,0.15488720628331976,0.18136808675327606,0.2799746184566271,0.2667943928879909,0.5009331267859103,07364,200,2,0.5,denoised,132,133,0.9924812030075187,0.0,2.999999999999986,0.04165850907281803,no_n2v,SwinUNet
131,0.010489297145767296,0.030100373836759786,0.031875662498603775,0.20641056773962443,0.20837700456807481,0.33088437218440864,07364,200,2,0.5,raw,131,133,0.9849624060150376,0.0,2.999999999999986,0.04165850907281803,no_n2v,SwinUNet
131,-0.09588168120956198,0.16805967287146473,0.1934873392169002,0.2646594309486155,0.23653073014583753,0.4575259762341839,07364,200,2,0.625,denoised,131,133,0.9849624060150376,0.0,2.999999999999986,0.04165850907281803,no_n2v,SwinUNet
131,-0.01790686130702568,0.04579879474029269,0.04917504734652032,0.18879869613093458,0.16950951632933972,0.3160286662650021,07364,200,2,0.625,raw,131,133,0.9849624060150376,0.0,2.999999999999986,0.04165850907281803,no_n2v,SwinUNet
131,-0.051892936726090966,0.16217895843945485,0.17027886375755655,0.260342547836113,0.25714855311187734,0.44340110732828225,07364,200,2,0.75,denoised,131,133,0.9849624060150376,0.0,2.999999999999986,0.04165850907281803,no_n2v,SwinUNet
131,0.029876758199137043,0.02448597346057113,0.03862879207018382,0.18308220662719696,0.17785954952610278,0.31763251721263663,07364,200,2,0.75,raw,131,133,0.9849624060150376,0.0,2.999999999999986,0.04165850907281803,no_n2v,SwinUNet
131,-0.08713419962984403,0.15327627525567777,0.1763121813755017,0.25583845294888236,0.23604091540343974,0.45802033593170627,07364,200,2,0.875,denoised,131,133,0.9849624060150376,0.0,2.999999999999986,0.04165850907281803,no_n2v,SwinUNet
131,0.014991875118084863,0.03899703860619752,0.041779484673814635,0.20149544572639247,0.20793835566027719,0.33713373406365954,07364,200,2,0.875,raw,131,133,0.9849624060150376,0.0,2.999999999999986,0.04165850907281803,no_n2v,SwinUNet
131,-0.046356174059894784,0.13701054911777533,0.14464019304130366,0.2502822778517373,0.23676716656168997,0.4252169433101701,07364,1000,0,0.0,denoised,131,133,0.9849624060150376,0.0,2.9999999999999996,0.0195394456310795,no_n2v,SwinUNet
131,-0.003755866320830137,-0.028562905753091172,0.0288087854113969,0.1258543581347228,0.13695081309090462,0.2337999704477489,07364,1000,0,0.0,raw,131,133,0.9849624060150376,0.0,2.9999999999999996,0.0195394456310795,no_n2v,SwinUNet
131,-0.08253561216271521,0.1540326307900699,0.17475176286144908,0.2560777987503567,0.22322557801273807,0.42464229506764833,07364,1000,0,0.125,denoised,131,133,0.9849624060150376,0.0,2.9999999999999996,0.0195394456310795,no_n2v,SwinUNet
131,0.0151864172962064,-0.023866223229987327,0.028288228674805772,0.13088204826852678,0.1429601086018198,0.24598387930582694,07364,1000,0,0.125,raw,131,133,0.9849624060150376,0.0,2.9999999999999996,0.0195394456310795,no_n2v,SwinUNet
131,-0.06368759445291516,0.13600224798416605,0.15017563432176867,0.21280778894280947,0.24233977458680897,0.41380204525565856,07364,1000,0,0.25,denoised,131,133,0.9849624060150376,0.0,2.9999999999999996,0.0195394456310795,no_n2v,SwinUNet
131,0.011290041425951358,-0.014410760757868957,0.018306694431825577,0.11552789519831659,0.12310078248590275,0.249800937224853,07364,1000,0,0.25,raw,131,133,0.9849624060150376,0.0,2.9999999999999996,0.0195394456310795,no_n2v,SwinUNet
131,-0.06666361388835185,0.1504498470971427,0.16455757019416906,0.22625938303251877,0.22811655815254225,0.4211018476963152,07364,1000,0,0.375,denoised,131,133,0.9849624060150376,0.0,2.9999999999999996,0.0195394456310795,no_n2v,SwinUNet
131,-0.0011543846767096966,-0.024910958996159138,0.02493769199605577,0.12189658556994117,0.12689604943760943,0.22057739791451175,07364,1000,0,0.375,raw,131,133,0.9849624060150376,0.0,2.9999999999999996,0.0195394456310795,no_n2v,SwinUNet
131,-0.06903604686178255,0.1528768384106911,0.16774177621794398,0.23115324571285642,0.2349076558698659,0.4192738977212459,07364,1000,0,0.5,denoised,131,133,0.9849624060150376,0.0,2.9999999999999996,0.0195394456310795,no_n2v,SwinUNet
131,-0.0005224986685163913,-0.02657920593364338,0.026584341122578622,0.12922859653751476,0.12839913397721037,0.23752862877085693,07364,1000,0,0.5,raw,131,133,0.9849624060150376,0.0,2.9999999999999996,0.0195394456310795,no_n2v,SwinUNet
131,-0.052130834277818394,0.1506690236119823,0.15943267719852616,0.24772022017017606,0.2285762681525503,0.4146363069539378,07364,1000,0,0.625,denoised,131,133,0.9849624060150376,0.0,2.9999999999999996,0.0195394456310795,no_n2v,SwinUNet
131,0.0017035607911850548,-0.017699581594172287,0.01778137531177005,0.12508203308299506,0.16243435581296486,0.24100992538488036,07364,1000,0,0.625,raw,131,133,0.9849624060150376,0.0,2.9999999999999996,0.0195394456310795,no_n2v,SwinUNet
131,-0.07494144628921617,0.14398893443924088,0.1623238541092081,0.23930694923170756,0.23849018756041096,0.4225942433343996,07364,1000,0,0.75,denoised,131,133,0.9849624060150376,0.0,2.9999999999999996,0.0195394456310795,no_n2v,SwinUNet
131,-0.003652655905057145,-0.008161722640430469,0.008941790179827758,0.10828774891743391,0.12695174726576336,0.24492749037130468,07364,1000,0,0.75,raw,131,133,0.9849624060150376,0.0,2.9999999999999996,0.0195394456310795,no_n2v,SwinUNet
131,-0.07513733627610009,0.14589465934193413,0.1641062793654367,0.23522959416813088,0.2420464737626424,0.41690176623129493,07364,1000,0,0.875,denoised,131,133,0.9849624060150376,0.0,2.9999999999999996,0.0195394456310795,no_n2v,SwinUNet
131,0.01780399168623603,-0.014894002833443665,0.023212355338616323,0.12252766374969391,0.1456898459479134,0.22639467684509154,07364,1000,0,0.875,raw,131,133,0.9849624060150376,0.0,2.9999999999999996,0.0195394456310795,no_n2v,SwinUNet
131,-0.0736119340946999,0.16442275500492087,0.18014871413521294,0.24035300775933657,0.23648580335530522,0.42876460086050533,07364,1000,1,0.0,denoised,131,133,0.9849624060150376,0.0,2.9999999999999996,0.0195394456310795,no_n2v,SwinUNet
131,0.0008104027093907007,-0.007116543287196464,0.007162537323457997,0.13753986775267812,0.12764299840058768,0.21824138352270378,07364,1000,1,0.0,raw,131,133,0.9849624060150376,0.0,2.9999999999999996,0.0195394456310795,no_n2v,SwinUNet
131,-0.054096694081749774,0.13659030101857184,0.14691277222528507,0.22606971600917805,0.21464570420387893,0.41545985902983174,07364,1000,1,0.125,denoised,131,133,0.9849624060150376,0.0,2.9999999999999996,0.0195394456310795,no_n2v,SwinUNet
131,-0.007092620369633096,-0.02152685873096516,0.022665191605867028,0.11095872280597656,0.14637629484709372,0.25041241068112036,07364,1000,1,0.125,raw,131,133,0.9849624060150376,0.0,2.9999999999999996,0.0195394456310795,no_n2v,SwinUNet
131,-0.045594502714081386,0.1473601054828464,0.15425258301130645,0.24523412912797113,0.23228401775964924,0.42132933933256583,07364,1000,1,0.25,denoised,131,133,0.9849624060150376,0.0,2.9999999999999996,0.0195394456310795,no_n2v,SwinUNet
131,0.022008853372227577,3.3207458159267844e-05,0.022008878424297103,0.1395475895325718,0.13463034216171166,0.23534290788626008,07364,1000,1,0.25,raw,131,133,0.9849624060150376,0.0,2.9999999999999996,0.0195394456310795,no_n2v,SwinUNet
131,-0.06810151831930966,0.1569244658656146,0.17106462166270298,0.22167293099313573,0.2571471005476556,0.4164590815858292,07364,1000,1,0.375,denoised,131,133,0.9849624060150376,0.0,2.9999999999999996,0.0195394456310795,no_n2v,SwinUNet
131,0.00779218461821074,-0.026995266743654156,0.02809737652673858,0.12824822145058654,0.11818821732203537,0.23727598797153523,07364,1000,1,0.375,raw,131,133,0.9849624060150376,0.0,2.9999999999999996,0.0195394456310795,no_n2v,SwinUNet
131,-0.051137586192780304,0.1444391431751626,0.15322440668117843,0.22471067733473885,0.247583438018767,0.41246550384503605,07364,1000,1,0.5,denoised,131,133,0.9849624060150376,0.0,2.9999999999999996,0.0195394456310795,no_n2v,SwinUNet
131,0.00918942150762092,-0.017116432410873017,0.01942724185572183,0.11152619204017314,0.13256131461198697,0.24957878131773364,07364,1000,1,0.5,raw,131,133,0.9849624060150376,0.0,2.9999999999999996,0.0195394456310795,no_n2v,SwinUNet
131,-0.0708998475013054,0.13943195168076272,0.1564226886523017,0.2353417359007611,0.2346930269392293,0.42748239517741454,07364,1000,1,0.625,denoised,131,133,0.9849624060150376,0.0,2.9999999999999996,0.0195394456310795,no_n2v,SwinUNet
131,0.002792480247840956,-0.011744750188512398,0.012072162313568514,0.1340850227926178,0.11299487945436464,0.22690996561404153,07364,1000,1,0.625,raw,131,133,0.9849624060150376,0.0,2.9999999999999996,0.0195394456310795,no_n2v,SwinUNet
131,-0.057726275682171035,0.13983284870212742,0.15127970280340344,0.21862203706162345,0.2296731992047824,0.40930354530945895,07364,1000,1,0.75,denoised,131,133,0.9849624060150376,0.0,2.9999999999999996,0.0195394456310795,no_n2v,SwinUNet
131,0.001041130669804602,-0.00851501311093017,0.008578426507869637,0.12727581961914533,0.11406905418924826,0.23362796034090808,07364,1000,1,0.75,raw,131,133,0.9849624060150376,0.0,2.9999999999999996,0.0195394456310795,no_n2v,SwinUNet
131,-0.06707302220777223,0.14517052857495116,0.15991645529718015,0.2275495886163982,0.24757894169500783,0.4193325956300893,07364,1000,1,0.875,denoised,131,133,0.9849624060150376,0.0,2.9999999999999996,0.0195394456310795,no_n2v,SwinUNet
131,0.0027572487785363364,-0.01443964492585792,0.014700536262721659,0.13549370904855038,0.12834718309192653,0.22531329950576245,07364,1000,1,0.875,raw,131,133,0.9849624060150376,0.0,2.9999999999999996,0.0195394456310795,no_n2v,SwinUNet
131,-0.06694053180387982,0.14059595802990543,0.1557185223810359,0.24871904751517293,0.24385277491723728,0.4327772989178979,07364,1000,2,0.0,denoised,131,133,0.9849624060150376,0.0,2.9999999999999996,0.0195394456310795,no_n2v,SwinUNet
131,0.01546985503750875,-0.014847373612809633,0.02144203623912362,0.11419413704507099,0.14762774724955266,0.24174233956322655,07364,1000,2,0.0,raw,131,133,0.9849624060150376,0.0,2.9999999999999996,0.0195394456310795,no_n2v,SwinUNet
131,-0.03265241277246389,0.14171498998565113,0.14542805247439905,0.2225398074176699,0.21992449792461025,0.414872298950846,07364,1000,2,0.125,denoised,131,133,0.9849624060150376,0.0,2.9999999999999996,0.0195394456310795,no_n2v,SwinUNet
131,0.020820061584117866,-0.02017357478379722,0.028990482643859512,0.11648574050399103,0.13816971800711297,0.23863520799842677,07364,1000,2,0.125,raw,131,133,0.9849624060150376,0.0,2.9999999999999996,0.0195394456310795,no_n2v,SwinUNet
131,-0.06888076421921596,0.14902243696529638,0.16417139336223882,0.2226565088912149,0.22638901890901536,0.4181857890914265,07364,1000,2,0.25,denoised,131,133,0.9849624060150376,0.0,2.9999999999999996,0.0195394456310795,no_n2v,SwinUNet
131,0.010228121005710022,-0.0292899295275717,0.031024416691334638,0.09591038462645317,0.14641062270898347,0.22992774931021978,07364,1000,2,0.25,raw,131,133,0.9849624060150376,0.0,2.9999999999999996,0.0195394456310795,no_n2v,SwinUNet
131,-0.07410871726560764,0.14292244963539247,0.1609935669041936,0.22154959495819154,0.23690202355517265,0.4104455912420349,07364,1000,2,0.375,denoised,131,133,0.9849624060150376,0.0,2.9999999999999996,0.0195394456310795,no_n2v,SwinUNet
131,0.0003903311720989677,-0.012853870645024301,0.012859795837529055,0.121452548431623,0.12700215462092906,0.22784301669033388,07364,1000,2,0.375,raw,131,133,0.9849624060150376,0.0,2.9999999999999996,0.0195394456310795,no_n2v,SwinUNet
131,-0.07859337428698154,0.15731644501980213,0.17585614107980987,0.23394727684657018,0.2592411720172875,0.42369052267201374,07364,1000,2,0.5,denoised,131,133,0.9849624060150376,0.0,2.9999999999999996,0.0195394456310795,no_n2v,SwinUNet
131,0.00992070211856344,-0.025334070262601927,0.027207268267794186,0.12399480442030031,0.14998178902344833,0.24681951886302259,07364,1000,2,0.5,raw,131,133,0.9849624060150376,0.0,2.9999999999999996,0.0195394456310795,no_n2v,SwinUNet
131,-0.06746368754886589,0.14774472281701634,0.16241875586879734,0.2506616069889594,0.24528942132016313,0.4208250970615953,07364,1000,2,0.625,denoised,131,133,0.9849624060150376,0.0,2.9999999999999996,0.0195394456310795,no_n2v,SwinUNet
131,0.01891880363982068,-0.012779287762782587,0.022830491166115918,0.12227317005932861,0.14460155458210144,0.23148020281448947,07364,1000,2,0.625,raw,131,133,0.9849624060150376,0.0,2.9999999999999996,0.0195394456310795,no_n2v,SwinUNet
131,-0.0779939236362992,0.15519694554149055,0.17369267120288426,0.2363357458425577,0.26579560839296873,0.424131044246738,07364,1000,2,0.75,denoised,131,133,0.9849624060150376,0.0,2.9999999999999996,0.0195394456310795,no_n2v,SwinUNet
131,0.00969363558684222,-0.009623713307092885,0.013659517879764665,0.14052045378392308,0.11656982576198374,0.24539963105453774,07364,1000,2,0.75,raw,131,133,0.9849624060150376,0.0,2.9999999999999996,0.0195394456310795,no_n2v,SwinUNet
131,-0.0610361854793382,0.1412091979822776,0.1538358005558727,0.23422487951605467,0.25768690176060893,0.4152359756626056,07364,1000,2,0.875,denoised,131,133,0.9849624060150376,0.0,2.9999999999999996,0.0195394456310795,no_n2v,SwinUNet
131,0.002046414354360593,-0.009694528491763776,0.00990816301780268,0.11964195618173336,0.14248740596018353,0.23001886933512838,07364,1000,2,0.875,raw,131,133,0.9849624060150376,0.0,2.9999999999999996,0.0195394456310795,no_n2v,SwinUNet
90,0.23475889601255773,0.2404951836937812,0.33607986050482175,0.4134920129972953,0.36351899450964364,0.7235415381177406,07557,50,0,0.0,denoised,90,90,1.0,0.0,2.9999999999999996,0.07733358883745395,no_n2v,SwinUNet
90,0.15506005460617445,0.05974487371899606,0.16617181009475882,0.4909255051077352,0.5143266821361095,0.7159497550390125,07557,50,0,0.0,raw,90,90,1.0,0.0,2.9999999999999996,0.07733358883745395,no_n2v,SwinUNet
90,0.1278128959190603,0.0637089113048539,0.14281093005392229,0.40827781480786496,0.3955912074735595,0.727004052670036,07557,50,0,0.125,denoised,90,90,1.0,0.0,2.9999999999999996,0.07733358883745395,no_n2v,SwinUNet
90,0.09300599890840999,-0.10289776148772489,0.13870135238034229,0.38043729117233166,0.47434473581167724,0.610689144916323,07557,50,0,0.125,raw,90,90,1.0,0.0,2.9999999999999996,0.07733358883745395,no_n2v,SwinUNet
90,0.11915184873852525,0.11718385494818762,0.16712037254125026,0.3187472475606878,0.4173238137623755,0.6413623082611782,07557,50,0,0.25,denoised,90,90,1.0,0.0,2.9999999999999996,0.07733358883745395,no_n2v,SwinUNet
90,0.11906588176535848,0.03411579177550905,0.12385706055381832,0.3672901127447518,0.3795921366518879,0.635280992219202,07557,50,0,0.25,raw,90,90,1.0,0.0,2.9999999999999996,0.07733358883745395,no_n2v,SwinUNet
90,0.08536112932891626,-0.013188331815548793,0.08637392254833043,0.4125605810999223,0.42441761488079743,0.715240665638691,07557,50,0,0.375,denoised,90,90,1.0,0.0,2.9999999999999996,0.07733358883745395,no_n2v,SwinUNet
90,0.034886316614340274,-0.08887666854392862,0.09547836036706613,0.4851108113455447,0.3983416697063037,0.6906968432549943,07557,50,0,0.375,raw,90,90,1.0,0.0,2.9999999999999996,0.07733358883745395,no_n2v,SwinUNet
90,0.0531281377797761,0.01771621496681952,0.05600413642488769,0.3922585295195055,0.3936788765319463,0.7409118498179397,07557,50,0,0.5,denoised,91,90,1.0,0.01098901098901095,2.9999999999999996,0.07733358883745395,no_n2v,SwinUNet
90,-0.0030087034123056355,-0.0482415813041257,0.0483353127945376,0.3770135417293734,0.42152602433785213,0.6449453632208576,07557,50,0,0.5,raw,91,90,1.0,0.01098901098901095,2.9999999999999996,0.07733358883745395,no_n2v,SwinUNet
90,-0.06419807381005427,0.08348651013254482,0.10531566861124077,0.43060279242880184,0.41179214380967,0.721192974245847,07557,50,0,0.625,denoised,90,90,1.0,0.0,2.9999999999999996,0.07733358883745395,no_n2v,SwinUNet
90,-0.11654497663083419,-0.0547048030430588,0.12874527973429373,0.41770865065408225,0.4239075353486424,0.6760350267154894,07557,50,0,0.625,raw,90,90,1.0,0.0,2.9999999999999996,0.07733358883745395,no_n2v,SwinUNet
90,-0.03284965616592217,0.046417862569853696,0.056865788271799535,0.39681721207477144,0.483635565302006,0.7371176526219079,07557,50,0,0.75,denoised,90,90,1.0,0.0,2.9999999999999996,0.07733358883745395,no_n2v,SwinUNet
90,-0.10710429319144765,-0.016794889805019864,0.10841308935549407,0.4258623770922484,0.43737969875694466,0.7014063538650038,07557,50,0,0.75,raw,90,90,1.0,0.0,2.9999999999999996,0.07733358883745395,no_n2v,SwinUNet
90,-0.23767881042169137,0.10915429488142081,0.2615451720344508,0.3667875249254528,0.42355763617807807,0.7856839008303158,07557,50,0,0.875,denoised,90,90,1.0,0.0,2.9999999999999996,0.07733358883745395,no_n2v,SwinUNet
90,-0.23788637911914634,0.06049715341364603,0.24545841794807619,0.38309582014987664,0.5097843937524731,0.7180083291119773,07557,50,0,0.875,raw,90,90,1.0,0.0,2.9999999999999996,0.07733358883745395,no_n2v,SwinUNet
90,0.1356365898422638,0.18927729914861402,0.23285871355187124,0.4062300619661232,0.45037059507858185,0.758419992241854,07557,50,1,0.0,denoised,90,90,1.0,0.0,2.9999999999999996,0.07733358883745395,no_n2v,SwinUNet
90,0.012826730669949882,0.03604411356177728,0.03825837349043644,0.3672395678792214,0.46929075973724915,0.6491946870543682,07557,50,1,0.0,raw,90,90,1.0,0.0,2.9999999999999996,0.07733358883745395,no_n2v,SwinUNet
90,0.08353721507579337,0.04963456054966642,0.0971702418622999,0.38949969128324996,0.4751368436691458,0.752772721835001,07557,50,1,0.125,denoised,90,90,1.0,0.0,2.9999999999999996,0.07733358883745395,no_n2v,SwinUNet
90,0.09430267019831007,-0.1123557098763861,0.14668605642104462,0.4411081914341111,0.4659019017249309,0.7202391273499511,07557,50,1,0.125,raw,90,90,1.0,0.0,2.9999999999999996,0.07733358883745395,no_n2v,SwinUNet
90,0.1318392440405347,-0.018489205826332622,0.13312939946258362,0.38328286793878913,0.48630135858246176,0.7121184526393916,07557,50,1,0.25,denoised,90,90,1.0,0.0,2.9999999999999996,0.07733358883745395,no_n2v,SwinUNet
90,0.03556619776541936,-0.1437073891735281,0.14804312927846663,0.39059391883713146,0.5464231827557442,0.7058867026622202,07557,50,1,0.25,raw,90,90,1.0,0.0,2.9999999999999996,0.07733358883745395,no_n2v,SwinUNet
90,0.1249698235651806,0.1530221219396779,0.197568283398004,0.38705049826911664,0.4787194927924791,0.7442916760169901,07557,50,1,0.375,denoised,90,90,1.0,0.0,2.9999999999999996,0.07733358883745395,no_n2v,SwinUNet
90,0.11927824308740753,-0.06040745144541404,0.133702503582202,0.41931576941090215,0.47790592538680227,0.6911868421057159,07557,50,1,0.375,raw,90,90,1.0,0.0,2.9999999999999996,0.07733358883745395,no_n2v,SwinUNet
90,-0.023189434320109115,0.1954609067042039,0.19683169438308495,0.36314813073918856,0.42740166190800083,0.6937795643220211,07557,50,1,0.5,denoised,90,90,1.0,0.0,2.9999999999999996,0.07733358883745395,no_n2v,SwinUNet
90,0.013521365582562339,0.0801108619618418,0.08124393842919343,0.3531846949649124,0.39274338708772283,0.6286190620946501,07557,50,1,0.5,raw,90,90,1.0,0.0,2.9999999999999996,0.07733358883745395,no_n2v,SwinUNet
90,-0.05671758794311188,0.0784326190122826,0.09679132454518072,0.40754489214797524,0.4308130490774666,0.69415263732705,07557,50,1,0.625,denoised,90,90,1.0,0.0,2.9999999999999996,0.07733358883745395,no_n2v,SwinUNet
90,-0.14021069791660778,-0.0793326779823218,0.16109845935361705,0.4586510951849093,0.40982225694209345,0.6552484134901175,07557,50,1,0.625,raw,90,90,1.0,0.0,2.9999999999999996,0.07733358883745395,no_n2v,SwinUNet
90,-0.2150945309660912,0.052107354586246046,0.2213161396136747,0.43344165932697837,0.4541759555572438,0.7224433465907102,07557,50,1,0.75,denoised,90,90,1.0,0.0,2.9999999999999996,0.07733358883745395,no_n2v,SwinUNet
90,-0.15137398405221347,-0.046839735214753375,0.15845517928685066,0.4463041113849031,0.3900283368811458,0.6532009857604913,07557,50,1,0.75,raw,90,90,1.0,0.0,2.9999999999999996,0.07733358883745395,no_n2v,SwinUNet
90,-0.18208083015588272,0.01752284786002889,0.18292205691873556,0.42991565383907193,0.4779943693746482,0.7207956932468039,07557,50,1,0.875,denoised,90,90,1.0,0.0,2.9999999999999996,0.07733358883745395,no_n2v,SwinUNet
90,-0.13128570923073113,-0.017879379868624312,0.132497583648543,0.3745050180276553,0.38476685077081013,0.6908661974793477,07557,50,1,0.875,raw,90,90,1.0,0.0,2.9999999999999996,0.07733358883745395,no_n2v,SwinUNet
90,0.11719201180745387,0.1472745259965933,0.18821199122000606,0.4535525617887348,0.39713538396469206,0.7178158710310398,07557,50,2,0.0,denoised,90,90,1.0,0.0,2.9999999999999996,0.07733358883745395,no_n2v,SwinUNet
90,0.06873681845588919,0.023130475671685247,0.07252426570628821,0.4773399213967442,0.52255048927528,0.6866043173142389,07557,50,2,0.0,raw,90,90,1.0,0.0,2.9999999999999996,0.07733358883745395,no_n2v,SwinUNet
90,0.07884178411791254,0.20303865806215882,0.21780891531472668,0.4123928651935532,0.4675247230212158,0.6881279754108651,07557,50,2,0.125,denoised,90,90,1.0,0.0,2.9999999999999996,0.07733358883745395,no_n2v,SwinUNet
90,0.004451845894877238,0.006190759251225586,0.00762524963383957,0.4747122231673797,0.5777912477763463,0.6362464378278514,07557,50,2,0.125,raw,90,90,1.0,0.0,2.9999999999999996,0.07733358883745395,no_n2v,SwinUNet
90,0.10532280141626416,0.13265628231841475,0.16938294405492182,0.38420781579111113,0.3371092970961753,0.7224054464434991,07557,50,2,0.25,denoised,90,90,1.0,0.0,2.9999999999999996,0.07733358883745395,no_n2v,SwinUNet
90,-0.006050304648855587,-0.09938083086963445,0.09956483179658795,0.45858663636200214,0.40277968050027,0.6771509062550438,07557,50,2,0.25,raw,90,90,1.0,0.0,2.9999999999999996,0.07733358883745395,no_n2v,SwinUNet
90,0.06006301711596507,0.048117256834061095,0.0769599664131145,0.38993075349833217,0.39008363337843244,0.6989143059782217,07557,50,2,0.375,denoised,90,90,1.0,0.0,2.9999999999999996,0.07733358883745395,no_n2v,SwinUNet
90,0.05667819704147803,-0.12519073837884598,0.13742321126983342,0.49099264287371114,0.4630022379465383,0.6487087833555326,07557,50,2,0.375,raw,90,90,1.0,0.0,2.9999999999999996,0.07733358883745395,no_n2v,SwinUNet
90,0.07960745596105312,0.1851556811656323,0.20154397364471183,0.35203077899553636,0.399242465918857,0.7075769037859208,07557,50,2,0.5,denoised,90,90,1.0,0.0,2.9999999999999996,0.07733358883745395,no_n2v,SwinUNet
90,0.0867967404096035,0.03869809872130503,0.0950327153688453,0.4588911354701812,0.4179802230581236,0.6824282640520407,07557,50,2,0.5,raw,90,90,1.0,0.0,2.9999999999999996,0.07733358883745395,no_n2v,SwinUNet
90,0.049165263200855236,0.15279176880980927,0.16050715785172814,0.39159214595225744,0.4618941659807294,0.7539938321395808,07557,50,2,0.625,denoised,90,90,1.0,0.0,2.9999999999999996,0.07733358883745395,no_n2v,SwinUNet
90,0.035455017026791324,-0.03439094336610893,0.049394283252021935,0.42299288830700127,0.39126360049476483,0.7363867147396724,07557,50,2,0.625,raw,90,90,1.0,0.0,2.9999999999999996,0.07733358883745395,no_n2v,SwinUNet
90,-0.05847916138873188,0.12247306419276427,0.135718325105692,0.4245968348094077,0.44792976669325796,0.7002835736042089,07557,50,2,0.75,denoised,90,90,1.0,0.0,2.9999999999999996,0.07733358883745395,no_n2v,SwinUNet
90,-0.0065015016493532585,-0.0027299607127702075,0.007051397676334243,0.45536921722631274,0.457912660588694,0.6630406729817512,07557,50,2,0.75,raw,90,90,1.0,0.0,2.9999999999999996,0.07733358883745395,no_n2v,SwinUNet
90,-0.12552702088641254,0.12892739502278516,0.17994250792955827,0.4355674991491357,0.4215501717528939,0.7209863306494553,07557,50,2,0.875,denoised,90,90,1.0,0.0,2.9999999999999996,0.07733358883745395,no_n2v,SwinUNet
90,-0.14145116060051066,-0.03510704004692755,0.14574270169064396,0.41245561179628204,0.4274966227645215,0.7090739458212866,07557,50,2,0.875,raw,90,90,1.0,0.0,2.9999999999999996,0.07733358883745395,no_n2v,SwinUNet
90,0.07235448853602833,0.008509809245651923,0.07285320078560473,0.3226160113297387,0.403076622692175,0.6416159343796178,07557,200,0,0.0,denoised,90,90,1.0,0.0,2.9999999999999996,0.04059819536988142,no_n2v,SwinUNet
90,-0.03767382392798879,-0.09242104033755538,0.09980463770002444,0.31392297024852756,0.4156196940174562,0.551906716401823,07557,200,0,0.0,raw,90,90,1.0,0.0,2.9999999999999996,0.04059819536988142,no_n2v,SwinUNet
90,0.15620587295022403,0.12218929225558384,0.19831918184094552,0.40571741952572427,0.4105693386607843,0.6635002559853218,07557,200,0,0.125,denoised,90,90,1.0,0.0,2.9999999999999996,0.04059819536988142,no_n2v,SwinUNet
90,0.004853789395852459,0.02009661613022118,0.02067445891395361,0.2973349131871452,0.3241968984321169,0.5583779880123702,07557,200,0,0.125,raw,90,90,1.0,0.0,2.9999999999999996,0.04059819536988142,no_n2v,SwinUNet
90,0.18748171738344865,-0.002045255331555751,0.18749287299099818,0.3260597434282202,0.3987982978557261,0.646692795603066,07557,200,0,0.25,denoised,90,90,1.0,0.0,2.9999999999999996,0.04059819536988142,no_n2v,SwinUNet
90,0.028941776544343156,-0.0461327253459487,0.05445966192869204,0.320959725295562,0.3251230954827813,0.5483308434002065,07557,200,0,0.25,raw,90,90,1.0,0.0,2.9999999999999996,0.04059819536988142,no_n2v,SwinUNet
90,0.04025442479570884,0.06769122148006801,0.07875608028017266,0.33555463455880036,0.3374455934270532,0.6408611396879863,07557,200,0,0.375,denoised,90,90,1.0,0.0,2.9999999999999996,0.04059819536988142,no_n2v,SwinUNet
90,-0.011706680397129077,-0.028160701079883665,0.03049707283053715,0.2855184479272097,0.35036661581285844,0.5697917153337226,07557,200,0,0.375,raw,90,90,1.0,0.0,2.9999999999999996,0.04059819536988142,no_n2v,SwinUNet
90,0.026067370556305036,0.056638652148940594,0.06234937629975469,0.3398616351419528,0.35910502451385373,0.6300958788477029,07557,200,0,0.5,denoised,90,90,1.0,0.0,2.9999999999999996,0.04059819536988142,no_n2v,SwinUNet
90,-0.04240660217550385,-0.048822508254202646,0.06466805409398936,0.30598803240104633,0.38897945023061525,0.5760711896431465,07557,200,0,0.5,raw,90,90,1.0,0.0,2.9999999999999996,0.04059819536988142,no_n2v,SwinUNet
90,-0.09376106202380186,0.08606461529905474,0.1272723644724396,0.35308283028569126,0.4308137233022491,0.6188471788766291,07557,200,0,0.625,denoised,90,90,1.0,0.0,2.9999999999999996,0.04059819536988142,no_n2v,SwinUNet
90,-0.07008904677851291,-0.005003280336083549,0.07026739850344547,0.2751748715693941,0.3677002267172667,0.5624811522382267,07557,200,0,0.625,raw,90,90,1.0,0.0,2.9999999999999996,0.04059819536988142,no_n2v,SwinUNet
90,-0.18382787871310313,0.07170885529195203,0.19731915497346292,0.383055974155549,0.403746169313088,0.6623241459866344,07557,200,0,0.75,denoised,90,90,1.0,0.0,2.9999999999999996,0.04059819536988142,no_n2v,SwinUNet
90,-0.06659463926295572,-0.027495628255977067,0.0720475922689585,0.2911769719923316,0.29787128775789296,0.5433861535462773,07557,200,0,0.75,raw,90,90,1.0,0.0,2.9999999999999996,0.04059819536988142,no_n2v,SwinUNet
90,-0.32052679561323316,-0.004822378189984988,0.32056307029583836,0.45272839584777913,0.3867001571797981,0.7039081416480739,07557,200,0,0.875,denoised,90,90,1.0,0.0,2.9999999999999996,0.04059819536988142,no_n2v,SwinUNet
90,-0.1554439009344577,-0.007386736816467732,0.1556193118430912,0.321010793107184,0.359694365013059,0.5790662778156197,07557,200,0,0.875,raw,90,90,1.0,0.0,2.9999999999999996,0.04059819536988142,no_n2v,SwinUNet
90,0.1420959605965635,0.012463688592728062,0.14264152814379347,0.3249795160406764,0.3372663227002041,0.6220461561576326,07557,200,1,0.0,denoised,90,90,1.0,0.0,2.9999999999999996,0.04059819536988142,no_n2v,SwinUNet
90,-0.013339348454032063,-0.07329462235406936,0.07449858980681266,0.2856082393039881,0.3858481802732305,0.5599109329517257,07557,200,1,0.0,raw,90,90,1.0,0.0,2.9999999999999996,0.04059819536988142,no_n2v,SwinUNet
90,0.10598221973806332,0.09816137580828865,0.1444572137388203,0.39133177168704725,0.3469205981077753,0.6220381274948567,07557,200,1,0.125,denoised,90,90,1.0,0.0,2.9999999999999996,0.04059819536988142,no_n2v,SwinUNet
90,0.005807340984468112,-0.015666850922032793,0.01670854353685811,0.3340225511307802,0.337159065192361,0.5225659911655084,07557,200,1,0.125,raw,90,90,1.0,0.0,2.9999999999999996,0.04059819536988142,no_n2v,SwinUNet
90,0.098351653889722,0.05695071935891605,0.11365048287773213,0.3050654945958259,0.41378022124968566,0.61290521672782,07557,200,1,0.25,denoised,90,90,1.0,0.0,2.9999999999999996,0.04059819536988142,no_n2v,SwinUNet
90,0.012690158198051193,0.029958374501902085,0.03253527805149024,0.21066262613006984,0.3325841112291064,0.5462005745481475,07557,200,1,0.25,raw,90,90,1.0,0.0,2.9999999999999996,0.04059819536988142,no_n2v,SwinUNet
90,0.09958714523312295,0.037966617189786334,0.10657890746540284,0.3779677735685665,0.41769974425748113,0.6396792521431528,07557,200,1,0.375,denoised,90,90,1.0,0.0,2.9999999999999996,0.04059819536988142,no_n2v,SwinUNet
90,0.028120637888523703,-0.053383431072894894,0.0603370614827404,0.3075131863950789,0.3469187236721288,0.5514898367804599,07557,200,1,0.375,raw,90,90,1.0,0.0,2.9999999999999996,0.04059819536988142,no_n2v,SwinUNet
90,0.004988120774022775,0.062798324044536,0.06299611775068989,0.2925900718959356,0.37855882268349234,0.6332882984330679,07557,200,1,0.5,denoised,90,90,1.0,0.0,2.9999999999999996,0.04059819536988142,no_n2v,SwinUNet
90,0.035422972348001736,-0.009574494023278035,0.036694112685403395,0.2686306533882948,0.3383211726231867,0.5816193329180548,07557,200,1,0.5,raw,90,90,1.0,0.0,2.9999999999999996,0.04059819536988142,no_n2v,SwinUNet
90,-0.07333461656484985,0.04628309414686527,0.08671845703494237,0.32041055077088393,0.33341678258232854,0.6334213282179733,07557,200,1,0.625,denoised,90,90,1.0,0.0,2.9999999999999996,0.04059819536988142,no_n2v,SwinUNet
90,-0.047082311412026456,0.016822763803823193,0.04999749423619408,0.3231543949790946,0.29676435346223456,0.537362829892955,07557,200,1,0.625,raw,90,90,1.0,0.0,2.9999999999999996,0.04059819536988142,no_n2v,SwinUNet
90,-0.21782995739162914,0.02047166922737631,0.21878980684253568,0.357376640163643,0.35817624278744176,0.6759476535586125,07557,200,1,0.75,denoised,90,90,1.0,0.0,2.9999999999999996,0.04059819536988142,no_n2v,SwinUNet
90,-0.08203211486175377,-0.029738639122767196,0.08725625780175393,0.22237990340043776,0.3712380778807811,0.5774844503069236,07557,200,1,0.75,raw,90,90,1.0,0.0,2.9999999999999996,0.04059819536988142,no_n2v,SwinUNet
90,-0.34127912514095016,0.01907551742110769,0.341811814631758,0.4239055227850878,0.36019982942594925,0.7058384567394878,07557,200,1,0.875,denoised,90,90,1.0,0.0,2.9999999999999996,0.04059819536988142,no_n2v,SwinUNet
90,-0.11487946130719706,0.03379065759214939,0.11974597768084601,0.28219875229516544,0.2878426966851793,0.5400778024663727,07557,200,1,0.875,raw,90,90,1.0,0.0,2.9999999999999996,0.04059819536988142,no_n2v,SwinUNet
90,0.14356916487169968,0.10004660906467677,0.1749897970948522,0.3327810290975705,0.3213593459500015,0.65949614720572,07557,200,2,0.0,denoised,90,90,1.0,0.0,2.9999999999999996,0.04059819536988142,no_n2v,SwinUNet
90,0.007082266842544982,0.01230670927272115,0.014199070277743286,0.330801678722095,0.3328463935353711,0.566730022029864,07557,200,2,0.0,raw,90,90,1.0,0.0,2.9999999999999996,0.04059819536988142,no_n2v,SwinUNet
90,0.14912328004834308,0.10746864929186195,0.18381312040492043,0.3119966618923008,0.3831769069055836,0.6211206025671256,07557,200,2,0.125,denoised,90,90,1.0,0.0,2.9999999999999996,0.04059819536988142,no_n2v,SwinUNet
90,0.07505219852195921,-0.018731529899810084,0.07735439687158743,0.32803016186635986,0.30094753183390094,0.5393685480132189,07557,200,2,0.125,raw,90,90,1.0,0.0,2.9999999999999996,0.04059819536988142,no_n2v,SwinUNet
90,0.15660467173343307,0.022860089712379406,0.15826435767536026,0.3581009375326107,0.32278107641272635,0.6330474718984241,07557,200,2,0.25,denoised,90,90,1.0,0.0,2.9999999999999996,0.04059819536988142,no_n2v,SwinUNet
90,0.02704280367054679,0.0012824324952660504,0.027073194556030016,0.3609848218195722,0.3500094423501217,0.5509521363227775,07557,200,2,0.25,raw,90,90,1.0,0.0,2.9999999999999996,0.04059819536988142,no_n2v,SwinUNet
90,0.04899611856077257,0.03578245380431966,0.06067127519905571,0.3258736545847827,0.334663519932462,0.6332566772684056,07557,200,2,0.375,denoised,90,90,1.0,0.0,2.9999999999999996,0.04059819536988142,no_n2v,SwinUNet
90,-0.04475999665252317,0.0035981315526942836,0.04490438565445896,0.2825553281320006,0.38008971547188497,0.5404300813233608,07557,200,2,0.375,raw,90,90,1.0,0.0,2.9999999999999996,0.04059819536988142,no_n2v,SwinUNet
90,0.04957745814503056,0.03255624263942991,0.05931132514890973,0.37576016170448767,0.3188080867279119,0.6150385524283122,07557,200,2,0.5,denoised,90,90,1.0,0.0,2.9999999999999996,0.04059819536988142,no_n2v,SwinUNet
90,-0.06925857894484011,-0.02621460837487888,0.07405374028168273,0.29432952205732665,0.3889879858091682,0.5731363823387315,07557,200,2,0.5,raw,90,90,1.0,0.0,2.9999999999999996,0.04059819536988142,no_n2v,SwinUNet
90,-0.0646908211938495,0.0848225235575093,0.10667597128406578,0.3215441886954283,0.3753683440192602,0.6525015395387092,07557,200,2,0.625,denoised,90,90,1.0,0.0,2.9999999999999996,0.04059819536988142,no_n2v,SwinUNet
90,-0.0934093589879268,0.07293384857386798,0.11851014561771192,0.27031309134771675,0.40326080740610987,0.5679047536041377,07557,200,2,0.625,raw,90,90,1.0,0.0,2.9999999999999996,0.04059819536988142,no_n2v,SwinUNet
90,-0.14853270099127514,0.006581032720340829,0.14867842229264386,0.3367749429991744,0.37232272042003683,0.6428757194851661,07557,200,2,0.75,denoised,90,90,1.0,0.0,2.9999999999999996,0.04059819536988142,no_n2v,SwinUNet
90,-0.04919624628631425,-0.0014069032657069158,0.04921635932759295,0.2735962019943344,0.3864899216946832,0.589026352559285,07557,200,2,0.75,raw,90,90,1.0,0.0,2.9999999999999996,0.04059819536988142,no_n2v,SwinUNet
90,-0.3584720465666891,0.08573185575584574,0.36858127904310556,0.3994646086389356,0.41994623808745535,0.748682425165535,07557,200,2,0.875,denoised,90,90,1.0,0.0,2.9999999999999996,0.04059819536988142,no_n2v,SwinUNet
90,-0.13526359754963124,-0.018412941053426835,0.13651108826870284,0.3032262280094607,0.36091956734118064,0.5821959327785741,07557,200,2,0.875,raw,90,90,1.0,0.0,2.9999999999999996,0.04059819536988142,no_n2v,SwinUNet
90,0.12265910323325357,0.019834315500739663,0.12425238700873653,0.2991512176752996,0.34610557805063263,0.6212262492127091,07557,1000,0,0.0,denoised,90,90,1.0,0.0,2.9999999999999996,0.01848851148165645,no_n2v,SwinUNet
90,0.012806039811991354,0.05955846026772704,0.06091965893805323,0.19479315595686741,0.3954954127129601,0.5285862869145928,07557,1000,0,0.0,raw,90,90,1.0,0.0,2.9999999999999996,0.01848851148165645,no_n2v,SwinUNet
90,0.11102175346402277,0.05370758167791223,0.12333018313420224,0.2789049425299633,0.35968911738843895,0.6256628295158219,07557,1000,0,0.125,denoised,90,90,1.0,0.0,2.9999999999999996,0.01848851148165645,no_n2v,SwinUNet
90,-0.05033423161961892,0.034355685547618364,0.06094134887073208,0.19257287318044358,0.33480416134868446,0.5253989617962513,07557,1000,0,0.125,raw,90,90,1.0,0.0,2.9999999999999996,0.01848851148165645,no_n2v,SwinUNet
90,0.12621774143914166,0.01331039820058244,0.1269176305887251,0.31937569978537633,0.3431628172117078,0.6272947865915968,07557,1000,0,0.25,denoised,90,90,1.0,0.0,2.9999999999999996,0.01848851148165645,no_n2v,SwinUNet
90,-0.0337230321802906,-0.003371443670925345,0.03389114238055628,0.2711786821334279,0.3923280794753754,0.5614536903725477,07557,1000,0,0.25,raw,90,90,1.0,0.0,2.9999999999999996,0.01848851148165645,no_n2v,SwinUNet
90,0.09340819741082385,0.022492958963743703,0.09607822097897159,0.2776792391190124,0.34578206828438507,0.625842641273295,07557,1000,0,0.375,denoised,90,90,1.0,0.0,2.9999999999999996,0.01848851148165645,no_n2v,SwinUNet
90,-0.029790870131506608,0.05979076141713335,0.06680143032924411,0.24284463490169184,0.4218128921904205,0.5654987790627445,07557,1000,0,0.375,raw,90,90,1.0,0.0,2.9999999999999996,0.01848851148165645,no_n2v,SwinUNet
90,0.025392625597739027,-0.0020079498617633362,0.025471892301011063,0.32239613905533426,0.4375767569127905,0.6330065502666891,07557,1000,0,0.5,denoised,90,90,1.0,0.0,2.9999999999999996,0.01848851148165645,no_n2v,SwinUNet
90,-0.04450185548628127,0.03476543043223046,0.05647167692622664,0.2352937085888999,0.37653257814513547,0.5527977592706328,07557,1000,0,0.5,raw,90,90,1.0,0.0,2.9999999999999996,0.01848851148165645,no_n2v,SwinUNet
90,-0.09294306630765448,-0.012300044800449328,0.09375342488017234,0.3287373484708944,0.41246826613292065,0.6321707579625497,07557,1000,0,0.625,denoised,90,90,1.0,0.0,2.9999999999999996,0.01848851148165645,no_n2v,SwinUNet
90,-0.062131084367102574,0.02670073500893011,0.06762544561516119,0.2507192983042382,0.3708403440697065,0.5572355520465533,07557,1000,0,0.625,raw,90,90,1.0,0.0,2.9999999999999996,0.01848851148165645,no_n2v,SwinUNet
90,-0.20135529492971926,0.025789395221394784,0.20300011749287125,0.3821183331824618,0.37689700178559504,0.6584709953706721,07557,1000,0,0.75,denoised,90,90,1.0,0.0,2.9999999999999996,0.01848851148165645,no_n2v,SwinUNet
90,-0.010566295830649608,0.07277752481660293,0.07354056517332498,0.2716912011027728,0.34866997812314127,0.5461305233022498,07557,1000,0,0.75,raw,90,90,1.0,0.0,2.9999999999999996,0.01848851148165645,no_n2v,SwinUNet
90,-0.35458116730224276,0.0036727992216114558,0.35460018846518304,0.3638162241546181,0.3736533903514746,0.7353995403760275,07557,1000,0,0.875,denoised,90,90,1.0,0.0,2.9999999999999996,0.01848851148165645,no_n2v,SwinUNet
90,-0.047604316120185786,0.05068015654910596,0.06953164158217802,0.24881915492443588,0.4261821648056916,0.5853498337573645,07557,1000,0,0.875,raw,90,90,1.0,0.0,2.9999999999999996,0.01848851148165645,no_n2v,SwinUNet
90,0.13048028547640556,0.043034868079004696,0.13739397646396886,0.27657259000224477,0.3273772565288217,0.6224122133423039,07557,1000,1,0.0,denoised,90,90,1.0,0.0,2.9999999999999996,0.01848851148165645,no_n2v,SwinUNet
90,-0.04594028833263053,0.00449877037549129,0.04616003712061578,0.19949353652927837,0.3816504000752173,0.5283573240866737,07557,1000,1,0.0,raw,90,90,1.0,0.0,2.9999999999999996,0.01848851148165645,no_n2v,SwinUNet
90,0.13147470335636413,0.03252295629481239,0.13543758824195823,0.32483412179253035,0.3448419861615318,0.6162237721122449,07557,1000,1,0.125,denoised,90,90,1.0,0.0,2.9999999999999996,0.01848851148165645,no_n2v,SwinUNet
90,-0.04416910561860021,0.03296144769363707,0.055112311920363435,0.207941269396782,0.3490215063586447,0.51372889577728,07557,1000,1,0.125,raw,90,90,1.0,0.0,2.9999999999999996,0.01848851148165645,no_n2v,SwinUNet
90,0.08243662687366893,-0.02768371831435168,0.08696082859550548,0.32302642125766545,0.3486961560998105,0.6088467242725113,07557,1000,1,0.25,denoised,90,90,1.0,0.0,2.9999999999999996,0.01848851148165645,no_n2v,SwinUNet
90,-0.052037075155972445,0.022601788522687016,0.05673357061927789,0.18559646686716302,0.39277538153817587,0.5135169933783704,07557,1000,1,0.25,raw,90,90,1.0,0.0,2.9999999999999996,0.01848851148165645,no_n2v,SwinUNet
90,0.08319959282951572,0.029771426159342695,0.08836577427125504,0.2932699510423569,0.3586919983620764,0.6140627796618242,07557,1000,1,0.375,denoised,90,90,1.0,0.0,2.9999999999999996,0.01848851148165645,no_n2v,SwinUNet
90,-0.06036836749143504,0.04085427925338081,0.07289315418401218,0.1982629354957865,0.40436468115958196,0.5170160677747944,07557,1000,1,0.375,raw,90,90,1.0,0.0,2.9999999999999996,0.01848851148165645,no_n2v,SwinUNet
90,0.0015125247848786216,0.01291922770539955,0.013007466153284252,0.2888883938428352,0.36755701474544644,0.608652513986872,07557,1000,1,0.5,denoised,90,90,1.0,0.0,2.9999999999999996,0.01848851148165645,no_n2v,SwinUNet
90,-0.050333293955382885,0.0356681275701618,0.06168999760707014,0.2592618695448869,0.3711761325794792,0.5422679593720844,07557,1000,1,0.5,raw,90,90,1.0,0.0,2.9999999999999996,0.01848851148165645,no_n2v,SwinUNet
90,-0.06725246622528402,0.0021279803105613837,0.06728612422769724,0.3213197412148265,0.42759889476287904,0.6440427224191764,07557,1000,1,0.625,denoised,90,90,1.0,0.0,2.9999999999999996,0.01848851148165645,no_n2v,SwinUNet
90,-0.009187411261013523,0.016244736479848143,0.018662796922720538,0.24459833115541235,0.40667344694132285,0.550598305250374,07557,1000,1,0.625,raw,90,90,1.0,0.0,2.9999999999999996,0.01848851148165645,no_n2v,SwinUNet
90,-0.18769137642510714,0.0021017203190325517,0.18770314332117802,0.3105266399720067,0.32085305335172354,0.6691871122469699,07557,1000,1,0.75,denoised,90,90,1.0,0.0,2.9999999999999996,0.01848851148165645,no_n2v,SwinUNet
90,-0.019129142951477718,0.008240821707445889,0.020828712213480243,0.2754499705213831,0.2789237644368526,0.5294870033692505,07557,1000,1,0.75,raw,90,90,1.0,0.0,2.9999999999999996,0.01848851148165645,no_n2v,SwinUNet
90,-0.3148446666323963,-0.015793164105247115,0.31524052426571053,0.3654736976288346,0.40093610710756283,0.7217571171330185,07557,1000,1,0.875,denoised,90,90,1.0,0.0,2.9999999999999996,0.01848851148165645,no_n2v,SwinUNet
90,-0.02641353255830836,0.04226776402193089,0.049842136567591594,0.24382054803174505,0.3967722731129652,0.5753616591427662,07557,1000,1,0.875,raw,90,90,1.0,0.0,2.9999999999999996,0.01848851148165645,no_n2v,SwinUNet
90,0.133798024565273,0.02478774548414897,0.13607477247365268,0.23845364562149335,0.3552623353223453,0.6256992238982584,07557,1000,2,0.0,denoised,90,90,1.0,0.0,2.9999999999999996,0.01848851148165645,no_n2v,SwinUNet
90,-0.04269947162799781,0.017223409147050006,0.046042270794964875,0.19354194082448065,0.37946848015416895,0.5386876696808124,07557,1000,2,0.0,raw,90,90,1.0,0.0,2.9999999999999996,0.01848851148165645,no_n2v,SwinUNet
90,0.1328224533705864,0.005248401502555566,0.13292610668229785,0.27381723386079454,0.3210682665096993,0.6183226209034901,07557,1000,2,0.125,denoised,90,90,1.0,0.0,2.9999999999999996,0.01848851148165645,no_n2v,SwinUNet
90,-0.030808162783298343,0.055939393329055065,0.06386202799868589,0.23232692577676708,0.41816709759978515,0.5529550917837182,07557,1000,2,0.125,raw,90,90,1.0,0.0,2.9999999999999996,0.01848851148165645,no_n2v,SwinUNet
90,0.12399839728462325,0.033561776484614114,0.12846009251887708,0.3102624412909763,0.32510068275631915,0.6144175784247922,07557,1000,2,0.25,denoised,90,90,1.0,0.0,2.9999999999999996,0.01848851148165645,no_n2v,SwinUNet
90,-0.07807838760018271,0.0013776694763976138,0.07809054093442151,0.2597751017378051,0.3887074033743979,0.5355990206102405,07557,1000,2,0.25,raw,90,90,1.0,0.0,2.9999999999999996,0.01848851148165645,no_n2v,SwinUNet
90,0.07586595807400442,0.015361951541898122,0.07740564029618399,0.2998518707677057,0.36640980173063364,0.6162061908182014,07557,1000,2,0.375,denoised,90,90,1.0,0.0,2.9999999999999996,0.01848851148165645,no_n2v,SwinUNet
90,-0.04819189154459025,0.005145474804209016,0.048465805694389304,0.22971667386993946,0.3618762807314739,0.5363884363880492,07557,1000,2,0.375,raw,90,90,1.0,0.0,2.9999999999999996,0.01848851148165645,no_n2v,SwinUNet
90,0.030265984455027706,-0.005178270157159659,0.030705769764858674,0.2967395538740401,0.3707022977287939,0.6422663301272444,07557,1000,2,0.5,denoised,90,90,1.0,0.0,2.9999999999999996,0.01848851148165645,no_n2v,SwinUNet
90,-0.028422432440379453,0.022155543579588155,0.03603751902025116,0.24909194131759102,0.3916478138787595,0.5617636339450214,07557,1000,2,0.5,raw,90,90,1.0,0.0,2.9999999999999996,0.01848851148165645,no_n2v,SwinUNet
90,-0.04445286643553459,0.02406426058733757,0.050548451726544166,0.2714348039510875,0.3616212643395018,0.6037911678877023,07557,1000,2,0.625,denoised,90,90,1.0,0.0,2.9999999999999996,0.01848851148165645,no_n2v,SwinUNet
90,-0.01952626889654141,-0.01916866305337095,0.027362617204385053,0.22293312402539525,0.3777962955890922,0.5284154250155698,07557,1000,2,0.625,raw,90,90,1.0,0.0,2.9999999999999996,0.01848851148165645,no_n2v,SwinUNet
90,-0.21317561861324918,-0.02637104118305089,0.214800549776344,0.3550211108673765,0.41047022606211375,0.6632065419821956,07557,1000,2,0.75,denoised,90,90,1.0,0.0,2.9999999999999996,0.01848851148165645,no_n2v,SwinUNet
90,-0.040266731193227656,0.04476359371028593,0.060209542124543707,0.2573334384838209,0.4540400904488059,0.562404498562178,07557,1000,2,0.75,raw,90,90,1.0,0.0,2.9999999999999996,0.01848851148165645,no_n2v,SwinUNet
90,-0.31035192724233696,0.0174746863322639,0.3108435030774229,0.36606453179042947,0.3306659388952689,0.7394582017350146,07557,1000,2,0.875,denoised,90,90,1.0,0.0,2.9999999999999996,0.01848851148165645,no_n2v,SwinUNet
90,-0.08580970442181979,-0.003825290150494709,0.08589492544787236,0.3097349909022714,0.3750243780749784,0.5792517783860875,07557,1000,2,0.875,raw,90,90,1.0,0.0,2.9999999999999996,0.01848851148165645,no_n2v,SwinUNet
80,0.07068377255109226,0.2540519745571572,0.26370172824318955,0.3454156981183939,0.29011121495896475,0.5341324986367809,07443,50,0,0.0,denoised,160,80,1.0,0.5,2.9999999999999996,0.08778586867787412,no_n2v,SwinUNet
80,0.05181646273675966,0.13218969255336788,0.14198260677950636,0.27273532607739015,0.32159001385809627,0.5037482157975488,07443,50,0,0.0,raw,160,80,1.0,0.5,2.9999999999999996,0.08778586867787412,no_n2v,SwinUNet
80,0.05275994523269123,0.26500281896782596,0.27020382284832856,0.31419470279924566,0.2292615502569852,0.49927212038097024,07443,50,0,0.125,denoised,160,80,1.0,0.5,2.9999999999999996,0.08778586867787412,no_n2v,SwinUNet
80,0.06623587652455853,0.10987347862893415,0.12829408655506852,0.2938728351740163,0.40725593789594317,0.48681729124997786,07443,50,0,0.125,raw,160,80,1.0,0.5,2.9999999999999996,0.08778586867787412,no_n2v,SwinUNet
80,0.18766095732920718,0.28488452467514236,0.3411390146334721,0.2635919048631269,0.2544634301101981,0.5442292050800571,07443,50,0,0.25,denoised,160,80,1.0,0.5,2.9999999999999996,0.08778586867787412,no_n2v,SwinUNet
80,0.07606044671672407,0.16689458919421796,0.18340936578336015,0.3740569220193711,0.40089278320751315,0.5699596505984096,07443,50,0,0.25,raw,160,80,1.0,0.5,2.9999999999999996,0.08778586867787412,no_n2v,SwinUNet
80,0.1462529816954916,0.3633053819883969,0.39163852624142687,0.2918445396635045,0.33827679255303883,0.5854044253017883,07443,50,0,0.375,denoised,160,80,1.0,0.5,2.9999999999999996,0.08778586867787412,no_n2v,SwinUNet
80,-0.05585321581787284,0.1942779168961124,0.20214720060067773,0.32269951097798066,0.3177179318783055,0.578639831267441,07443,50,0,0.375,raw,160,80,1.0,0.5,2.9999999999999996,0.08778586867787412,no_n2v,SwinUNet
80,0.10074920166250223,0.1824427755935858,0.20841249483157925,0.3032636696926039,0.3448871694749742,0.481897833827149,07443,50,0,0.5,denoised,160,80,1.0,0.5,2.9999999999999996,0.08778586867787412,no_n2v,SwinUNet
80,0.0797695400174776,0.10439705666251342,0.13138464504802683,0.5037730116408536,0.29618987860887797,0.5762266463523271,07443,50,0,0.5,raw,160,80,1.0,0.5,2.9999999999999996,0.08778586867787412,no_n2v,SwinUNet
80,0.07173901874789834,0.3348827972248145,0.34248061943419156,0.3519189045208893,0.3581724203592407,0.5899011008229282,07443,50,0,0.625,denoised,160,80,1.0,0.5,2.9999999999999996,0.08778586867787412,no_n2v,SwinUNet
80,0.044920543414399106,0.16958434786920407,0.1754329110026626,0.43889817467378306,0.43745022068157324,0.6075350468715319,07443,50,0,0.625,raw,160,80,1.0,0.5,2.9999999999999996,0.08778586867787412,no_n2v,SwinUNet
80,0.027918242101048207,0.2837915014230532,0.2851614358954653,0.3938134921470421,0.3336705256154202,0.5459096999586642,07443,50,0,0.75,denoised,160,80,1.0,0.5,2.9999999999999996,0.08778586867787412,no_n2v,SwinUNet
80,0.15722013436074178,0.1990817934276521,0.25367642997089823,0.2828256323563622,0.33797229548517776,0.5551293833871888,07443,50,0,0.75,raw,160,80,1.0,0.5,2.9999999999999996,0.08778586867787412,no_n2v,SwinUNet
80,0.04361171359800409,0.3000269107314182,0.303180026924586,0.32308332384500077,0.37216062875521316,0.5969026363831915,07443,50,0,0.875,denoised,160,80,1.0,0.5,2.9999999999999996,0.08778586867787412,no_n2v,SwinUNet
80,0.0787505843213765,0.25064190000937003,0.2627223183729644,0.21380859782693876,0.4695746279919958,0.6030258496315782,07443,50,0,0.875,raw,160,80,1.0,0.5,2.9999999999999996,0.08778586867787412,no_n2v,SwinUNet
80,0.15034882291575968,0.261269668464152,0.3014408867614385,0.31906890550043626,0.3072913709524552,0.5792364938602604,07443,50,1,0.0,denoised,160,80,1.0,0.5,2.9999999999999996,0.08778586867787412,no_n2v,SwinUNet
80,0.12845196671337078,0.11769615990105109,0.17421909713916756,0.3505895190523129,0.3772425853726771,0.5392891180144486,07443,50,1,0.0,raw,160,80,1.0,0.5,2.9999999999999996,0.08778586867787412,no_n2v,SwinUNet
80,0.11118592504205704,0.330186403529126,0.34840403413702997,0.25927984346577465,0.2802887911272745,0.4870715093493384,07443,50,1,0.125,denoised,160,80,1.0,0.5,2.9999999999999996,0.08778586867787412,no_n2v,SwinUNet
80,0.03907580639363317,0.22250111658280147,0.22590632024338345,0.314134627463337,0.37079667374865954,0.5211704776522975,07443,50,1,0.125,raw,160,80,1.0,0.5,2.9999999999999996,0.08778586867787412,no_n2v,SwinUNet
80,0.06243838927754197,0.28626026883563327,0.2929906038927237,0.3244231296657891,0.3071572334270274,0.547111588192523,07443,50,1,0.25,denoised,160,80,1.0,0.5,2.9999999999999996,0.08778586867787412,no_n2v,SwinUNet
80,-0.012003247665873573,0.16761852909620245,0.16804775883927392,0.3560481027138883,0.363738946984353,0.5842138681968554,07443,50,1,0.25,raw,160,80,1.0,0.5,2.9999999999999996,0.08778586867787412,no_n2v,SwinUNet
80,0.1331220948587557,0.22641079873325864,0.2626468007088906,0.3053223182789592,0.2961585630603071,0.5202839928681593,07443,50,1,0.375,denoised,160,80,1.0,0.5,2.9999999999999996,0.08778586867787412,no_n2v,SwinUNet
80,-0.03714396518946472,0.09519556911129712,0.10218547121983591,0.40086253470007976,0.3464304824604647,0.5400677749561061,07443,50,1,0.375,raw,160,80,1.0,0.5,2.9999999999999996,0.08778586867787412,no_n2v,SwinUNet
80,0.10257456671234877,0.20775612452778702,0.2316984009764233,0.31595366449473555,0.31016050322420524,0.5449964501767943,07443,50,1,0.5,denoised,160,80,1.0,0.5,2.9999999999999996,0.08778586867787412,no_n2v,SwinUNet
80,0.0821914814741973,0.1471413268357722,0.16854082499476158,0.476177499735005,0.4349001080992898,0.6410354686632145,07443,50,1,0.5,raw,160,80,1.0,0.5,2.9999999999999996,0.08778586867787412,no_n2v,SwinUNet
80,0.09569964356076355,0.26454777613233205,0.28132534125851455,0.33191405834138615,0.3018320120057153,0.5124677074944901,07443,50,1,0.625,denoised,160,80,1.0,0.5,2.9999999999999996,0.08778586867787412,no_n2v,SwinUNet
80,0.11770771182177864,0.14045963645685688,0.18325941966488732,0.4136190734836562,0.32646698028287574,0.5787648975824988,07443,50,1,0.625,raw,160,80,1.0,0.5,2.9999999999999996,0.08778586867787412,no_n2v,SwinUNet
80,-0.005016150504303596,0.22290978528252836,0.22296621748727927,0.42378456035090467,0.3323906925191204,0.5218217854224719,07443,50,1,0.75,denoised,160,80,1.0,0.5,2.9999999999999996,0.08778586867787412,no_n2v,SwinUNet
80,0.033363758081250694,0.1593219675516302,0.1627778538310016,0.39570381856414694,0.40123435800096463,0.5775908968585994,07443,50,1,0.75,raw,160,80,1.0,0.5,2.9999999999999996,0.08778586867787412,no_n2v,SwinUNet
80,-0.05383244045354729,0.22695075926866792,0.23324789126122786,0.28402704937942747,0.2622386093210259,0.5163862581008849,07443,50,1,0.875,denoised,160,80,1.0,0.5,2.9999999999999996,0.08778586867787412,no_n2v,SwinUNet
80,0.039446004083316666,0.09089920371810933,0.09908911380533876,0.2898254050371187,0.4038231511946438,0.4920301224544152,07443,50,1,0.875,raw,160,80,1.0,0.5,2.9999999999999996,0.08778586867787412,no_n2v,SwinUNet
80,0.0773217174916141,0.3590522396331721,0.3672834855822541,0.31901694650737084,0.2840934542798106,0.5377497092990746,07443,50,2,0.0,denoised,160,80,1.0,0.5,2.9999999999999996,0.08778586867787412,no_n2v,SwinUNet
80,0.08432998871669595,0.2146941886175,0.23066239750571554,0.2543230679509851,0.4660035548471618,0.5320648188185689,07443,50,2,0.0,raw,160,80,1.0,0.5,2.9999999999999996,0.08778586867787412,no_n2v,SwinUNet
80,0.159535938027068,0.2790022760912123,0.3213938169695452,0.411699258695226,0.3381496161056973,0.5924547620089418,07443,50,2,0.125,denoised,160,80,1.0,0.5,2.9999999999999996,0.08778586867787412,no_n2v,SwinUNet
80,-0.010814931599425481,0.20245012507588456,0.20273878733173273,0.326341208631494,0.41537524851483604,0.6171077534297449,07443,50,2,0.125,raw,160,80,1.0,0.5,2.9999999999999996,0.08778586867787412,no_n2v,SwinUNet
80,0.06540360754646457,0.26601585731530264,0.2739380737014981,0.2952438010297016,0.3411444815582437,0.5365071543900795,07443,50,2,0.25,denoised,160,80,1.0,0.5,2.9999999999999996,0.08778586867787412,no_n2v,SwinUNet
80,0.011914935486377232,0.22700510174141186,0.22731757939999556,0.40280443740909616,0.4790694455225397,0.5699490561166907,07443,50,2,0.25,raw,160,80,1.0,0.5,2.9999999999999996,0.08778586867787412,no_n2v,SwinUNet
80,0.09540534331716088,0.34582377945077525,0.35874261799664087,0.3264662079910439,0.23398122955909936,0.5229356968076171,07443,50,2,0.375,denoised,160,80,1.0,0.5,2.9999999999999996,0.08778586867787412,no_n2v,SwinUNet
80,0.016468933805516173,0.2294281252102337,0.230018456690269,0.3434651076491941,0.3798228113954817,0.5717340562736744,07443,50,2,0.375,raw,160,80,1.0,0.5,2.9999999999999996,0.08778586867787412,no_n2v,SwinUNet
80,0.19631218717777799,0.36827274778173447,0.4173287572085489,0.279399300264506,0.2703200890313699,0.5672851080281877,07443,50,2,0.5,denoised,160,80,1.0,0.5,2.9999999999999996,0.08778586867787412,no_n2v,SwinUNet
80,0.17316525389133375,0.24787376147716955,0.30236998327229975,0.4559245801377241,0.41326090573143226,0.6353903332659309,07443,50,2,0.5,raw,160,80,1.0,0.5,2.9999999999999996,0.08778586867787412,no_n2v,SwinUNet
80,0.017887634321098744,0.2678747114027331,0.26847128053239305,0.2692386500959209,0.35554723583255643,0.5718350093040044,07443,50,2,0.625,denoised,160,80,1.0,0.5,2.9999999999999996,0.08778586867787412,no_n2v,SwinUNet
80,0.11291728657176581,0.2103793859540417,0.23876724993417736,0.4534186360693053,0.3312644191101913,0.5611861090461063,07443,50,2,0.625,raw,160,80,1.0,0.5,2.9999999999999996,0.08778586867787412,no_n2v,SwinUNet
80,0.04195906580920905,0.29807223053567355,0.30101099285589766,0.40417008957012474,0.3355876211083007,0.5418268889684371,07443,50,2,0.75,denoised,160,80,1.0,0.5,2.9999999999999996,0.08778586867787412,no_n2v,SwinUNet
80,0.0907492989906129,0.15881345944954006,0.18291295790516965,0.3728556381318375,0.3341927251749898,0.5256216357262453,07443,50,2,0.75,raw,160,80,1.0,0.5,2.9999999999999996,0.08778586867787412,no_n2v,SwinUNet
80,0.006617679975170709,0.27705779094324967,0.2771368131638365,0.31579610045937373,0.2914904042744396,0.5402430180076552,07443,50,2,0.875,denoised,160,80,1.0,0.5,2.9999999999999996,0.08778586867787412,no_n2v,SwinUNet
80,0.10157843442623005,0.23369410855477213,0.25481584470690505,0.2383331237013828,0.3542733272219221,0.5096623231596074,07443,50,2,0.875,raw,160,80,1.0,0.5,2.9999999999999996,0.08778586867787412,no_n2v,SwinUNet
80,0.12172771778457303,0.3350662461860736,0.35649267399242185,0.23477912874377346,0.2510844145933474,0.49698613427785526,07443,200,0,0.0,denoised,160,80,1.0,0.5,2.9962760994011095,0.04653343828650632,no_n2v,SwinUNet
80,0.08628522555117302,0.11068424734803273,0.1403429469528743,0.16775398367419309,0.27054138629929086,0.37963160048441413,07443,200,0,0.0,raw,160,80,1.0,0.5,2.9962760994011095,0.04653343828650632,no_n2v,SwinUNet
80,0.11129917272226919,0.30305821135814526,0.3228494778070111,0.23940134318867104,0.21338156348132956,0.47920414507138664,07443,200,0,0.125,denoised,160,80,1.0,0.5,2.9962760994011095,0.04653343828650632,no_n2v,SwinUNet
80,-0.007758046603790092,0.13810774599065212,0.1383254741171165,0.21679079579421526,0.2543863854140447,0.36758918973450283,07443,200,0,0.125,raw,160,80,1.0,0.5,2.9962760994011095,0.04653343828650632,no_n2v,SwinUNet
80,0.18891942038461806,0.30594947404568984,0.3595770127070059,0.25585830855644925,0.23452230944139887,0.47755715975307206,07443,200,0,0.25,denoised,160,80,1.0,0.5,2.9962760994011095,0.04653343828650632,no_n2v,SwinUNet
80,0.0772613875429613,0.10783453503923113,0.1326559797076288,0.20738769288999226,0.20436900007113326,0.34518023094409916,07443,200,0,0.25,raw,160,80,1.0,0.5,2.9962760994011095,0.04653343828650632,no_n2v,SwinUNet
80,0.12972301816927256,0.3134820465669037,0.3392625162948595,0.2424322106496311,0.24932328655340727,0.4595332906605365,07443,200,0,0.375,denoised,160,80,1.0,0.5,2.9962760994011095,0.04653343828650632,no_n2v,SwinUNet
80,0.06273195192467185,0.11886503595873421,0.13440310474743697,0.2730152361685616,0.2291814500765728,0.36009012990936123,07443,200,0,0.375,raw,160,80,1.0,0.5,2.9962760994011095,0.04653343828650632,no_n2v,SwinUNet
80,0.16836441073105135,0.2526567998891025,0.30361494253579835,0.2613811889429445,0.26059826182761037,0.47137973858963605,07443,200,0,0.5,denoised,160,80,1.0,0.5,2.9962760994011095,0.04653343828650632,no_n2v,SwinUNet
80,0.13620148304751822,0.06697230762289763,0.15177659230816662,0.2574560955157279,0.20628236696627847,0.3500913150384716,07443,200,0,0.5,raw,160,80,1.0,0.5,2.9962760994011095,0.04653343828650632,no_n2v,SwinUNet
80,0.09358018107317889,0.3276033942813612,0.34070696240957266,0.23013709535649984,0.2162739320577604,0.4814892413587823,07443,200,0,0.625,denoised,160,80,1.0,0.5,2.9962760994011095,0.04653343828650632,no_n2v,SwinUNet
80,0.14245319947163182,0.13359288805592584,0.19529458205190348,0.2146761553120777,0.2097706612057271,0.37775464885716875,07443,200,0,0.625,raw,160,80,1.0,0.5,2.9962760994011095,0.04653343828650632,no_n2v,SwinUNet
80,0.014075097534899328,0.24847301395242738,0.24887134634830926,0.3089087973145863,0.2398916083000525,0.4594725406032846,07443,200,0,0.75,denoised,160,80,1.0,0.5,2.9962760994011095,0.04653343828650632,no_n2v,SwinUNet
80,0.060088059922375425,0.0815967153218935,0.10133409542970771,0.2034462107431167,0.14856257983030557,0.3290797292898743,07443,200,0,0.75,raw,160,80,1.0,0.5,2.9962760994011095,0.04653343828650632,no_n2v,SwinUNet
80,-0.003894246577679006,0.3106615492161282,0.3106859561000024,0.3056629498772662,0.26505071525492646,0.48747392784502047,07443,200,0,0.875,denoised,160,80,1.0,0.5,2.9962760994011095,0.04653343828650632,no_n2v,SwinUNet
80,0.07267245343554629,0.08774212376461321,0.11392965272950825,0.1997529978553596,0.2425481361545434,0.33768245712510636,07443,200,0,0.875,raw,160,80,1.0,0.5,2.9962760994011095,0.04653343828650632,no_n2v,SwinUNet
80,0.17692293395080583,0.3666704086083783,0.4071227248715015,0.2600337874720242,0.21455105751262346,0.5126688711184522,07443,200,1,0.0,denoised,160,80,1.0,0.5,2.9962760994011095,0.04653343828650632,no_n2v,SwinUNet
80,0.09311757304969603,0.2305784501557575,0.24867107609630965,0.16537610801609526,0.18865329459382119,0.37455359258032195,07443,200,1,0.0,raw,160,80,1.0,0.5,2.9962760994011095,0.04653343828650632,no_n2v,SwinUNet
80,0.10099088639852027,0.3248913883590774,0.34022576822669925,0.2318498246359324,0.266013015538518,0.4837336288107435,07443,200,1,0.125,denoised,160,80,1.0,0.5,2.9962760994011095,0.04653343828650632,no_n2v,SwinUNet
80,0.07300339374110854,0.15062061615806854,0.1673800033144806,0.1975754111778266,0.26652975615560803,0.36086062835238525,07443,200,1,0.125,raw,160,80,1.0,0.5,2.9962760994011095,0.04653343828650632,no_n2v,SwinUNet
80,0.16765519045797816,0.32427984957656975,0.365055726881395,0.2539851642340403,0.2306841540867643,0.47796742747983473,07443,200,1,0.25,denoised,160,80,1.0,0.5,2.9962760994011095,0.04653343828650632,no_n2v,SwinUNet
80,0.07011660025730748,0.07186832423160894,0.10040614353465988,0.2258657430997208,0.17493857764469867,0.3248264212166907,07443,200,1,0.25,raw,160,80,1.0,0.5,2.9962760994011095,0.04653343828650632,no_n2v,SwinUNet
80,0.1720329512478962,0.3099610053828883,0.35450128515004276,0.2615709529611535,0.21467663961820282,0.46888045841366643,07443,200,1,0.375,denoised,160,80,1.0,0.5,2.9962760994011095,0.04653343828650632,no_n2v,SwinUNet
80,0.05667199774600107,0.0988609707872925,0.11395265189335724,0.2621879950538789,0.20448651169613094,0.37472610027259284,07443,200,1,0.375,raw,160,80,1.0,0.5,2.9962760994011095,0.04653343828650632,no_n2v,SwinUNet
80,0.16680732286134514,0.28565283320166657,0.33079030227065026,0.2157966240211281,0.2183187505193622,0.4753133077431106,07443,200,1,0.5,denoised,160,80,1.0,0.5,2.9962760994011095,0.04653343828650632,no_n2v,SwinUNet
80,0.08803983324562692,0.15926188332433355,0.18197626141321682,0.28406437131314305,0.18262286366980418,0.38591078497090286,07443,200,1,0.5,raw,160,80,1.0,0.5,2.9962760994011095,0.04653343828650632,no_n2v,SwinUNet
80,0.07823524615736632,0.3041659730772466,0.3140663829818976,0.21759082400443852,0.20524785031521797,0.4714056605048755,07443,200,1,0.625,denoised,160,80,1.0,0.5,2.9962760994011095,0.04653343828650632,no_n2v,SwinUNet
80,0.08857036959335574,0.16204447332759742,0.18467030542543125,0.2643799963527442,0.2727371060301215,0.3885204780401911,07443,200,1,0.625,raw,160,80,1.0,0.5,2.9962760994011095,0.04653343828650632,no_n2v,SwinUNet
80,0.05262283416416835,0.30095191695529167,0.30551795200042553,0.2933896038751856,0.2203006993775995,0.4711090680826148,07443,200,1,0.75,denoised,160,80,1.0,0.5,2.9962760994011095,0.04653343828650632,no_n2v,SwinUNet
80,0.13045675272206791,0.09970944894868694,0.16419786399474745,0.23307563319924357,0.22089429206044753,0.36197232446376176,07443,200,1,0.75,raw,160,80,1.0,0.5,2.9962760994011095,0.04653343828650632,no_n2v,SwinUNet
80,0.02134286969247512,0.2813897793211595,0.28219802620344603,0.28682202368980286,0.2071811122944187,0.4644999985377396,07443,200,1,0.875,denoised,160,80,1.0,0.5,2.9962760994011095,0.04653343828650632,no_n2v,SwinUNet
80,0.06188281702488574,0.13375266850513157,0.14737455470731406,0.2533733362452896,0.2264910164632919,0.35921024339364444,07443,200,1,0.875,raw,160,80,1.0,0.5,2.9962760994011095,0.04653343828650632,no_n2v,SwinUNet
80,0.1439248916994309,0.27827327831667503,0.3132896293779968,0.224514280958052,0.22292297065022243,0.45821443999065753,07443,200,2,0.0,denoised,160,80,1.0,0.5,2.9962760994011095,0.04653343828650632,no_n2v,SwinUNet
80,0.06829360087904845,0.08827956625704303,0.11161226518424584,0.23650931934768882,0.15759433758862504,0.33860937868917,07443,200,2,0.0,raw,160,80,1.0,0.5,2.9962760994011095,0.04653343828650632,no_n2v,SwinUNet
80,0.1790056070323658,0.32737742759793065,0.37312060710936895,0.23761983300718933,0.24313404346756817,0.49255155431823366,07443,200,2,0.125,denoised,160,80,1.0,0.5,2.9962760994011095,0.04653343828650632,no_n2v,SwinUNet
80,0.055952997118538406,0.13166671236332306,0.1430624375268128,0.21790127736000695,0.3012456234332902,0.39079517516582385,07443,200,2,0.125,raw,160,80,1.0,0.5,2.9962760994011095,0.04653343828650632,no_n2v,SwinUNet
80,0.11101328006850508,0.34242141198554066,0.35996718147317225,0.2346557787156888,0.2421090008364089,0.4997961359189374,07443,200,2,0.25,denoised,160,80,1.0,0.5,2.9962760994011095,0.04653343828650632,no_n2v,SwinUNet
80,0.017858269327177823,0.13787070357199127,0.13902247547356472,0.2544233634820102,0.23022436596242335,0.36571695321517805,07443,200,2,0.25,raw,160,80,1.0,0.5,2.9962760994011095,0.04653343828650632,no_n2v,SwinUNet
80,0.1045858715087129,0.30813127149665576,0.3253968115906835,0.21763964136719352,0.28881613820909907,0.47213077239023743,07443,200,2,0.375,denoised,160,80,1.0,0.5,2.9962760994011095,0.04653343828650632,no_n2v,SwinUNet
80,-0.004081967519066865,0.15191556413412854,0.1519703954229811,0.20439055054340535,0.24896368060066917,0.3478195940911028,07443,200,2,0.375,raw,160,80,1.0,0.5,2.9962760994011095,0.04653343828650632,no_n2v,SwinUNet
80,0.1075443207563822,0.3122139398923167,0.33021708797400956,0.23962948115213742,0.27026037171525186,0.4792867973291356,07443,200,2,0.5,denoised,160,80,1.0,0.5,2.9962760994011095,0.04653343828650632,no_n2v,SwinUNet
80,0.14881721212694998,0.08918392288571653,0.17349448039209506,0.2626319359101067,0.2160533506399023,0.37747462091020234,07443,200,2,0.5,raw,160,80,1.0,0.5,2.9962760994011095,0.04653343828650632,no_n2v,SwinUNet
80,0.039423761773413446,0.30640814959857465,0.30893395270314555,0.24557999641726422,0.2450553741740679,0.46852627067962116,07443,200,2,0.625,denoised,160,80,1.0,0.5,2.9962760994011095,0.04653343828650632,no_n2v,SwinUNet
80,0.04342992297530657,0.12871509309543683,0.1358445192129886,0.2677085066923243,0.26431179094264085,0.40156284667478664,07443,200,2,0.625,raw,160,80,1.0,0.5,2.9962760994011095,0.04653343828650632,no_n2v,SwinUNet
80,0.05191086377403886,0.32993809133168384,0.33399682916063944,0.262357602157826,0.2615432667301201,0.48840031175082227,07443,200,2,0.75,denoised,160,80,1.0,0.5,2.9962760994011095,0.04653343828650632,no_n2v,SwinUNet
80,0.1198152293182777,0.153712923039393,0.194893180706524,0.28202116861089227,0.2685104495998228,0.4096181481559138,07443,200,2,0.75,raw,160,80,1.0,0.5,2.9962760994011095,0.04653343828650632,no_n2v,SwinUNet
80,-0.05244546471512024,0.277903059274788,0.282808481349961,0.24446133911741713,0.20696096752653928,0.44890749332495083,07443,200,2,0.875,denoised,160,80,1.0,0.5,2.9962760994011095,0.04653343828650632,no_n2v,SwinUNet
80,0.011171056999592643,0.08377264376917282,0.08451419027929498,0.19863277149172295,0.25585626323939126,0.32906150421061664,07443,200,2,0.875,raw,160,80,1.0,0.5,2.9962760994011095,0.04653343828650632,no_n2v,SwinUNet
80,0.19399238811440966,0.32606788416753574,0.3794117970382909,0.20818470968016414,0.18973653344428063,0.4650725714479336,07443,1000,0,0.0,denoised,160,80,1.0,0.5,2.9999999999999996,0.021401889573518757,no_n2v,SwinUNet
80,0.07057040775436008,0.06808097005387381,0.09805713097012939,0.1398147185566505,0.13389178000044857,0.23066807948470047,07443,1000,0,0.0,raw,160,80,1.0,0.5,2.9999999999999996,0.021401889573518757,no_n2v,SwinUNet
80,0.1687195062925042,0.30522858993720803,0.3487560234872549,0.2146082686133703,0.17945188551625915,0.4499290695756653,07443,1000,0,0.125,denoised,160,80,1.0,0.5,2.9999999999999996,0.021401889573518757,no_n2v,SwinUNet
80,0.08845291033028957,0.06283188077880197,0.10849775383896125,0.13558583649788714,0.14223908132802318,0.23892799774824838,07443,1000,0,0.125,raw,160,80,1.0,0.5,2.9999999999999996,0.021401889573518757,no_n2v,SwinUNet
80,0.18539204410788557,0.30227181398053204,0.3545961922322088,0.19601521824261064,0.17637139803508917,0.4510891016239087,07443,1000,0,0.25,denoised,160,80,1.0,0.5,2.9999999999999996,0.021401889573518757,no_n2v,SwinUNet
80,0.08689268954224616,0.0845704305229944,0.12125385443246658,0.14897984316282636,0.17199575229921857,0.22920329373943696,07443,1000,0,0.25,raw,160,80,1.0,0.5,2.9999999999999996,0.021401889573518757,no_n2v,SwinUNet
80,0.1404942398600184,0.27225857398090625,0.30637128217240106,0.19597730118160794,0.2245858624562112,0.4360890274077498,07443,1000,0,0.375,denoised,160,80,1.0,0.5,2.9999999999999996,0.021401889573518757,no_n2v,SwinUNet
80,0.07218480542043082,0.05400584320192792,0.0901514128205248,0.12560494328248178,0.11765128662129486,0.2055973314329599,07443,1000,0,0.375,raw,160,80,1.0,0.5,2.9999999999999996,0.021401889573518757,no_n2v,SwinUNet
80,0.11445092077077135,0.2997995453988125,0.32090307054718564,0.1936897227949755,0.21021969733860524,0.4401069000645663,07443,1000,0,0.5,denoised,160,80,1.0,0.5,2.9999999999999996,0.021401889573518757,no_n2v,SwinUNet
80,0.0954567128306536,0.07265031026748048,0.11995854119817832,0.13014519458993082,0.13674100754731558,0.2288740768629902,07443,1000,0,0.5,raw,160,80,1.0,0.5,2.9999999999999996,0.021401889573518757,no_n2v,SwinUNet
80,0.06137422727361308,0.28775337321601313,0.2942257629281081,0.22622892682441983,0.20739234600135723,0.4268924088419404,07443,1000,0,0.625,denoised,160,80,1.0,0.5,2.9999999999999996,0.021401889573518757,no_n2v,SwinUNet
80,0.06483888936264037,0.07149916724807426,0.09652052885758974,0.1361295520817079,0.1428465318441734,0.23385123880583208,07443,1000,0,0.625,raw,160,80,1.0,0.5,2.9999999999999996,0.021401889573518757,no_n2v,SwinUNet
80,0.03073153955078567,0.2652193113870638,0.266993840108325,0.25265658287850973,0.2234508475732672,0.4207329711091855,07443,1000,0,0.75,denoised,160,80,1.0,0.5,2.9999999999999996,0.021401889573518757,no_n2v,SwinUNet
80,0.09089618275344691,0.09544356371604934,0.13180132736041617,0.11517257041266704,0.1716464223878869,0.24497501225300633,07443,1000,0,0.75,raw,160,80,1.0,0.5,2.9999999999999996,0.021401889573518757,no_n2v,SwinUNet
80,-0.008687612387376475,0.3035924641025076,0.3037167411731294,0.2095044857559945,0.20613606513431865,0.429554206096289,07443,1000,0,0.875,denoised,160,80,1.0,0.5,2.9999999999999996,0.021401889573518757,no_n2v,SwinUNet
80,0.10268661675989632,0.05618283844181349,0.11705149549225219,0.10878683180411672,0.12845601222618064,0.21280319244253884,07443,1000,0,0.875,raw,160,80,1.0,0.5,2.9999999999999996,0.021401889573518757,no_n2v,SwinUNet
80,0.15983443162639333,0.35781437818457107,0.3918905137521747,0.22936427149408317,0.2005595120934525,0.469200409248691,07443,1000,1,0.0,denoised,160,80,1.0,0.5,2.9999999999999996,0.021401889573518757,no_n2v,SwinUNet
80,0.05710132192086803,0.047519800205535034,0.07428790195371364,0.1308749210592172,0.15541206380743217,0.2191970887427465,07443,1000,1,0.0,raw,160,80,1.0,0.5,2.9999999999999996,0.021401889573518757,no_n2v,SwinUNet
80,0.1810747546783702,0.31532882378275673,0.3636211405983552,0.1962457807787554,0.2140748578378722,0.4619344289181927,07443,1000,1,0.125,denoised,160,80,1.0,0.5,2.9999999999999996,0.021401889573518757,no_n2v,SwinUNet
80,0.10741268347148747,0.08852760963802808,0.1391927521057366,0.15044372921142468,0.15912067276305142,0.24585138929503753,07443,1000,1,0.125,raw,160,80,1.0,0.5,2.9999999999999996,0.021401889573518757,no_n2v,SwinUNet
80,0.16703328022983754,0.3172556582651964,0.35854047108467757,0.2352772809797509,0.18896420488879706,0.4472173042921404,07443,1000,1,0.25,denoised,160,80,1.0,0.5,2.9999999999999996,0.021401889573518757,no_n2v,SwinUNet
80,0.10980107240640535,0.0717287747764388,0.13115369850875633,0.0981738432561881,0.149050419106793,0.22494962290165235,07443,1000,1,0.25,raw,160,80,1.0,0.5,2.9999999999999996,0.021401889573518757,no_n2v,SwinUNet
80,0.11768891112969726,0.316679744354623,0.3378412945265915,0.2515361522397855,0.2017519812475683,0.4538307311707243,07443,1000,1,0.375,denoised,160,80,1.0,0.5,2.9999999999999996,0.021401889573518757,no_n2v,SwinUNet
80,0.07036831618853512,0.1105627464657033,0.131056555842312,0.12918234832238257,0.11460729523905615,0.2357675785042744,07443,1000,1,0.375,raw,160,80,1.0,0.5,2.9999999999999996,0.021401889573518757,no_n2v,SwinUNet
80,0.10874101259580016,0.2977934727985456,0.31702611921067025,0.22280150504918445,0.207369146231915,0.4397256519717987,07443,1000,1,0.5,denoised,160,80,1.0,0.5,2.9999999999999996,0.021401889573518757,no_n2v,SwinUNet
80,0.07126885856082055,0.06720656294835692,0.09795903380441083,0.13604604375076237,0.1421673748342344,0.22845519512740448,07443,1000,1,0.5,raw,160,80,1.0,0.5,2.9999999999999996,0.021401889573518757,no_n2v,SwinUNet
80,0.08318091008672468,0.32351229427536055,0.3340348310433558,0.23007089890637558,0.19275086239140693,0.44856306147223385,07443,1000,1,0.625,denoised,160,80,1.0,0.5,2.9999999999999996,0.021401889573518757,no_n2v,SwinUNet
80,0.08269398021308794,0.11094702318126792,0.1383746230934971,0.135803764625661,0.17114434249243612,0.23407031761073818,07443,1000,1,0.625,raw,160,80,1.0,0.5,2.9999999999999996,0.021401889573518757,no_n2v,SwinUNet
80,0.06378611208934615,0.305554037420265,0.3121408942758051,0.25081237633181525,0.1973474398453491,0.4373214466821513,07443,1000,1,0.75,denoised,160,80,1.0,0.5,2.9999999999999996,0.021401889573518757,no_n2v,SwinUNet
80,0.10649728507833522,0.056632717878013494,0.12061897223615724,0.13574866841612154,0.1538899886960513,0.23444945336657155,07443,1000,1,0.75,raw,160,80,1.0,0.5,2.9999999999999996,0.021401889573518757,no_n2v,SwinUNet
80,0.02003874094289415,0.2921351848355229,0.2928216476926895,0.2785145356270607,0.16454975967368493,0.42346115525802536,07443,1000,1,0.875,denoised,160,80,1.0,0.5,2.9999999999999996,0.021401889573518757,no_n2v,SwinUNet
80,0.062005918478085675,0.08482840876360598,0.10507422547740444,0.1588449596913076,0.14357843912978727,0.23569917817560743,07443,1000,1,0.875,raw,160,80,1.0,0.5,2.9999999999999996,0.021401889573518757,no_n2v,SwinUNet
80,0.13631159372178558,0.32993663411591,0.35698604050397964,0.19127172421133581,0.20803015649282536,0.467072014892594,07443,1000,2,0.0,denoised,160,80,1.0,0.5,2.9999999999999996,0.021401889573518757,no_n2v,SwinUNet
80,0.09569484054238231,0.06930836022259257,0.11815731591051241,0.1392331614397833,0.15601944931364098,0.22569287737743038,07443,1000,2,0.0,raw,160,80,1.0,0.5,2.9999999999999996,0.021401889573518757,no_n2v,SwinUNet
80,0.16050156776265112,0.29715602365724436,0.33773133649404474,0.2081327133924052,0.2139190771094142,0.45040049028368756,07443,1000,2,0.125,denoised,160,80,1.0,0.5,2.9999999999999996,0.021401889573518757,no_n2v,SwinUNet
80,0.09826038332868592,0.1041561829485218,0.14319082854116824,0.12917325162993343,0.15526898756346963,0.2448023294596298,07443,1000,2,0.125,raw,160,80,1.0,0.5,2.9999999999999996,0.021401889573518757,no_n2v,SwinUNet
80,0.13949068047488566,0.2969377189531883,0.3280695945626009,0.20149464609259907,0.2043771133152382,0.4475093556946934,07443,1000,2,0.25,denoised,160,80,1.0,0.5,2.9999999999999996,0.021401889573518757,no_n2v,SwinUNet
80,0.09898863933769775,0.039645983751434244,0.10663280332781179,0.1502346110898576,0.1444294405594791,0.23381393532610717,07443,1000,2,0.25,raw,160,80,1.0,0.5,2.9999999999999996,0.021401889573518757,no_n2v,SwinUNet
80,0.14339188773159606,0.32989413565331205,0.35971012524764506,0.20140161931124606,0.20191334374152453,0.45732520428500256,07443,1000,2,0.375,denoised,160,80,1.0,0.5,2.9999999999999996,0.021401889573518757,no_n2v,SwinUNet
80,0.10561741717586415,0.08927160370458864,0.13829120738098155,0.13491205447231158,0.17669318824660293,0.2514496839866387,07443,1000,2,0.375,raw,160,80,1.0,0.5,2.9999999999999996,0.021401889573518757,no_n2v,SwinUNet
80,0.1090619102919681,0.26953039915480304,0.29075958513019096,0.1989571478084306,0.19435200238656583,0.4239381554743823,07443,1000,2,0.5,denoised,160,80,1.0,0.5,2.9999999999999996,0.021401889573518757,no_n2v,SwinUNet
80,0.09218554872680329,0.05691636684347401,0.10834042739772966,0.14877573685577716,0.16160826688288493,0.22646867465454723,07443,1000,2,0.5,raw,160,80,1.0,0.5,2.9999999999999996,0.021401889573518757,no_n2v,SwinUNet
80,0.09233621725469732,0.2775395071009399,0.29249641881352895,0.20691322258775569,0.1579206933676207,0.42599098963836574,07443,1000,2,0.625,denoised,160,80,1.0,0.5,2.9999999999999996,0.021401889573518757,no_n2v,SwinUNet
80,0.08333182526012095,0.05993030785300846,0.10264421513431578,0.12492721055654707,0.13871397580626546,0.22571513515303396,07443,1000,2,0.625,raw,160,80,1.0,0.5,2.9999999999999996,0.021401889573518757,no_n2v,SwinUNet
80,0.02280328492538075,0.30225520333931755,0.3031141661966334,0.24471512237289314,0.23035697915867795,0.4223724734367819,07443,1000,2,0.75,denoised,160,80,1.0,0.5,2.9999999999999996,0.021401889573518757,no_n2v,SwinUNet
80,0.08657942949686515,0.054128285289671396,0.10210714412029502,0.11358665350901681,0.14156941564956135,0.22334994235119515,07443,1000,2,0.75,raw,160,80,1.0,0.5,2.9999999999999996,0.021401889573518757,no_n2v,SwinUNet
80,-0.006770166684034962,0.28311902372877285,0.2831999589584417,0.22143610177348547,0.2133871726829969,0.4492840084521747,07443,1000,2,0.875,denoised,160,80,1.0,0.5,2.9999999999999996,0.021401889573518757,no_n2v,SwinUNet
80,0.0935233039590706,0.06923495764416288,0.11636188269106743,0.12212018731867302,0.1354225834056807,0.24032498259504967,07443,1000,2,0.875,raw,160,80,1.0,0.5,2.9999999999999996,0.021401889573518757,no_n2v,SwinUNet
131,0.058316643110231325,0.046468450053414045,0.07456639802225079,0.21206947652072408,0.2806398436840799,0.3805896576486978,07364,50,0,0.0,denoised,131,133,0.9849624060150376,0.0,2.9999999999999996,0.08057374454848279,with_n2v,AtomSegNet
131,0.00571690632091304,-0.04129254678181837,0.04168641790332619,0.27510132593677117,0.26115428314941874,0.39961106557141857,07364,50,0,0.0,raw,131,133,0.9849624060150376,0.0,2.9999999999999996,0.08057374454848279,with_n2v,AtomSegNet
131,0.044405094163749936,0.03366494421717903,0.055723790761552414,0.2081575472120522,0.22023875521500666,0.3978164691156838,07364,50,0,0.125,denoised,131,133,0.9849624060150376,0.0,2.9999999999999996,0.08057374454848279,with_n2v,AtomSegNet
131,-0.035649261200919824,-0.013843922980640855,0.03824296049817957,0.2666180882367888,0.28655772944741886,0.42950894654043265,07364,50,0,0.125,raw,131,133,0.9849624060150376,0.0,2.9999999999999996,0.08057374454848279,with_n2v,AtomSegNet
131,0.010758211975058884,0.018655852245373694,0.021535550791691283,0.20011389842755994,0.20451732742396964,0.37730342384426385,07364,50,0,0.25,denoised,131,133,0.9849624060150376,0.0,2.9999999999999996,0.08057374454848279,with_n2v,AtomSegNet
131,-0.05094702987103972,-0.07129914782157698,0.08763086404209249,0.2602581101341295,0.21918093858998217,0.4080825818641692,07364,50,0,0.25,raw,132,133,0.9849624060150376,0.007575757575757569,2.9999999999999996,0.08057374454848279,with_n2v,AtomSegNet
131,0.04005866993067286,0.03462550340712767,0.05294924478037061,0.26969848456252027,0.22649800114852797,0.3961048965657012,07364,50,0,0.375,denoised,131,133,0.9849624060150376,0.0,2.9999999999999996,0.08057374454848279,with_n2v,AtomSegNet
131,0.046493375777004076,-0.04823101274737951,0.06699152619383733,0.25332054330008363,0.32365121504261546,0.4149399313461392,07364,50,0,0.375,raw,131,133,0.9849624060150376,0.0,2.9999999999999996,0.08057374454848279,with_n2v,AtomSegNet
131,0.061541858167061037,0.048513077690898854,0.0783640160641212,0.23458986823367417,0.2615334102102799,0.3787101049676039,07364,50,0,0.5,denoised,131,133,0.9849624060150376,0.0,2.9999999999999996,0.08057374454848279,with_n2v,AtomSegNet
131,-0.03541677308649582,-0.03474902607294439,0.04961695908536217,0.24696527638842117,0.33171798444137873,0.450101935853972,07364,50,0,0.5,raw,131,133,0.9849624060150376,0.0,2.9999999999999996,0.08057374454848279,with_n2v,AtomSegNet
131,0.01735693639091096,0.052174647338404156,0.05498597153606521,0.22532447863424193,0.22525667671714752,0.3924982061797502,07364,50,0,0.625,denoised,131,133,0.9849624060150376,0.0,2.9999999999999996,0.08057374454848279,with_n2v,AtomSegNet
131,-0.020804183799867815,-0.04200152912412136,0.04687155333827862,0.2622412471937142,0.2928800016953351,0.4061120404199454,07364,50,0,0.625,raw,131,133,0.9849624060150376,0.0,2.9999999999999996,0.08057374454848279,with_n2v,AtomSegNet
132,0.04320480171656271,0.04115285652311229,0.05966751621593919,0.18267809162340715,0.25619417099989644,0.4113161427645759,07364,50,0,0.75,denoised,132,133,0.9924812030075187,0.0,2.9999999999999996,0.08057374454848279,with_n2v,AtomSegNet
132,0.00704540998514247,0.0074280298078264195,0.010237842970308882,0.2599204440775333,0.27172639535683835,0.46211099953373885,07364,50,0,0.75,raw,132,133,0.9924812030075187,0.0,2.9999999999999996,0.08057374454848279,with_n2v,AtomSegNet
131,0.009368146803467425,0.049668432799194306,0.050544192458277515,0.24244255465596595,0.24992562104772204,0.3877805523970388,07364,50,0,0.875,denoised,131,133,0.9849624060150376,0.0,2.9999999999999996,0.08057374454848279,with_n2v,AtomSegNet
131,0.04570801341084518,-0.004927197683912254,0.04597281552159225,0.2768000136699396,0.25675672106673736,0.4009635017860917,07364,50,0,0.875,raw,131,133,0.9849624060150376,0.0,2.9999999999999996,0.08057374454848279,with_n2v,AtomSegNet
131,0.08572032727627743,0.06431628549314894,0.10716603514168262,0.2825268452300328,0.20867501063115249,0.41392226787507386,07364,50,1,0.0,denoised,131,133,0.9849624060150376,0.0,2.9999999999999996,0.08057374454848279,with_n2v,AtomSegNet
131,-0.023554665095417704,-0.018685288125169564,0.03006596481202444,0.3286030681092083,0.256454694893978,0.4673134844640912,07364,50,1,0.0,raw,132,133,0.9849624060150376,0.007575757575757569,2.9999999999999996,0.08057374454848279,with_n2v,AtomSegNet
131,0.04478442300505492,0.03789827410162161,0.058667910511431505,0.2190618651858668,0.25797690840602633,0.3891962099223021,07364,50,1,0.125,denoised,131,133,0.9849624060150376,0.0,2.9999999999999996,0.08057374454848279,with_n2v,AtomSegNet
131,0.04469532884053251,0.030561705104611647,0.05414508508687176,0.2833086355875917,0.27895999325887805,0.43092532471723616,07364,50,1,0.125,raw,131,133,0.9849624060150376,0.0,2.9999999999999996,0.08057374454848279,with_n2v,AtomSegNet
131,0.047491595911736795,0.013216634829689156,0.04929636009346986,0.22069222348284628,0.1969667016525816,0.35695263206040273,07364,50,1,0.25,denoised,131,133,0.9849624060150376,0.0,2.9999999999999996,0.08057374454848279,with_n2v,AtomSegNet
131,0.04013332989379137,0.0005884144017969106,0.04013764317784653,0.26836562548775955,0.33637714544106406,0.422099188143178,07364,50,1,0.25,raw,131,133,0.9849624060150376,0.0,2.9999999999999996,0.08057374454848279,with_n2v,AtomSegNet
131,0.05738172236193151,0.03153191382313025,0.06547460309594173,0.2338744260641244,0.22781631842057992,0.36243161174302757,07364,50,1,0.375,denoised,131,133,0.9849624060150376,0.0,2.9999999999999996,0.08057374454848279,with_n2v,AtomSegNet
131,-0.037060305371682034,0.017635454462322286,0.041042362119339176,0.31267309870005955,0.2890891734656826,0.4373607076073992,07364,50,1,0.375,raw,131,133,0.9849624060150376,0.0,2.9999999999999996,0.08057374454848279,with_n2v,AtomSegNet
131,0.018573874534610013,0.04741589865432161,0.05092402439344648,0.24611376674839514,0.25260585658512696,0.3813032626122915,07364,50,1,0.5,denoised,131,133,0.9849624060150376,0.0,2.9999999999999996,0.08057374454848279,with_n2v,AtomSegNet
131,-0.04541894406853686,-0.00014771266388180493,0.04541918426537349,0.2780226953788138,0.3330849646878072,0.43360438952748714,07364,50,1,0.5,raw,132,133,0.9849624060150376,0.007575757575757569,2.9999999999999996,0.08057374454848279,with_n2v,AtomSegNet
131,0.04186366249098228,0.022123042271914528,0.047349712106028626,0.24170244700099483,0.24737703431900754,0.3600891858550206,07364,50,1,0.625,denoised,131,133,0.9849624060150376,0.0,2.9999999999999996,0.08057374454848279,with_n2v,AtomSegNet
131,0.025948474623135098,-0.010097028629502347,0.027843730396850137,0.2593961495912015,0.24167469579856057,0.40533700734978534,07364,50,1,0.625,raw,131,133,0.9849624060150376,0.0,2.9999999999999996,0.08057374454848279,with_n2v,AtomSegNet
131,0.016482087837744075,0.04632091984797171,0.0491659113111242,0.20513605351638664,0.27120520659851005,0.3729136838744624,07364,50,1,0.75,denoised,131,133,0.9849624060150376,0.0,2.9999999999999996,0.08057374454848279,with_n2v,AtomSegNet
132,-0.039198910903905926,-0.029821992057271984,0.049253485423027155,0.280881209189861,0.26075437942595003,0.45161759568556936,07364,50,1,0.75,raw,132,133,0.9924812030075187,0.0,2.9999999999999996,0.08057374454848279,with_n2v,AtomSegNet
131,0.02806122461299765,0.04611335768902336,0.0539803120048126,0.22367206537895715,0.22867248481940167,0.36068361610048494,07364,50,1,0.875,denoised,131,133,0.9849624060150376,0.0,2.9999999999999996,0.08057374454848279,with_n2v,AtomSegNet
131,0.00919919116620349,-0.037198184478427265,0.03831879495239201,0.2853177172391629,0.32101303871708986,0.4257926049560784,07364,50,1,0.875,raw,131,133,0.9849624060150376,0.0,2.9999999999999996,0.08057374454848279,with_n2v,AtomSegNet
131,0.027608672398415024,0.08499357164525634,0.08936523939776767,0.2381844421147745,0.2782726373730298,0.4012554447136456,07364,50,2,0.0,denoised,131,133,0.9849624060150376,0.0,2.9999999999999996,0.08057374454848279,with_n2v,AtomSegNet
132,-0.013749257057817488,-0.0010666320434324916,0.013790568282635092,0.30549545492956054,0.25130616920537396,0.4378141794757005,07364,50,2,0.0,raw,132,133,0.9924812030075187,0.0,2.9999999999999996,0.08057374454848279,with_n2v,AtomSegNet
131,0.06646670464697024,0.01680482677156192,0.06855818718030532,0.20932303870622215,0.27389105000845415,0.38540372985633214,07364,50,2,0.125,denoised,131,133,0.9849624060150376,0.0,2.9999999999999996,0.08057374454848279,with_n2v,AtomSegNet
131,0.016888600193986747,-0.026828507003699542,0.031701634099205116,0.28505126011141413,0.2749927137012079,0.40828008202941074,07364,50,2,0.125,raw,131,133,0.9849624060150376,0.0,2.9999999999999996,0.08057374454848279,with_n2v,AtomSegNet
132,0.03211556905175428,0.059406230742162336,0.06753154837932439,0.2091513010429775,0.22149293553236107,0.38473660067968407,07364,50,2,0.25,denoised,132,133,0.9924812030075187,0.0,2.9999999999999996,0.08057374454848279,with_n2v,AtomSegNet
132,-0.004759768508591833,-0.023608848608077437,0.024083876948168093,0.32801966752061174,0.25038010600405936,0.440940216900151,07364,50,2,0.25,raw,132,133,0.9924812030075187,0.0,2.9999999999999996,0.08057374454848279,with_n2v,AtomSegNet
131,0.004382983975077082,0.05764616834792946,0.057812552907855634,0.23477279051592487,0.2901987672676789,0.4015183338849689,07364,50,2,0.375,denoised,131,133,0.9849624060150376,0.0,2.9999999999999996,0.08057374454848279,with_n2v,AtomSegNet
131,0.02722590979314532,-0.01294664739086926,0.030147401923349682,0.28763195487212545,0.27650898739716057,0.42118521491629257,07364,50,2,0.375,raw,131,133,0.9849624060150376,0.0,2.9999999999999996,0.08057374454848279,with_n2v,AtomSegNet
131,0.059034846836865995,0.04931997156297996,0.07692576119886874,0.24966768503032427,0.24955668570129066,0.38094768528682793,07364,50,2,0.5,denoised,131,133,0.9849624060150376,0.0,2.9999999999999996,0.08057374454848279,with_n2v,AtomSegNet
131,0.0345783339379544,-0.004987917250701912,0.03493623472019471,0.2890387841650494,0.28716052931110536,0.41989563469032787,07364,50,2,0.5,raw,131,133,0.9849624060150376,0.0,2.9999999999999996,0.08057374454848279,with_n2v,AtomSegNet
132,0.03144971425245835,0.05073713067564434,0.05969372626799814,0.21170735441478988,0.22892300917360225,0.40767644793137303,07364,50,2,0.625,denoised,132,133,0.9924812030075187,0.0,2.9999999999999996,0.08057374454848279,with_n2v,AtomSegNet
131,0.007334956232650569,-0.0016289517010079635,0.007513658667993654,0.304773826672344,0.2762064604826529,0.44735919965703547,07364,50,2,0.625,raw,132,133,0.9849624060150376,0.007575757575757569,2.9999999999999996,0.08057374454848279,with_n2v,AtomSegNet
131,0.028682163009278838,0.0020520820502838433,0.028755478010840656,0.23922285704433766,0.2726475306748889,0.40206399269385856,07364,50,2,0.75,denoised,131,133,0.9849624060150376,0.0,2.9999999999999996,0.08057374454848279,with_n2v,AtomSegNet
131,-0.016493229763213435,-0.006238444764150586,0.017633627564897343,0.2775659471676223,0.27107330788302736,0.4207382798903472,07364,50,2,0.75,raw,131,133,0.9849624060150376,0.0,2.9999999999999996,0.08057374454848279,with_n2v,AtomSegNet
131,0.04772753567702637,0.02564123552384956,0.054179245297358555,0.24507695413021174,0.2090433189101093,0.37842236128875234,07364,50,2,0.875,denoised,131,133,0.9849624060150376,0.0,2.9999999999999996,0.08057374454848279,with_n2v,AtomSegNet
131,0.00042674395506736573,-0.03582890263778893,0.03583144393729263,0.27601514611192646,0.25405767608817764,0.41949870469588857,07364,50,2,0.875,raw,131,133,0.9849624060150376,0.0,2.9999999999999996,0.08057374454848279,with_n2v,AtomSegNet
131,0.09753965664572206,0.020580325856769832,0.09968718288193412,0.2123017525445327,0.23296828532665895,0.3497503871897178,07364,200,0,0.0,denoised,131,133,0.9849624060150376,0.0,2.999999999999986,0.04165850907281803,with_n2v,AtomSegNet
131,-0.00244550743587979,-0.013052617864303784,0.013279734173939087,0.1586988183751945,0.17630284845964234,0.2817761719761762,07364,200,0,0.0,raw,132,133,0.9849624060150376,0.007575757575757569,2.999999999999986,0.04165850907281803,with_n2v,AtomSegNet
131,0.09412626707643312,0.027225720457998648,0.09798466210688847,0.2103014841123179,0.23157245003988003,0.3554061739788696,07364,200,0,0.125,denoised,131,133,0.9849624060150376,0.0,2.999999999999986,0.04165850907281803,with_n2v,AtomSegNet
131,0.01771393771526064,0.009493528429914022,0.020097528988154718,0.19298344711866033,0.15524955088857417,0.3516696540026198,07364,200,0,0.125,raw,131,133,0.9849624060150376,0.0,2.999999999999986,0.04165850907281803,with_n2v,AtomSegNet
131,0.09122979838040557,0.024778711447169144,0.09453497053213442,0.22596417939355862,0.23130279781922883,0.360407641352322,07364,200,0,0.25,denoised,131,133,0.9849624060150376,0.0,2.999999999999986,0.04165850907281803,with_n2v,AtomSegNet
131,0.00042329896828618985,-0.0035071339137786595,0.0035325869141082105,0.21944251639770473,0.18111741952313834,0.317763441037631,07364,200,0,0.25,raw,131,133,0.9849624060150376,0.0,2.999999999999986,0.04165850907281803,with_n2v,AtomSegNet
132,0.08136666031136564,0.03235474156510865,0.08756347818565759,0.2231111071292312,0.22558263534454248,0.4143741059049843,07364,200,0,0.375,denoised,132,133,0.9924812030075187,0.0,2.999999999999986,0.04165850907281803,with_n2v,AtomSegNet
131,-0.0057258525915528935,-0.0033705522014315648,0.006644246386368295,0.1799214140068968,0.20872300276518846,0.342343658908654,07364,200,0,0.375,raw,131,133,0.9849624060150376,0.0,2.999999999999986,0.04165850907281803,with_n2v,AtomSegNet
131,0.10041291545289255,0.019817688810547907,0.1023498626259042,0.20101816101710296,0.19235044043623323,0.3396536889539016,07364,200,0,0.5,denoised,131,133,0.9849624060150376,0.0,2.999999999999986,0.04165850907281803,with_n2v,AtomSegNet
131,0.03412225992492779,-0.004260562197430318,0.03438722164732861,0.16443477040493265,0.18431421836175052,0.28908843371474024,07364,200,0,0.5,raw,131,133,0.9849624060150376,0.0,2.999999999999986,0.04165850907281803,with_n2v,AtomSegNet
132,0.09460715625613147,0.006862072271189845,0.09485569066074587,0.2073420058603415,0.2135081236844961,0.37719133446976644,07364,200,0,0.625,denoised,132,133,0.9924812030075187,0.0,2.999999999999986,0.04165850907281803,with_n2v,AtomSegNet
131,0.014929591024866795,-0.0007081104167667718,0.014946374427670302,0.18246175075142476,0.1846299203103584,0.3073861587592488,07364,200,0,0.625,raw,131,133,0.9849624060150376,0.0,2.999999999999986,0.04165850907281803,with_n2v,AtomSegNet
131,0.10924438025958239,0.026937570642957098,0.11251652025566973,0.21083282039962611,0.19733050367329705,0.34089368706439993,07364,200,0,0.75,denoised,131,133,0.9849624060150376,0.0,2.999999999999986,0.04165850907281803,with_n2v,AtomSegNet
131,0.0063710560130942895,0.001776609533408191,0.006614128525828764,0.18410198832453797,0.19328778115163187,0.28701505232224345,07364,200,0,0.75,raw,131,133,0.9849624060150376,0.0,2.999999999999986,0.04165850907281803,with_n2v,AtomSegNet
131,0.08752292375221771,0.05516835290097788,0.10345921584829139,0.23421444186873294,0.20499117983379178,0.34531207698424604,07364,200,0,0.875,denoised,131,133,0.9849624060150376,0.0,2.999999999999986,0.04165850907281803,with_n2v,AtomSegNet
131,0.021249154765797584,-0.021274883734719197,0.030069041490986,0.1883309512589392,0.17889471469419957,0.3040330316268776,07364,200,0,0.875,raw,131,133,0.9849624060150376,0.0,2.999999999999986,0.04165850907281803,with_n2v,AtomSegNet
131,0.07782667180498493,0.05665538721854091,0.09626434306181933,0.19405451707880794,0.23303812895708306,0.37205984971783584,07364,200,1,0.0,denoised,131,133,0.9849624060150376,0.0,2.999999999999986,0.04165850907281803,with_n2v,AtomSegNet
131,-0.013648103438754333,-0.0111914937025972,0.017649936508956927,0.18897340440126273,0.17812312683454962,0.3223349643271905,07364,200,1,0.0,raw,131,133,0.9849624060150376,0.0,2.999999999999986,0.04165850907281803,with_n2v,AtomSegNet
131,0.07073609089667343,0.04714176085292365,0.08500553024160658,0.20775425511182488,0.22964544935597955,0.3465430603362391,07364,200,1,0.125,denoised,131,133,0.9849624060150376,0.0,2.999999999999986,0.04165850907281803,with_n2v,AtomSegNet
131,-0.007029792572293303,-0.008124161991332812,0.010743369660906527,0.17692294149445031,0.15606378708618304,0.2864770687631817,07364,200,1,0.125,raw,131,133,0.9849624060150376,0.0,2.999999999999986,0.04165850907281803,with_n2v,AtomSegNet
132,0.09402070846012744,0.04206317736221621,0.10300099275807753,0.24483363054136217,0.20991344017202865,0.3857115406702332,07364,200,1,0.25,denoised,132,133,0.9924812030075187,0.0,2.999999999999986,0.04165850907281803,with_n2v,AtomSegNet
131,0.022297532622985727,0.021737738227786352,0.031140154532899752,0.18147655645450725,0.20407056135659377,0.30577041574336045,07364,200,1,0.25,raw,131,133,0.9849624060150376,0.0,2.999999999999986,0.04165850907281803,with_n2v,AtomSegNet
131,0.06689512736221559,0.04084145715472687,0.07837718218543223,0.1879015533241163,0.20143541596185469,0.34461391083363374,07364,200,1,0.375,denoised,131,133,0.9849624060150376,0.0,2.999999999999986,0.04165850907281803,with_n2v,AtomSegNet
131,-0.0008115333459954854,-0.014571257576456276,0.014593838896297884,0.1632251910020795,0.17175042063011606,0.3010251352887601,07364,200,1,0.375,raw,132,133,0.9849624060150376,0.007575757575757569,2.999999999999986,0.04165850907281803,with_n2v,AtomSegNet
132,0.06424378557278132,0.038260604263792075,0.07477391138192524,0.2118076855507737,0.21698216554500882,0.37919991402483644,07364,200,1,0.5,denoised,132,133,0.9924812030075187,0.0,2.999999999999986,0.04165850907281803,with_n2v,AtomSegNet
131,0.006230025970523911,-0.014231561924873404,0.015535461963356893,0.16803055575348613,0.1750956153803232,0.2919812943053702,07364,200,1,0.5,raw,131,133,0.9849624060150376,0.0,2.999999999999986,0.04165850907281803,with_n2v,AtomSegNet
131,0.05610633273190757,0.031158954149624662,0.06417788557066939,0.217290324366061,0.20439093103222275,0.34626963033633684,07364,200,1,0.625,denoised,131,133,0.9849624060150376,0.0,2.999999999999986,0.04165850907281803,with_n2v,AtomSegNet
131,-0.005873357099460463,-0.009879528936735937,0.011493537994437803,0.16645528666905643,0.18943735984186805,0.3019834034412374,07364,200,1,0.625,raw,131,133,0.9849624060150376,0.0,2.999999999999986,0.04165850907281803,with_n2v,AtomSegNet
131,0.08187722120698737,0.01264888203661485,0.08284849768918046,0.1913543468257225,0.24753144033118807,0.32699391845439874,07364,200,1,0.75,denoised,131,133,0.9849624060150376,0.0,2.999999999999986,0.04165850907281803,with_n2v,AtomSegNet
131,-0.033356309094727976,-0.002023195047797799,0.033417610247060844,0.1523831008868587,0.19067357797777024,0.299224588758513,07364,200,1,0.75,raw,131,133,0.9849624060150376,0.0,2.999999999999986,0.04165850907281803,with_n2v,AtomSegNet
131,0.07450833549239633,0.02046122656176408,0.07726677067316406,0.20148236474733788,0.21542373512698418,0.357785836193718,07364,200,1,0.875,denoised,131,133,0.9849624060150376,0.0,2.999999999999986,0.04165850907281803,with_n2v,AtomSegNet
131,-0.025696574222273227,0.000943790353460372,0.02571390026798894,0.19237065434127382,0.16639235175358405,0.2953418513288808,07364,200,1,0.875,raw,131,133,0.9849624060150376,0.0,2.999999999999986,0.04165850907281803,with_n2v,AtomSegNet
131,0.09174925052644767,0.03021563296039176,0.09659663269163149,0.20824283720599576,0.22273949549784514,0.353692403965373,07364,200,2,0.0,denoised,131,133,0.9849624060150376,0.0,2.999999999999986,0.04165850907281803,with_n2v,AtomSegNet
131,0.033540251325661075,0.017288694116444958,0.03773390257103694,0.17558641288016816,0.1998789693610153,0.30507715827474907,07364,200,2,0.0,raw,131,133,0.9849624060150376,0.0,2.999999999999986,0.04165850907281803,with_n2v,AtomSegNet
132,0.07567887466729051,0.021736402240019714,0.0787385753823842,0.20976017343892717,0.19660836476501697,0.39806956030539115,07364,200,2,0.125,denoised,132,133,0.9924812030075187,0.0,2.999999999999986,0.04165850907281803,with_n2v,AtomSegNet
131,-0.01127629262751384,-0.006816365386441703,0.013176403625527093,0.1709713015792096,0.21590815390548543,0.31946677744500684,07364,200,2,0.125,raw,131,133,0.9849624060150376,0.0,2.999999999999986,0.04165850907281803,with_n2v,AtomSegNet
131,0.07654776385181883,0.03155157167577727,0.08279530074784155,0.22490345136729764,0.22292311511966112,0.3477906538508765,07364,200,2,0.25,denoised,131,133,0.9849624060150376,0.0,2.999999999999986,0.04165850907281803,with_n2v,AtomSegNet
131,-0.012084219724478373,0.008717893197221827,0.014900672070334237,0.17344352713712666,0.18608715087121513,0.3044398471019438,07364,200,2,0.25,raw,131,133,0.9849624060150376,0.0,2.999999999999986,0.04165850907281803,with_n2v,AtomSegNet
131,0.06000418840869237,0.02760063021144532,0.06604769045662989,0.22340556166359868,0.2314928835504083,0.34973786683814323,07364,200,2,0.375,denoised,131,133,0.9849624060150376,0.0,2.999999999999986,0.04165850907281803,with_n2v,AtomSegNet
131,-0.0012524689239512554,0.017212316903666647,0.01725782522792812,0.215060225498389,0.2114629554139628,0.3083155078080672,07364,200,2,0.375,raw,131,133,0.9849624060150376,0.0,2.999999999999986,0.04165850907281803,with_n2v,AtomSegNet
132,0.0816871653666027,0.020135920893523007,0.08413232610513578,0.21869337340922596,0.22058265468504534,0.3909484930490147,07364,200,2,0.5,denoised,132,133,0.9924812030075187,0.0,2.999999999999986,0.04165850907281803,with_n2v,AtomSegNet
131,-0.0023432111555763413,-0.007288780856974597,0.007656171686986699,0.1964656288863328,0.18863307195612233,0.30606613659986254,07364,200,2,0.5,raw,131,133,0.9849624060150376,0.0,2.999999999999986,0.04165850907281803,with_n2v,AtomSegNet
131,0.06471583696131233,0.024761903840726518,0.06929135180829239,0.22266216503103028,0.20318501479046328,0.3393959589998103,07364,200,2,0.625,denoised,131,133,0.9849624060150376,0.0,2.999999999999986,0.04165850907281803,with_n2v,AtomSegNet
131,-0.020775946735241746,0.013412576211607075,0.024729277453612957,0.1869080498330489,0.16790846341676313,0.2879581370763067,07364,200,2,0.625,raw,131,133,0.9849624060150376,0.0,2.999999999999986,0.04165850907281803,with_n2v,AtomSegNet
131,0.06185420764327887,0.026060924333961566,0.06712015181983969,0.2141391268343746,0.20508692201568904,0.3365905424604641,07364,200,2,0.75,denoised,131,133,0.9849624060150376,0.0,2.999999999999986,0.04165850907281803,with_n2v,AtomSegNet
131,0.026941185656809807,0.0066914836689448975,0.027759744924736804,0.17587339743207286,0.18808931565325215,0.30486340645197957,07364,200,2,0.75,raw,131,133,0.9849624060150376,0.0,2.999999999999986,0.04165850907281803,with_n2v,AtomSegNet
132,0.08620335548405933,0.03375899613139488,0.0925780120574569,0.2311961532829214,0.24513957801804803,0.38803270507820004,07364,200,2,0.875,denoised,132,133,0.9924812030075187,0.0,2.999999999999986,0.04165850907281803,with_n2v,AtomSegNet
131,0.025021904068893264,0.020422168606973656,0.03229799767546833,0.2074097188466692,0.20638353718983452,0.331249633393893,07364,200,2,0.875,raw,131,133,0.9849624060150376,0.0,2.999999999999986,0.04165850907281803,with_n2v,AtomSegNet
131,0.10340100645606753,0.017953190144368136,0.10494801176052626,0.21111153265335786,0.21803543240124312,0.3496331844851858,07364,1000,0,0.0,denoised,131,133,0.9849624060150376,0.0,2.9999999999999996,0.0195394456310795,with_n2v,AtomSegNet
131,0.0065058820316608035,-0.016654308636134374,0.017879946788441705,0.11685846807464449,0.13950311022081144,0.23475523448070118,07364,1000,0,0.0,raw,131,133,0.9849624060150376,0.0,2.9999999999999996,0.0195394456310795,with_n2v,AtomSegNet
131,0.09987369036385374,0.016599912274955386,0.10124382012958197,0.20698925522092365,0.20801263676130086,0.34157899288556437,07364,1000,0,0.125,denoised,131,133,0.9849624060150376,0.0,2.9999999999999996,0.0195394456310795,with_n2v,AtomSegNet
131,0.013863185511610254,-0.006197631449168739,0.015185471612993976,0.13400961671636424,0.1392666212165256,0.2497748384105223,07364,1000,0,0.125,raw,131,133,0.9849624060150376,0.0,2.9999999999999996,0.0195394456310795,with_n2v,AtomSegNet
131,0.10483798256430532,0.02510800862347473,0.10780266548277026,0.19498472918828477,0.20157315302959275,0.3401111677167743,07364,1000,0,0.25,denoised,131,133,0.9849624060150376,0.0,2.9999999999999996,0.0195394456310795,with_n2v,AtomSegNet
131,0.016038588847123947,0.0010054525590845742,0.016070073648109345,0.12846190558877355,0.1278293424355686,0.25484605687884665,07364,1000,0,0.25,raw,131,133,0.9849624060150376,0.0,2.9999999999999996,0.0195394456310795,with_n2v,AtomSegNet
131,0.09627353175858744,0.02736355003420954,0.1000867463141171,0.2117810077132464,0.22646258827816762,0.3377936158700113,07364,1000,0,0.375,denoised,131,133,0.9849624060150376,0.0,2.9999999999999996,0.0195394456310795,with_n2v,AtomSegNet
131,-0.0011543846767096966,-0.02246917336850629,0.022498807876103446,0.1174369461959143,0.13485456560277564,0.22272123590144274,07364,1000,0,0.375,raw,131,133,0.9849624060150376,0.0,2.9999999999999996,0.0195394456310795,with_n2v,AtomSegNet
131,0.10359686530409817,0.03205461163949508,0.10844265133329374,0.2201991923075063,0.20721412338080228,0.3411289435214012,07364,1000,0,0.5,denoised,131,133,0.9849624060150376,0.0,2.9999999999999996,0.0195394456310795,with_n2v,AtomSegNet
131,-0.0025835377238507817,-0.010517102668364586,0.0108297791162831,0.14688359094041112,0.13747564837136578,0.24171542788073683,07364,1000,0,0.5,raw,131,133,0.9849624060150376,0.0,2.9999999999999996,0.0195394456310795,with_n2v,AtomSegNet
131,0.09013067866465008,0.013029734996742093,0.09106762998253405,0.2099753105653274,0.20185032334920253,0.33513034470502395,07364,1000,0,0.625,denoised,131,133,0.9849624060150376,0.0,2.9999999999999996,0.0195394456310795,with_n2v,AtomSegNet
131,0.016002610165173792,-0.009793817675372907,0.018761726912972867,0.12164890731296227,0.16982300473314144,0.23551513545374192,07364,1000,0,0.625,raw,131,133,0.9849624060150376,0.0,2.9999999999999996,0.0195394456310795,with_n2v,AtomSegNet
131,0.07704719641270685,0.0027339067590901323,0.07709568549034133,0.19762094858882648,0.2093718721306115,0.3315234340898677,07364,1000,0,0.75,denoised,131,133,0.9849624060150376,0.0,2.9999999999999996,0.0195394456310795,with_n2v,AtomSegNet
131,-0.003652655905057145,0.002018337307163165,0.004173197892052986,0.1106406543818081,0.12617383672166596,0.23433172578167152,07364,1000,0,0.75,raw,131,133,0.9849624060150376,0.0,2.9999999999999996,0.0195394456310795,with_n2v,AtomSegNet
131,0.09116004425686697,0.02220133347523756,0.09382458567450563,0.18444187699797293,0.18305856025191408,0.3304025762769971,07364,1000,0,0.875,denoised,131,133,0.9849624060150376,0.0,2.9999999999999996,0.0195394456310795,with_n2v,AtomSegNet
131,0.02175778548713936,-0.010550323615458268,0.02418078902135471,0.12174416192916121,0.1554178428136157,0.22741787710761469,07364,1000,0,0.875,raw,131,133,0.9849624060150376,0.0,2.9999999999999996,0.0195394456310795,with_n2v,AtomSegNet
131,0.10160390319540546,0.028132706143424002,0.10542676272888954,0.20039822948754518,0.2211874865956036,0.34262414818373665,07364,1000,1,0.0,denoised,131,133,0.9849624060150376,0.0,2.9999999999999996,0.0195394456310795,with_n2v,AtomSegNet
131,-0.0028441733373938405,0.005879691078661153,0.0065314691420559874,0.14130081788843354,0.15228890617726049,0.22363281466162285,07364,1000,1,0.0,raw,131,133,0.9849624060150376,0.0,2.9999999999999996,0.0195394456310795,with_n2v,AtomSegNet
131,0.09888429633448936,0.022135664329232085,0.10133159278755834,0.20860518776412498,0.19858955226158673,0.3411165471348312,07364,1000,1,0.125,denoised,131,133,0.9849624060150376,0.0,2.9999999999999996,0.0195394456310795,with_n2v,AtomSegNet
131,-0.012263883452721558,-0.011382671760667762,0.016732245926743994,0.11099778504354241,0.157034132804156,0.25297498717056094,07364,1000,1,0.125,raw,131,133,0.9849624060150376,0.0,2.9999999999999996,0.0195394456310795,with_n2v,AtomSegNet
131,0.10154575079872963,0.018339081854435335,0.10318847526997081,0.19841350975404923,0.20546330633793422,0.3410825755328889,07364,1000,1,0.25,denoised,131,133,0.9849624060150376,0.0,2.9999999999999996,0.0195394456310795,with_n2v,AtomSegNet
131,0.011236753978259628,0.008793322893353661,0.014268397508995577,0.1466061655114508,0.14782243288529084,0.24042378313818283,07364,1000,1,0.25,raw,131,133,0.9849624060150376,0.0,2.9999999999999996,0.0195394456310795,with_n2v,AtomSegNet
131,0.11067245360426448,0.023746807215673016,0.11319144331497152,0.19452501954602067,0.2174323470443214,0.33533546481496923,07364,1000,1,0.375,denoised,131,133,0.9849624060150376,0.0,2.9999999999999996,0.0195394456310795,with_n2v,AtomSegNet
131,-0.002388631332053137,-0.016553973369326513,0.01672541760174727,0.1284057903486226,0.1261543354030349,0.24435158221357536,07364,1000,1,0.375,raw,131,133,0.9849624060150376,0.0,2.9999999999999996,0.0195394456310795,with_n2v,AtomSegNet
131,0.10092385999704945,0.019088890055115826,0.10271324763748996,0.19702251692085043,0.2054751803483573,0.3380202293130985,07364,1000,1,0.5,denoised,131,133,0.9849624060150376,0.0,2.9999999999999996,0.0195394456310795,with_n2v,AtomSegNet
131,0.006871824744166588,-0.003598756947482684,0.007757127489064175,0.11679846610688774,0.14367444988444258,0.2433233907278224,07364,1000,1,0.5,raw,131,133,0.9849624060150376,0.0,2.9999999999999996,0.0195394456310795,with_n2v,AtomSegNet
131,0.10255774151278274,0.014133727239851623,0.10352706211369704,0.20650273747004094,0.21991374195235228,0.34431810655272727,07364,1000,1,0.625,denoised,131,133,0.9849624060150376,0.0,2.9999999999999996,0.0195394456310795,with_n2v,AtomSegNet
131,0.002325167793188143,0.005651955785651808,0.006111547223857668,0.1374825976706859,0.1251519961802968,0.23061559357765765,07364,1000,1,0.625,raw,131,133,0.9849624060150376,0.0,2.9999999999999996,0.0195394456310795,with_n2v,AtomSegNet
131,0.10559638274870053,0.007334712589781134,0.10585081038133225,0.21802361700636602,0.20430143306706783,0.33239716208620385,07364,1000,1,0.75,denoised,131,133,0.9849624060150376,0.0,2.9999999999999996,0.0195394456310795,with_n2v,AtomSegNet
131,0.0034613394647777795,-0.0026066642635100834,0.004333078521454313,0.12626107584879823,0.14113215782592017,0.23823074491204813,07364,1000,1,0.75,raw,131,133,0.9849624060150376,0.0,2.9999999999999996,0.0195394456310795,with_n2v,AtomSegNet
131,0.08937635866509908,0.002879343329226458,0.08942272701187318,0.19944776505427475,0.19030281139247873,0.33443791783308785,07364,1000,1,0.875,denoised,131,133,0.9849624060150376,0.0,2.9999999999999996,0.0195394456310795,with_n2v,AtomSegNet
131,0.012819067283359686,-0.011264720333741707,0.017065239822889,0.1404594113320934,0.1378558980873292,0.2289541367051664,07364,1000,1,0.875,raw,131,133,0.9849624060150376,0.0,2.9999999999999996,0.0195394456310795,with_n2v,AtomSegNet
131,0.10589665982331553,0.024505854265001403,0.10869516757884178,0.20497403593713978,0.21400507003592437,0.3505373203420093,07364,1000,2,0.0,denoised,131,133,0.9849624060150376,0.0,2.9999999999999996,0.0195394456310795,with_n2v,AtomSegNet
131,0.01835715223504053,-0.0021511606267683447,0.01848276305703809,0.12410346932411954,0.13064065603725292,0.23547131375559294,07364,1000,2,0.0,raw,131,133,0.9849624060150376,0.0,2.9999999999999996,0.0195394456310795,with_n2v,AtomSegNet
131,0.11405899174750544,0.02890763227881621,0.11766522341977162,0.2086396641274252,0.20528232332501603,0.3382568941044664,07364,1000,2,0.125,denoised,131,133,0.9849624060150376,0.0,2.9999999999999996,0.0195394456310795,with_n2v,AtomSegNet
131,0.004561477569069439,-0.007709944517330314,0.00895825440995261,0.12296231593466732,0.15050862837222465,0.24155973970866815,07364,1000,2,0.125,raw,131,133,0.9849624060150376,0.0,2.9999999999999996,0.0195394456310795,with_n2v,AtomSegNet
131,0.10800989570514297,0.027418746345333034,0.11143574481011725,0.2176683649455037,0.21274141375021424,0.3385999508305356,07364,1000,2,0.25,denoised,131,133,0.9849624060150376,0.0,2.9999999999999996,0.0195394456310795,with_n2v,AtomSegNet
131,0.012454428929622452,-0.0156413172356622,0.01999408924731607,0.09912980006703201,0.16200307402657166,0.2358732112550173,07364,1000,2,0.25,raw,131,133,0.9849624060150376,0.0,2.9999999999999996,0.0195394456310795,with_n2v,AtomSegNet
131,0.11222250043093318,0.013560614763008516,0.11303884233183531,0.21197286196612466,0.19587542117439527,0.3332211383819375,07364,1000,2,0.375,denoised,131,133,0.9849624060150376,0.0,2.9999999999999996,0.0195394456310795,with_n2v,AtomSegNet
131,0.0003903311720989677,-0.012853870645024301,0.012859795837529055,0.12286336443972162,0.1381049747072661,0.2336351694019183,07364,1000,2,0.375,raw,131,133,0.9849624060150376,0.0,2.9999999999999996,0.0195394456310795,with_n2v,AtomSegNet
131,0.11588443571185536,0.0038560871923607465,0.11594857415548596,0.20861980120897916,0.2053357859457812,0.34029562918836287,07364,1000,2,0.5,denoised,131,133,0.9849624060150376,0.0,2.9999999999999996,0.0195394456310795,with_n2v,AtomSegNet
131,0.013545865835780546,-0.003276491302539597,0.013936494412031463,0.1143095955966431,0.14884791081893367,0.23904336596782316,07364,1000,2,0.5,raw,131,133,0.9849624060150376,0.0,2.9999999999999996,0.0195394456310795,with_n2v,AtomSegNet
132,0.1032434761677763,0.03593493823547789,0.10931850327000367,0.2140890627632303,0.2121341320309231,0.38368472874656695,07364,1000,2,0.625,denoised,132,133,0.9924812030075187,0.0,2.9999999999999996,0.0195394456310795,with_n2v,AtomSegNet
131,0.022706418367697268,-0.009085909438120154,0.02445680243626752,0.12651222274043802,0.15027815495378138,0.22520213964223618,07364,1000,2,0.625,raw,131,133,0.9849624060150376,0.0,2.9999999999999996,0.0195394456310795,with_n2v,AtomSegNet
131,0.08489719048260014,0.014999496188750072,0.08621205158071127,0.2082814019472578,0.21672107332263693,0.3422517657482693,07364,1000,2,0.75,denoised,131,133,0.9849624060150376,0.0,2.9999999999999996,0.0195394456310795,with_n2v,AtomSegNet
131,0.00654721213437881,-0.001312393773474696,0.006677451920396903,0.14007714738686708,0.12961367943557056,0.2352567979750383,07364,1000,2,0.75,raw,131,133,0.9849624060150376,0.0,2.9999999999999996,0.0195394456310795,with_n2v,AtomSegNet
132,0.08896110584638173,0.009613717616417716,0.08947905855461016,0.19687139694637076,0.19975850662853495,0.38054480843773775,07364,1000,2,0.875,denoised,132,133,0.9924812030075187,0.0,2.9999999999999996,0.0195394456310795,with_n2v,AtomSegNet
131,-0.0039745823145977965,0.0031234388634970855,0.005055014827823707,0.11547571445352244,0.13743932630150646,0.2330454249811884,07364,1000,2,0.875,raw,131,133,0.9849624060150376,0.0,2.9999999999999996,0.0195394456310795,with_n2v,AtomSegNet
90,-0.14027809660462154,0.043369650127479176,0.146829393989063,0.45964748144871703,0.5484243414887902,0.8853274292859203,07557,50,0,0.0,denoised,90,90,1.0,0.0,2.9999999999999996,0.07733358883745395,with_n2v,AtomSegNet
90,0.02712113934449434,0.07216187244701189,0.07709015523659485,0.47677909073631125,0.46780799672393775,0.6609934508009961,07557,50,0,0.0,raw,90,90,1.0,0.0,2.9999999999999996,0.07733358883745395,with_n2v,AtomSegNet
90,-0.17003672709751783,0.06619831181028957,0.1824683672546233,0.4496008514745339,0.5296338028360265,0.8635391177299503,07557,50,0,0.125,denoised,90,90,1.0,0.0,2.9999999999999996,0.07733358883745395,with_n2v,AtomSegNet
90,0.009337830646899192,0.01977429459086011,0.02186819168921585,0.40415820611286446,0.3868190417064729,0.6722270427925169,07557,50,0,0.125,raw,90,90,1.0,0.0,2.9999999999999996,0.07733358883745395,with_n2v,AtomSegNet
90,-0.15625797846858092,0.07089945183197344,0.17159046624204335,0.36839241866194405,0.41689961949000687,0.8319006365979832,07557,50,0,0.25,denoised,90,90,1.0,0.0,2.9999999999999996,0.07733358883745395,with_n2v,AtomSegNet
90,0.03308662559162201,0.05444656859920727,0.06371148738860488,0.34251422300843204,0.45712224388408396,0.6250338795276033,07557,50,0,0.25,raw,90,90,1.0,0.0,2.9999999999999996,0.07733358883745395,with_n2v,AtomSegNet
90,-0.21769536374665677,-0.04351431779534387,0.22200172803377766,0.48811678411316267,0.4506822843685092,0.9558841980114116,07557,50,0,0.375,denoised,90,90,1.0,0.0,2.9999999999999996,0.07733358883745395,with_n2v,AtomSegNet
90,-0.05664365750729061,-0.004915691211277107,0.05685655596224473,0.4392840826022866,0.4669329240053044,0.7066275266093875,07557,50,0,0.375,raw,90,90,1.0,0.0,2.9999999999999996,0.07733358883745395,with_n2v,AtomSegNet
90,-0.18534479518687874,-0.015081455422489398,0.18595736984730282,0.4473546449824133,0.4022404402897295,0.8984640081372482,07557,50,0,0.5,denoised,90,90,1.0,0.0,2.9999999999999996,0.07733358883745395,with_n2v,AtomSegNet
90,-0.04293778413262572,0.03370365335508296,0.05458561674745061,0.463192111964219,0.4390311291733611,0.7057199392069843,07557,50,0,0.5,raw,90,90,1.0,0.0,2.9999999999999996,0.07733358883745395,with_n2v,AtomSegNet
90,-0.21236966805061286,0.09498746038030426,0.23264456481385368,0.3978605552134468,0.5660305819037345,0.9189676145018894,07557,50,0,0.625,denoised,90,90,1.0,0.0,2.9999999999999996,0.07733358883745395,with_n2v,AtomSegNet
90,-0.11976627083940627,0.04461820026865837,0.12780744667660068,0.4314414473908168,0.5112274386275678,0.7101492938070065,07557,50,0,0.625,raw,90,90,1.0,0.0,2.9999999999999996,0.07733358883745395,with_n2v,AtomSegNet
90,-0.11092349995422524,-0.00442817986890276,0.11101185350694025,0.3758582050591132,0.6013029431634471,0.9182169923865049,07557,50,0,0.75,denoised,90,90,1.0,0.0,2.9999999999999996,0.07733358883745395,with_n2v,AtomSegNet
90,-0.0832227712823368,0.11754367288881795,0.1440227228464508,0.4280036541870357,0.48906017620115516,0.7109371474903361,07557,50,0,0.75,raw,90,90,1.0,0.0,2.9999999999999996,0.07733358883745395,with_n2v,AtomSegNet
90,-0.1939850694152696,0.027227603232617525,0.19588657313312674,0.3367549446595196,0.4777241086003094,0.8856624611704416,07557,50,0,0.875,denoised,90,90,1.0,0.0,2.9999999999999996,0.07733358883745395,with_n2v,AtomSegNet
90,-0.09295328402275516,0.09503512503808764,0.13293602973468083,0.4323197498477165,0.460029316639983,0.67772343272486,07557,50,0,0.875,raw,90,90,1.0,0.0,2.9999999999999996,0.07733358883745395,with_n2v,AtomSegNet
90,-0.15267555879282213,0.05190564985078083,0.16125762846802738,0.4557375307958462,0.5011314650402122,0.9088526849162976,07557,50,1,0.0,denoised,90,90,1.0,0.0,2.9999999999999996,0.07733358883745395,with_n2v,AtomSegNet
90,-0.04044733925276489,0.11062129661399567,0.11778394847002653,0.3567392546323645,0.5267494524126072,0.681652270432185,07557,50,1,0.0,raw,90,90,1.0,0.0,2.9999999999999996,0.07733358883745395,with_n2v,AtomSegNet
90,-0.153804711286611,0.036345503274977986,0.1580407694940429,0.45643032379067966,0.5358198296818945,0.8935490050061382,07557,50,1,0.125,denoised,90,90,1.0,0.0,2.9999999999999996,0.07733358883745395,with_n2v,AtomSegNet
90,0.06494684487013558,-0.030828460522812406,0.07189218759219988,0.3620812306408635,0.4428901171267211,0.6967444240649153,07557,50,1,0.125,raw,90,90,1.0,0.0,2.9999999999999996,0.07733358883745395,with_n2v,AtomSegNet
90,-0.12843869453042345,-0.02978931589551337,0.13184802461243822,0.38359849264954815,0.5431080106715211,0.9070773870765277,07557,50,1,0.25,denoised,90,90,1.0,0.0,2.9999999999999996,0.07733358883745395,with_n2v,AtomSegNet
90,-0.019910053215461687,-0.05968306781688959,0.06291644302627063,0.4746228269239578,0.521315503014322,0.7355856649077486,07557,50,1,0.25,raw,90,90,1.0,0.0,2.9999999999999996,0.07733358883745395,with_n2v,AtomSegNet
90,-0.10822429261415323,-0.022079263452212672,0.11045357118004866,0.44959929136892796,0.6028237269634102,0.8878024250500365,07557,50,1,0.375,denoised,90,90,1.0,0.0,2.9999999999999996,0.07733358883745395,with_n2v,AtomSegNet
90,0.004082434773479804,0.005215603539241442,0.006623352169276895,0.40352906541455674,0.5427815339907058,0.6704049680418823,07557,50,1,0.375,raw,90,90,1.0,0.0,2.9999999999999996,0.07733358883745395,with_n2v,AtomSegNet
90,-0.13546348897041582,0.03404556593316954,0.13967625927031324,0.42734171775554414,0.4720764138675319,0.8868312471190284,07557,50,1,0.5,denoised,90,90,1.0,0.0,2.9999999999999996,0.07733358883745395,with_n2v,AtomSegNet
90,-0.06267450428674692,0.09019425243334922,0.10983212945035792,0.32617749683199043,0.40732750744142004,0.6683147805692836,07557,50,1,0.5,raw,90,90,1.0,0.0,2.9999999999999996,0.07733358883745395,with_n2v,AtomSegNet
90,-0.09865622082853776,0.03999668917323973,0.10645555435481024,0.36205632641981994,0.49982897644128127,0.8335024655619371,07557,50,1,0.625,denoised,90,90,1.0,0.0,2.9999999999999996,0.07733358883745395,with_n2v,AtomSegNet
90,-0.08138011360676956,0.05283412313575475,0.097026632726148,0.4165511224596058,0.3667333946620939,0.6668491798423457,07557,50,1,0.625,raw,90,90,1.0,0.0,2.9999999999999996,0.07733358883745395,with_n2v,AtomSegNet
90,-0.187747505480111,0.08253419013249186,0.2050878308306727,0.3754833406952349,0.4711330702061527,0.9060561673660894,07557,50,1,0.75,denoised,90,90,1.0,0.0,2.9999999999999996,0.07733358883745395,with_n2v,AtomSegNet
90,-0.03207849822003439,0.11156050778483717,0.11608090689369835,0.37102397330461795,0.43464621676608095,0.7252878820186056,07557,50,1,0.75,raw,90,90,1.0,0.0,2.9999999999999996,0.07733358883745395,with_n2v,AtomSegNet
90,-0.15031669359915156,-0.02262448828763297,0.1520097886481606,0.3704019714588516,0.43530810818471616,0.8647710833540506,07557,50,1,0.875,denoised,90,90,1.0,0.0,2.9999999999999996,0.07733358883745395,with_n2v,AtomSegNet
90,0.002047139916605545,0.04545768400601702,0.04550375607605437,0.38247030817478117,0.39171302933689356,0.7086501279779586,07557,50,1,0.875,raw,90,90,1.0,0.0,2.9999999999999996,0.07733358883745395,with_n2v,AtomSegNet
90,-0.16572977617354923,0.05662321620095234,0.17513579680771865,0.48485489877653315,0.5413410422744247,0.915863235189616,07557,50,2,0.0,denoised,90,90,1.0,0.0,2.9999999999999996,0.07733358883745395,with_n2v,AtomSegNet
90,-0.048023079807364866,0.04504300913274051,0.06584139173739176,0.4693896831521936,0.5132715484132532,0.6793295443541962,07557,50,2,0.0,raw,90,90,1.0,0.0,2.9999999999999996,0.07733358883745395,with_n2v,AtomSegNet
90,-0.14697681553558795,0.05168023833943636,0.15579804664951097,0.47353163402325965,0.5912743253241798,0.8864333872376896,07557,50,2,0.125,denoised,90,90,1.0,0.0,2.9999999999999996,0.07733358883745395,with_n2v,AtomSegNet
90,-0.007435962115405204,0.0020462300661208133,0.007712366048447015,0.33537192286895834,0.5650115979311973,0.6732214597743945,07557,50,2,0.125,raw,90,90,1.0,0.0,2.9999999999999996,0.07733358883745395,with_n2v,AtomSegNet
90,-0.134383401193638,0.050398842588109005,0.14352331465859913,0.4188025826118523,0.4449707685399794,0.8613834791743037,07557,50,2,0.25,denoised,90,90,1.0,0.0,2.9999999999999996,0.07733358883745395,with_n2v,AtomSegNet
90,-0.03531735422333426,-0.0136381626745532,0.037859146721420475,0.4336337675847958,0.41562686399524024,0.7076743119291066,07557,50,2,0.25,raw,90,90,1.0,0.0,2.9999999999999996,0.07733358883745395,with_n2v,AtomSegNet
90,-0.1964460556071259,0.03502229554810299,0.1995435139237973,0.37332575303684623,0.5222216734978551,0.92865873708531,07557,50,2,0.375,denoised,90,90,1.0,0.0,2.9999999999999996,0.07733358883745395,with_n2v,AtomSegNet
90,0.03423331457655365,0.04122863429833501,0.053588432641784985,0.44499005758313004,0.4385869652147321,0.6844958855479877,07557,50,2,0.375,raw,90,90,1.0,0.0,2.9999999999999996,0.07733358883745395,with_n2v,AtomSegNet
90,-0.16469524195969498,0.041280658031780604,0.1697899156360568,0.3397368081936354,0.4671899783668321,0.9157513184589244,07557,50,2,0.5,denoised,90,90,1.0,0.0,2.9999999999999996,0.07733358883745395,with_n2v,AtomSegNet
90,0.01735136533459425,0.09532458044999714,0.09689089491248667,0.4207252861761951,0.5121809630421252,0.6806064086478318,07557,50,2,0.5,raw,90,90,1.0,0.0,2.9999999999999996,0.07733358883745395,with_n2v,AtomSegNet
90,-0.1454438007512593,-0.0009147389665038475,0.14544667725441118,0.41373832534257937,0.5323643415158694,0.8926068887534934,07557,50,2,0.625,denoised,90,90,1.0,0.0,2.9999999999999996,0.07733358883745395,with_n2v,AtomSegNet
90,0.07749064561123475,-0.03439094336610893,0.08477934384540192,0.4356930174552622,0.5171534620101533,0.7284019429865235,07557,50,2,0.625,raw,90,90,1.0,0.0,2.9999999999999996,0.07733358883745395,with_n2v,AtomSegNet
90,-0.16179302203990176,0.05706984385356506,0.1715632508967886,0.3561058406483883,0.41160376876979854,0.8040860765220489,07557,50,2,0.75,denoised,90,90,1.0,0.0,2.9999999999999996,0.07733358883745395,with_n2v,AtomSegNet
90,-0.004583895146282657,0.061849084610097194,0.062018717834368964,0.40581145838797406,0.3964134605246591,0.6424612733230154,07557,50,2,0.75,raw,90,90,1.0,0.0,2.9999999999999996,0.07733358883745395,with_n2v,AtomSegNet
90,-0.16057399295796415,0.03775033127412897,0.16495179515776964,0.4525980229239331,0.5376482620653071,0.9143999512862351,07557,50,2,0.875,denoised,90,90,1.0,0.0,2.9999999999999996,0.07733358883745395,with_n2v,AtomSegNet
90,-0.10406403035705836,0.0819939199454538,0.13248518906721704,0.4318899576964211,0.4921814850363928,0.6972418189600535,07557,50,2,0.875,raw,90,90,1.0,0.0,2.9999999999999996,0.07733358883745395,with_n2v,AtomSegNet
90,-0.15256987316962523,-0.055906094079716695,0.16249017679307776,0.4244182109260041,0.43608360534340584,0.8377583849609731,07557,200,0,0.0,denoised,90,90,1.0,0.0,2.9999999999999996,0.04059819536988142,with_n2v,AtomSegNet
90,-0.0774645036595274,-0.007548514574480691,0.07783141653277345,0.29666238949164375,0.4118258874779337,0.6028322342941205,07557,200,0,0.0,raw,90,90,1.0,0.0,2.9999999999999996,0.04059819536988142,with_n2v,AtomSegNet
90,-0.13352683379490315,-0.007474061301588009,0.13373584760875293,0.38111920702138147,0.47099144939516346,0.8936712011735783,07557,200,0,0.125,denoised,90,90,1.0,0.0,2.9999999999999996,0.04059819536988142,with_n2v,AtomSegNet
90,-0.017380901760361667,0.038771276587631576,0.04248891189755242,0.2812962153172445,0.3180770269577336,0.5783039476375406,07557,200,0,0.125,raw,90,90,1.0,0.0,2.9999999999999996,0.04059819536988142,with_n2v,AtomSegNet
90,-0.12319439178141778,-0.06928204990548892,0.14133952244683762,0.43511901720220725,0.3694640574826564,0.8855306241198191,07557,200,0,0.25,denoised,90,90,1.0,0.0,2.9999999999999996,0.04059819536988142,with_n2v,AtomSegNet
90,-0.07558577791831667,0.020606729631978737,0.07834441351904141,0.269487421450049,0.39228380960579257,0.5772001438738981,07557,200,0,0.25,raw,90,90,1.0,0.0,2.9999999999999996,0.04059819536988142,with_n2v,AtomSegNet
90,-0.18196853761970289,-0.01682384447319407,0.18274460436990048,0.4502878133398514,0.5174059760763804,0.8922057959765776,07557,200,0,0.375,denoised,90,90,1.0,0.0,2.9999999999999996,0.04059819536988142,with_n2v,AtomSegNet
90,-0.031530056705165066,0.03421583199681777,0.046528138100136604,0.26338239311873113,0.38072034286883366,0.6059465469086991,07557,200,0,0.375,raw,90,90,1.0,0.0,2.9999999999999996,0.04059819536988142,with_n2v,AtomSegNet
90,-0.13236431057622156,-0.08175429578476923,0.15557659076346278,0.3933598580171746,0.4380635114008627,0.8300840223714645,07557,200,0,0.5,denoised,90,90,1.0,0.0,2.9999999999999996,0.04059819536988142,with_n2v,AtomSegNet
90,-0.03438397425092887,0.029307306714827064,0.04517937485363744,0.30296637221636347,0.4492812693251845,0.6370921248167921,07557,200,0,0.5,raw,90,90,1.0,0.0,2.9999999999999996,0.04059819536988142,with_n2v,AtomSegNet
90,-0.11375936210993132,-0.08558501781893924,0.1423586588259619,0.4762473469202826,0.4970824334528306,0.8611269652448925,07557,200,0,0.625,denoised,90,90,1.0,0.0,2.9999999999999996,0.04059819536988142,with_n2v,AtomSegNet
90,-0.04854596641373021,0.035269828150276794,0.06000559667891887,0.29442840555342803,0.35904959785687557,0.5925351017561818,07557,200,0,0.625,raw,90,90,1.0,0.0,2.9999999999999996,0.04059819536988142,with_n2v,AtomSegNet
90,-0.1652931024766957,-0.08854834013853718,0.1875169812781272,0.4459348929527453,0.5110012430971083,0.8536419245939639,07557,200,0,0.75,denoised,90,90,1.0,0.0,2.9999999999999996,0.04059819536988142,with_n2v,AtomSegNet
90,-0.028842824716420523,0.002441834756410799,0.02894600308505087,0.2810564743047902,0.27260575221260375,0.5602133879409028,07557,200,0,0.75,raw,90,90,1.0,0.0,2.9999999999999996,0.04059819536988142,with_n2v,AtomSegNet
90,-0.1216383965912371,-0.04586655827100472,0.12999861804232593,0.3437894656508107,0.3899981800130535,0.8240630414541286,07557,200,0,0.875,denoised,90,90,1.0,0.0,2.9999999999999996,0.04059819536988142,with_n2v,AtomSegNet
90,-0.06595790050213424,0.04153860596886716,0.07794806235235259,0.3310307889614628,0.35679386594467316,0.579210717225383,07557,200,0,0.875,raw,90,90,1.0,0.0,2.9999999999999996,0.04059819536988142,with_n2v,AtomSegNet
90,-0.16356254334240816,-0.06297567329897902,0.1752673415445584,0.40622115392258107,0.3724545981855937,0.8090684170122848,07557,200,1,0.0,denoised,90,90,1.0,0.0,2.9999999999999996,0.04059819536988142,with_n2v,AtomSegNet
90,-0.02351999602961996,0.047003392821048706,0.05255957714749189,0.26382438366089145,0.3434125348518547,0.575903770022446,07557,200,1,0.0,raw,90,90,1.0,0.0,2.9999999999999996,0.04059819536988142,with_n2v,AtomSegNet
90,-0.1503571420416563,-0.002398412777750991,0.15037626989251757,0.38628389473320923,0.4600345627000154,0.8655139117292112,07557,200,1,0.125,denoised,90,90,1.0,0.0,2.9999999999999996,0.04059819536988142,with_n2v,AtomSegNet
90,-0.042044947098837326,0.04895574602784336,0.0645324929449245,0.35579419536387347,0.36605431217801887,0.5738325263666492,07557,200,1,0.125,raw,90,90,1.0,0.0,2.9999999999999996,0.04059819536988142,with_n2v,AtomSegNet
90,-0.11744255370312828,-0.012851717341469282,0.1181436416356682,0.43767898972518543,0.40378356607124377,0.8926769066625908,07557,200,1,0.25,denoised,90,90,1.0,0.0,2.9999999999999996,0.04059819536988142,with_n2v,AtomSegNet
90,-0.04189187552882956,0.04168683130512285,0.05909924821505532,0.2134467170047132,0.336145859116787,0.5764366873651542,07557,200,1,0.25,raw,90,90,1.0,0.0,2.9999999999999996,0.04059819536988142,with_n2v,AtomSegNet
90,-0.14558359514737162,-0.05738774586524542,0.1564862184076534,0.4733224371511103,0.47725615013993644,0.8914919615876515,07557,200,1,0.375,denoised,90,90,1.0,0.0,2.9999999999999996,0.04059819536988142,with_n2v,AtomSegNet
90,-0.022145420881976463,-0.013422620955616082,0.025895683411681244,0.3108707622754822,0.36690237809016535,0.598921184371802,07557,200,1,0.375,raw,90,90,1.0,0.0,2.9999999999999996,0.04059819536988142,with_n2v,AtomSegNet
90,-0.1005929922574893,-0.013207282123765651,0.10145630780001824,0.3919134651645221,0.459082456212725,0.8844483306821104,07557,200,1,0.5,denoised,90,90,1.0,0.0,2.9999999999999996,0.04059819536988142,with_n2v,AtomSegNet
90,0.04113314803419854,0.05253022236377092,0.06671851413805999,0.23617638016959483,0.38383172530903054,0.6234509911162509,07557,200,1,0.5,raw,90,90,1.0,0.0,2.9999999999999996,0.04059819536988142,with_n2v,AtomSegNet
90,-0.14928329333879375,-0.07044475200406453,0.16506957549769885,0.42956306003584505,0.43283921969747136,0.8446692750163111,07557,200,1,0.625,denoised,90,90,1.0,0.0,2.9999999999999996,0.04059819536988142,with_n2v,AtomSegNet
90,-0.020567960375444727,0.08174134499389396,0.08428931412353916,0.26425262766955615,0.3703880678954986,0.5829464224575345,07557,200,1,0.625,raw,90,90,1.0,0.0,2.9999999999999996,0.04059819536988142,with_n2v,AtomSegNet
90,-0.11598812362513655,-0.0874217067201144,0.14524393146681777,0.3534864653902436,0.3755609254045289,0.8983010570175126,07557,200,1,0.75,denoised,90,90,1.0,0.0,2.9999999999999996,0.04059819536988142,with_n2v,AtomSegNet
90,-0.04629677873624871,-0.039449559548408786,0.06082482609853169,0.24256283173165194,0.4001271594633101,0.5961272389176907,07557,200,1,0.75,raw,90,90,1.0,0.0,2.9999999999999996,0.04059819536988142,with_n2v,AtomSegNet
90,-0.14648492078049458,-0.04739185016049774,0.15396044777053242,0.4166603312619392,0.39457657859873574,0.8755530113018771,07557,200,1,0.875,denoised,90,90,1.0,0.0,2.9999999999999996,0.04059819536988142,with_n2v,AtomSegNet
90,-0.025277002721743713,0.09081501889818,0.09426714445697308,0.23575731441565695,0.3514455219264063,0.5601329350925635,07557,200,1,0.875,raw,90,90,1.0,0.0,2.9999999999999996,0.04059819536988142,with_n2v,AtomSegNet
90,-0.1375311112728781,-0.053460836015901236,0.14755631994418897,0.4097549786505189,0.38394990186554817,0.870976309710385,07557,200,2,0.0,denoised,90,90,1.0,0.0,2.9999999999999996,0.04059819536988142,with_n2v,AtomSegNet
90,-0.06449867014649158,0.04848655744476105,0.0806909208245267,0.32961750248186555,0.4195253290976373,0.5762851313022335,07557,200,2,0.0,raw,90,90,1.0,0.0,2.9999999999999996,0.04059819536988142,with_n2v,AtomSegNet
90,-0.12957916032672756,-0.04241426224189837,0.13634415437599182,0.49132129560695514,0.40227042629630483,0.8317393614899118,07557,200,2,0.125,denoised,90,90,1.0,0.0,2.9999999999999996,0.04059819536988142,with_n2v,AtomSegNet
90,-0.013008967492929457,0.03219869054967894,0.034727351012510004,0.32389019144422593,0.3258563194109848,0.5710550020309095,07557,200,2,0.125,raw,90,90,1.0,0.0,2.9999999999999996,0.04059819536988142,with_n2v,AtomSegNet
90,-0.1544463620052312,-0.04478611000107513,0.16080881314679032,0.43540806376570296,0.41553493304936817,0.8251493728329651,07557,200,2,0.25,denoised,90,90,1.0,0.0,2.9999999999999996,0.04059819536988142,with_n2v,AtomSegNet
90,-0.07752683644373093,0.06612237870696092,0.1018949426362259,0.3049007584117618,0.3752535691688387,0.568464985490472,07557,200,2,0.25,raw,90,90,1.0,0.0,2.9999999999999996,0.04059819536988142,with_n2v,AtomSegNet
90,-0.155837363440682,-0.07945012743882884,0.17492171561641326,0.41023793150990945,0.436993053331068,0.9280467647630598,07557,200,2,0.375,denoised,90,90,1.0,0.0,2.9999999999999996,0.04059819536988142,with_n2v,AtomSegNet
90,-0.06713458575789844,0.05327894793879295,0.0857070527923416,0.3089387392531451,0.39077929287273755,0.5887276975184361,07557,200,2,0.375,raw,90,90,1.0,0.0,2.9999999999999996,0.04059819536988142,with_n2v,AtomSegNet
90,-0.14420413169366597,-0.06548957403293798,0.15837839468986867,0.41667046037195055,0.41355190218684873,0.8701470119047569,07557,200,2,0.5,denoised,90,90,1.0,0.0,2.9999999999999996,0.04059819536988142,with_n2v,AtomSegNet
90,-0.07403341750035253,0.05258247752460932,0.09080673900877373,0.27661544866291843,0.4081016810918187,0.6399540689321507,07557,200,2,0.5,raw,90,90,1.0,0.0,2.9999999999999996,0.04059819536988142,with_n2v,AtomSegNet
90,-0.14766553033497232,-0.06236822241692863,0.16029630069516923,0.3474768244630122,0.47646579137297684,0.8731018902667472,07557,200,2,0.625,denoised,90,90,1.0,0.0,2.9999999999999996,0.04059819536988142,with_n2v,AtomSegNet
90,-0.05805854028987767,0.0825261927245009,0.10090275807029664,0.32216926881579455,0.3833136175157256,0.6066806185403564,07557,200,2,0.625,raw,90,90,1.0,0.0,2.9999999999999996,0.04059819536988142,with_n2v,AtomSegNet
90,-0.12728574270314752,-0.025530726240120316,0.12982094699176955,0.3972180044048303,0.4469819556809097,0.8634964198532624,07557,200,2,0.75,denoised,90,90,1.0,0.0,2.9999999999999996,0.04059819536988142,with_n2v,AtomSegNet
90,-0.02455895132850827,0.020221457085739303,0.031812724137150444,0.2587537287312071,0.41135599360449765,0.6280829519446608,07557,200,2,0.75,raw,90,90,1.0,0.0,2.9999999999999996,0.04059819536988142,with_n2v,AtomSegNet
90,-0.12754934437008814,-0.012626072547634593,0.12817274654628208,0.4058350116798299,0.5382372308514553,0.8689882931534574,07557,200,2,0.875,denoised,90,90,1.0,0.0,2.9999999999999996,0.04059819536988142,with_n2v,AtomSegNet
90,0.021209844199731265,0.05332172710325267,0.0573852252086774,0.29409680805887783,0.36497288442926246,0.578582755726079,07557,200,2,0.875,raw,90,90,1.0,0.0,2.9999999999999996,0.04059819536988142,with_n2v,AtomSegNet
90,-0.08437546994553458,-0.12461977229294519,0.15049686898695042,0.3884142118446207,0.4547968200021902,0.8809992841218539,07557,1000,0,0.0,denoised,90,90,1.0,0.0,2.9999999999999996,0.01848851148165645,with_n2v,AtomSegNet
90,0.009739717543297388,0.05396715897881066,0.054839003875594226,0.18879804916665296,0.3796000036381114,0.5774305541029875,07557,1000,0,0.0,raw,90,90,1.0,0.0,2.9999999999999996,0.01848851148165645,with_n2v,AtomSegNet
90,-0.11103800791761387,-0.0841560153284675,0.139325784111475,0.5015578776933366,0.38144459243069334,0.9223964801409312,07557,1000,0,0.125,denoised,90,90,1.0,0.0,2.9999999999999996,0.01848851148165645,with_n2v,AtomSegNet
90,-0.034347270112121464,0.03079995079491482,0.046134281539048666,0.17578199221810578,0.30908846751937513,0.5762953213007472,07557,1000,0,0.125,raw,90,90,1.0,0.0,2.9999999999999996,0.01848851148165645,with_n2v,AtomSegNet
90,-0.09730541101372481,-0.07462449575903918,0.1226260917579973,0.4144015131842383,0.4953477073613448,0.8568062764242672,07557,1000,0,0.25,denoised,90,90,1.0,0.0,2.9999999999999996,0.01848851148165645,with_n2v,AtomSegNet
90,-0.03223540525174329,0.03181796609805332,0.04529353506143,0.27926926872436164,0.36249079070758333,0.596150499183929,07557,1000,0,0.25,raw,90,90,1.0,0.0,2.9999999999999996,0.01848851148165645,with_n2v,AtomSegNet
90,-0.08357757082544737,-0.05895940369411079,0.10228109125858893,0.4191073357600531,0.37909987647859794,0.8876030669117632,07557,1000,0,0.375,denoised,90,90,1.0,0.0,2.9999999999999996,0.01848851148165645,with_n2v,AtomSegNet
90,-0.019372429403802016,0.06746091884561167,0.07018736775588252,0.23925724916005986,0.3724980441121269,0.6139430242484214,07557,1000,0,0.375,raw,90,90,1.0,0.0,2.9999999999999996,0.01848851148165645,with_n2v,AtomSegNet
90,-0.08249008430132676,-0.10798197048019631,0.13588495117865695,0.3871690099559054,0.4353584196562934,0.8672991503895229,07557,1000,0,0.5,denoised,90,90,1.0,0.0,2.9999999999999996,0.01848851148165645,with_n2v,AtomSegNet
90,-0.035302971480049905,0.04499836899769605,0.05719399450793789,0.2429377930021299,0.34320309301018875,0.6045159400839927,07557,1000,0,0.5,raw,90,90,1.0,0.0,2.9999999999999996,0.01848851148165645,with_n2v,AtomSegNet
90,-0.13203394649119105,-0.10127419143087835,0.1664013968571685,0.44361618384396967,0.45996181823494425,0.9168010276123656,07557,1000,0,0.625,denoised,90,90,1.0,0.0,2.9999999999999996,0.01848851148165645,with_n2v,AtomSegNet
90,-0.0676160743052634,0.04744845027064848,0.0826032017390434,0.22919130835910986,0.3880924150001497,0.5981966635292513,07557,1000,0,0.625,raw,90,90,1.0,0.0,2.9999999999999996,0.01848851148165645,with_n2v,AtomSegNet
90,-0.11101203433893403,-0.10342441183180995,0.1517243577373933,0.41826154286038175,0.42298614686728864,0.8875783653950434,07557,1000,0,0.75,denoised,90,90,1.0,0.0,2.9999999999999996,0.01848851148165645,with_n2v,AtomSegNet
90,-0.010779367166563247,0.0523884862626236,0.05348596310622707,0.27265766803856506,0.348693458376329,0.6014376754552285,07557,1000,0,0.75,raw,90,90,1.0,0.0,2.9999999999999996,0.01848851148165645,with_n2v,AtomSegNet
90,-0.08693113453379198,-0.08298397387564904,0.1201805394875836,0.39253896911323477,0.432051198183114,0.8879996731100328,07557,1000,0,0.875,denoised,90,90,1.0,0.0,2.9999999999999996,0.01848851148165645,with_n2v,AtomSegNet
90,-0.04931267457666877,0.051240790517006474,0.07111510730296464,0.22786131960944805,0.43691975400444294,0.5996976051343578,07557,1000,0,0.875,raw,90,90,1.0,0.0,2.9999999999999996,0.01848851148165645,with_n2v,AtomSegNet
90,-0.11702372697162389,-0.14163810430025592,0.18372780209891845,0.4516651975953524,0.4689474073191396,0.8891564410075797,07557,1000,1,0.0,denoised,90,90,1.0,0.0,2.9999999999999996,0.01848851148165645,with_n2v,AtomSegNet
90,-0.06361469307702095,-0.007258436283322567,0.0640274478060982,0.21193570019029653,0.37687979334201954,0.5653185809992842,07557,1000,1,0.0,raw,90,90,1.0,0.0,2.9999999999999996,0.01848851148165645,with_n2v,AtomSegNet
90,-0.1430241476791636,-0.08002624498416111,0.163890532690623,0.47035970504712915,0.4560381905335091,0.8888500852317489,07557,1000,1,0.125,denoised,90,90,1.0,0.0,2.9999999999999996,0.01848851148165645,with_n2v,AtomSegNet
90,-0.0386963993832552,0.05042644635692817,0.06356286508187424,0.2044006333590587,0.3193731257334258,0.5789754804896052,07557,1000,1,0.125,raw,90,90,1.0,0.0,2.9999999999999996,0.01848851148165645,with_n2v,AtomSegNet
90,-0.10426246710966325,-0.10915268794073896,0.15094691561102516,0.450270589474601,0.4322374614920602,0.9036476857599536,07557,1000,1,0.25,denoised,90,90,1.0,0.0,2.9999999999999996,0.01848851148165645,with_n2v,AtomSegNet
90,-0.035585061725885936,0.01942516263319405,0.040541750842324885,0.2413732270742454,0.3720712819553347,0.5859939116144725,07557,1000,1,0.25,raw,90,90,1.0,0.0,2.9999999999999996,0.01848851148165645,with_n2v,AtomSegNet
90,-0.11390983199507687,-0.06983447981198765,0.13361251586493517,0.4232141067942264,0.41730387080759945,0.9028041377061867,07557,1000,1,0.375,denoised,90,90,1.0,0.0,2.9999999999999996,0.01848851148165645,with_n2v,AtomSegNet
90,-0.0340919457340334,0.04373943578160677,0.055456280135126094,0.21419618591982292,0.40436468115958196,0.562138379597728,07557,1000,1,0.375,raw,90,90,1.0,0.0,2.9999999999999996,0.01848851148165645,with_n2v,AtomSegNet
90,-0.08174543809698065,-0.06377231784588844,0.10367847015221779,0.3897228906088626,0.43641229614528587,0.8903945062327323,07557,1000,1,0.5,denoised,90,90,1.0,0.0,2.9999999999999996,0.01848851148165645,with_n2v,AtomSegNet
90,-0.044437372954753585,0.04154950145570524,0.060836183199947026,0.2601152136199002,0.3570680884539771,0.6056076762363218,07557,1000,1,0.5,raw,90,90,1.0,0.0,2.9999999999999996,0.01848851148165645,with_n2v,AtomSegNet
90,-0.05733959365601038,-0.06525162817020025,0.08686543604621148,0.37001218004274566,0.3727603178986646,0.8358381969300608,07557,1000,1,0.625,denoised,90,90,1.0,0.0,2.9999999999999996,0.01848851148165645,with_n2v,AtomSegNet
90,-0.010852416286240896,0.05080948050849088,0.051955541078816427,0.23475782086603975,0.4229589455877473,0.5679413152592564,07557,1000,1,0.625,raw,90,90,1.0,0.0,2.9999999999999996,0.01848851148165645,with_n2v,AtomSegNet
90,-0.09160737589926526,-0.10229160230239387,0.13731526943767178,0.35210420002246506,0.41473116795238646,0.8602057714343337,07557,1000,1,0.75,denoised,90,90,1.0,0.0,2.9999999999999996,0.01848851148165645,with_n2v,AtomSegNet
90,0.0017633926709343939,0.03810267307958526,0.038143456182176995,0.24176476182001808,0.28808602414784085,0.5518703306738525,07557,1000,1,0.75,raw,90,90,1.0,0.0,2.9999999999999996,0.01848851148165645,with_n2v,AtomSegNet
90,-0.09670368846601107,-0.11893815149904796,0.15329020596548826,0.39662946486211004,0.45532611543898166,0.8683209244534759,07557,1000,1,0.875,denoised,90,90,1.0,0.0,2.9999999999999996,0.01848851148165645,with_n2v,AtomSegNet
90,-0.0278575186348462,0.05670163315895138,0.06317528430789289,0.26216717298494857,0.37946955759775775,0.5825601712631172,07557,1000,1,0.875,raw,90,90,1.0,0.0,2.9999999999999996,0.01848851148165645,with_n2v,AtomSegNet
90,-0.0849042189887328,-0.12153817673144118,0.14825739376263744,0.4526155400867551,0.40769547477006995,0.8642542706284569,07557,1000,2,0.0,denoised,90,90,1.0,0.0,2.9999999999999996,0.01848851148165645,with_n2v,AtomSegNet
90,-0.03917540072187364,0.006502554153613005,0.03971139927325714,0.21176810877257277,0.36650725931329275,0.5799524449156856,07557,1000,2,0.0,raw,90,90,1.0,0.0,2.9999999999999996,0.01848851148165645,with_n2v,AtomSegNet
90,-0.11350711300289973,-0.10154604430201353,0.15230057063464844,0.5499805745381702,0.38475465452559243,0.8755080456821945,07557,1000,2,0.125,denoised,90,90,1.0,0.0,2.9999999999999996,0.01848851148165645,with_n2v,AtomSegNet
90,-0.035298332064996885,0.06437360936641312,0.07341616871936547,0.23232692577676708,0.4234254279648172,0.6004897939204176,07557,1000,2,0.125,raw,90,90,1.0,0.0,2.9999999999999996,0.01848851148165645,with_n2v,AtomSegNet
90,-0.10426246710966325,-0.07265817764801952,0.1270821499146311,0.4942339090434843,0.4465906415287376,0.8935899443616558,07557,1000,2,0.25,denoised,90,90,1.0,0.0,2.9999999999999996,0.01848851148165645,with_n2v,AtomSegNet
90,-0.07630114603506755,0.017796282735226043,0.07834904316873824,0.22573476735199874,0.3588738380089016,0.5864658137087548,07557,1000,2,0.25,raw,90,90,1.0,0.0,2.9999999999999996,0.01848851148165645,with_n2v,AtomSegNet
90,-0.06897051340066085,-0.10595625186782698,0.12642649654494553,0.35854488348437663,0.407435914427176,0.8963018401837152,07557,1000,2,0.375,denoised,90,90,1.0,0.0,2.9999999999999996,0.01848851148165645,with_n2v,AtomSegNet
90,-0.05056346559318925,0.016716974721745714,0.05325524665834455,0.22058970274920203,0.3078631384785526,0.5841313786714404,07557,1000,2,0.375,raw,90,90,1.0,0.0,2.9999999999999996,0.01848851148165645,with_n2v,AtomSegNet
90,-0.1113597772306889,-0.11307548546704993,0.1587043332693776,0.41003181126712296,0.4327939208979412,0.8804608072280876,07557,1000,2,0.5,denoised,90,90,1.0,0.0,2.9999999999999996,0.01848851148165645,with_n2v,AtomSegNet
90,-0.020672677253038785,0.032125861497103614,0.03820249418217862,0.25582861660225353,0.3815112258916347,0.5920328878648078,07557,1000,2,0.5,raw,90,90,1.0,0.0,2.9999999999999996,0.01848851148165645,with_n2v,AtomSegNet
90,-0.128575912302324,-0.11737068890278834,0.17409090682137893,0.4315546117161248,0.44544872016631687,0.8429756551110271,07557,1000,2,0.625,denoised,90,90,1.0,0.0,2.9999999999999996,0.01848851148165645,with_n2v,AtomSegNet
90,0.011545860135193209,0.014173879249977261,0.018281294791517907,0.1792259786577326,0.3986263197331269,0.5599919355930787,07557,1000,2,0.625,raw,90,90,1.0,0.0,2.9999999999999996,0.01848851148165645,with_n2v,AtomSegNet
90,-0.12683789683248037,-0.10848904592122466,0.166906336481826,0.43103103114069025,0.40411470206153793,0.87872062679935,07557,1000,2,0.75,denoised,90,90,1.0,0.0,2.9999999999999996,0.01848851148165645,with_n2v,AtomSegNet
90,-0.03299687699946219,0.07610132311799589,0.08294700279110302,0.27525951346693367,0.4415270181558699,0.6043816221327016,07557,1000,2,0.75,raw,90,90,1.0,0.0,2.9999999999999996,0.01848851148165645,with_n2v,AtomSegNet
90,-0.09595948712864555,-0.10975195555535677,0.1457865388786554,0.38534363367742375,0.4702311113295551,0.8634275733689555,07557,1000,2,0.875,denoised,90,90,1.0,0.0,2.9999999999999996,0.01848851148165645,with_n2v,AtomSegNet
90,-0.04696478596754616,-0.0037829263198432272,0.04711689349393467,0.26786004853508033,0.37784775444448565,0.5956218926404461,07557,1000,2,0.875,raw,90,90,1.0,0.0,2.9999999999999996,0.01848851148165645,with_n2v,AtomSegNet
80,0.2705451208100067,0.06065424408062725,0.27726088746718935,0.3060981054110096,0.2571347738307512,0.427623336433442,07443,50,0,0.0,denoised,160,80,1.0,0.5,2.9999999999999996,0.08778586867787412,with_n2v,AtomSegNet
80,0.07973174793143478,0.04157230863242489,0.08991889942182035,0.36039732599676977,0.3488044994059489,0.4814629480861154,07443,50,0,0.0,raw,160,80,1.0,0.5,2.9999999999999996,0.08778586867787412,with_n2v,AtomSegNet
80,0.24239535029508374,0.07750382685796708,0.254484476977096,0.2326513624611086,0.2688434499342751,0.4539421326615286,07443,50,0,0.125,denoised,160,80,1.0,0.5,2.9999999999999996,0.08778586867787412,with_n2v,AtomSegNet
80,0.1081164074969081,0.04943062678768584,0.11888037867815264,0.33038832038385646,0.3631109453488338,0.4804127123183512,07443,50,0,0.125,raw,160,80,1.0,0.5,2.9999999999999996,0.08778586867787412,with_n2v,AtomSegNet
80,0.2557155157544848,0.10583269646292592,0.2767507626695832,0.2693759754472219,0.2646403608808889,0.45088819667657243,07443,50,0,0.25,denoised,160,80,1.0,0.5,2.9999999999999996,0.08778586867787412,with_n2v,AtomSegNet
80,0.03609485229917553,0.08289012320213729,0.09040802446113284,0.3275306497153797,0.26600385152161937,0.4879440017905132,07443,50,0,0.25,raw,160,80,1.0,0.5,2.9999999999999996,0.08778586867787412,with_n2v,AtomSegNet
80,0.2674881787898258,0.07823677652620731,0.2786950286487176,0.2799713168688251,0.2892302873274182,0.5344339896527295,07443,50,0,0.375,denoised,160,80,1.0,0.5,2.9999999999999996,0.08778586867787412,with_n2v,AtomSegNet
80,-0.041445734962832326,0.09140395528512357,0.10036150650709769,0.4180284205213575,0.2873488209473576,0.5318651517380629,07443,50,0,0.375,raw,160,80,1.0,0.5,2.9999999999999996,0.08778586867787412,with_n2v,AtomSegNet
80,0.22806154852253968,-0.002130212586806124,0.22807149694813622,0.3159975467807478,0.3782909447673756,0.5064900749731304,07443,50,0,0.5,denoised,160,80,1.0,0.5,2.9999999999999996,0.08778586867787412,with_n2v,AtomSegNet
80,0.14276215920688173,-0.00834781403512963,0.14300601421120776,0.5504838652996117,0.33564987203396124,0.5867705325853172,07443,50,0,0.5,raw,160,80,1.0,0.5,2.9999999999999996,0.08778586867787412,with_n2v,AtomSegNet
80,0.26582349060819155,0.18245372243712055,0.322415088031384,0.32787283652550403,0.28166347908860523,0.4844587303717853,07443,50,0,0.625,denoised,160,80,1.0,0.5,2.9999999999999996,0.08778586867787412,with_n2v,AtomSegNet
80,0.09425852067117546,0.10015550306542664,0.13753469930678255,0.3770292121987934,0.31588765305640937,0.5371221287334331,07443,50,0,0.625,raw,160,80,1.0,0.5,2.9999999999999996,0.08778586867787412,with_n2v,AtomSegNet
80,0.2970272461879233,0.08028228277477467,0.3076856023695455,0.3094816751139943,0.29433117328823716,0.47349695448172685,07443,50,0,0.75,denoised,160,80,1.0,0.5,2.9999999999999996,0.08778586867787412,with_n2v,AtomSegNet
80,0.18778962152764223,0.12326695139898547,0.22463232906395053,0.26737519275592775,0.3254400361069973,0.5199015529201946,07443,50,0,0.75,raw,160,80,1.0,0.5,2.9999999999999996,0.08778586867787412,with_n2v,AtomSegNet
80,0.21037882102774574,0.11427697256371516,0.2394127707440695,0.34192689911212465,0.3104455411169712,0.4893204220038615,07443,50,0,0.875,denoised,160,80,1.0,0.5,2.9999999999999996,0.08778586867787412,with_n2v,AtomSegNet
80,0.14316325519751416,0.11109442689561888,0.18121172513392883,0.2553042181449458,0.4174109970456564,0.5490513581221432,07443,50,0,0.875,raw,160,80,1.0,0.5,2.9999999999999996,0.08778586867787412,with_n2v,AtomSegNet
80,0.22988088145005214,0.09160176811941767,0.2474592968123374,0.2667310941769594,0.2910920916033386,0.48505853630206974,07443,50,1,0.0,denoised,160,80,1.0,0.5,2.9999999999999996,0.08778586867787412,with_n2v,AtomSegNet
80,0.15153848218275812,0.03575503898118981,0.15569950030363136,0.34697536797766076,0.2978465190603588,0.5261162642304151,07443,50,1,0.0,raw,160,80,1.0,0.5,2.9999999999999996,0.08778586867787412,with_n2v,AtomSegNet
80,0.18711965116993667,0.1289086108911377,0.22722498501670438,0.24031664533141903,0.2792544370948957,0.45853138608818816,07443,50,1,0.125,denoised,160,80,1.0,0.5,2.9999999999999996,0.08778586867787412,with_n2v,AtomSegNet
80,0.03907580639363317,0.08415533163825017,0.09278490442122886,0.30044012391480296,0.34229420809471706,0.48639408189233646,07443,50,1,0.125,raw,160,80,1.0,0.5,2.9999999999999996,0.08778586867787412,with_n2v,AtomSegNet
80,0.27069966367135834,0.07006956295175826,0.2796212645061833,0.2321528422818366,0.28097672634369925,0.46871268834716634,07443,50,1,0.25,denoised,160,80,1.0,0.5,2.9999999999999996,0.08778586867787412,with_n2v,AtomSegNet
80,0.0018722262536527978,0.09940592311868102,0.0994235524522333,0.3457274789110792,0.27810629113150004,0.5020069523718211,07443,50,1,0.25,raw,160,80,1.0,0.5,2.9999999999999996,0.08778586867787412,with_n2v,AtomSegNet
80,0.23336917475284835,0.13169083737395937,0.26796202785670975,0.22005416950677403,0.2674038059781909,0.4647934340731306,07443,50,1,0.375,denoised,160,80,1.0,0.5,2.9999999999999996,0.08778586867787412,with_n2v,AtomSegNet
80,-0.03194206350716078,0.06340258174069646,0.07099424478421605,0.4552712854807058,0.33437138467601846,0.5117886379668516,07443,50,1,0.375,raw,160,80,1.0,0.5,2.9999999999999996,0.08778586867787412,with_n2v,AtomSegNet
80,0.2390745978557831,0.1121083461459591,0.2640548136571015,0.32821104038385424,0.2300730481004318,0.46450659587610776,07443,50,1,0.5,denoised,160,80,1.0,0.5,2.9999999999999996,0.08778586867787412,with_n2v,AtomSegNet
80,0.00954707811358979,0.03290602011416155,0.03426299549456512,0.49802085434947285,0.36128215639658623,0.5697308682325223,07443,50,1,0.5,raw,160,80,1.0,0.5,2.9999999999999996,0.08778586867787412,with_n2v,AtomSegNet
80,0.19285429017854483,0.02668312236727388,0.19469146426984746,0.2856561452853701,0.2572548642684905,0.46704034265780314,07443,50,1,0.625,denoised,160,80,1.0,0.5,2.9999999999999996,0.08778586867787412,with_n2v,AtomSegNet
80,0.11891268925194654,0.044496450578439095,0.12696519908703122,0.3935706256357514,0.30298957304207963,0.5364784051640793,07443,50,1,0.625,raw,160,80,1.0,0.5,2.9999999999999996,0.08778586867787412,with_n2v,AtomSegNet
80,0.23234254093237539,0.0879185803011282,0.2484204763884782,0.1882056962330004,0.3221161415164123,0.44569971287704235,07443,50,1,0.75,denoised,160,80,1.0,0.5,2.9999999999999996,0.08778586867787412,with_n2v,AtomSegNet
80,0.14078995293287733,0.10861291870479306,0.1778161324413952,0.3498591706822711,0.3925734476779414,0.6229434438168414,07443,50,1,0.75,raw,160,80,1.0,0.5,2.9999999999999996,0.08778586867787412,with_n2v,AtomSegNet
80,0.2135783416403072,-0.00993921135045639,0.21380948514996434,0.3008745387924015,0.3306817785858035,0.4636999840899133,07443,50,1,0.875,denoised,160,80,1.0,0.5,2.9999999999999996,0.08778586867787412,with_n2v,AtomSegNet
80,0.088740734248411,-0.01802465563101663,0.09055278088255404,0.29928402548439104,0.3645753455621743,0.4972543639551125,07443,50,1,0.875,raw,160,80,1.0,0.5,2.9999999999999996,0.08778586867787412,with_n2v,AtomSegNet
80,0.1920842065671935,0.08249194080877942,0.20904846976466349,0.2738857816325969,0.298274446632545,0.4717402395274549,07443,50,2,0.0,denoised,160,80,1.0,0.5,2.9999999999999996,0.08778586867787412,with_n2v,AtomSegNet
80,0.11348375287474965,0.03223869680195435,0.11797413164768619,0.23499395684121202,0.3105074716035991,0.42929096395641997,07443,50,2,0.0,raw,160,80,1.0,0.5,2.9999999999999996,0.08778586867787412,with_n2v,AtomSegNet
80,0.2670993459666384,0.10794889155534548,0.28808856937378435,0.24708547424479135,0.2660237932275244,0.4661355323386606,07443,50,2,0.125,denoised,160,80,1.0,0.5,2.9999999999999996,0.08778586867787412,with_n2v,AtomSegNet
80,0.018590201649475446,0.12271322039254073,0.12411337581613206,0.3104300484226759,0.3263313315369776,0.5180265037014538,07443,50,2,0.125,raw,160,80,1.0,0.5,2.9999999999999996,0.08778586867787412,with_n2v,AtomSegNet
80,0.1875457621613945,0.14263154848468673,0.23562082150743363,0.3318667887349563,0.2811951842508494,0.5001640260988556,07443,50,2,0.25,denoised,160,80,1.0,0.5,2.9999999999999996,0.08778586867787412,with_n2v,AtomSegNet
80,-0.016876390950856468,0.11012012512474456,0.11140581012234303,0.31865745869515144,0.40117667411650026,0.517909600049753,07443,50,2,0.25,raw,160,80,1.0,0.5,2.9999999999999996,0.08778586867787412,with_n2v,AtomSegNet
80,0.26305488129368015,0.17049083943761545,0.3134724818936663,0.2371942571174459,0.20959796584582852,0.4658361169556068,07443,50,2,0.375,denoised,160,80,1.0,0.5,2.9999999999999996,0.08778586867787412,with_n2v,AtomSegNet
80,0.017297190723425615,0.11474774724521097,0.11604412223276707,0.29043150072917384,0.2938814609934704,0.49517199089248315,07443,50,2,0.375,raw,160,80,1.0,0.5,2.9999999999999996,0.08778586867787412,with_n2v,AtomSegNet
80,0.2694865257996435,0.08396617466853229,0.28226460294558436,0.31265119905175326,0.27486748454532844,0.49895289560585965,07443,50,2,0.5,denoised,160,80,1.0,0.5,2.9999999999999996,0.08778586867787412,with_n2v,AtomSegNet
80,0.18362077600820825,0.06078885999126271,0.19342149539514455,0.48334765171187466,0.3211868198000252,0.5672349987797579,07443,50,2,0.5,raw,160,80,1.0,0.5,2.9999999999999996,0.08778586867787412,with_n2v,AtomSegNet
80,0.24112180351247048,0.10043159430459525,0.2612015108372638,0.2718193547476068,0.24942041078250826,0.46177830693380967,07443,50,2,0.625,denoised,160,80,1.0,0.5,2.9999999999999996,0.08778586867787412,with_n2v,AtomSegNet
80,0.1672254912128004,0.10045483312917725,0.19507828790096868,0.30989675114680326,0.2538610825596845,0.5016392178599277,07443,50,2,0.625,raw,160,80,1.0,0.5,2.9999999999999996,0.08778586867787412,with_n2v,AtomSegNet
80,0.2259274407868639,0.09338229791086405,0.2444656664311274,0.2749018788393759,0.273234043412513,0.48053867676957185,07443,50,2,0.75,denoised,160,80,1.0,0.5,2.9999999999999996,0.08778586867787412,with_n2v,AtomSegNet
80,0.09712501732890688,0.06531922127818746,0.11704644231897558,0.3983860317442699,0.3537101696955575,0.5105140161839816,07443,50,2,0.75,raw,160,80,1.0,0.5,2.9999999999999996,0.08778586867787412,with_n2v,AtomSegNet
80,0.2295725436363334,0.11662480028609323,0.2574973724786863,0.2684261121349021,0.22154562610596099,0.47914738212879726,07443,50,2,0.875,denoised,160,80,1.0,0.5,2.9999999999999996,0.08778586867787412,with_n2v,AtomSegNet
80,0.1276014001797563,0.025630897716496293,0.13015014500793998,0.25613099043833937,0.34377865417720976,0.4622455912362959,07443,50,2,0.875,raw,160,80,1.0,0.5,2.9999999999999996,0.08778586867787412,with_n2v,AtomSegNet
80,0.3481844260348055,0.08561732095166263,0.3585564393231935,0.16855206698222125,0.24113225158965126,0.4852389689920633,07443,200,0,0.0,denoised,160,80,1.0,0.5,2.9962760994011095,0.04653343828650632,with_n2v,AtomSegNet
80,0.10429517711633451,0.08000544593424053,0.13144715800984164,0.21506048765728647,0.23680637340505845,0.3394651938749513,07443,200,0,0.0,raw,160,80,1.0,0.5,2.9962760994011095,0.04653343828650632,with_n2v,AtomSegNet
80,0.32600518353919483,0.10289153877185697,0.34185676597847914,0.21534683782325792,0.20399663876691265,0.47953363861751763,07443,200,0,0.125,denoised,160,80,1.0,0.5,2.9962760994011095,0.04653343828650632,with_n2v,AtomSegNet
80,0.014377747193293544,0.05554433291337091,0.05737501662871776,0.21920890213830424,0.20364392876172566,0.3245174907155371,07443,200,0,0.125,raw,160,80,1.0,0.5,2.9962760994011095,0.04653343828650632,with_n2v,AtomSegNet
80,0.3422780490725623,0.0863385367261813,0.35299944164394587,0.18332003713463169,0.22254839807732332,0.4833332926953043,07443,200,0,0.25,denoised,160,80,1.0,0.5,2.9962760994011095,0.04653343828650632,with_n2v,AtomSegNet
80,0.10017029664767918,0.061851075778282194,0.11772698885733404,0.18593718577521842,0.194142876807264,0.306162109414833,07443,200,0,0.25,raw,160,80,1.0,0.5,2.9962760994011095,0.04653343828650632,with_n2v,AtomSegNet
80,0.33823936602905036,0.050471513466874285,0.34198427215790317,0.2054158113075046,0.22187405728519446,0.4675461013680563,07443,200,0,0.375,denoised,160,80,1.0,0.5,2.9962760994011095,0.04653343828650632,with_n2v,AtomSegNet
80,0.029773296160065854,0.0798488137783302,0.0852190250240018,0.232245092024043,0.19340843295008356,0.3105057261547112,07443,200,0,0.375,raw,160,80,1.0,0.5,2.9962760994011095,0.04653343828650632,with_n2v,AtomSegNet
80,0.342299434072729,0.11882710706597521,0.36233794162380967,0.2312349484029929,0.2173578324114321,0.4771864238185521,07443,200,0,0.5,denoised,160,80,1.0,0.5,2.9962760994011095,0.04653343828650632,with_n2v,AtomSegNet
80,0.15533729765203086,0.04704545755879863,0.1623051173523261,0.29629966255357676,0.18154894756734982,0.341001598599977,07443,200,0,0.5,raw,160,80,1.0,0.5,2.9962760994011095,0.04653343828650632,with_n2v,AtomSegNet
80,0.3381255013007478,0.09659215847817393,0.3516516738327214,0.16176372933007221,0.2146838643132887,0.4440453715052843,07443,200,0,0.625,denoised,160,80,1.0,0.5,2.9962760994011095,0.04653343828650632,with_n2v,AtomSegNet
80,0.16436166964583165,0.1155160151488488,0.20089476898275516,0.21176728199476375,0.18345232809405257,0.3525548264621691,07443,200,0,0.625,raw,160,80,1.0,0.5,2.9962760994011095,0.04653343828650632,with_n2v,AtomSegNet
80,0.2851255653626694,0.12211916454919702,0.3101768501574154,0.2266709795079386,0.22397816192430506,0.44996843846091833,07443,200,0,0.75,denoised,160,80,1.0,0.5,2.9962760994011095,0.04653343828650632,with_n2v,AtomSegNet
80,0.10141345052322759,0.05024195162938483,0.1131765949768616,0.20940936021429593,0.16338164348524684,0.30960253334515103,07443,200,0,0.75,raw,160,80,1.0,0.5,2.9962760994011095,0.04653343828650632,with_n2v,AtomSegNet
80,0.3077527553407151,0.0488073353314995,0.31159896405791127,0.22665624834975973,0.1909368379318513,0.4659670292862845,07443,200,0,0.875,denoised,160,80,1.0,0.5,2.9962760994011095,0.04653343828650632,with_n2v,AtomSegNet
80,0.10812688598811349,0.05409103950729843,0.12090187768792762,0.19551504265707645,0.1779376895627971,0.31561680691632293,07443,200,0,0.875,raw,160,80,1.0,0.5,2.9962760994011095,0.04653343828650632,with_n2v,AtomSegNet
80,0.3395177331504615,0.1300166697481835,0.36356103412774615,0.19177029039870644,0.15914231860330053,0.46081726980524934,07443,200,1,0.0,denoised,160,80,1.0,0.5,2.9962760994011095,0.04653343828650632,with_n2v,AtomSegNet
80,0.08940460802979544,0.15864478667285198,0.18210258722883668,0.18593711378691963,0.2215207498994994,0.3403514639918725,07443,200,1,0.0,raw,160,80,1.0,0.5,2.9962760994011095,0.04653343828650632,with_n2v,AtomSegNet
80,0.34152782261966763,0.09177595594693955,0.35364400138176494,0.1910848935131787,0.19525634492979566,0.4777660737419815,07443,200,1,0.125,denoised,160,80,1.0,0.5,2.9962760994011095,0.04653343828650632,with_n2v,AtomSegNet
80,0.0619283837511424,0.1038921971289426,0.1209492180144536,0.20315189603413697,0.2220668932649844,0.319096386890302,07443,200,1,0.125,raw,160,80,1.0,0.5,2.9962760994011095,0.04653343828650632,with_n2v,AtomSegNet
80,0.3430451759488049,0.08720567511082322,0.35395596126252904,0.15451011041996568,0.20734522710036865,0.46007932456207223,07443,200,1,0.25,denoised,160,80,1.0,0.5,2.9962760994011095,0.04653343828650632,with_n2v,AtomSegNet
80,0.04845410128805261,0.028155258675425898,0.05604032943080373,0.2042162692287499,0.1469840192247299,0.2830538972379481,07443,200,1,0.25,raw,160,80,1.0,0.5,2.9962760994011095,0.04653343828650632,with_n2v,AtomSegNet
80,0.3200693290944372,0.09021497576566162,0.3325403994695412,0.1750468313442607,0.18892282916676714,0.455012952183708,07443,200,1,0.375,denoised,160,80,1.0,0.5,2.9962760994011095,0.04653343828650632,with_n2v,AtomSegNet
80,0.006929052347622644,0.08872533329487453,0.08899548603565613,0.26619415245636124,0.15278803036465682,0.32145805666411814,07443,200,1,0.375,raw,160,80,1.0,0.5,2.9962760994011095,0.04653343828650632,with_n2v,AtomSegNet
80,0.33518865348129623,0.08184648282532336,0.3450366359873694,0.23711716066474536,0.216025964013929,0.4855406562659477,07443,200,1,0.5,denoised,160,80,1.0,0.5,2.9962760994011095,0.04653343828650632,with_n2v,AtomSegNet
80,0.11637195847632498,0.09677246537448525,0.15135171876880504,0.2505851805531275,0.22694688564009638,0.36205883302219855,07443,200,1,0.5,raw,160,80,1.0,0.5,2.9962760994011095,0.04653343828650632,with_n2v,AtomSegNet
80,0.31233956779876015,0.12171376683691548,0.33521671594708297,0.22081605416350486,0.2682519822376717,0.46594560690773956,07443,200,1,0.625,denoised,160,80,1.0,0.5,2.9962760994011095,0.04653343828650632,with_n2v,AtomSegNet
80,0.12293190660403752,0.13575030401430155,0.18314037976721326,0.2264300492417027,0.2284425776711196,0.35716239513433823,07443,200,1,0.625,raw,160,80,1.0,0.5,2.9962760994011095,0.04653343828650632,with_n2v,AtomSegNet
80,0.33304793696881063,0.06858821363832845,0.34003716174747406,0.24849761387363953,0.22374926879635668,0.46591958069917777,07443,200,1,0.75,denoised,160,80,1.0,0.5,2.9962760994011095,0.04653343828650632,with_n2v,AtomSegNet
80,0.15825630347674746,0.08203448950847303,0.1782546354489559,0.1701913189787322,0.18508353698756852,0.323377979621601,07443,200,1,0.75,raw,160,80,1.0,0.5,2.9962760994011095,0.04653343828650632,with_n2v,AtomSegNet
80,0.31237961704795225,0.08259597156810372,0.3231147159544181,0.18994254138066088,0.2042749750537903,0.45893614592854504,07443,200,1,0.875,denoised,160,80,1.0,0.5,2.9962760994011095,0.04653343828650632,with_n2v,AtomSegNet
80,0.08623188077513433,0.07887897470574501,0.11686671858423399,0.24442135514991623,0.1975553210193089,0.34200712883825424,07443,200,1,0.875,raw,160,80,1.0,0.5,2.9962760994011095,0.04653343828650632,with_n2v,AtomSegNet
80,0.35210711592566923,0.08746999099830077,0.3628090688099396,0.17441931123505983,0.20152053392411878,0.45952998022559954,07443,200,2,0.0,denoised,160,80,1.0,0.5,2.9962760994011095,0.04653343828650632,with_n2v,AtomSegNet
80,0.09004910919118103,0.03590329601922093,0.09694270849924222,0.26973999849971025,0.18006165652781933,0.32540151283703184,07443,200,2,0.0,raw,160,80,1.0,0.5,2.9962760994011095,0.04653343828650632,with_n2v,AtomSegNet
80,0.3534262594613864,0.07703834555600508,0.36172507179192553,0.18811693619464195,0.21772186972147967,0.4820256802480346,07443,200,2,0.125,denoised,160,80,1.0,0.5,2.9962760994011095,0.04653343828650632,with_n2v,AtomSegNet
80,0.052642080473788155,0.051829010646244456,0.07387445418530894,0.2203857189197819,0.20538157807286334,0.3410408543963141,07443,200,2,0.125,raw,160,80,1.0,0.5,2.9962760994011095,0.04653343828650632,with_n2v,AtomSegNet
80,0.34667254177409745,0.1452040797820331,0.375853796050353,0.13863980075814236,0.2244352896477573,0.47413448871624053,07443,200,2,0.25,denoised,160,80,1.0,0.5,2.9962760994011095,0.04653343828650632,with_n2v,AtomSegNet
80,0.006491615562026709,0.1272639521196055,0.1274294101913149,0.2503211049512097,0.1989523710055434,0.30450938055127486,07443,200,2,0.25,raw,160,80,1.0,0.5,2.9962760994011095,0.04653343828650632,with_n2v,AtomSegNet
80,0.35142789364600135,0.10881513428275014,0.36788897493868744,0.19181029260330681,0.2132236923467137,0.4748962839962561,07443,200,2,0.375,denoised,160,80,1.0,0.5,2.9962760994011095,0.04653343828650632,with_n2v,AtomSegNet
80,-0.0015529807860019673,0.06760188320261662,0.06761971873545401,0.2126297297578082,0.21082291247376397,0.317800811154056,07443,200,2,0.375,raw,160,80,1.0,0.5,2.9962760994011095,0.04653343828650632,with_n2v,AtomSegNet
80,0.3329053567717888,0.08305344944473703,0.34310909639941267,0.1935194777972434,0.21344020091882873,0.4571127390532226,07443,200,2,0.5,denoised,160,80,1.0,0.5,2.9962760994011095,0.04653343828650632,with_n2v,AtomSegNet
80,0.137320850938619,0.05850804733304216,0.14926556101536592,0.3049258606330391,0.22254309891823673,0.3782171168778935,07443,200,2,0.5,raw,160,80,1.0,0.5,2.9962760994011095,0.04653343828650632,with_n2v,AtomSegNet
80,0.27672786857275256,0.1073288833829622,0.2968127397081401,0.17287358151964083,0.20217756842087442,0.43455337608040645,07443,200,2,0.625,denoised,160,80,1.0,0.5,2.9962760994011095,0.04653343828650632,with_n2v,AtomSegNet
80,0.1456313605501265,0.10028340760815269,0.1768198377365612,0.2680463329065979,0.20046087072221902,0.37975196050411186,07443,200,2,0.625,raw,160,80,1.0,0.5,2.9962760994011095,0.04653343828650632,with_n2v,AtomSegNet
80,0.33161057767019564,0.1230718274016489,0.35371210033407413,0.2383256290504793,0.16572609962115573,0.4716548823701632,07443,200,2,0.75,denoised,160,80,1.0,0.5,2.9962760994011095,0.04653343828650632,with_n2v,AtomSegNet
80,0.1198152293182777,0.11800660104550431,0.16817029186780968,0.26889100223918094,0.22108747273336501,0.359598162596546,07443,200,2,0.75,raw,160,80,1.0,0.5,2.9962760994011095,0.04653343828650632,with_n2v,AtomSegNet
80,0.3170729930672671,0.07679410604880132,0.3262401226956454,0.23681212515834568,0.20180833232188553,0.4440338401871718,07443,200,2,0.875,denoised,160,80,1.0,0.5,2.9962760994011095,0.04653343828650632,with_n2v,AtomSegNet
80,0.03447800684915592,0.009586859122435953,0.03578604230875322,0.20397099368048785,0.2223733734573474,0.3155072821705648,07443,200,2,0.875,raw,160,80,1.0,0.5,2.9962760994011095,0.04653343828650632,with_n2v,AtomSegNet
80,0.37315928833792356,0.09213513201194701,0.38436536917849984,0.16663689901150536,0.17931906700417224,0.46993802875103946,07443,1000,0,0.0,denoised,160,80,1.0,0.5,2.9999999999999996,0.021401889573518757,with_n2v,AtomSegNet
80,0.07188190529717886,0.07473926453971558,0.10369650897253088,0.1398147185566505,0.11938292724851685,0.2337484651446174,07443,1000,0,0.0,raw,160,80,1.0,0.5,2.9999999999999996,0.021401889573518757,with_n2v,AtomSegNet
80,0.37272469374038053,0.11093941464207546,0.388884624336045,0.1897550901115613,0.18993364664983411,0.48797614606648365,07443,1000,0,0.125,denoised,160,80,1.0,0.5,2.9999999999999996,0.021401889573518757,with_n2v,AtomSegNet
80,0.09377291265495558,0.07225787504599879,0.11838310544143156,0.13011083578398136,0.14327433572993806,0.24520716188360625,07443,1000,0,0.125,raw,160,80,1.0,0.5,2.9999999999999996,0.021401889573518757,with_n2v,AtomSegNet
80,0.3568160491057526,0.07410662623869513,0.364430356792516,0.2075530148270922,0.19122558078158183,0.47970466692633745,07443,1000,0,0.25,denoised,160,80,1.0,0.5,2.9999999999999996,0.021401889573518757,with_n2v,AtomSegNet
80,0.09845446982792794,0.08644663450883172,0.13102023983721717,0.15029888820178575,0.16107452081517726,0.24012910215596744,07443,1000,0,0.25,raw,160,80,1.0,0.5,2.9999999999999996,0.021401889573518757,with_n2v,AtomSegNet
80,0.3830075102428623,0.09479753025518889,0.3945647280800955,0.17469063566690984,0.16981461316096716,0.4731564807268541,07443,1000,0,0.375,denoised,160,80,1.0,0.5,2.9999999999999996,0.021401889573518757,with_n2v,AtomSegNet
80,0.10217394202852148,0.05736785918091414,0.11717758188599414,0.12739213705148983,0.11171471261676837,0.21422333247966746,07443,1000,0,0.375,raw,160,80,1.0,0.5,2.9999999999999996,0.021401889573518757,with_n2v,AtomSegNet
80,0.34334734785580157,0.080161391854773,0.3525808418273847,0.18372654037493655,0.1985674075153825,0.45847839921855615,07443,1000,0,0.5,denoised,160,80,1.0,0.5,2.9999999999999996,0.021401889573518757,with_n2v,AtomSegNet
80,0.08013873097285362,0.07215003755911198,0.10783248175629029,0.12401262880249743,0.13793788635117857,0.2155123695700833,07443,1000,0,0.5,raw,160,80,1.0,0.5,2.9999999999999996,0.021401889573518757,with_n2v,AtomSegNet
80,0.3271399189165516,0.0869214761958439,0.33849057530866733,0.19046648373576738,0.17394007706957781,0.4477805845475459,07443,1000,0,0.625,denoised,160,80,1.0,0.5,2.9999999999999996,0.021401889573518757,with_n2v,AtomSegNet
80,0.0685902176677331,0.07547882338252165,0.1019885814143765,0.12806993335796243,0.14261088187112914,0.2220347069678668,07443,1000,0,0.625,raw,160,80,1.0,0.5,2.9999999999999996,0.021401889573518757,with_n2v,AtomSegNet
80,0.3578872351534308,0.08961596799291272,0.368936708400064,0.1985543092835556,0.17310256062216725,0.44545932673172084,07443,1000,0,0.75,denoised,160,80,1.0,0.5,2.9999999999999996,0.021401889573518757,with_n2v,AtomSegNet
80,0.08003698367673451,0.09544356371604934,0.12456079885296753,0.12702411885047235,0.1653068048000236,0.24284536064261292,07443,1000,0,0.75,raw,160,80,1.0,0.5,2.9999999999999996,0.021401889573518757,with_n2v,AtomSegNet
80,0.3561867002803112,0.08452984365527172,0.3660795814095084,0.18487507795476338,0.18110374083879685,0.4502200505368393,07443,1000,0,0.875,denoised,160,80,1.0,0.5,2.9999999999999996,0.021401889573518757,with_n2v,AtomSegNet
80,0.10333135248359282,0.05251028950168646,0.11590814859033607,0.11068395329672667,0.1236938109429686,0.21248020302573797,07443,1000,0,0.875,raw,160,80,1.0,0.5,2.9999999999999996,0.021401889573518757,with_n2v,AtomSegNet
80,0.3745135233095014,0.08677161199534211,0.3844342489814957,0.17154433510652453,0.17381505046361692,0.45596875760276007,07443,1000,1,0.0,denoised,160,80,1.0,0.5,2.9999999999999996,0.021401889573518757,with_n2v,AtomSegNet
80,0.05664405299584274,0.05305027234819448,0.07760721703561757,0.12920116995957792,0.18126963129904133,0.21662639285148985,07443,1000,1,0.0,raw,160,80,1.0,0.5,2.9999999999999996,0.021401889573518757,with_n2v,AtomSegNet
80,0.3761726133496097,0.11164533934731935,0.3923907705747589,0.15610121447740408,0.18117199137621923,0.4771020482595982,07443,1000,1,0.125,denoised,160,80,1.0,0.5,2.9999999999999996,0.021401889573518757,with_n2v,AtomSegNet
80,0.10741268347148747,0.10455299699144405,0.14989600978824907,0.1619357733286915,0.1739643742485433,0.24408755511879515,07443,1000,1,0.125,raw,160,80,1.0,0.5,2.9999999999999996,0.021401889573518757,with_n2v,AtomSegNet
80,0.37907054747272895,0.08582724086334892,0.3886654026736748,0.18613192093041697,0.16914956246165852,0.47000624641966404,07443,1000,1,0.25,denoised,160,80,1.0,0.5,2.9999999999999996,0.021401889573518757,with_n2v,AtomSegNet
80,0.11278750202016852,0.06649842299730935,0.13093151214691823,0.10260152380155337,0.14984342046228655,0.22055026250317125,07443,1000,1,0.25,raw,160,80,1.0,0.5,2.9999999999999996,0.021401889573518757,with_n2v,AtomSegNet
80,0.35593888550205577,0.10372174123823541,0.3707434285566462,0.18083048703153798,0.16763811346020688,0.45521594810412397,07443,1000,1,0.375,denoised,160,80,1.0,0.5,2.9999999999999996,0.021401889573518757,with_n2v,AtomSegNet
80,0.07626553991593799,0.09933934500725172,0.12523872422353766,0.13784190929212362,0.1322810272839608,0.23699572792649312,07443,1000,1,0.375,raw,160,80,1.0,0.5,2.9999999999999996,0.021401889573518757,with_n2v,AtomSegNet
80,0.35986543003508586,0.11289335719475346,0.3771578420675347,0.21224374580887076,0.1814757372023417,0.45031297275299165,07443,1000,1,0.5,denoised,160,80,1.0,0.5,2.9999999999999996,0.021401889573518757,with_n2v,AtomSegNet
80,0.08748032234694847,0.07413476283959852,0.11466808561761868,0.12803235544767796,0.1573223443208687,0.22839805535662985,07443,1000,1,0.5,raw,160,80,1.0,0.5,2.9999999999999996,0.021401889573518757,with_n2v,AtomSegNet
80,0.3376370967225313,0.10073962015339433,0.35234539893671113,0.2145809620195033,0.1665650526135485,0.45099200164161096,07443,1000,1,0.625,denoised,160,80,1.0,0.5,2.9999999999999996,0.021401889573518757,with_n2v,AtomSegNet
80,0.05924781602660234,0.11055489009002528,0.1254300100723096,0.12875136787011485,0.17016951262687122,0.22941929728906862,07443,1000,1,0.625,raw,160,80,1.0,0.5,2.9999999999999996,0.021401889573518757,with_n2v,AtomSegNet
80,0.3588433028986344,0.058840442719187536,0.3636354132020025,0.24087848304141574,0.20408504969682106,0.46619433717906533,07443,1000,1,0.75,denoised,160,80,1.0,0.5,2.9999999999999996,0.021401889573518757,with_n2v,AtomSegNet
80,0.0917201131370291,0.06594638301647038,0.11296682958649601,0.13749707245457024,0.1540425203687179,0.23542836573493794,07443,1000,1,0.75,raw,160,80,1.0,0.5,2.9999999999999996,0.021401889573518757,with_n2v,AtomSegNet
80,0.3351683451897145,0.09592945927116858,0.34862627665348234,0.20914444680802993,0.19424794733693607,0.45047874174987373,07443,1000,1,0.875,denoised,160,80,1.0,0.5,2.9999999999999996,0.021401889573518757,with_n2v,AtomSegNet
80,0.059629647095782445,0.07977366403695996,0.09959684877871043,0.15854321460999776,0.14531304702859668,0.24080233405958665,07443,1000,1,0.875,raw,160,80,1.0,0.5,2.9999999999999996,0.021401889573518757,with_n2v,AtomSegNet
80,0.3604817054280076,0.09295293443900832,0.37227316310621617,0.14261229421866572,0.19653634016091145,0.45769999500984254,07443,1000,2,0.0,denoised,160,80,1.0,0.5,2.9999999999999996,0.021401889573518757,with_n2v,AtomSegNet
80,0.09144511593045834,0.07861488394347305,0.12059232647635877,0.13276989564199235,0.1708488366427189,0.22928392084125962,07443,1000,2,0.0,raw,160,80,1.0,0.5,2.9999999999999996,0.021401889573518757,with_n2v,AtomSegNet
80,0.3744794948548815,0.08812604547586744,0.38470910043561735,0.1635596822427442,0.17856792865082702,0.47341305137060385,07443,1000,2,0.125,denoised,160,80,1.0,0.5,2.9999999999999996,0.021401889573518757,with_n2v,AtomSegNet
80,0.09296625358720689,0.10401833881925171,0.13950820447829407,0.13321118017921835,0.15817626851547462,0.23658404897888757,07443,1000,2,0.125,raw,160,80,1.0,0.5,2.9999999999999996,0.021401889573518757,with_n2v,AtomSegNet
80,0.3800697993850548,0.08162372172280286,0.38873575131762367,0.17494426316148687,0.15964275351364968,0.4797589510880464,07443,1000,2,0.25,denoised,160,80,1.0,0.5,2.9999999999999996,0.021401889573518757,with_n2v,AtomSegNet
80,0.10047559825443031,0.043885873643333184,0.10964176097648325,0.1515228723358505,0.14639139455926303,0.23434075749308883,07443,1000,2,0.25,raw,160,80,1.0,0.5,2.9999999999999996,0.021401889573518757,with_n2v,AtomSegNet
80,0.3719544431716244,0.08785022544254772,0.3821881341766377,0.19204391928478154,0.16687856390228065,0.4757000578989892,07443,1000,2,0.375,denoised,160,80,1.0,0.5,2.9999999999999996,0.021401889573518757,with_n2v,AtomSegNet
80,0.11225061773019718,0.09558267141802546,0.14743218188786694,0.11582655239084068,0.17815198499566867,0.24820513425449345,07443,1000,2,0.375,raw,160,80,1.0,0.5,2.9999999999999996,0.021401889573518757,with_n2v,AtomSegNet
80,0.36942015505705683,0.07920736375481852,0.3778161688379258,0.17445183368760406,0.21060703761165137,0.4590556056788872,07443,1000,2,0.5,denoised,160,80,1.0,0.5,2.9999999999999996,0.021401889573518757,with_n2v,AtomSegNet
80,0.09774970119537096,0.07872676067134066,0.12551058493046258,0.12930131608749615,0.14600081585181018,0.23242057508895592,07443,1000,2,0.5,raw,160,80,1.0,0.5,2.9999999999999996,0.021401889573518757,with_n2v,AtomSegNet
80,0.32584012692366215,0.09257037636469079,0.3387345020719454,0.2223250977412991,0.1567251397957864,0.42265524275845945,07443,1000,2,0.625,denoised,160,80,1.0,0.5,2.9999999999999996,0.021401889573518757,with_n2v,AtomSegNet
80,0.0643721772717285,0.05885151588388737,0.08721971181180484,0.14378213172693105,0.1302230917263332,0.21598434303731667,07443,1000,2,0.625,raw,160,80,1.0,0.5,2.9999999999999996,0.021401889573518757,with_n2v,AtomSegNet
80,0.36614330228538794,0.08865857955499479,0.37672438404907943,0.24026050211619251,0.19682119557572836,0.4650856937009743,07443,1000,2,0.75,denoised,160,80,1.0,0.5,2.9999999999999996,0.021401889573518757,with_n2v,AtomSegNet
80,0.07699394321599584,0.06107144656674279,0.09827404986924326,0.11004421874982558,0.13942622216877332,0.22020284202384816,07443,1000,2,0.75,raw,160,80,1.0,0.5,2.9999999999999996,0.021401889573518757,with_n2v,AtomSegNet
80,0.3727645123401544,0.10367890679432179,0.38691432821008165,0.21646552595559373,0.17676591726552227,0.46482014354980933,07443,1000,2,0.875,denoised,160,80,1.0,0.5,2.9999999999999996,0.021401889573518757,with_n2v,AtomSegNet
80,0.07792848644545458,0.06278972864106436,0.10007696549405311,0.13662232369807192,0.1424963788527683,0.23753181591278563,07443,1000,2,0.875,raw,160,80,1.0,0.5,2.9999999999999996,0.021401889573518757,with_n2v,AtomSegNet
132,-0.018281700313433902,-0.05289084132917132,0.05596125144113368,0.2294632226194889,0.20618363735178918,0.31442416548970514,07364,50,0,0.0,denoised,133,133,0.9924812030075187,0.007518796992481258,2.9999999999999996,0.08057374454848279,with_n2v,UNetPP
132,0.01317125287287979,-0.04914724446150842,0.05088156385568956,0.28414485760336367,0.24576791620844607,0.4509536125201482,07364,50,0,0.0,raw,132,133,0.9924812030075187,0.0,2.9999999999999996,0.08057374454848279,with_n2v,UNetPP
133,-0.02842251028754106,-0.028409315944031732,0.04018617079858683,0.20480104002584007,0.20422838066947763,0.34677629689900613,07364,50,0,0.125,denoised,133,133,1.0,0.0,2.9999999999999996,0.08057374454848279,with_n2v,UNetPP
132,-0.002191425065493746,-0.012533018298952925,0.012723163580633676,0.2589849641310577,0.2944131751829269,0.454855154016193,07364,50,0,0.125,raw,132,133,0.9924812030075187,0.0,2.9999999999999996,0.08057374454848279,with_n2v,UNetPP
133,-0.042901116083584157,-0.04457242619753288,0.0618644238504787,0.19209121024213194,0.21369846385168412,0.3076122620850872,07364,50,0,0.25,denoised,133,133,1.0,0.0,2.9999999999999996,0.08057374454848279,with_n2v,UNetPP
132,0.0037725098594236783,-0.06066304673410983,0.06078023584771815,0.3065956171310402,0.22073652740755512,0.43303389844445067,07364,50,0,0.25,raw,133,133,0.9924812030075187,0.007518796992481258,2.9999999999999996,0.08057374454848279,with_n2v,UNetPP
133,-0.004999032196337794,-0.0168976344956846,0.01762158830667009,0.21290256237372363,0.1956977494798237,0.3075050770611419,07364,50,0,0.375,denoised,133,133,1.0,0.0,2.9999999999999996,0.08057374454848279,with_n2v,UNetPP
131,0.06753720239254335,-0.04823101274737951,0.08299098925575744,0.25317553553885025,0.29634641166449216,0.41468292802867474,07364,50,0,0.375,raw,131,133,0.9849624060150376,0.0,2.9999999999999996,0.08057374454848279,with_n2v,UNetPP
132,-0.004021976799433169,-0.055507615601527505,0.05565313726235133,0.18711935465582366,0.2281085531360867,0.313622519483634,07364,50,0,0.5,denoised,133,133,0.9924812030075187,0.007518796992481258,2.9999999999999996,0.08057374454848279,with_n2v,UNetPP
132,-0.005091100240587565,-0.03532011622074904,0.03568514973356467,0.2950513681245216,0.3561262633177214,0.4890481246175367,07364,50,0,0.5,raw,132,133,0.9924812030075187,0.0,2.9999999999999996,0.08057374454848279,with_n2v,UNetPP
132,-0.016920195189733533,-0.04474435466967108,0.04783670431858782,0.19522245174478728,0.17443964374345136,0.29579776589396284,07364,50,0,0.625,denoised,132,133,0.9924812030075187,0.0,2.9999999999999996,0.08057374454848279,with_n2v,UNetPP
132,0.028731333076908783,-0.03666939059051,0.04658469390964865,0.2234589754124359,0.31270997757379876,0.41087260258354413,07364,50,0,0.625,raw,132,133,0.9924812030075187,0.0,2.9999999999999996,0.08057374454848279,with_n2v,UNetPP
132,-0.004911472092864244,-0.012172064385069348,0.013125612729059849,0.17757986093093486,0.18827608394220513,0.30106586016489395,07364,50,0,0.75,denoised,132,133,0.9924812030075187,0.0,2.9999999999999996,0.08057374454848279,with_n2v,UNetPP
132,0.035355551933690776,0.004488294992095021,0.035639301963870884,0.2973765515755409,0.2752748136595362,0.4431786221846143,07364,50,0,0.75,raw,132,133,0.9924812030075187,0.0,2.9999999999999996,0.08057374454848279,with_n2v,UNetPP
132,-0.00012017321288482208,-0.00913452284940064,0.009135313310845853,0.1945743465441297,0.18777274512531522,0.31270952738318,07364,50,0,0.875,denoised,132,133,0.9924812030075187,0.0,2.9999999999999996,0.08057374454848279,with_n2v,UNetPP
132,0.045988142746588245,-0.0007597690397815882,0.04599441838173832,0.28712014680194137,0.26775580635593216,0.4262114949541463,07364,50,0,0.875,raw,132,133,0.9924812030075187,0.0,2.9999999999999996,0.08057374454848279,with_n2v,UNetPP
133,-0.002834134254570131,-0.02672821463818309,0.026878053774738092,0.18254064048156962,0.231198813910755,0.3249554446002927,07364,50,1,0.0,denoised,134,133,1.0,0.007462686567164201,2.9999999999999996,0.08057374454848279,with_n2v,UNetPP
132,0.018449604318039547,-0.015277412841093962,0.02395385652894845,0.32847668487140996,0.2899227991672368,0.4801944563837622,07364,50,1,0.0,raw,132,133,0.9924812030075187,0.0,2.9999999999999996,0.08057374454848279,with_n2v,UNetPP
133,-0.006216616976047362,-0.02318772993545437,0.0240066063029835,0.1794651499352344,0.20294162088915474,0.33022585928223547,07364,50,1,0.125,denoised,133,133,1.0,0.0,2.9999999999999996,0.08057374454848279,with_n2v,UNetPP
132,0.05695882419009024,0.04032703970447926,0.06978952489051818,0.2676292511828135,0.3090053740181056,0.4741798225894378,07364,50,1,0.125,raw,132,133,0.9924812030075187,0.0,2.9999999999999996,0.08057374454848279,with_n2v,UNetPP
132,-0.0479820854210935,-0.05370935921109421,0.07202066223121989,0.1748780864096732,0.1900997752110758,0.30187036012745494,07364,50,1,0.25,denoised,132,133,0.9924812030075187,0.0,2.9999999999999996,0.08057374454848279,with_n2v,UNetPP
131,0.054603452594157886,-0.016011048770849357,0.056902466712304874,0.27592997757210036,0.3235080873526104,0.42256353165058985,07364,50,1,0.25,raw,131,133,0.9849624060150376,0.0,2.9999999999999996,0.08057374454848279,with_n2v,UNetPP
132,-0.032769785431050025,-0.040176706778225935,0.051846182161665526,0.2037494161846414,0.22123194323814868,0.30844875809193645,07364,50,1,0.375,denoised,133,133,0.9924812030075187,0.007518796992481258,2.9999999999999996,0.08057374454848279,with_n2v,UNetPP
132,-0.0010019665836296099,0.007101461092972272,0.007171798009544701,0.3123532170412691,0.2698106453960308,0.4870781610059512,07364,50,1,0.375,raw,132,133,0.9924812030075187,0.0,2.9999999999999996,0.08057374454848279,with_n2v,UNetPP
132,-0.04101307749707228,-0.042501432444791654,0.05906305347372455,0.1781723941208696,0.1984332594368376,0.3244890269428092,07364,50,1,0.5,denoised,132,133,0.9924812030075187,0.0,2.9999999999999996,0.08057374454848279,with_n2v,UNetPP
132,-0.04014824148966056,-0.00574351552086938,0.04055698787201251,0.2731302273924393,0.31528634718905896,0.4880172766947685,07364,50,1,0.5,raw,133,133,0.9924812030075187,0.007518796992481258,2.9999999999999996,0.08057374454848279,with_n2v,UNetPP
132,0.00627479276320031,-0.036598353835362474,0.03713236496211226,0.1758810398291628,0.20956966553551523,0.3048218228906993,07364,50,1,0.625,denoised,132,133,0.9924812030075187,0.0,2.9999999999999996,0.08057374454848279,with_n2v,UNetPP
132,0.037375807045705756,0.008300545135170978,0.03828642059345374,0.2538605614497416,0.24268859712875504,0.4398341373985987,07364,50,1,0.625,raw,132,133,0.9924812030075187,0.0,2.9999999999999996,0.08057374454848279,with_n2v,UNetPP
132,-0.041207308511218343,-0.024195188463959738,0.047785451965480646,0.1705931111051758,0.19297228239816003,0.2975803621778345,07364,50,1,0.75,denoised,132,133,0.9924812030075187,0.0,2.9999999999999996,0.08057374454848279,with_n2v,UNetPP
132,0.013127126273531076,-0.024421427267668605,0.027725936485378768,0.299363782704913,0.2699474620737242,0.4091392388081413,07364,50,1,0.75,raw,132,133,0.9924812030075187,0.0,2.9999999999999996,0.08057374454848279,with_n2v,UNetPP
132,-0.010902108174022374,-0.02755591361722054,0.029634175168507824,0.18875566852122033,0.20166018738943237,0.3046613515116224,07364,50,1,0.875,denoised,132,133,0.9924812030075187,0.0,2.9999999999999996,0.08057374454848279,with_n2v,UNetPP
132,0.02089778960612776,-0.006208302697125134,0.021800473224247052,0.2905349998978834,0.3471277457933107,0.4461962942174503,07364,50,1,0.875,raw,132,133,0.9924812030075187,0.0,2.9999999999999996,0.08057374454848279,with_n2v,UNetPP
133,-0.02167540176188254,-0.0594800130449471,0.06330635823806403,0.18418813341406348,0.22158581254756235,0.3254352485019187,07364,50,2,0.0,denoised,133,133,1.0,0.0,2.9999999999999996,0.08057374454848279,with_n2v,UNetPP
133,-0.009543346051543722,0.0012806515292709264,0.009628889977507226,0.29224983693511775,0.25394313381299377,0.4533259935173747,07364,50,2,0.0,raw,133,133,1.0,0.0,2.9999999999999996,0.08057374454848279,with_n2v,UNetPP
133,-0.0057498190822400375,-0.024585879298612667,0.02524927484828906,0.17981001532909754,0.2343855497538507,0.31867444819584134,07364,50,2,0.125,denoised,133,133,1.0,0.0,2.9999999999999996,0.08057374454848279,with_n2v,UNetPP
132,0.03722703078302203,-0.008194748577892597,0.03811831220260077,0.29623424767364515,0.2831491496130548,0.4399152431231079,07364,50,2,0.125,raw,132,133,0.9924812030075187,0.0,2.9999999999999996,0.08057374454848279,with_n2v,UNetPP
133,-0.029417593080495408,-0.03072218332954435,0.04253524810299975,0.18085935571087727,0.23276457828100744,0.29918570021785873,07364,50,2,0.25,denoised,133,133,1.0,0.0,2.9999999999999996,0.08057374454848279,with_n2v,UNetPP
132,0.018018152130268916,-0.021040947697386514,0.027701539419203208,0.29669759615490254,0.2715308627051898,0.4404933745267035,07364,50,2,0.25,raw,132,133,0.9924812030075187,0.0,2.9999999999999996,0.08057374454848279,with_n2v,UNetPP
132,-0.0077804777706989015,-0.004546543685894022,0.009011486771231623,0.17532516209917395,0.23179513558896228,0.30802066533207717,07364,50,2,0.375,denoised,132,133,0.9924812030075187,0.0,2.9999999999999996,0.08057374454848279,with_n2v,UNetPP
132,0.0710546221307542,0.01370968431328734,0.07236514886403718,0.30046652639812516,0.282353057049126,0.44623761336561607,07364,50,2,0.375,raw,132,133,0.9924812030075187,0.0,2.9999999999999996,0.08057374454848279,with_n2v,UNetPP
132,-0.017318518080102763,-0.0625978227448627,0.0649493531983814,0.17796361614773,0.23223420142491624,0.2985331267805065,07364,50,2,0.5,denoised,132,133,0.9924812030075187,0.0,2.9999999999999996,0.08057374454848279,with_n2v,UNetPP
132,0.07911482178008811,0.01938729690680674,0.08145564625394473,0.26207178222044925,0.30392828975696395,0.4409584535648595,07364,50,2,0.5,raw,132,133,0.9924812030075187,0.0,2.9999999999999996,0.08057374454848279,with_n2v,UNetPP
132,-0.013076428000168505,-0.031526924834549774,0.03413121677829465,0.18769075060960488,0.21491251389623336,0.3020002140147643,07364,50,2,0.625,denoised,133,133,0.9924812030075187,0.007518796992481258,2.9999999999999996,0.08057374454848279,with_n2v,UNetPP
132,0.012894683119540673,0.009643513531074177,0.01610186964229241,0.30534725622201186,0.2622883350379397,0.44458492387732884,07364,50,2,0.625,raw,133,133,0.9924812030075187,0.007518796992481258,2.9999999999999996,0.08057374454848279,with_n2v,UNetPP
132,-0.004452713643985362,-0.052058645730383546,0.052248724903837744,0.18425434710893276,0.2418582335672761,0.29270385948455807,07364,50,2,0.75,denoised,132,133,0.9924812030075187,0.0,2.9999999999999996,0.08057374454848279,with_n2v,UNetPP
132,0.014448575002681707,0.012417043308730058,0.01905109666499534,0.28091180119421816,0.26592593171061857,0.435674754338254,07364,50,2,0.75,raw,132,133,0.9924812030075187,0.0,2.9999999999999996,0.08057374454848279,with_n2v,UNetPP
132,-0.007338801793277838,-0.02957956669482087,0.030476364245335664,0.16669984872063806,0.21581212766851857,0.30418434554022283,07364,50,2,0.875,denoised,132,133,0.9924812030075187,0.0,2.9999999999999996,0.08057374454848279,with_n2v,UNetPP
132,0.02298744953060705,-0.00909368685410783,0.0247208004830503,0.24553322101367875,0.27757875852231956,0.4496562318703632,07364,50,2,0.875,raw,132,133,0.9924812030075187,0.0,2.9999999999999996,0.08057374454848279,with_n2v,UNetPP
133,-0.006343736820092261,-0.07284187509416995,0.07311758860956269,0.16185852806638817,0.17532636096460244,0.2837753145044719,07364,200,0,0.0,denoised,134,133,1.0,0.007462686567164201,2.999999999999986,0.04165850907281803,with_n2v,UNetPP
132,0.0012512152506616303,0.0028574441731450406,0.0031193792340991166,0.16161907712445953,0.18250791689128373,0.32775882607037765,07364,200,0,0.0,raw,133,133,0.9924812030075187,0.007518796992481258,2.999999999999986,0.04165850907281803,with_n2v,UNetPP
133,0.005545062016803826,-0.057292389449656866,0.057560104253044524,0.13348302542560062,0.18776103136096334,0.2911538162919152,07364,200,0,0.125,denoised,134,133,1.0,0.007462686567164201,2.999999999999986,0.04165850907281803,with_n2v,UNetPP
132,0.02075959156571372,0.009305256516867644,0.02274969100493367,0.16252849411294545,0.1570447217265132,0.3640235989177708,07364,200,0,0.125,raw,132,133,0.9924812030075187,0.0,2.999999999999986,0.04165850907281803,with_n2v,UNetPP
133,-0.0012193579998722726,-0.04626812699970628,0.046284191793665386,0.14753473408265097,0.1566649432360143,0.26150936495141,07364,200,0,0.25,denoised,134,133,1.0,0.007462686567164201,2.999999999999986,0.04165850907281803,with_n2v,UNetPP
132,0.01049848368325712,-0.0043995584495455375,0.011383069629875042,0.23592600762197194,0.17964786985803305,0.33590512578725656,07364,200,0,0.25,raw,132,133,0.9924812030075187,0.0,2.999999999999986,0.04165850907281803,with_n2v,UNetPP
133,-0.004072626259151946,-0.07321176508179406,0.0733249536722563,0.19514858937684307,0.20216298313242825,0.2918868170361242,07364,200,0,0.375,denoised,134,133,1.0,0.007462686567164201,2.999999999999986,0.04165850907281803,with_n2v,UNetPP
131,-0.0057258525915528935,-0.0019900762057716292,0.0060618306809883254,0.18248947593594533,0.22362084342767238,0.35007544937374013,07364,200,0,0.375,raw,131,133,0.9849624060150376,0.0,2.999999999999986,0.04165850907281803,with_n2v,UNetPP
132,0.0135456087650212,-0.061460290197302925,0.06293529048118957,0.1455109045174521,0.16064125397096837,0.26691421177763214,07364,200,0,0.5,denoised,133,133,0.9924812030075187,0.007518796992481258,2.999999999999986,0.04165850907281803,with_n2v,UNetPP
131,0.03667260428903063,-0.009249317855619665,0.037821023070960316,0.15896143809828714,0.1948183883309203,0.29630793159331686,07364,200,0,0.5,raw,131,133,0.9849624060150376,0.0,2.999999999999986,0.04165850907281803,with_n2v,UNetPP
132,-0.01618385800455613,-0.06407033077656621,0.06608270988488776,0.16847978377334483,0.19535810372736517,0.2742684999669337,07364,200,0,0.625,denoised,133,133,0.9924812030075187,0.007518796992481258,2.999999999999986,0.04165850907281803,with_n2v,UNetPP
131,0.03557673387107663,0.006722984296828827,0.03620638770698919,0.18304132189869637,0.17934283425273148,0.3060199282565806,07364,200,0,0.625,raw,131,133,0.9849624060150376,0.0,2.999999999999986,0.04165850907281803,with_n2v,UNetPP
132,-0.0030043787210303208,-0.0651766279985253,0.06524583610283136,0.18472090516221626,0.1811796912726425,0.2578700017389307,07364,200,0,0.75,denoised,133,133,0.9924812030075187,0.007518796992481258,2.999999999999986,0.04165850907281803,with_n2v,UNetPP
132,0.03383856926254758,-0.006874250874004062,0.034529756657337964,0.18614077325492584,0.19077460848525976,0.3057343833793672,07364,200,0,0.75,raw,132,133,0.9924812030075187,0.0,2.999999999999986,0.04165850907281803,with_n2v,UNetPP
132,-0.002823011318938029,-0.0535938303539254,0.053668128762909065,0.17318842306146282,0.1896132330696289,0.26146958824189825,07364,200,0,0.875,denoised,133,133,0.9924812030075187,0.007518796992481258,2.999999999999986,0.04165850907281803,with_n2v,UNetPP
132,0.015490748506735486,-0.01969876151335548,0.025060017846342063,0.1893666950283033,0.1915303657801522,0.32147071832751245,07364,200,0,0.875,raw,132,133,0.9924812030075187,0.0,2.999999999999986,0.04165850907281803,with_n2v,UNetPP
133,0.0015047479003413855,-0.02325475175928915,0.02330338485348735,0.13284881537291082,0.20771000200254194,0.30810631692666923,07364,200,1,0.0,denoised,134,133,1.0,0.007462686567164201,2.999999999999986,0.04165850907281803,with_n2v,UNetPP
131,0.001261567462847779,0.00855643175537324,0.008648935012339713,0.18418407134427264,0.17637381970575988,0.3270949510727906,07364,200,1,0.0,raw,131,133,0.9849624060150376,0.0,2.999999999999986,0.04165850907281803,with_n2v,UNetPP
133,-0.0055574549924983785,-0.04545319477566068,0.04579168288355203,0.1675545707963615,0.18104683680803854,0.2859323056732297,07364,200,1,0.125,denoised,134,133,1.0,0.007462686567164201,2.999999999999986,0.04165850907281803,with_n2v,UNetPP
132,0.0027775066859021535,0.011590534646543915,0.011918684356210045,0.16671184111553658,0.16274812064619132,0.330503913899091,07364,200,1,0.125,raw,132,133,0.9924812030075187,0.0,2.999999999999986,0.04165850907281803,with_n2v,UNetPP
132,0.0017727581216320232,-0.0746245741194187,0.07464562769420877,0.15951288429234867,0.18367476070679228,0.26650784061703875,07364,200,1,0.25,denoised,133,133,0.9924812030075187,0.007518796992481258,2.999999999999986,0.04165850907281803,with_n2v,UNetPP
132,0.026435796202125772,0.03195199089382328,0.041470242860625894,0.16752549826625532,0.20775171508929088,0.32291797221750845,07364,200,1,0.25,raw,132,133,0.9924812030075187,0.0,2.999999999999986,0.04165850907281803,with_n2v,UNetPP
132,0.0019062635167443887,-0.06808615459919665,0.06811283497771163,0.15369974432335085,0.17608079608184893,0.30218659047255997,07364,200,1,0.375,denoised,133,133,0.9924812030075187,0.007518796992481258,2.999999999999986,0.04165850907281803,with_n2v,UNetPP
131,0.005495291671465452,-0.007432755958426185,0.009243597335020469,0.14682388978658592,0.17632064519649987,0.3199113442746172,07364,200,1,0.375,raw,132,133,0.9849624060150376,0.007575757575757569,2.999999999999986,0.04165850907281803,with_n2v,UNetPP
132,-0.0007974051052386244,-0.06941852058257325,0.06942310029647918,0.1742166251891739,0.18453665996048493,0.2818571332392955,07364,200,1,0.5,denoised,133,133,0.9924812030075187,0.007518796992481258,2.999999999999986,0.04165850907281803,with_n2v,UNetPP
131,-0.019643300940543895,-0.025966014146078464,0.03255907189210282,0.17341536620768905,0.1696098688275542,0.30587860967580055,07364,200,1,0.5,raw,131,133,0.9849624060150376,0.0,2.999999999999986,0.04165850907281803,with_n2v,UNetPP
132,0.010540592953368844,-0.04083521860597372,0.042173678739306955,0.18798537359320058,0.1900473502158505,0.28094483576838564,07364,200,1,0.625,denoised,133,133,0.9924812030075187,0.007518796992481258,2.999999999999986,0.04165850907281803,with_n2v,UNetPP
131,0.00693388202230949,-0.024558202944291452,0.02551830816790784,0.16350928785838992,0.18751139652960477,0.30790028286139576,07364,200,1,0.625,raw,131,133,0.9849624060150376,0.0,2.999999999999986,0.04165850907281803,with_n2v,UNetPP
132,-0.0040199977137405085,-0.07673343009517453,0.07683866003379754,0.13580928947405557,0.17335902097694691,0.24680827434909838,07364,200,1,0.75,denoised,133,133,0.9924812030075187,0.007518796992481258,2.999999999999986,0.04165850907281803,with_n2v,UNetPP
132,-0.011017316506695352,-0.012940867328673278,0.0169955085309921,0.1696206567226434,0.1901607208126181,0.3129174632043207,07364,200,1,0.75,raw,132,133,0.9924812030075187,0.0,2.999999999999986,0.04165850907281803,with_n2v,UNetPP
132,0.0045427546154428455,-0.05511527696284091,0.05530217332245442,0.16448311281512132,0.191763239957728,0.2903129208919303,07364,200,1,0.875,denoised,133,133,0.9924812030075187,0.007518796992481258,2.999999999999986,0.04165850907281803,with_n2v,UNetPP
131,-0.021687894417880216,-0.02375262902717168,0.0321644547596187,0.1967502296571689,0.18208842826777125,0.30141632992902734,07364,200,1,0.875,raw,131,133,0.9849624060150376,0.0,2.999999999999986,0.04165850907281803,with_n2v,UNetPP
133,0.006981733775191401,-0.05911629236805993,0.05952714195939184,0.17689718651705655,0.180705832092983,0.2851545596317036,07364,200,2,0.0,denoised,134,133,1.0,0.007462686567164201,2.999999999999986,0.04165850907281803,with_n2v,UNetPP
132,0.02540867360157506,0.005679756237363165,0.02603575090346432,0.18300227762583796,0.19988364394450825,0.3392766441910228,07364,200,2,0.0,raw,132,133,0.9924812030075187,0.0,2.999999999999986,0.04165850907281803,with_n2v,UNetPP
133,-0.00029913795840030843,-0.0566909748449973,0.0566917640614073,0.16523408065237072,0.17581208964364337,0.27002858466298896,07364,200,2,0.125,denoised,133,133,1.0,0.0,2.999999999999986,0.04165850907281803,with_n2v,UNetPP
132,-0.020893596603606568,-0.010872552214514997,0.02355323270151244,0.18666617737413746,0.20227194356311035,0.3406317260860198,07364,200,2,0.125,raw,132,133,0.9924812030075187,0.0,2.999999999999986,0.04165850907281803,with_n2v,UNetPP
132,-0.00048386440619196946,-0.04353184027265389,0.04353452931050743,0.16366554364521096,0.18300250525606757,0.25690561859791766,07364,200,2,0.25,denoised,133,133,0.9924812030075187,0.007518796992481258,2.999999999999986,0.04165850907281803,with_n2v,UNetPP
132,-0.009684389478540112,0.0023967319153399558,0.009976558697570397,0.17230913248710109,0.19257209020238195,0.3174139946148347,07364,200,2,0.25,raw,132,133,0.9924812030075187,0.0,2.999999999999986,0.04165850907281803,with_n2v,UNetPP
133,0.02141125462162563,-0.05799842004606148,0.0618244171206771,0.15396869806161662,0.1881080342937021,0.2683301780641503,07364,200,2,0.375,denoised,134,133,1.0,0.007462686567164201,2.999999999999986,0.04165850907281803,with_n2v,UNetPP
131,0.004522626225124782,0.017212316903666647,0.017796572736469094,0.21327355878782786,0.21497968856266342,0.311197118864804,07364,200,2,0.375,raw,131,133,0.9849624060150376,0.0,2.999999999999986,0.04165850907281803,with_n2v,UNetPP
133,-0.0007510030092419129,-0.06745424103226583,0.06745842155549524,0.16716375162706532,0.20543482717493933,0.27499866283886587,07364,200,2,0.5,denoised,134,133,1.0,0.007462686567164201,2.999999999999986,0.04165850907281803,with_n2v,UNetPP
131,0.009288635323684957,0.003907628770217997,0.010077118079205154,0.19180263528928704,0.1990815622510085,0.30681403148168945,07364,200,2,0.5,raw,131,133,0.9849624060150376,0.0,2.999999999999986,0.04165850907281803,with_n2v,UNetPP
132,-0.006347994897240028,-0.0300948004528383,0.030757016329799314,0.16097058179495238,0.1753847283175707,0.24131282401855966,07364,200,2,0.625,denoised,133,133,0.9924812030075187,0.007518796992481258,2.999999999999986,0.04165850907281803,with_n2v,UNetPP
132,-0.012866044754183292,0.01324948717355312,0.018468460086829005,0.18268853543583818,0.173303792133589,0.30323171172440616,07364,200,2,0.625,raw,132,133,0.9924812030075187,0.0,2.999999999999986,0.04165850907281803,with_n2v,UNetPP
132,0.0017328774275426895,-0.06333182368368284,0.06335552663564543,0.14562768192007572,0.1767814406427742,0.2586783656051231,07364,200,2,0.75,denoised,133,133,0.9924812030075187,0.007518796992481258,2.999999999999986,0.04165850907281803,with_n2v,UNetPP
132,0.028408971927973425,0.005884248870039244,0.029011964269399965,0.18274167845470582,0.19627577220105205,0.3282782354538995,07364,200,2,0.75,raw,132,133,0.9924812030075187,0.0,2.999999999999986,0.04165850907281803,with_n2v,UNetPP
132,0.005722578236996512,-0.04046313463236473,0.04086579457144349,0.1477325451800663,0.17464377575095955,0.2547919877291537,07364,200,2,0.875,denoised,133,133,0.9924812030075187,0.007518796992481258,2.999999999999986,0.04165850907281803,with_n2v,UNetPP
132,0.029620863739104664,0.011911269668971158,0.031926069500919745,0.20467864366784963,0.19508382861600934,0.33488691197894044,07364,200,2,0.875,raw,132,133,0.9924812030075187,0.0,2.999999999999986,0.04165850907281803,with_n2v,UNetPP
133,0.02701598622900292,-0.05918590446870553,0.06506023977595235,0.15080183018604007,0.1507647888164225,0.26473989682310806,07364,1000,0,0.0,denoised,134,133,1.0,0.007462686567164201,2.9999999999999996,0.0195394456310795,with_n2v,UNetPP
132,0.0002917295523907626,-0.005644507988321834,0.005652041804690329,0.12383135829176177,0.14732804959918916,0.282635910965704,07364,1000,0,0.0,raw,132,133,0.9924812030075187,0.0,2.9999999999999996,0.0195394456310795,with_n2v,UNetPP
133,0.008156630060710768,-0.061532177273818434,0.062070439453929344,0.14657719863607774,0.1729263947930129,0.2628213423925674,07364,1000,0,0.125,denoised,134,133,1.0,0.007462686567164201,2.9999999999999996,0.0195394456310795,with_n2v,UNetPP
132,0.005624879220022194,0.0019569027454480192,0.00595556333145568,0.1345959635860751,0.1422231720596956,0.27228397983295344,07364,1000,0,0.125,raw,132,133,0.9924812030075187,0.0,2.9999999999999996,0.0195394456310795,with_n2v,UNetPP
133,0.015598017868926561,-0.05872379182460463,0.06076003528388421,0.13811205138076454,0.15826584518536102,0.247830498097948,07364,1000,0,0.25,denoised,134,133,1.0,0.007462686567164201,2.9999999999999996,0.0195394456310795,with_n2v,UNetPP
132,0.008575304922153748,0.0013391309728092438,0.008679235350550839,0.12232519055975029,0.12713262107029857,0.2674932776049619,07364,1000,0,0.25,raw,132,133,0.9924812030075187,0.0,2.9999999999999996,0.0195394456310795,with_n2v,UNetPP
133,0.011742559968610067,-0.048539266265606784,0.049939444172115856,0.1540184258419874,0.1537071559065042,0.2661363496650193,07364,1000,0,0.375,denoised,134,133,1.0,0.007462686567164201,2.9999999999999996,0.0195394456310795,with_n2v,UNetPP
131,-0.0018789478614280597,-0.014251060663966086,0.014374393034629552,0.12196110629907124,0.14715969741607723,0.22412082026645208,07364,1000,0,0.375,raw,131,133,0.9849624060150376,0.0,2.9999999999999996,0.0195394456310795,with_n2v,UNetPP
132,0.01260464159091157,-0.05063753533758586,0.05218272678483364,0.13689364537484097,0.17724907958888092,0.26222389457628786,07364,1000,0,0.5,denoised,133,133,0.9924812030075187,0.007518796992481258,2.9999999999999996,0.0195394456310795,with_n2v,UNetPP
131,-0.002754316965006609,-0.0040930435840778046,0.00493348433917487,0.1466303936374735,0.13017898724827748,0.2402253761591347,07364,1000,0,0.5,raw,131,133,0.9849624060150376,0.0,2.9999999999999996,0.0195394456310795,with_n2v,UNetPP
132,0.008701252461307263,-0.06947210858582054,0.07001489602759862,0.14574703209740414,0.15079671284259283,0.26086417608008555,07364,1000,0,0.625,denoised,133,133,0.9924812030075187,0.007518796992481258,2.9999999999999996,0.0195394456310795,with_n2v,UNetPP
131,-0.001109047805954333,-0.001736455730256381,0.0020604042173885057,0.1358562000597955,0.16369234081640704,0.2342626544819506,07364,1000,0,0.625,raw,131,133,0.9849624060150376,0.0,2.9999999999999996,0.0195394456310795,with_n2v,UNetPP
132,0.017761297842163515,-0.06271172579485551,0.06517840327291846,0.16098616333786625,0.14530166629934219,0.2408720545181208,07364,1000,0,0.75,denoised,133,133,0.9924812030075187,0.007518796992481258,2.9999999999999996,0.0195394456310795,with_n2v,UNetPP
132,-0.0052630113715395055,0.010385913188716955,0.011643301999884696,0.10786526625876683,0.12341706690227637,0.24604775730822065,07364,1000,0,0.75,raw,132,133,0.9924812030075187,0.0,2.9999999999999996,0.0195394456310795,with_n2v,UNetPP
132,0.010154379131143365,-0.04654834104952954,0.04764304219927939,0.1532270629654882,0.15639332356797941,0.24360365144707924,07364,1000,0,0.875,denoised,133,133,0.9924812030075187,0.007518796992481258,2.9999999999999996,0.0195394456310795,with_n2v,UNetPP
132,0.018620360778882628,-0.009939693944557959,0.02110723457128462,0.12601328019826433,0.13834219478992094,0.24710529106358883,07364,1000,0,0.875,raw,132,133,0.9924812030075187,0.0,2.9999999999999996,0.0195394456310795,with_n2v,UNetPP
133,0.017971829781146198,-0.06792560383640733,0.07026289434846139,0.14526955037305742,0.18478705581388385,0.2777499642649387,07364,1000,1,0.0,denoised,134,133,1.0,0.007462686567164201,2.9999999999999996,0.0195394456310795,with_n2v,UNetPP
132,0.001484996495186408,0.008366329628422875,0.008497098683794509,0.1481005681725816,0.148637902782955,0.25097473190002495,07364,1000,1,0.0,raw,132,133,0.9924812030075187,0.0,2.9999999999999996,0.0195394456310795,with_n2v,UNetPP
133,0.004945887391997417,-0.06324581655036354,0.06343890851217854,0.14209034558038242,0.177126186558896,0.24939463362275183,07364,1000,1,0.125,denoised,134,133,1.0,0.007462686567164201,2.9999999999999996,0.0195394456310795,with_n2v,UNetPP
132,-0.010306673690289259,-0.008876132886335597,0.013601957858116936,0.1137847408754163,0.14938245370464412,0.26813823021123934,07364,1000,1,0.125,raw,132,133,0.9924812030075187,0.0,2.9999999999999996,0.0195394456310795,with_n2v,UNetPP
133,0.019669021832669387,-0.06379890238273944,0.06676204284693767,0.1370661722430599,0.14984407406376557,0.2508061680622705,07364,1000,1,0.25,denoised,134,133,1.0,0.007462686567164201,2.9999999999999996,0.0195394456310795,with_n2v,UNetPP
132,0.01805894262321317,0.003915718031002768,0.018478589133557398,0.15919922319821853,0.14249251852607403,0.2549954668608973,07364,1000,1,0.25,raw,132,133,0.9924812030075187,0.0,2.9999999999999996,0.0195394456310795,with_n2v,UNetPP
132,0.014562072948201887,-0.06130424128878076,0.06301003069783259,0.15161041231504396,0.1661080557920544,0.2555995758434668,07364,1000,1,0.375,denoised,133,133,0.9924812030075187,0.007518796992481258,2.9999999999999996,0.0195394456310795,with_n2v,UNetPP
131,0.0031953821696362184,-0.02057344040125031,0.020820108480837162,0.1256534994836345,0.12282711736352153,0.24462886229863876,07364,1000,1,0.375,raw,131,133,0.9849624060150376,0.0,2.9999999999999996,0.0195394456310795,with_n2v,UNetPP
132,0.012551833711164306,-0.05811043216429379,0.059450574899101785,0.1518732577472093,0.16374902688017015,0.2601850967527488,07364,1000,1,0.5,denoised,133,133,0.9924812030075187,0.007518796992481258,2.9999999999999996,0.0195394456310795,with_n2v,UNetPP
131,0.006478192755203338,0.0024380591784662897,0.006921785458338964,0.12730132293484026,0.14137637554048796,0.2559086887497442,07364,1000,1,0.5,raw,131,133,0.9849624060150376,0.0,2.9999999999999996,0.0195394456310795,with_n2v,UNetPP
132,0.01557891834214331,-0.05998806266076251,0.061977982852806195,0.1634017801475769,0.15166268182650353,0.2625334457312357,07364,1000,1,0.625,denoised,133,133,0.9924812030075187,0.007518796992481258,2.9999999999999996,0.0195394456310795,with_n2v,UNetPP
131,0.0016198817461301473,0.011915356488799489,0.012024963082131343,0.143799480958014,0.1230984175852878,0.23243106637409783,07364,1000,1,0.625,raw,131,133,0.9849624060150376,0.0,2.9999999999999996,0.0195394456310795,with_n2v,UNetPP
132,0.02871852247695017,-0.06295413048014353,0.06919520270777468,0.15274561952413632,0.1615362876499644,0.23877364408655025,07364,1000,1,0.75,denoised,133,133,0.9924812030075187,0.007518796992481258,2.9999999999999996,0.0195394456310795,with_n2v,UNetPP
132,-0.003006034751145137,0.008496117567439398,0.009012228284106244,0.12903250533278943,0.13918526918928262,0.25268003354304636,07364,1000,1,0.75,raw,132,133,0.9924812030075187,0.0,2.9999999999999996,0.0195394456310795,with_n2v,UNetPP
132,0.014464972238627638,-0.05962278329892712,0.061352357005864826,0.14433522221712694,0.15200853186086472,0.24279363805437437,07364,1000,1,0.875,denoised,133,133,0.9924812030075187,0.007518796992481258,2.9999999999999996,0.0195394456310795,with_n2v,UNetPP
132,0.0023911348599732207,-0.004841584800217902,0.005399858266314049,0.144450741145575,0.13582662796415562,0.2514147956644486,07364,1000,1,0.875,raw,132,133,0.9924812030075187,0.0,2.9999999999999996,0.0195394456310795,with_n2v,UNetPP
133,0.02000196489098016,-0.06838783094303835,0.07125288780529247,0.14157367674578383,0.1714494254242035,0.2770254168318205,07364,1000,2,0.0,denoised,134,133,1.0,0.007462686567164201,2.9999999999999996,0.0195394456310795,with_n2v,UNetPP
132,0.01752011674484777,0.0020468032941920455,0.01763927137038859,0.11817372886887025,0.13427224608855926,0.25742210534220816,07364,1000,2,0.0,raw,132,133,0.9924812030075187,0.0,2.9999999999999996,0.0195394456310795,with_n2v,UNetPP
133,0.024827560429130813,-0.061880775284834044,0.06667561853267107,0.14979389267769053,0.1499571982501726,0.2594632121944128,07364,1000,2,0.125,denoised,134,133,1.0,0.007462686567164201,2.9999999999999996,0.0195394456310795,with_n2v,UNetPP
132,0.006264944235876868,0.00021389558848738943,0.006268594547537842,0.12137648908143459,0.15481858369362486,0.2649710577473045,07364,1000,2,0.125,raw,132,133,0.9924812030075187,0.0,2.9999999999999996,0.0195394456310795,with_n2v,UNetPP
133,0.02293386211744064,-0.0667745387786951,0.07060312359045622,0.1404681154684669,0.1685231619521079,0.24405918487884762,07364,1000,2,0.25,denoised,134,133,1.0,0.007462686567164201,2.9999999999999996,0.0195394456310795,with_n2v,UNetPP
132,0.011745729104656988,-0.003947674961416681,0.012391379656881732,0.09817464963721184,0.15742143411615644,0.23621250582470543,07364,1000,2,0.25,raw,132,133,0.9924812030075187,0.0,2.9999999999999996,0.0195394456310795,with_n2v,UNetPP
132,0.017198830971508983,-0.05654181572122141,0.059099718373602235,0.1415657927922995,0.16378346506748245,0.25738103357352926,07364,1000,2,0.375,denoised,133,133,0.9924812030075187,0.007518796992481258,2.9999999999999996,0.0195394456310795,with_n2v,UNetPP
131,-0.00311341762504469,-0.007155863819647834,0.007803829592788646,0.12083538511546738,0.1315042559201538,0.23257341309302862,07364,1000,2,0.375,raw,131,133,0.9849624060150376,0.0,2.9999999999999996,0.0195394456310795,with_n2v,UNetPP
132,0.029585241144886254,-0.05002496192088657,0.05811870016429498,0.1474254990898276,0.16789420337359706,0.27069074850540764,07364,1000,2,0.5,denoised,133,133,0.9924812030075187,0.007518796992481258,2.9999999999999996,0.0195394456310795,with_n2v,UNetPP
131,0.013545865835780546,-0.005387077594299683,0.014577759987322204,0.11268518730836327,0.14662515184083483,0.251027208109275,07364,1000,2,0.5,raw,131,133,0.9849624060150376,0.0,2.9999999999999996,0.0195394456310795,with_n2v,UNetPP
132,0.02549918952320951,-0.055097273752922504,0.060711763615835114,0.1506429878210554,0.17280118642771958,0.24904435649153556,07364,1000,2,0.625,denoised,133,133,0.9924812030075187,0.007518796992481258,2.9999999999999996,0.0195394456310795,with_n2v,UNetPP
131,0.022706418367697268,-0.005086942769679581,0.023269259159476807,0.1263871743192732,0.1485089693487438,0.2243118941379858,07364,1000,2,0.625,raw,131,133,0.9849624060150376,0.0,2.9999999999999996,0.0195394456310795,with_n2v,UNetPP
132,0.01961725795665359,-0.059137437008317306,0.06230628592405894,0.17004424876951582,0.17322734460273947,0.2441827727250036,07364,1000,2,0.75,denoised,133,133,0.9924812030075187,0.007518796992481258,2.9999999999999996,0.0195394456310795,with_n2v,UNetPP
132,0.006085470812109861,-0.0010253889435816177,0.006171254126242127,0.14080164914974497,0.1281179104180149,0.25076351956601306,07364,1000,2,0.75,raw,132,133,0.9924812030075187,0.0,2.9999999999999996,0.0195394456310795,with_n2v,UNetPP
132,0.006435050890441829,-0.062033680275888514,0.06236655649090894,0.14611119534501307,0.13866921737366145,0.2382498025427623,07364,1000,2,0.875,denoised,133,133,0.9924812030075187,0.007518796992481258,2.9999999999999996,0.0195394456310795,with_n2v,UNetPP
132,-0.004026080081693806,0.007402888820166709,0.008426866778818853,0.12759894087039284,0.14014789783129591,0.2486902399909978,07364,1000,2,0.875,raw,132,133,0.9924812030075187,0.0,2.9999999999999996,0.0195394456310795,with_n2v,UNetPP
90,-0.038050135600443014,-0.2565428857433787,0.25934931086230467,0.6022432227400961,0.6297746675092928,1.0625583251636048,07557,50,0,0.0,denoised,90,90,1.0,0.0,2.9999999999999996,0.07733358883745395,with_n2v,UNetPP
90,0.14978567138097532,-0.043042184619846324,0.15584728745762136,0.3548282678674651,0.38946254982752376,0.6352062268145803,07557,50,0,0.0,raw,90,90,1.0,0.0,2.9999999999999996,0.07733358883745395,with_n2v,UNetPP
90,0.03039777413181355,-0.2648644654689871,0.2666030940186948,0.6020542440034293,0.5283783201731276,0.9978433850451232,07557,50,0,0.125,denoised,90,90,1.0,0.0,2.9999999999999996,0.07733358883745395,with_n2v,UNetPP
90,0.12446600704617339,-0.09063715612560941,0.15397038994740572,0.3359485749959405,0.3918513032392613,0.6143454749560443,07557,50,0,0.125,raw,90,90,1.0,0.0,2.9999999999999996,0.07733358883745395,with_n2v,UNetPP
90,-0.16332619693312012,-0.1871337846016612,0.24838377552484636,0.6105875202509002,0.45411682819843585,0.9806569224399775,07557,50,0,0.25,denoised,90,90,1.0,0.0,2.9999999999999996,0.07733358883745395,with_n2v,UNetPP
90,0.04269460525909352,0.060714836606646116,0.07422345116202528,0.3513012684918206,0.28859308526047667,0.6121809415780811,07557,50,0,0.25,raw,90,90,1.0,0.0,2.9999999999999996,0.07733358883745395,with_n2v,UNetPP
90,-0.2758050502674365,-0.24210714341056416,0.3669935893764994,0.7267487685976183,0.3987629008021742,1.096791703603246,07557,50,0,0.375,denoised,90,90,1.0,0.0,2.9999999999999996,0.07733358883745395,with_n2v,UNetPP
90,-0.02540542190639883,-0.05058322472198995,0.05660475320604679,0.44735515431671086,0.39819928008700695,0.6649768206884584,07557,50,0,0.375,raw,90,90,1.0,0.0,2.9999999999999996,0.07733358883745395,with_n2v,UNetPP
90,-0.5862337665911745,-0.1106227283895862,0.5965797659391675,0.8257559579454393,0.4614114512607133,1.2686230954272026,07557,50,0,0.5,denoised,90,90,1.0,0.0,2.9999999999999996,0.07733358883745395,with_n2v,UNetPP
90,-0.18809980772741142,0.016328043741381748,0.18880715738422,0.445074990751123,0.3714101636277475,0.7021917358112705,07557,50,0,0.5,raw,90,90,1.0,0.0,2.9999999999999996,0.07733358883745395,with_n2v,UNetPP
90,-0.6335072370254089,-0.031549717911993014,0.634292364816016,0.7360871626471974,0.3693752947629711,1.252303982843267,07557,50,0,0.625,denoised,90,90,1.0,0.0,2.9999999999999996,0.07733358883745395,with_n2v,UNetPP
90,-0.3261726607846427,0.08099301126229363,0.3360780750311862,0.37257318583329113,0.4184363882487169,0.768868781001396,07557,50,0,0.625,raw,90,90,1.0,0.0,2.9999999999999996,0.07733358883745395,with_n2v,UNetPP
90,-0.6825645321208142,-0.07347372745607927,0.6865076322486126,0.7535359186421049,0.48904524731388754,1.3861192572304086,07557,50,0,0.75,denoised,90,90,1.0,0.0,2.9999999999999996,0.07733358883745395,with_n2v,UNetPP
90,-0.3681401671086917,0.12972590533635753,0.39032805837417456,0.3931137763393343,0.447624531063483,0.7609524914478814,07557,50,0,0.75,raw,90,90,1.0,0.0,2.9999999999999996,0.07733358883745395,with_n2v,UNetPP
90,-0.7986365303796568,-0.05245635373244184,0.8003574056031214,0.7718728338404338,0.42339957302304104,1.41229620608545,07557,50,0,0.875,denoised,90,90,1.0,0.0,2.9999999999999996,0.07733358883745395,with_n2v,UNetPP
90,-0.3769063955119414,0.12689522391085006,0.3976943912468326,0.46044757706847306,0.4057604485862455,0.7529345480303281,07557,50,0,0.875,raw,90,90,1.0,0.0,2.9999999999999996,0.07733358883745395,with_n2v,UNetPP
90,0.06592725460828319,-0.13964221990640624,0.15442264238308614,0.6350182806096538,0.5979669200548882,1.05997078714681,07557,50,1,0.0,denoised,90,90,1.0,0.0,2.9999999999999996,0.07733358883745395,with_n2v,UNetPP
90,0.10811018458280941,0.07322684309447602,0.1305755817912068,0.36486128118088934,0.4744738250905295,0.6832596324555963,07557,50,1,0.0,raw,90,90,1.0,0.0,2.9999999999999996,0.07733358883745395,with_n2v,UNetPP
90,-0.02900692257858495,-0.273469481980527,0.27500356203543586,0.777245149836631,0.5748147917510877,1.065424218356669,07557,50,1,0.125,denoised,90,90,1.0,0.0,2.9999999999999996,0.07733358883745395,with_n2v,UNetPP
90,0.1291870983597505,-0.059236934842950006,0.1421207966210426,0.45137429918255567,0.41021391562704207,0.7229644764093364,07557,50,1,0.125,raw,90,90,1.0,0.0,2.9999999999999996,0.07733358883745395,with_n2v,UNetPP
90,-0.10449493671887922,-0.23664988149781152,0.2586935604393948,0.6282924977500337,0.49284734500976934,1.06174512606803,07557,50,1,0.25,denoised,90,90,1.0,0.0,2.9999999999999996,0.07733358883745395,with_n2v,UNetPP
90,0.06033742682507892,-0.03027749243901212,0.06750801155615672,0.4778056111356994,0.42588973912174477,0.6952849284660908,07557,50,1,0.25,raw,90,90,1.0,0.0,2.9999999999999996,0.07733358883745395,with_n2v,UNetPP
90,-0.20432045667795506,-0.2315282066959803,0.3087914498702072,0.613917506990718,0.47598325073264836,1.1236326108782446,07557,50,1,0.375,denoised,90,90,1.0,0.0,2.9999999999999996,0.07733358883745395,with_n2v,UNetPP
90,0.0029367307723973113,-0.02353761237573515,0.02372010927419825,0.32247886571290624,0.4714924157067414,0.6535666564654127,07557,50,1,0.375,raw,90,90,1.0,0.0,2.9999999999999996,0.07733358883745395,with_n2v,UNetPP
90,-0.5353413955600104,-0.11694570903782164,0.5479659740006658,0.7247217157792797,0.4594531825334336,1.120982686458733,07557,50,1,0.5,denoised,90,90,1.0,0.0,2.9999999999999996,0.07733358883745395,with_n2v,UNetPP
90,-0.15664590596489347,0.0848476753114582,0.17814900465992192,0.3712070057984448,0.3985733586565497,0.6490174185757033,07557,50,1,0.5,raw,90,90,1.0,0.0,2.9999999999999996,0.07733358883745395,with_n2v,UNetPP
90,-0.6654521830819391,-0.08610251256240531,0.6709994416078733,0.7859246116700042,0.47591706106534,1.3207554013444545,07557,50,1,0.625,denoised,90,90,1.0,0.0,2.9999999999999996,0.07733358883745395,with_n2v,UNetPP
90,-0.30888551912018514,0.062337789966557366,0.31511309712555724,0.4622230989945609,0.354148260075448,0.7302054895331318,07557,50,1,0.625,raw,90,90,1.0,0.0,2.9999999999999996,0.07733358883745395,with_n2v,UNetPP
90,-0.7816786756487701,0.00472533363507921,0.7816929580992642,0.7252948967326427,0.4634795499889193,1.365562086933273,07557,50,1,0.75,denoised,90,90,1.0,0.0,2.9999999999999996,0.07733358883745395,with_n2v,UNetPP
90,-0.36968384531131804,0.12259917242275264,0.38948260880674296,0.38916693086184057,0.42023881932037915,0.7155280319002415,07557,50,1,0.75,raw,90,90,1.0,0.0,2.9999999999999996,0.07733358883745395,with_n2v,UNetPP
90,-0.8024607325304238,-0.05511686832526763,0.8043513513553945,0.7652618906132521,0.5579573778464693,1.4914320193564232,07557,50,1,0.875,denoised,90,90,1.0,0.0,2.9999999999999996,0.07733358883745395,with_n2v,UNetPP
90,-0.31137113582318676,0.06549201353848133,0.31818420460661784,0.5180624269992524,0.3786050713505812,0.7948236745962828,07557,50,1,0.875,raw,90,90,1.0,0.0,2.9999999999999996,0.07733358883745395,with_n2v,UNetPP
90,0.06287253837793116,-0.21015347754318014,0.21935687863747594,0.7315271810283283,0.4648839623571627,0.9898270664183008,07557,50,2,0.0,denoised,90,90,1.0,0.0,2.9999999999999996,0.07733358883745395,with_n2v,UNetPP
90,0.14573753289033675,0.01544764378587793,0.14655394294080715,0.4655642019776342,0.4527911866885382,0.6410756030463949,07557,50,2,0.0,raw,90,90,1.0,0.0,2.9999999999999996,0.07733358883745395,with_n2v,UNetPP
90,-0.007312246408488932,-0.43552762163039205,0.43558900141138135,0.601652937830167,0.6031533764232679,1.0776080114273683,07557,50,2,0.125,denoised,90,90,1.0,0.0,2.9999999999999996,0.07733358883745395,with_n2v,UNetPP
90,0.0550348406415786,-0.10045501525430112,0.11454275958866113,0.40948669686180345,0.4466208256506309,0.6711575704344471,07557,50,2,0.125,raw,90,90,1.0,0.0,2.9999999999999996,0.07733358883745395,with_n2v,UNetPP
90,-0.17265115649460938,-0.16526999863470948,0.23900333530652448,0.7296495282804244,0.5306473947012472,1.0691290982309387,07557,50,2,0.25,denoised,90,90,1.0,0.0,2.9999999999999996,0.07733358883745395,with_n2v,UNetPP
90,-0.03531735422333426,-0.009712343669377788,0.03662847429102896,0.4559751117313985,0.3910996252370272,0.7122195882289718,07557,50,2,0.25,raw,90,90,1.0,0.0,2.9999999999999996,0.07733358883745395,with_n2v,UNetPP
90,-0.21672282727850956,-0.0569263591804976,0.22407452830060295,0.6671121003461165,0.3744825439189513,0.9893014997467972,07557,50,2,0.375,denoised,90,90,1.0,0.0,2.9999999999999996,0.07733358883745395,with_n2v,UNetPP
90,0.08176479364836808,0.0474078356002785,0.09451446638829025,0.44966767217303555,0.45425317068185916,0.6504885760968809,07557,50,2,0.375,raw,90,90,1.0,0.0,2.9999999999999996,0.07733358883745395,with_n2v,UNetPP
90,-0.41347426919051955,-0.1605325410116265,0.44354443746515837,0.7296062246675643,0.42877545579915655,1.1194809794539873,07557,50,2,0.5,denoised,90,90,1.0,0.0,2.9999999999999996,0.07733358883745395,with_n2v,UNetPP
90,-0.1242909574523523,0.054305798247844095,0.13563687488200987,0.4206867987074194,0.4341560009821988,0.6152645158385294,07557,50,2,0.5,raw,90,90,1.0,0.0,2.9999999999999996,0.07733358883745395,with_n2v,UNetPP
90,-0.5932878622621658,-0.06720331367175447,0.5970818812156963,0.8365185267557309,0.49379666745411827,1.306637397535345,07557,50,2,0.625,denoised,90,90,1.0,0.0,2.9999999999999996,0.07733358883745395,with_n2v,UNetPP
90,-0.22600546368923347,0.0070077362287293,0.22611408179155246,0.4788271505202494,0.4173908568513064,0.7343064685357678,07557,50,2,0.625,raw,90,90,1.0,0.0,2.9999999999999996,0.07733358883745395,with_n2v,UNetPP
90,-0.8055636953106386,-0.08566184717939507,0.8101054371282281,0.7957706110674266,0.4347285722189226,1.4037046958114143,07557,50,2,0.75,denoised,90,90,1.0,0.0,2.9999999999999996,0.07733358883745395,with_n2v,UNetPP
90,-0.35109881968593015,0.06125341861019251,0.35640196755389664,0.37790405041572744,0.4260465781855081,0.7494218092081191,07557,50,2,0.75,raw,90,90,1.0,0.0,2.9999999999999996,0.07733358883745395,with_n2v,UNetPP
90,-0.7699067538430882,-0.17852977935841352,0.7903349237702744,0.7636655206008072,0.4165122030125838,1.3993250247971527,07557,50,2,0.875,denoised,90,90,1.0,0.0,2.9999999999999996,0.07733358883745395,with_n2v,UNetPP
90,-0.3071450721107105,0.08983372095870479,0.3200128009051825,0.40728555167106345,0.46339000727490803,0.7868012903059541,07557,50,2,0.875,raw,90,90,1.0,0.0,2.9999999999999996,0.07733358883745395,with_n2v,UNetPP
90,0.11873272351586905,0.032475683987104986,0.12309398719647566,0.5232057636179666,0.36433482139375156,0.8812421155083089,07557,200,0,0.0,denoised,90,90,1.0,0.0,2.9999999999999996,0.04059819536988142,with_n2v,UNetPP
90,0.08004500611376741,-0.01576782357534512,0.08158325357606347,0.27366089639105795,0.31717585629778133,0.5733631455262908,07557,200,0,0.0,raw,90,90,1.0,0.0,2.9999999999999996,0.04059819536988142,with_n2v,UNetPP
90,0.06536932946558238,-0.010160928020415128,0.06615431726664492,0.6294141955990116,0.36747306885284764,0.952819247989761,07557,200,0,0.125,denoised,90,90,1.0,0.0,2.9999999999999996,0.04059819536988142,with_n2v,UNetPP
90,0.01973219166718465,0.045114200173358654,0.049240739690548777,0.3139909749761432,0.2836642953987493,0.5202037671224019,07557,200,0,0.125,raw,90,90,1.0,0.0,2.9999999999999996,0.04059819536988142,with_n2v,UNetPP
90,-0.03304053316186284,-0.025082511223452286,0.04148263734256499,0.6652515866588993,0.44575068462792605,0.9110004913787444,07557,200,0,0.25,denoised,90,90,1.0,0.0,2.9999999999999996,0.04059819536988142,with_n2v,UNetPP
90,-0.019981801670923005,0.012073427702986805,0.023346092917560117,0.3426193213778554,0.29425826592673676,0.5050910705653958,07557,200,0,0.25,raw,90,90,1.0,0.0,2.9999999999999996,0.04059819536988142,with_n2v,UNetPP
90,-0.2136456536692961,-0.0012033313681740765,0.2136490424461632,0.5863965816032407,0.3716182074179818,0.9524437523597858,07557,200,0,0.375,denoised,90,90,1.0,0.0,2.9999999999999996,0.04059819536988142,with_n2v,UNetPP
90,0.004771424842420657,0.05639612926769644,0.05659761383137628,0.2854450889775001,0.3636398414297436,0.5224215365027242,07557,200,0,0.375,raw,90,90,1.0,0.0,2.9999999999999996,0.04059819536988142,with_n2v,UNetPP
90,-0.5598565446233259,0.06793296271524696,0.5639629757181239,0.635282848346765,0.4258807883919315,1.219335744332365,07557,200,0,0.5,denoised,90,90,1.0,0.0,2.9999999999999996,0.04059819536988142,with_n2v,UNetPP
90,-0.13173336811854597,0.04663471810273734,0.139744328000739,0.3052688567321344,0.33145799940536075,0.6068684012048938,07557,200,0,0.5,raw,90,90,1.0,0.0,2.9999999999999996,0.04059819536988142,with_n2v,UNetPP
90,-0.7558378238511452,0.06916228592349682,0.7589955452821829,0.7596259826518068,0.47128415453243877,1.3417398791228514,07557,200,0,0.625,denoised,90,90,1.0,0.0,2.9999999999999996,0.04059819536988142,with_n2v,UNetPP
90,-0.1524240658219682,0.07143364033747446,0.16833258987362892,0.39633839834341783,0.3092524189919087,0.6063118605786376,07557,200,0,0.625,raw,90,90,1.0,0.0,2.9999999999999996,0.04059819536988142,with_n2v,UNetPP
90,-0.79344945094563,0.04577279859663008,0.7947686331865956,0.7851011533026605,0.43176341220983383,1.40521630788056,07557,200,0,0.75,denoised,90,90,1.0,0.0,2.9999999999999996,0.04059819536988142,with_n2v,UNetPP
90,-0.19090345481860282,0.03732494690522259,0.19451807299877308,0.3077668563119369,0.3108939158334677,0.601416850463128,07557,200,0,0.75,raw,90,90,1.0,0.0,2.9999999999999996,0.04059819536988142,with_n2v,UNetPP
90,-0.7777138473831684,0.054060299512400434,0.7795904978864869,0.7829780421954129,0.4653739310458493,1.4581127458452514,07557,200,0,0.875,denoised,90,90,1.0,0.0,2.9999999999999996,0.04059819536988142,with_n2v,UNetPP
90,-0.2493923655937209,0.06705275686188372,0.2582491514394792,0.3667194134466884,0.3833627106014811,0.6306512823617806,07557,200,0,0.875,raw,90,90,1.0,0.0,2.9999999999999996,0.04059819536988142,with_n2v,UNetPP
90,0.14565653134270917,0.025901837311096187,0.14794164491068806,0.5617700580734363,0.3815028178095552,0.8988547973501065,07557,200,1,0.0,denoised,90,90,1.0,0.0,2.9999999999999996,0.04059819536988142,with_n2v,UNetPP
90,0.06009130082553327,0.06797308387634615,0.09072653727860182,0.23914702721177267,0.3149136646825755,0.5627886556923013,07557,200,1,0.0,raw,90,90,1.0,0.0,2.9999999999999996,0.04059819536988142,with_n2v,UNetPP
90,0.048560778219432166,0.021083783571331338,0.052940297609284544,0.6044938375214692,0.38313269171321346,0.9009386593605361,07557,200,1,0.125,denoised,90,90,1.0,0.0,2.9999999999999996,0.04059819536988142,with_n2v,UNetPP
90,0.029576377250208452,0.022742425711815173,0.03730924843124128,0.27312681700204877,0.31334980481783903,0.5060832587048341,07557,200,1,0.125,raw,90,90,1.0,0.0,2.9999999999999996,0.04059819536988142,with_n2v,UNetPP
90,-0.08228480945358285,-0.012132671977013842,0.08317446480810234,0.6052062432264378,0.3792284935289453,0.9904295271220612,07557,200,1,0.25,denoised,90,90,1.0,0.0,2.9999999999999996,0.04059819536988142,with_n2v,UNetPP
90,0.001629464357918664,0.0598189544282981,0.059841143563509315,0.21917526102258003,0.30939511242702894,0.5156479782738367,07557,200,1,0.25,raw,90,90,1.0,0.0,2.9999999999999996,0.04059819536988142,with_n2v,UNetPP
90,-0.22174852544542034,0.04246382867326659,0.22577773424944003,0.5958964190888472,0.407427205101889,1.0380839723438309,07557,200,1,0.375,denoised,90,90,1.0,0.0,2.9999999999999996,0.04059819536988142,with_n2v,UNetPP
90,-0.03463333444764061,0.0019913929953716547,0.03469053907082081,0.29553679333242805,0.37427081088937314,0.5652844628104545,07557,200,1,0.375,raw,90,90,1.0,0.0,2.9999999999999996,0.04059819536988142,with_n2v,UNetPP
90,-0.5159459060241787,0.047315527837902494,0.5181109312856562,0.7639736025356129,0.41176632842178207,1.1915677863867538,07557,200,1,0.5,denoised,90,90,1.0,0.0,2.9999999999999996,0.04059819536988142,with_n2v,UNetPP
90,-0.12847670997995664,0.06954023891272243,0.1460893898793215,0.26484190845761096,0.35522186259626726,0.5945581938312989,07557,200,1,0.5,raw,90,90,1.0,0.0,2.9999999999999996,0.04059819536988142,with_n2v,UNetPP
90,-0.684882451888555,0.04868847556517153,0.686610909145594,0.6402965300300744,0.5617701858671776,1.3264569092557397,07557,200,1,0.625,denoised,90,90,1.0,0.0,2.9999999999999996,0.04059819536988142,with_n2v,UNetPP
90,-0.1911917509364649,0.11536022686500758,0.2232986062842696,0.30630201085413533,0.27483907649737704,0.5968571472500906,07557,200,1,0.625,raw,90,90,1.0,0.0,2.9999999999999996,0.04059819536988142,with_n2v,UNetPP
90,-0.720678848085246,-0.003958689836522922,0.7206897205474064,0.7083592346980639,0.4194443953915193,1.4484723836419389,07557,200,1,0.75,denoised,90,90,1.0,0.0,2.9999999999999996,0.04059819536988142,with_n2v,UNetPP
90,-0.17358768959218196,0.0350895089212635,0.17709872843780428,0.30402182205379535,0.40587868411341416,0.6323268758757014,07557,200,1,0.75,raw,90,90,1.0,0.0,2.9999999999999996,0.04059819536988142,with_n2v,UNetPP
90,-0.7934247564627412,0.07508667542199987,0.7969697942794878,0.7576530025086167,0.49967333459768826,1.4344033886780672,07557,200,1,0.875,denoised,90,90,1.0,0.0,2.9999999999999996,0.04059819536988142,with_n2v,UNetPP
90,-0.17049668406832907,0.08014605794714313,0.18839455905827654,0.2949349386206232,0.3049598342009838,0.6002145757353989,07557,200,1,0.875,raw,90,90,1.0,0.0,2.9999999999999996,0.04059819536988142,with_n2v,UNetPP
90,0.14435692339791473,0.0321930179282397,0.1479030484345721,0.5611962023630875,0.30556758091252195,0.9184245475749561,07557,200,2,0.0,denoised,90,90,1.0,0.0,2.9999999999999996,0.04059819536988142,with_n2v,UNetPP
90,0.053599483851471064,0.04848655744476105,0.07227621269815,0.3183645457778225,0.3795891047456983,0.5337512004181115,07557,200,2,0.0,raw,90,90,1.0,0.0,2.9999999999999996,0.04059819536988142,with_n2v,UNetPP
90,0.10727802903991801,-0.013180417648570142,0.10808468404024796,0.6744297610750635,0.3803557285348214,0.8909304958592646,07557,200,2,0.125,denoised,90,90,1.0,0.0,2.9999999999999996,0.04059819536988142,with_n2v,UNetPP
90,0.08143417176532353,0.04031515879401226,0.09086713575155013,0.3007423565037996,0.3371374777542682,0.554227548565891,07557,200,2,0.125,raw,90,90,1.0,0.0,2.9999999999999996,0.04059819536988142,with_n2v,UNetPP
90,-0.1006729661452681,0.019408350260917473,0.10252672906289732,0.5958964190888472,0.3792919280689736,0.9155707552922293,07557,200,2,0.25,denoised,90,90,1.0,0.0,2.9999999999999996,0.04059819536988142,with_n2v,UNetPP
90,0.028724198170664295,0.0835853660480197,0.08838321660773066,0.34826898445421595,0.31405651877569096,0.5143918053299315,07557,200,2,0.25,raw,90,90,1.0,0.0,2.9999999999999996,0.04059819536988142,with_n2v,UNetPP
90,-0.31474326534688757,0.002560545296674377,0.31475368063525105,0.7339616281209671,0.4889762397222072,1.1346462734638894,07557,200,2,0.375,denoised,90,90,1.0,0.0,2.9999999999999996,0.04059819536988142,with_n2v,UNetPP
90,-0.10017694893435447,0.11239198586217825,0.15055689816092896,0.25194674385342947,0.3153754233150088,0.5667805654217949,07557,200,2,0.375,raw,90,90,1.0,0.0,2.9999999999999996,0.04059819536988142,with_n2v,UNetPP
90,-0.5997840945247148,0.03912465873558091,0.6010588148975171,0.7932616754810855,0.41635729568187235,1.2970867252034064,07557,200,2,0.5,denoised,90,90,1.0,0.0,2.9999999999999996,0.04059819536988142,with_n2v,UNetPP
90,-0.2094868304144839,0.07747411731075005,0.223353914159091,0.3161650093999911,0.34913064891654527,0.6364142566555036,07557,200,2,0.5,raw,90,90,1.0,0.0,2.9999999999999996,0.04059819536988142,with_n2v,UNetPP
90,-0.707193978309995,0.06437430309217262,0.7101178591308069,0.7691398652174882,0.3529755465070483,1.3625351031940134,07557,200,2,0.625,denoised,90,90,1.0,0.0,2.9999999999999996,0.04059819536988142,with_n2v,UNetPP
90,-0.22712285695439505,0.097083051241043,0.24700184410120823,0.2531917419703972,0.31768493276898174,0.6322649173248583,07557,200,2,0.625,raw,90,90,1.0,0.0,2.9999999999999996,0.04059819536988142,with_n2v,UNetPP
90,-0.7737274215383643,0.06215179553780814,0.7762196651264248,0.8829597282872473,0.4761041415182705,1.4439827201333875,07557,200,2,0.75,denoised,90,90,1.0,0.0,2.9999999999999996,0.04059819536988142,with_n2v,UNetPP
90,-0.19767872581660484,0.10127406545417728,0.22211104199047244,0.36389830608837154,0.44425743863590994,0.67590889697224,07557,200,2,0.75,raw,90,90,1.0,0.0,2.9999999999999996,0.04059819536988142,with_n2v,UNetPP
90,-0.8493978439577674,0.061050506255199366,0.8515890215556562,0.8290562552424614,0.43440886092675124,1.4864489917663803,07557,200,2,0.875,denoised,90,90,1.0,0.0,2.9999999999999996,0.04059819536988142,with_n2v,UNetPP
90,-0.19705750476591177,0.051144161923474485,0.2035863096660036,0.2826590349486505,0.3600753899434424,0.6229120147248698,07557,200,2,0.875,raw,90,90,1.0,0.0,2.9999999999999996,0.04059819536988142,with_n2v,UNetPP
90,0.17735955869845554,0.10522994260221452,0.20622743241813457,0.6078937058796108,0.4860249379523178,0.9793161730914057,07557,1000,0,0.0,denoised,90,90,1.0,0.0,2.9999999999999996,0.01848851148165645,with_n2v,UNetPP
90,-0.0003381109773030744,0.050098717949570215,0.050099858874287875,0.2130636663629815,0.37184873513869365,0.5223163970265243,07557,1000,0,0.0,raw,90,90,1.0,0.0,2.9999999999999996,0.01848851148165645,with_n2v,UNetPP
90,0.1352403836325351,0.09235392128049469,0.16376571112708263,0.704629746764569,0.43352015911154773,0.9945146457332072,07557,1000,0,0.125,denoised,90,90,1.0,0.0,2.9999999999999996,0.01848851148165645,with_n2v,UNetPP
90,-0.033771600028686066,0.03936613627345231,0.05186726957916299,0.20928735674730267,0.3218374524421005,0.5381193096367523,07557,1000,0,0.125,raw,90,90,1.0,0.0,2.9999999999999996,0.01848851148165645,with_n2v,UNetPP
90,0.030798363580174737,0.11341237537409299,0.11751981146687909,0.6185408593095073,0.49650126439066866,0.9792388600537459,07557,1000,0,0.25,denoised,90,90,1.0,0.0,2.9999999999999996,0.01848851148165645,with_n2v,UNetPP
90,-0.03094785876978534,0.019664486093120104,0.03666690572902346,0.25984019730071795,0.37849552124498753,0.5472165145007979,07557,1000,0,0.25,raw,90,90,1.0,0.0,2.9999999999999996,0.01848851148165645,with_n2v,UNetPP
90,-0.30182857595172763,0.12458695093010874,0.3265308524521215,0.7064456986125326,0.39532935862359037,1.1853215212891315,07557,1000,0,0.375,denoised,90,90,1.0,0.0,2.9999999999999996,0.01848851148165645,with_n2v,UNetPP
90,-0.019372429403802016,0.07210484860124211,0.07466190603522883,0.2268691873102178,0.3724980441121269,0.581930004244731,07557,1000,0,0.375,raw,90,90,1.0,0.0,2.9999999999999996,0.01848851148165645,with_n2v,UNetPP
90,-0.5320228180265119,0.13982819040215588,0.5500910849414055,0.6681475504091042,0.4803181297636607,1.3203860692961087,07557,1000,0,0.5,denoised,90,90,1.0,0.0,2.9999999999999996,0.01848851148165645,with_n2v,UNetPP
90,-0.035759024021032815,0.019880900328033135,0.04091403178360683,0.24735709654393775,0.3943291191886309,0.6014838704737758,07557,1000,0,0.5,raw,90,90,1.0,0.0,2.9999999999999996,0.01848851148165645,with_n2v,UNetPP
90,-0.5860023422484346,0.12008708956062719,0.5981802856997158,0.7164742811637838,0.4697192570272983,1.4373512657044245,07557,1000,0,0.625,denoised,90,90,1.0,0.0,2.9999999999999996,0.01848851148165645,with_n2v,UNetPP
90,-0.07111360267329303,0.04089481931774763,0.08203371704492132,0.23764264875809607,0.3800660297727164,0.5791503314833139,07557,1000,0,0.625,raw,90,90,1.0,0.0,2.9999999999999996,0.01848851148165645,with_n2v,UNetPP
90,-0.66082191499423,0.1379416362374073,0.6750655511463273,0.7915819150085316,0.46599542195798505,1.4712749946050439,07557,1000,0,0.75,denoised,90,90,1.0,0.0,2.9999999999999996,0.01848851148165645,with_n2v,UNetPP
90,-0.031010878662982577,0.058231111368186816,0.06597375937919867,0.2698330157561601,0.3424259974913599,0.6122467167196732,07557,1000,0,0.75,raw,90,90,1.0,0.0,2.9999999999999996,0.01848851148165645,with_n2v,UNetPP
90,-0.7020962965280262,0.14713954294241205,0.7173487678219514,0.8782961980624248,0.5037424246982741,1.514654909260633,07557,1000,0,0.875,denoised,90,90,1.0,0.0,2.9999999999999996,0.01848851148165645,with_n2v,UNetPP
90,-0.1099795289065213,0.06297706027272199,0.1267343950910502,0.2869996765847784,0.4291525680932396,0.6266398161911874,07557,1000,0,0.875,raw,90,90,1.0,0.0,2.9999999999999996,0.01848851148165645,with_n2v,UNetPP
90,0.1459346980018239,0.18530393217655217,0.23586963212964868,0.6014901129448325,0.44019021147219056,0.9721744656454172,07557,1000,1,0.0,denoised,90,90,1.0,0.0,2.9999999999999996,0.01848851148165645,with_n2v,UNetPP
90,-0.04086631830845988,0.012825488352042669,0.0428316369469665,0.21040484122886824,0.3301055793431752,0.5208596729294376,07557,1000,1,0.0,raw,90,90,1.0,0.0,2.9999999999999996,0.01848851148165645,with_n2v,UNetPP
90,0.10999313251111431,0.1472861397117704,0.18382517822867112,0.6933412424142587,0.4335893093635259,0.981457717511914,07557,1000,1,0.125,denoised,90,90,1.0,0.0,2.9999999999999996,0.01848851148165645,with_n2v,UNetPP
90,-0.026095857115961962,0.05042644635692817,0.056778695395410916,0.18832215090045876,0.3094860896979951,0.5358849322993618,07557,1000,1,0.125,raw,90,90,1.0,0.0,2.9999999999999996,0.01848851148165645,with_n2v,UNetPP
90,-0.02209677795572418,0.1079649760777599,0.11020301109995065,0.6714138837730256,0.4351786979946378,0.9785520684628978,07557,1000,1,0.25,denoised,90,90,1.0,0.0,2.9999999999999996,0.01848851148165645,with_n2v,UNetPP
90,-0.04973931501958262,0.03382223074156698,0.060149337078251125,0.18539429142803776,0.36159292665393766,0.5189877286291036,07557,1000,1,0.25,raw,90,90,1.0,0.0,2.9999999999999996,0.01848851148165645,with_n2v,UNetPP
90,-0.23190675937643235,0.08763318090465688,0.24791191871297114,0.5958964190888472,0.40988079806358374,1.1269841920878123,07557,1000,1,0.375,denoised,90,90,1.0,0.0,2.9999999999999996,0.01848851148165645,with_n2v,UNetPP
90,-0.030288521626211207,0.039476286255684556,0.049757127317020755,0.20579923426497268,0.4029062638420484,0.5424821342725133,07557,1000,1,0.375,raw,90,90,1.0,0.0,2.9999999999999996,0.01848851148165645,with_n2v,UNetPP
90,-0.5297141145609103,0.1083878776458107,0.5406893518330211,0.7313702884837403,0.4589475775802175,1.2896034096136282,07557,1000,1,0.5,denoised,90,90,1.0,0.0,2.9999999999999996,0.01848851148165645,with_n2v,UNetPP
90,-0.042834215724870006,0.0356681275701618,0.055740338724536265,0.2795874668022914,0.3872010549775313,0.5802140137915204,07557,1000,1,0.5,raw,90,90,1.0,0.0,2.9999999999999996,0.01848851148165645,with_n2v,UNetPP
90,-0.578775917689974,0.08190816257001643,0.5845429924252517,0.7069111167486949,0.42557725380722233,1.395257593530792,07557,1000,1,0.625,denoised,90,90,1.0,0.0,2.9999999999999996,0.01848851148165645,with_n2v,UNetPP
90,-0.021177873738388087,0.04034458336050761,0.04556520319950363,0.24916416392646012,0.41521933758419033,0.572112240768943,07557,1000,1,0.625,raw,90,90,1.0,0.0,2.9999999999999996,0.01848851148165645,with_n2v,UNetPP
90,-0.6631516131300756,0.11160476020893384,0.6724772743359549,0.7874177721546628,0.5243289154104044,1.4847826325728417,07557,1000,1,0.75,denoised,90,90,1.0,0.0,2.9999999999999996,0.01848851148165645,with_n2v,UNetPP
90,-0.04890207552572434,0.031239901329698228,0.05802882409469391,0.2869068411404283,0.2982754637588989,0.5816222632103427,07557,1000,1,0.75,raw,90,90,1.0,0.0,2.9999999999999996,0.01848851148165645,with_n2v,UNetPP
90,-0.7426573729884396,0.07661300470475396,0.7465986379199877,0.8329207252476163,0.48543034322936945,1.4877479295747313,07557,1000,1,0.875,denoised,90,90,1.0,0.0,2.9999999999999996,0.01848851148165645,with_n2v,UNetPP
90,-0.06619257214023122,0.04791513065694808,0.08171484780878026,0.27511149990421285,0.3730921269294784,0.621571936769353,07557,1000,1,0.875,raw,90,90,1.0,0.0,2.9999999999999996,0.01848851148165645,with_n2v,UNetPP
90,0.16764966646983837,0.15202125953668144,0.2263114535735368,0.5957300232415215,0.4273118730324146,0.9565027276421196,07557,1000,2,0.0,denoised,90,90,1.0,0.0,2.9999999999999996,0.01848851148165645,with_n2v,UNetPP
90,-0.03495723417098873,0.029327512014724277,0.045630156496106154,0.19891069658813437,0.37457019118211304,0.5262085322610297,07557,1000,2,0.0,raw,90,90,1.0,0.0,2.9999999999999996,0.01848851148165645,with_n2v,UNetPP
90,0.1509058355543651,0.08474308276933584,0.173072127396677,0.677974483957014,0.4953612449954166,0.9493313688220367,07557,1000,2,0.125,denoised,90,90,1.0,0.0,2.9999999999999996,0.01848851148165645,with_n2v,UNetPP
90,-0.03083766638106411,0.055939393329055065,0.06387626627983622,0.23232692577676708,0.40506535866936777,0.5353967295905004,07557,1000,2,0.125,raw,90,90,1.0,0.0,2.9999999999999996,0.01848851148165645,with_n2v,UNetPP
90,0.037376222381077184,0.11423964931837816,0.12019850030622575,0.670081230811691,0.5199947981386477,0.9867463905477655,07557,1000,2,0.25,denoised,90,90,1.0,0.0,2.9999999999999996,0.01848851148165645,with_n2v,UNetPP
90,-0.07784868673874357,0.017437098716918342,0.0797776311920239,0.24083879350020748,0.34053513176076566,0.5394894062578496,07557,1000,2,0.25,raw,90,90,1.0,0.0,2.9999999999999996,0.01848851148165645,with_n2v,UNetPP
90,-0.22554697840196525,0.11524158791455719,0.2532825754988392,0.5958964190888472,0.48811282707925,1.1093427614937288,07557,1000,2,0.375,denoised,90,90,1.0,0.0,2.9999999999999996,0.01848851148165645,with_n2v,UNetPP
90,-0.05831317025610616,0.029417263067770705,0.06531310122568099,0.22442612404950277,0.33350198739563697,0.5663106667542444,07557,1000,2,0.375,raw,90,90,1.0,0.0,2.9999999999999996,0.01848851148165645,with_n2v,UNetPP
90,-0.5542074056014634,0.1132409004947732,0.5656583332439928,0.7439626717570946,0.4088434327062229,1.3138647473867202,07557,1000,2,0.5,denoised,90,90,1.0,0.0,2.9999999999999996,0.01848851148165645,with_n2v,UNetPP
90,-0.034401439788410926,0.03593522294364959,0.04974735477917858,0.2967632299100164,0.4011663948646503,0.587532818798963,07557,1000,2,0.5,raw,90,90,1.0,0.0,2.9999999999999996,0.01848851148165645,with_n2v,UNetPP
90,-0.5993687561068768,0.091432140940789,0.606302517060684,0.6973673683749216,0.4379971576024203,1.377846332418611,07557,1000,2,0.625,denoised,90,90,1.0,0.0,2.9999999999999996,0.01848851148165645,with_n2v,UNetPP
90,-0.06728378304597271,-0.0018443576547326757,0.06730905671702803,0.22961567865109556,0.3796964407129769,0.585621474851477,07557,1000,2,0.625,raw,90,90,1.0,0.0,2.9999999999999996,0.01848851148165645,with_n2v,UNetPP
90,-0.724572447156433,0.10691905032995308,0.7324185377922386,0.8404911829241158,0.40941643957150753,1.4947896684322035,07557,1000,2,0.75,denoised,90,90,1.0,0.0,2.9999999999999996,0.01848851148165645,with_n2v,UNetPP
90,-0.08580545328221945,0.074645870045984,0.11373030259297244,0.3004207375677563,0.4450600272556494,0.6192189342741745,07557,1000,2,0.75,raw,90,90,1.0,0.0,2.9999999999999996,0.01848851148165645,with_n2v,UNetPP
90,-0.7065482179130917,0.13156886919725252,0.7186937815078196,0.7743293607067251,0.4697557141483471,1.48081501568897,07557,1000,2,0.875,denoised,90,90,1.0,0.0,2.9999999999999996,0.01848851148165645,with_n2v,UNetPP
90,-0.08744201737158619,0.01361168839342497,0.08849510982496424,0.29974564837749457,0.37482568717603354,0.6310102731555354,07557,1000,2,0.875,raw,90,90,1.0,0.0,2.9999999999999996,0.01848851148165645,with_n2v,UNetPP
80,0.039347814841939055,0.1645191266864785,0.16915907773015637,0.3442129585780786,0.27783735893189687,0.4154084571148568,07443,50,0,0.0,denoised,160,80,1.0,0.5,2.9999999999999996,0.08778586867787412,with_n2v,UNetPP
80,0.09653530945226407,0.11563222862066169,0.15063159783666027,0.31489892228118105,0.47606121663883133,0.5529165014376238,07443,50,0,0.0,raw,160,80,1.0,0.5,2.9999999999999996,0.08778586867787412,with_n2v,UNetPP
80,0.11082364102198028,0.1813385481528229,0.21252187759273733,0.24953101628987898,0.28736389608644186,0.39609101434860955,07443,50,0,0.125,denoised,160,80,1.0,0.5,2.9999999999999996,0.08778586867787412,with_n2v,UNetPP
80,0.10033915694070439,0.08621842186891726,0.13229347181602688,0.28289144755327283,0.4080484518348859,0.525999657691698,07443,50,0,0.125,raw,160,80,1.0,0.5,2.9999999999999996,0.08778586867787412,with_n2v,UNetPP
80,0.07994649394893827,0.20563150668462526,0.22062583356469548,0.23811334082140023,0.26637801435812364,0.42814369690644066,07443,50,0,0.25,denoised,160,80,1.0,0.5,2.9999999999999996,0.08778586867787412,with_n2v,UNetPP
80,0.05042970485928766,0.144441627472915,0.15299195691022197,0.2840837285930644,0.42648140018157654,0.554688097005859,07443,50,0,0.25,raw,160,80,1.0,0.5,2.9999999999999996,0.08778586867787412,with_n2v,UNetPP
80,0.05324587489092636,0.1687060913658982,0.17690920964398368,0.2440710430270158,0.2797646067763859,0.4226722941502002,07443,50,0,0.375,denoised,160,80,1.0,0.5,2.9999999999999996,0.08778586867787412,with_n2v,UNetPP
80,-0.014838989558911386,0.1831651295246317,0.18376523143648418,0.3541608576238838,0.32730767510161896,0.5747182528899007,07443,50,0,0.375,raw,160,80,1.0,0.5,2.9999999999999996,0.08778586867787412,with_n2v,UNetPP
80,-0.05325838809168815,0.1023719404061012,0.11539701072660073,0.21675969970820771,0.25311185561873084,0.38248497145465327,07443,50,0,0.5,denoised,160,80,1.0,0.5,2.9999999999999996,0.08778586867787412,with_n2v,UNetPP
80,-0.01543634395015303,0.13066679596239794,0.13157542430722524,0.45476847916440144,0.33805487054752326,0.5986523849712367,07443,50,0,0.5,raw,160,80,1.0,0.5,2.9999999999999996,0.08778586867787412,with_n2v,UNetPP
80,-0.13572404870956234,0.21011952218117358,0.2501424214317922,0.2554753697837034,0.3033634676125274,0.46278274922992213,07443,50,0,0.625,denoised,160,80,1.0,0.5,2.9999999999999996,0.08778586867787412,with_n2v,UNetPP
80,-0.15329211172987955,0.169563682092992,0.22858327542394508,0.4261389756252894,0.39339347910641725,0.572207190286983,07443,50,0,0.625,raw,160,80,1.0,0.5,2.9999999999999996,0.08778586867787412,with_n2v,UNetPP
80,-0.12740576427271577,0.13195627991800052,0.18342488538830418,0.23534303214784807,0.24108650287576597,0.42348344449651704,07443,50,0,0.75,denoised,160,80,1.0,0.5,2.9999999999999996,0.08778586867787412,with_n2v,UNetPP
80,-0.008905997543514843,0.2470425808763821,0.24720306138538997,0.4180090309517954,0.39428912878342054,0.5985249207101467,07443,50,0,0.75,raw,160,80,1.0,0.5,2.9999999999999996,0.08778586867787412,with_n2v,UNetPP
80,-0.1483674597703022,0.2122469909076301,0.2589627159805748,0.308791652147228,0.2548692189838112,0.46346309523393253,07443,50,0,0.875,denoised,160,80,1.0,0.5,2.9999999999999996,0.08778586867787412,with_n2v,UNetPP
80,0.009105328177135164,0.1620467059021422,0.16230231635731113,0.41162428667089224,0.505821478454993,0.6444899514976385,07443,50,0,0.875,raw,160,80,1.0,0.5,2.9999999999999996,0.08778586867787412,with_n2v,UNetPP
80,0.0827879171534498,0.16551881950199032,0.1850684166354133,0.26617801113837836,0.2506866116015965,0.4387067128058938,07443,50,1,0.0,denoised,160,80,1.0,0.5,2.9999999999999996,0.08778586867787412,with_n2v,UNetPP
80,0.13429610339409237,0.07297579467142512,0.15284276232377753,0.3756451631038797,0.4388141996394917,0.5727749576688571,07443,50,1,0.0,raw,160,80,1.0,0.5,2.9999999999999996,0.08778586867787412,with_n2v,UNetPP
80,0.05020938420527443,0.22094730519225436,0.2265804359029968,0.2960488198423591,0.2917033958626959,0.4302472163843063,07443,50,1,0.125,denoised,160,80,1.0,0.5,2.9999999999999996,0.08778586867787412,with_n2v,UNetPP
80,0.026669803701615535,0.1506101361129808,0.15295323314481885,0.3096092460829404,0.339872773709329,0.528408878042667,07443,50,1,0.125,raw,160,80,1.0,0.5,2.9999999999999996,0.08778586867787412,with_n2v,UNetPP
80,0.07154024825696226,0.11576177750096406,0.13608378393787593,0.2687280168432781,0.24819335037860754,0.42692476450185113,07443,50,1,0.25,denoised,160,80,1.0,0.5,2.9999999999999996,0.08778586867787412,with_n2v,UNetPP
80,0.008749687007780782,0.14045204112359855,0.14072431516450576,0.36795228444907124,0.3178825199163881,0.6101017489258908,07443,50,1,0.25,raw,160,80,1.0,0.5,2.9999999999999996,0.08778586867787412,with_n2v,UNetPP
80,0.04510798393553728,0.19724609418175731,0.20233821162767887,0.23514292057956993,0.2582862526596495,0.3876426547447858,07443,50,1,0.375,denoised,160,80,1.0,0.5,2.9999999999999996,0.08778586867787412,with_n2v,UNetPP
80,0.06828554654755692,0.09651006449614385,0.11822482149002556,0.3793130332005757,0.3604195915348397,0.5148780502940109,07443,50,1,0.375,raw,160,80,1.0,0.5,2.9999999999999996,0.08778586867787412,with_n2v,UNetPP
80,0.028275609055441464,0.15940610657585808,0.16189446216943304,0.2502157669424997,0.2913823126041747,0.440881777452658,07443,50,1,0.5,denoised,160,80,1.0,0.5,2.9999999999999996,0.08778586867787412,with_n2v,UNetPP
80,-0.04707128184745102,0.18620242096731587,0.1920600092389139,0.38151644704326354,0.4467918270327929,0.5946198597985719,07443,50,1,0.5,raw,160,80,1.0,0.5,2.9999999999999996,0.08778586867787412,with_n2v,UNetPP
80,-0.11898809969026303,0.1302164381494002,0.1763929948501826,0.20449758993953157,0.3161569316638944,0.4068017125413505,07443,50,1,0.625,denoised,160,80,1.0,0.5,2.9999999999999996,0.08778586867787412,with_n2v,UNetPP
80,-0.03248654025204445,0.13252935085445472,0.13645293743797113,0.3490181497413798,0.41770512729536163,0.570809614775373,07443,50,1,0.625,raw,160,80,1.0,0.5,2.9999999999999996,0.08778586867787412,with_n2v,UNetPP
80,-0.21610489199817362,0.17544323208828771,0.27835526226591634,0.17954484927852,0.32528677540012735,0.4672817529594825,07443,50,1,0.75,denoised,160,80,1.0,0.5,2.9999999999999996,0.08778586867787412,with_n2v,UNetPP
80,-0.10847088911309655,0.22102233136131133,0.2462048024417375,0.503943382484911,0.5051939751181067,0.6508161949118323,07443,50,1,0.75,raw,160,80,1.0,0.5,2.9999999999999996,0.08778586867787412,with_n2v,UNetPP
80,-0.27953916141908763,0.08137551225586037,0.29114277727910476,0.20111151316293663,0.2545703760917332,0.45330974157708404,07443,50,1,0.875,denoised,160,80,1.0,0.5,2.9999999999999996,0.08778586867787412,with_n2v,UNetPP
80,-0.20077490243533447,0.08563646176612849,0.2182754338713811,0.3703376226913571,0.384078346295848,0.6054436129885441,07443,50,1,0.875,raw,160,80,1.0,0.5,2.9999999999999996,0.08778586867787412,with_n2v,UNetPP
80,-0.0016396280571484567,0.2005792921982703,0.20058599362598797,0.28150447922960237,0.2387078805826173,0.40287164521511154,07443,50,2,0.0,denoised,160,80,1.0,0.5,2.9999999999999996,0.08778586867787412,with_n2v,UNetPP
80,0.11747013280314889,0.13841588603294497,0.1815439054528536,0.29624593452289627,0.37229419729162894,0.5492861862546048,07443,50,2,0.0,raw,160,80,1.0,0.5,2.9999999999999996,0.08778586867787412,with_n2v,UNetPP
80,0.06525745788669468,0.1738609144360339,0.18570447861688105,0.2639455861741677,0.3156157510962151,0.4321907959892918,07443,50,2,0.125,denoised,160,80,1.0,0.5,2.9999999999999996,0.08778586867787412,with_n2v,UNetPP
80,0.11351293203673762,0.16057606115761303,0.1966465284627992,0.28794789787796066,0.3914638734785049,0.5844030676297326,07443,50,2,0.125,raw,160,80,1.0,0.5,2.9999999999999996,0.08778586867787412,with_n2v,UNetPP
80,0.03003695815756302,0.21046248684579538,0.21259510160085013,0.3243964526217788,0.2876280308540518,0.4407826183410117,07443,50,2,0.25,denoised,160,80,1.0,0.5,2.9999999999999996,0.08778586867787412,with_n2v,UNetPP
80,0.060090448356987736,0.303589234957677,0.30947905513286583,0.3584871810277826,0.44542986799906265,0.5838823965091369,07443,50,2,0.25,raw,160,80,1.0,0.5,2.9999999999999996,0.08778586867787412,with_n2v,UNetPP
80,-0.0060972823577643,0.2601394776502701,0.260210923453082,0.15617050730606244,0.2317118064699369,0.4100248491168559,07443,50,2,0.375,denoised,160,80,1.0,0.5,2.9999999999999996,0.08778586867787412,with_n2v,UNetPP
80,0.03155077622460967,0.2556862034071372,0.25762547640544275,0.3115638665932293,0.43587293642209535,0.5407037248005528,07443,50,2,0.375,raw,160,80,1.0,0.5,2.9999999999999996,0.08778586867787412,with_n2v,UNetPP
80,-0.01888974093756257,0.21958988150442593,0.22040085837359175,0.2796679717683348,0.29870484398545594,0.43880492343070676,07443,50,2,0.5,denoised,160,80,1.0,0.5,2.9999999999999996,0.08778586867787412,with_n2v,UNetPP
80,-0.023720535164738266,0.1801248939636011,0.1816800517775689,0.4379784847226009,0.4762185102815661,0.6210911615030111,07443,50,2,0.5,raw,160,80,1.0,0.5,2.9999999999999996,0.08778586867787412,with_n2v,UNetPP
80,-0.10641695377553262,0.18765762036286304,0.2157311997164904,0.18849926905051095,0.3040977320831361,0.42550775471401414,07443,50,2,0.625,denoised,160,80,1.0,0.5,2.9999999999999996,0.08778586867787412,with_n2v,UNetPP
80,-0.05093786307879178,0.14544379894305592,0.1541056927761652,0.46777232273890235,0.3277300636822278,0.5710569726239945,07443,50,2,0.625,raw,160,80,1.0,0.5,2.9999999999999996,0.08778586867787412,with_n2v,UNetPP
80,-0.203767309000348,0.18349274483087186,0.2742092332924089,0.22969338992537552,0.2707815309634986,0.46471707514111554,07443,50,2,0.75,denoised,160,80,1.0,0.5,2.9999999999999996,0.08778586867787412,with_n2v,UNetPP
80,-0.08833138700059351,0.1858512462564157,0.20577443880256724,0.38202906812935905,0.32467765535083626,0.5365670552658645,07443,50,2,0.75,raw,160,80,1.0,0.5,2.9999999999999996,0.08778586867787412,with_n2v,UNetPP
80,-0.20518070395164756,0.22824753692656685,0.30691376539206927,0.2547948196630164,0.25332698907966134,0.4591995915617677,07443,50,2,0.875,denoised,160,80,1.0,0.5,2.9999999999999996,0.08778586867787412,with_n2v,UNetPP
80,-0.024724976810261978,0.1114590329980274,0.11416847426116963,0.35585997984987605,0.37618045297855757,0.5749910152060472,07443,50,2,0.875,raw,160,80,1.0,0.5,2.9999999999999996,0.08778586867787412,with_n2v,UNetPP
80,0.0729885522103153,0.14977732605119343,0.16661505380007963,0.29402170767482777,0.22955969139722515,0.379987954795637,07443,200,0,0.0,denoised,160,80,1.0,0.5,2.9962760994011095,0.04653343828650632,with_n2v,UNetPP
80,0.0882244591221526,0.08383953019899337,0.12170711569741638,0.20649558248425098,0.24239495395723218,0.356997610484186,07443,200,0,0.0,raw,160,80,1.0,0.5,2.9962760994011095,0.04653343828650632,with_n2v,UNetPP
80,0.05580884512652062,0.16848725049592161,0.17748966385125473,0.2027275721647571,0.2423932350554956,0.349509370918185,07443,200,0,0.125,denoised,160,80,1.0,0.5,2.9962760994011095,0.04653343828650632,with_n2v,UNetPP
80,0.014377747193293544,0.06836383257854095,0.06985938175492994,0.22904850062808524,0.2333422831325272,0.3396508908255297,07443,200,0,0.125,raw,160,80,1.0,0.5,2.9962760994011095,0.04653343828650632,with_n2v,UNetPP
80,0.030707639657602925,0.16840194060242908,0.17117877418653646,0.2032651791436398,0.24536867560867592,0.3508572240985276,07443,200,0,0.25,denoised,160,80,1.0,0.5,2.9962760994011095,0.04653343828650632,with_n2v,UNetPP
80,0.10763803825553353,0.07154993568099144,0.12924914148826563,0.1853668582345361,0.19781549434845527,0.3370495381187479,07443,200,0,0.25,raw,160,80,1.0,0.5,2.9962760994011095,0.04653343828650632,with_n2v,UNetPP
80,0.007111200666450657,0.15658093870852596,0.15674233487402722,0.18724529101365248,0.25695114049033185,0.3306064144668657,07443,200,0,0.375,denoised,160,80,1.0,0.5,2.9962760994011095,0.04653343828650632,with_n2v,UNetPP
80,0.028686612865874928,0.10123619308585674,0.10522209154086155,0.24218902711868887,0.2095520056180286,0.34113294019403273,07443,200,0,0.375,raw,160,80,1.0,0.5,2.9962760994011095,0.04653343828650632,with_n2v,UNetPP
80,-0.06752818321790954,0.16708585503513973,0.1802158108533635,0.2175896592362365,0.2820613392304548,0.3468675049165301,07443,200,0,0.5,denoised,160,80,1.0,0.5,2.9962760994011095,0.04653343828650632,with_n2v,UNetPP
80,0.022541782560765,0.06247586699464236,0.06641811437965588,0.25350942128555637,0.22199263587428553,0.3425725766345425,07443,200,0,0.5,raw,160,80,1.0,0.5,2.9962760994011095,0.04653343828650632,with_n2v,UNetPP
80,-0.16951061462398798,0.20402067828543835,0.26525136312232683,0.15876546326647586,0.19335910760236039,0.35984539223363127,07443,200,0,0.625,denoised,160,80,1.0,0.5,2.9962760994011095,0.04653343828650632,with_n2v,UNetPP
80,-0.01154612902653085,0.16618706355250623,0.16658767417699918,0.20314238047341115,0.23534951144166277,0.3616716804059003,07443,200,0,0.625,raw,160,80,1.0,0.5,2.9962760994011095,0.04653343828650632,with_n2v,UNetPP
80,-0.2089949441240435,0.20289887420556596,0.29128480877536017,0.1552163310077009,0.24796809386439064,0.3927350341224027,07443,200,0,0.75,denoised,160,80,1.0,0.5,2.9962760994011095,0.04653343828650632,with_n2v,UNetPP
80,0.0034711934292461777,0.10427561761608573,0.1043333772722774,0.23759147685218782,0.1710239284271693,0.3221470505440327,07443,200,0,0.75,raw,160,80,1.0,0.5,2.9962760994011095,0.04653343828650632,with_n2v,UNetPP
80,-0.2899227810252043,0.18568903330682218,0.3442900463966547,0.16274157660872185,0.2574376886122129,0.42066040463181625,07443,200,0,0.875,denoised,160,80,1.0,0.5,2.9962760994011095,0.04653343828650632,with_n2v,UNetPP
80,-0.02980007582056743,0.05201118986875741,0.059943376535489735,0.22014351810242902,0.19415169233291885,0.33719611361594354,07443,200,0,0.875,raw,160,80,1.0,0.5,2.9962760994011095,0.04653343828650632,with_n2v,UNetPP
80,0.023554844127872343,0.17584818151446768,0.1774187521764076,0.2828902786787175,0.2733395056219458,0.3890605481187085,07443,200,1,0.0,denoised,160,80,1.0,0.5,2.9962760994011095,0.04653343828650632,with_n2v,UNetPP
80,0.08136375623961101,0.16996974505728701,0.18844037535586153,0.19014963878208474,0.23464976001947782,0.3483658286637693,07443,200,1,0.0,raw,160,80,1.0,0.5,2.9962760994011095,0.04653343828650632,with_n2v,UNetPP
80,0.041743790431485905,0.2012508916362563,0.2055345844960794,0.2665255838865507,0.23711756895787067,0.3676093643186934,07443,200,1,0.125,denoised,160,80,1.0,0.5,2.9962760994011095,0.04653343828650632,with_n2v,UNetPP
80,0.0619283837511424,0.12297833763691557,0.13769094466219614,0.188283003472998,0.25753031596490394,0.3393603832819157,07443,200,1,0.125,raw,160,80,1.0,0.5,2.9962760994011095,0.04653343828650632,with_n2v,UNetPP
80,0.04260942056145467,0.13966075570718317,0.14601605872397874,0.2504308763514069,0.19015386998362133,0.33260926925645556,07443,200,1,0.25,denoised,160,80,1.0,0.5,2.9962760994011095,0.04653343828650632,with_n2v,UNetPP
80,0.058560094281261854,0.04044875300865769,0.07117152704688633,0.21074387376884585,0.13705458077875687,0.2995331770430397,07443,200,1,0.25,raw,160,80,1.0,0.5,2.9962760994011095,0.04653343828650632,with_n2v,UNetPP
80,-0.0024877456662473207,0.13799079549383464,0.138013218640539,0.1847154393917488,0.23078077440070224,0.3351028579020643,07443,200,1,0.375,denoised,160,80,1.0,0.5,2.9962760994011095,0.04653343828650632,with_n2v,UNetPP
80,0.04915343553756557,0.08645166527135828,0.09944823102165563,0.24585272398212119,0.16389365797470534,0.3342778708242194,07443,200,1,0.375,raw,160,80,1.0,0.5,2.9962760994011095,0.04653343828650632,with_n2v,UNetPP
80,0.004270405994152959,0.1902926610340785,0.19034057163617427,0.17605453428200535,0.2098911381259282,0.33531127009414874,07443,200,1,0.5,denoised,160,80,1.0,0.5,2.9962760994011095,0.04653343828650632,with_n2v,UNetPP
80,0.05157100941532278,0.1052003366411789,0.11716091430819699,0.21093501355544308,0.2240117892530517,0.3479795156529995,07443,200,1,0.5,raw,160,80,1.0,0.5,2.9962760994011095,0.04653343828650632,with_n2v,UNetPP
80,-0.21063297322558938,0.1847206814504787,0.28015706231573223,0.17205394148421257,0.22246291710566407,0.3804556669704257,07443,200,1,0.625,denoised,160,80,1.0,0.5,2.9962760994011095,0.04653343828650632,with_n2v,UNetPP
80,-0.03311887014281467,0.12614794569919496,0.13042301853455035,0.24250870224442553,0.24152966612452104,0.3817107784761476,07443,200,1,0.625,raw,160,80,1.0,0.5,2.9962760994011095,0.04653343828650632,with_n2v,UNetPP
80,-0.23918200605789508,0.1351986542881889,0.27474844520618524,0.1374530584172131,0.2262837061753612,0.3960342110076531,07443,200,1,0.75,denoised,160,80,1.0,0.5,2.9962760994011095,0.04653343828650632,with_n2v,UNetPP
80,-0.003147703531491519,0.08574720053462315,0.08580495578372523,0.25178941499262764,0.1790301642801728,0.3320922501579372,07443,200,1,0.75,raw,160,80,1.0,0.5,2.9962760994011095,0.04653343828650632,with_n2v,UNetPP
80,-0.24957524182654822,0.16261827341779167,0.2978800164196378,0.17734970836111505,0.16972068014552086,0.3957175289305455,07443,200,1,0.875,denoised,160,80,1.0,0.5,2.9962760994011095,0.04653343828650632,with_n2v,UNetPP
80,0.038778368153069565,0.08915596393351422,0.09722421376143439,0.25877878824607925,0.19190543286757356,0.36241522909882157,07443,200,1,0.875,raw,160,80,1.0,0.5,2.9962760994011095,0.04653343828650632,with_n2v,UNetPP
80,0.07665604415174698,0.18354707980338958,0.19891123550304152,0.2339814545379576,0.1960845696057282,0.3407966728628426,07443,200,2,0.0,denoised,160,80,1.0,0.5,2.9962760994011095,0.04653343828650632,with_n2v,UNetPP
80,0.09757221220516499,0.0689059407183521,0.11945026270750016,0.2868145391686228,0.18750472954567793,0.34585241921935883,07443,200,2,0.0,raw,160,80,1.0,0.5,2.9962760994011095,0.04653343828650632,with_n2v,UNetPP
80,0.05238481542712492,0.19828358829576587,0.2050866896577609,0.2421106423103068,0.19588007202421764,0.3556234457377337,07443,200,2,0.125,denoised,160,80,1.0,0.5,2.9962760994011095,0.04653343828650632,with_n2v,UNetPP
80,0.03951799188400429,0.05560991033374307,0.06822121231604708,0.22724058005171743,0.2005139801125345,0.3533704069616133,07443,200,2,0.125,raw,160,80,1.0,0.5,2.9962760994011095,0.04653343828650632,with_n2v,UNetPP
80,0.06916657565079731,0.15655821974731055,0.17115633601390468,0.18655026629361413,0.2590904091786757,0.3424800243268739,07443,200,2,0.25,denoised,160,80,1.0,0.5,2.9962760994011095,0.04653343828650632,with_n2v,UNetPP
80,0.002878216508189535,0.15629573365029614,0.15632223286389024,0.26873017744854033,0.2167631498840586,0.3478678159012354,07443,200,2,0.25,raw,160,80,1.0,0.5,2.9962760994011095,0.04653343828650632,with_n2v,UNetPP
80,0.005234444610067612,0.16657775184848944,0.1666599736627628,0.15965917546162725,0.22758634033565361,0.33446268135746,07443,200,2,0.375,denoised,160,80,1.0,0.5,2.9962760994011095,0.04653343828650632,with_n2v,UNetPP
80,0.010986299335886685,0.12015939983124468,0.12066059895799718,0.22143106049762654,0.2589368172817456,0.33015133216256665,07443,200,2,0.375,raw,160,80,1.0,0.5,2.9962760994011095,0.04653343828650632,with_n2v,UNetPP
80,-0.061025794269113476,0.1872132482807416,0.19690847594251182,0.17585698894792556,0.21687595671985802,0.33406661964064815,07443,200,2,0.5,denoised,160,80,1.0,0.5,2.9962760994011095,0.04653343828650632,with_n2v,UNetPP
80,0.0335663195132625,0.07419189501248269,0.08143178182509382,0.2171639820140733,0.2508226600578045,0.35415143933792365,07443,200,2,0.5,raw,160,80,1.0,0.5,2.9962760994011095,0.04653343828650632,with_n2v,UNetPP
80,-0.17819392879175355,0.1526020172672986,0.2346070159485633,0.19680658285344652,0.25765829530172024,0.3859551017999158,07443,200,2,0.625,denoised,160,80,1.0,0.5,2.9962760994011095,0.04653343828650632,with_n2v,UNetPP
80,-0.009907213487053923,0.11016113160566121,0.11060573129688114,0.25697068554384145,0.2358879313814089,0.37070265059159185,07443,200,2,0.625,raw,160,80,1.0,0.5,2.9962760994011095,0.04653343828650632,with_n2v,UNetPP
80,-0.239038796104591,0.18575168347179627,0.3027263350878787,0.16140986288974196,0.20293564280236587,0.39595859677357986,07443,200,2,0.75,denoised,160,80,1.0,0.5,2.9962760994011095,0.04653343828650632,with_n2v,UNetPP
80,-0.04518317797497673,0.12333500739490333,0.13135084172177688,0.23121810911480112,0.23849598488909066,0.39034081639130963,07443,200,2,0.75,raw,160,80,1.0,0.5,2.9962760994011095,0.04653343828650632,with_n2v,UNetPP
80,-0.3050110424318362,0.14047435031182687,0.3358046740307306,0.16839446399552785,0.1823810799374638,0.41839360912887397,07443,200,2,0.875,denoised,160,80,1.0,0.5,2.9962760994011095,0.04653343828650632,with_n2v,UNetPP
80,-0.11918668469502336,0.04108838568373585,0.12607030279445808,0.2420924991981849,0.20562333002644764,0.3402594733818316,07443,200,2,0.875,raw,160,80,1.0,0.5,2.9962760994011095,0.04653343828650632,with_n2v,UNetPP
80,0.057031667650417006,0.16954412475231706,0.1788793485928906,0.25350539239217146,0.23127298409675032,0.3590728665460775,07443,1000,0,0.0,denoised,160,80,1.0,0.5,2.9999999999999996,0.021401889573518757,with_n2v,UNetPP
80,0.06301685455294015,0.07735266555958731,0.09977253543395485,0.14956284005482084,0.12344854711070546,0.23456516324816967,07443,1000,0,0.0,raw,160,80,1.0,0.5,2.9999999999999996,0.021401889573518757,with_n2v,UNetPP
80,0.05632112240228082,0.14798681328481678,0.15834192664878094,0.22479591950962832,0.28591866197465693,0.34990098236567296,07443,1000,0,0.125,denoised,160,80,1.0,0.5,2.9999999999999996,0.021401889573518757,with_n2v,UNetPP
80,0.09054254728367539,0.06305688816784993,0.1103364129108307,0.12752562250548613,0.13461008534637053,0.24384872262386917,07443,1000,0,0.125,raw,160,80,1.0,0.5,2.9999999999999996,0.021401889573518757,with_n2v,UNetPP
80,0.03989111295987868,0.1290456717106352,0.1350706714295403,0.20543708016296608,0.27079303957108924,0.33286871249481975,07443,1000,0,0.25,denoised,160,80,1.0,0.5,2.9999999999999996,0.021401889573518757,with_n2v,UNetPP
80,0.08584500729056543,0.08644663450883172,0.12182933101113527,0.14873288472456514,0.16107452081517726,0.2367240433176121,07443,1000,0,0.25,raw,160,80,1.0,0.5,2.9999999999999996,0.021401889573518757,with_n2v,UNetPP
80,0.02086690087924481,0.14331964936293673,0.14483076139349457,0.17616801898260695,0.27446167181161096,0.3438751278283962,07443,1000,0,0.375,denoised,160,80,1.0,0.5,2.9999999999999996,0.021401889573518757,with_n2v,UNetPP
80,0.0977126208019925,0.05736785918091414,0.11330855012308282,0.13238005373133102,0.11582611052504872,0.21927800056623772,07443,1000,0,0.375,raw,160,80,1.0,0.5,2.9999999999999996,0.021401889573518757,with_n2v,UNetPP
80,-0.06767533935526115,0.15038267617853407,0.1649087652354101,0.16125680395884218,0.2287582156578589,0.33071545491249105,07443,1000,0,0.5,denoised,160,80,1.0,0.5,2.9999999999999996,0.021401889573518757,with_n2v,UNetPP
80,0.10526328357717674,0.09223091255242366,0.13995320682178722,0.13564271557922564,0.14913373239170702,0.23912453792926658,07443,1000,0,0.5,raw,160,80,1.0,0.5,2.9999999999999996,0.021401889573518757,with_n2v,UNetPP
80,-0.16640908117507536,0.1673218212177332,0.23598426674918796,0.17031685954745257,0.2571617888615906,0.3404262493909452,07443,1000,0,0.625,denoised,160,80,1.0,0.5,2.9999999999999996,0.021401889573518757,with_n2v,UNetPP
80,0.09563456651176239,0.06870159490350147,0.11775346896876339,0.14428996742906933,0.15306760911036305,0.24092442180895904,07443,1000,0,0.625,raw,160,80,1.0,0.5,2.9999999999999996,0.021401889573518757,with_n2v,UNetPP
80,-0.2175104136523487,0.14708786752466807,0.2625749813294674,0.11817261683277452,0.23048312605777038,0.3507678942864891,07443,1000,0,0.75,denoised,160,80,1.0,0.5,2.9999999999999996,0.021401889573518757,with_n2v,UNetPP
80,0.1056008527312855,0.09750637443458032,0.1437325055544195,0.12700725234440557,0.16056470695173286,0.2655620957785405,07443,1000,0,0.75,raw,160,80,1.0,0.5,2.9999999999999996,0.021401889573518757,with_n2v,UNetPP
80,-0.26007563931154287,0.1577686180463047,0.30418789424227344,0.13215486322112777,0.23275476028527844,0.3816937761713182,07443,1000,0,0.875,denoised,160,80,1.0,0.5,2.9999999999999996,0.021401889573518757,with_n2v,UNetPP
80,0.11340216746781984,0.05618283844181349,0.12655656016887615,0.12124116688383757,0.12889926607732316,0.21468761078217083,07443,1000,0,0.875,raw,160,80,1.0,0.5,2.9999999999999996,0.021401889573518757,with_n2v,UNetPP
80,0.042413278053032855,0.13998428292901366,0.146268539414168,0.24723693461392743,0.2740386292862141,0.35678380780535884,07443,1000,1,0.0,denoised,160,80,1.0,0.5,2.9999999999999996,0.021401889573518757,with_n2v,UNetPP
80,0.057668681601469984,0.06258027051958948,0.08509974791946638,0.11632446337850541,0.1784163549829039,0.21621454776675653,07443,1000,1,0.0,raw,160,80,1.0,0.5,2.9999999999999996,0.021401889573518757,with_n2v,UNetPP
80,0.09424684342216594,0.16723787817957003,0.19196607875624008,0.2004044334670733,0.28577407945146593,0.35465444001861657,07443,1000,1,0.125,denoised,160,80,1.0,0.5,2.9999999999999996,0.021401889573518757,with_n2v,UNetPP
80,0.10741268347148747,0.09275039558187714,0.14191589217258457,0.1557090177604191,0.16617391646181784,0.2444862524333242,07443,1000,1,0.125,raw,160,80,1.0,0.5,2.9999999999999996,0.021401889573518757,with_n2v,UNetPP
80,0.06249346964826685,0.17264556500942518,0.1836080740765572,0.20702448187266861,0.2647272629258797,0.34993601172270056,07443,1000,1,0.25,denoised,160,80,1.0,0.5,2.9999999999999996,0.021401889573518757,with_n2v,UNetPP
80,0.10863700391638531,0.07065653454314358,0.12959299554210157,0.11101153838220824,0.1510386535012416,0.2163817025886097,07443,1000,1,0.25,raw,160,80,1.0,0.5,2.9999999999999996,0.021401889573518757,with_n2v,UNetPP
80,0.005984773462948567,0.1536704031979781,0.1537868990923218,0.18948910669362187,0.2646140704553355,0.33910674986549694,07443,1000,1,0.375,denoised,160,80,1.0,0.5,2.9999999999999996,0.021401889573518757,with_n2v,UNetPP
80,0.08024181691983001,0.09933934500725172,0.1276990784973224,0.13870510607655986,0.12304245496890519,0.23754271231911045,07443,1000,1,0.375,raw,160,80,1.0,0.5,2.9999999999999996,0.021401889573518757,with_n2v,UNetPP
80,-0.07140090537161115,0.15953200088223696,0.17478143091694787,0.1668913342074426,0.24763620344613316,0.331197800071229,07443,1000,1,0.5,denoised,160,80,1.0,0.5,2.9999999999999996,0.021401889573518757,with_n2v,UNetPP
80,0.12993693273694618,0.0864012917287198,0.1560409872484695,0.14070409280525423,0.15698620866919608,0.24213542648219363,07443,1000,1,0.5,raw,160,80,1.0,0.5,2.9999999999999996,0.021401889573518757,with_n2v,UNetPP
80,-0.13773828388067955,0.1751231402361455,0.22280024482159652,0.12911948787369393,0.23811359381263808,0.35422594738757446,07443,1000,1,0.625,denoised,160,80,1.0,0.5,2.9999999999999996,0.021401889573518757,with_n2v,UNetPP
80,0.10465632706531736,0.10902557208975949,0.15112750300425803,0.13523865002953486,0.14925935864873616,0.2530930563638624,07443,1000,1,0.625,raw,160,80,1.0,0.5,2.9999999999999996,0.021401889573518757,with_n2v,UNetPP
80,-0.21504642648602612,0.1742933051342277,0.27680881806586805,0.12444738728314964,0.2425080605501994,0.35837830113608043,07443,1000,1,0.75,denoised,160,80,1.0,0.5,2.9999999999999996,0.021401889573518757,with_n2v,UNetPP
80,0.11955571683922983,0.07681478476932213,0.1421058780912999,0.13265230764189553,0.14866525115117152,0.25522807437931894,07443,1000,1,0.75,raw,160,80,1.0,0.5,2.9999999999999996,0.021401889573518757,with_n2v,UNetPP
80,-0.2541323228703227,0.12728638775462287,0.28422713106789466,0.14728026172765335,0.2377622369550479,0.37020526518984687,07443,1000,1,0.875,denoised,160,80,1.0,0.5,2.9999999999999996,0.021401889573518757,with_n2v,UNetPP
80,0.08343085291337005,0.07627403626675289,0.11304174373334093,0.16670304289066507,0.12479720748264378,0.24717988482042907,07443,1000,1,0.875,raw,160,80,1.0,0.5,2.9999999999999996,0.021401889573518757,with_n2v,UNetPP
80,0.052169062644139785,0.15885611751727424,0.16720310155565365,0.23553672154933955,0.25292876322237057,0.34778447829797077,07443,1000,2,0.0,denoised,160,80,1.0,0.5,2.9999999999999996,0.021401889573518757,with_n2v,UNetPP
80,0.09569484054238231,0.06877256513023156,0.11784382979614978,0.1328331348101121,0.17281506841505997,0.2291440729788218,07443,1000,2,0.0,raw,160,80,1.0,0.5,2.9999999999999996,0.021401889573518757,with_n2v,UNetPP
80,0.09307448191013634,0.15762788171614162,0.18305575182757364,0.24530690343554024,0.23451674593329616,0.3484119169439463,07443,1000,2,0.125,denoised,160,80,1.0,0.5,2.9999999999999996,0.021401889573518757,with_n2v,UNetPP
80,0.09296625358720689,0.10401833881925171,0.13950820447829407,0.12906222723433303,0.15817626851547462,0.23569272914329678,07443,1000,2,0.125,raw,160,80,1.0,0.5,2.9999999999999996,0.021401889573518757,with_n2v,UNetPP
80,0.0822046354763124,0.15347285208538608,0.17410203451142148,0.2244570069625426,0.26289237055481063,0.3443742274888797,07443,1000,2,0.25,denoised,160,80,1.0,0.5,2.9999999999999996,0.021401889573518757,with_n2v,UNetPP
80,0.10018718990163578,0.04755873926096399,0.11090223938441815,0.1502346110898576,0.1508004256331166,0.2337200504758124,07443,1000,2,0.25,raw,160,80,1.0,0.5,2.9999999999999996,0.021401889573518757,with_n2v,UNetPP
80,0.02927710649429116,0.14396596059071953,0.14691271821556728,0.17008436750621722,0.2824102471006296,0.32806535443272816,07443,1000,2,0.375,denoised,160,80,1.0,0.5,2.9999999999999996,0.021401889573518757,with_n2v,UNetPP
80,0.1092716437346617,0.097947427733871,0.1467446446183189,0.10743704859354267,0.1744165070112825,0.2487155140392941,07443,1000,2,0.375,raw,160,80,1.0,0.5,2.9999999999999996,0.021401889573518757,with_n2v,UNetPP
80,-0.06721009029076441,0.14038275512243104,0.1556422634526276,0.14961602814840613,0.23513079193411782,0.3182958670666237,07443,1000,2,0.5,denoised,160,80,1.0,0.5,2.9999999999999996,0.021401889573518757,with_n2v,UNetPP
80,0.113585681675751,0.07872676067134066,0.13820133837104323,0.134160604724285,0.15656883514480396,0.24057800003696972,07443,1000,2,0.5,raw,160,80,1.0,0.5,2.9999999999999996,0.021401889573518757,with_n2v,UNetPP
80,-0.1736182512564719,0.14952540264866343,0.2291312794155358,0.16874130282720998,0.27467798636710006,0.3520878470643187,07443,1000,2,0.625,denoised,160,80,1.0,0.5,2.9999999999999996,0.021401889573518757,with_n2v,UNetPP
80,0.09676860333478032,0.05885151588388737,0.11325927561659356,0.1278601367003825,0.14101819949769426,0.2404890769198545,07443,1000,2,0.625,raw,160,80,1.0,0.5,2.9999999999999996,0.021401889573518757,with_n2v,UNetPP
80,-0.22673219998328165,0.17161006688583313,0.284354542017213,0.12306977701436046,0.2303701585785619,0.3628572461323182,07443,1000,2,0.75,denoised,160,80,1.0,0.5,2.9999999999999996,0.021401889573518757,with_n2v,UNetPP
80,0.10105005046886006,0.05943910873006786,0.1172353203876033,0.14346019038151786,0.12184350855217503,0.23111366669565883,07443,1000,2,0.75,raw,160,80,1.0,0.5,2.9999999999999996,0.021401889573518757,with_n2v,UNetPP
80,-0.2654776837533319,0.17081783524379546,0.31568518085017955,0.12174888504294935,0.22193572663053718,0.3773945072018869,07443,1000,2,0.875,denoised,160,80,1.0,0.5,2.9999999999999996,0.021401889573518757,with_n2v,UNetPP
80,0.09773109508327593,0.058785675026300055,0.11404877261274704,0.1082333910413459,0.13331778631292476,0.23998516460495012,07443,1000,2,0.875,raw,160,80,1.0,0.5,2.9999999999999996,0.021401889573518757,with_n2v,UNetPP
131,-0.09559625928409332,-0.04309201304275234,0.10485974621935883,0.16818721817841412,0.1775818323084493,0.36457548414062696,07364,50,0,0.0,denoised,131,133,0.9849624060150376,0.0,2.9999999999999996,0.08057374454848279,with_n2v,HRNet
131,0.02907942237499128,-0.030212527558063584,0.04193339512977568,0.2829421991159852,0.26997404427658295,0.4078389349327697,07364,50,0,0.0,raw,131,133,0.9849624060150376,0.0,2.9999999999999996,0.08057374454848279,with_n2v,HRNet
131,-0.10881365461713699,-0.03573260796417799,0.11453047936274088,0.18627994616721463,0.19541884133009957,0.3781104587604958,07364,50,0,0.125,denoised,131,133,0.9849624060150376,0.0,2.9999999999999996,0.08057374454848279,with_n2v,HRNet
131,-0.01352999381350628,0.0007149632019149976,0.013548870985200603,0.2581854226011635,0.2762823727422541,0.4133938017064105,07364,50,0,0.125,raw,131,133,0.9849624060150376,0.0,2.9999999999999996,0.08057374454848279,with_n2v,HRNet
131,-0.14275563657540147,-0.033975763878231646,0.14674305538988022,0.20905651877629072,0.18441446164015998,0.4126049343774686,07364,50,0,0.25,denoised,131,133,0.9849624060150376,0.0,2.9999999999999996,0.08057374454848279,with_n2v,HRNet
131,-0.004615316224573007,-0.07984167989546975,0.07997496478513426,0.26332715036032234,0.23758860348709174,0.40979600688611784,07364,50,0,0.25,raw,132,133,0.9849624060150376,0.007575757575757569,2.9999999999999996,0.08057374454848279,with_n2v,HRNet
131,-0.11261050250179494,-0.08981931819272404,0.1440438655212799,0.20949997324788847,0.2120716986000081,0.42701088139061766,07364,50,0,0.375,denoised,131,133,0.9849624060150376,0.0,2.9999999999999996,0.08057374454848279,with_n2v,HRNet
131,0.06753720239254335,-0.060407256162037015,0.09061076262805276,0.2448921272545714,0.3055987165560442,0.4275716884496878,07364,50,0,0.375,raw,131,133,0.9849624060150376,0.0,2.9999999999999996,0.08057374454848279,with_n2v,HRNet
131,-0.10440767691410002,-0.09150772244690586,0.1388330877925686,0.18402887454375255,0.1818588194495632,0.3976651471554023,07364,50,0,0.5,denoised,131,133,0.9849624060150376,0.0,2.9999999999999996,0.08057374454848279,with_n2v,HRNet
131,-0.013038478873227177,0.0010310962492212639,0.013079185402873896,0.26117065863087413,0.34302477451035396,0.4472350674217318,07364,50,0,0.5,raw,131,133,0.9849624060150376,0.0,2.9999999999999996,0.08057374454848279,with_n2v,HRNet
131,-0.12273093018723102,-0.04581778736775277,0.13100439253666107,0.23358419808932376,0.15427103609164133,0.381181297303916,07364,50,0,0.625,denoised,131,133,0.9849624060150376,0.0,2.9999999999999996,0.08057374454848279,with_n2v,HRNet
131,-0.003911956929215421,-0.04200152912412136,0.04218331252735436,0.22801291980362226,0.3075171202335408,0.4085955638235827,07364,50,0,0.625,raw,131,133,0.9849624060150376,0.0,2.9999999999999996,0.08057374454848279,with_n2v,HRNet
132,-0.09517275306320983,-0.03544225954703961,0.10155789820309613,0.16591154731171967,0.1581340443514571,0.38705738697931713,07364,50,0,0.75,denoised,132,133,0.9924812030075187,0.0,2.9999999999999996,0.08057374454848279,with_n2v,HRNet
132,0.0006674577220877609,0.011693644757542643,0.011712678068075598,0.2731811445122635,0.2756100441813899,0.4345770082354499,07364,50,0,0.75,raw,132,133,0.9924812030075187,0.0,2.9999999999999996,0.08057374454848279,with_n2v,HRNet
132,-0.1288243428270448,-0.0596843693782958,0.14197864365074356,0.22262993646360138,0.18970305875174884,0.44100937580763006,07364,50,0,0.875,denoised,132,133,0.9924812030075187,0.0,2.9999999999999996,0.08057374454848279,with_n2v,HRNet
132,0.045988142746588245,0.004573676746232991,0.04621501695617572,0.27173572730983603,0.2708072864997848,0.43471390369017004,07364,50,0,0.875,raw,132,133,0.9924812030075187,0.0,2.9999999999999996,0.08057374454848279,with_n2v,HRNet
131,-0.07789149729350697,-0.01944470561313949,0.08028189040503507,0.16104088607230807,0.16877164024457939,0.41256765880583424,07364,50,1,0.0,denoised,131,133,0.9849624060150376,0.0,2.9999999999999996,0.08057374454848279,with_n2v,HRNet
131,-0.01673126053327678,-0.012495411817127433,0.020882298616579382,0.300364113030405,0.2770553761170245,0.4566070449434389,07364,50,1,0.0,raw,132,133,0.9849624060150376,0.007575757575757569,2.9999999999999996,0.08057374454848279,with_n2v,HRNet
131,-0.10496985119530677,-0.05222788069505668,0.11724513287067366,0.2064516497802369,0.1776461965944888,0.4001876278941505,07364,50,1,0.125,denoised,131,133,0.9849624060150376,0.0,2.9999999999999996,0.08057374454848279,with_n2v,HRNet
131,0.044947621523149905,0.030561705104611647,0.05435353253919725,0.21344330233754483,0.2839285949963788,0.42075413954496793,07364,50,1,0.125,raw,131,133,0.9849624060150376,0.0,2.9999999999999996,0.08057374454848279,with_n2v,HRNet
132,-0.10908488846085618,-0.0352252902852257,0.11463129575380299,0.1872586233921862,0.16422967467900954,0.38138526911044174,07364,50,1,0.25,denoised,132,133,0.9924812030075187,0.0,2.9999999999999996,0.08057374454848279,with_n2v,HRNet
132,0.04867590357643081,0.01471048437579725,0.05085019114568366,0.25732422734252935,0.3540081988609504,0.45382739828290125,07364,50,1,0.25,raw,132,133,0.9924812030075187,0.0,2.9999999999999996,0.08057374454848279,with_n2v,HRNet
131,-0.07754813437180985,-0.03730085056380972,0.08605269663021572,0.18418927601234303,0.18512943613324942,0.36708755118614045,07364,50,1,0.375,denoised,131,133,0.9849624060150376,0.0,2.9999999999999996,0.08057374454848279,with_n2v,HRNet
132,-0.014503143180197853,0.013559599918323784,0.019854569047207393,0.3007107074700683,0.3155188639123483,0.47734537396512206,07364,50,1,0.375,raw,132,133,0.9924812030075187,0.0,2.9999999999999996,0.08057374454848279,with_n2v,HRNet
131,-0.14109625598526065,-0.06339748436415249,0.15468482303303438,0.17874816036283694,0.18078263372642087,0.39370787059982826,07364,50,1,0.5,denoised,131,133,0.9849624060150376,0.0,2.9999999999999996,0.08057374454848279,with_n2v,HRNet
132,-0.010512193442018258,-0.010095830619796686,0.014575047405275772,0.26116993185704673,0.31561245833917656,0.4890443511486472,07364,50,1,0.5,raw,133,133,0.9924812030075187,0.007518796992481258,2.9999999999999996,0.08057374454848279,with_n2v,HRNet
131,-0.12289981041030273,-0.02338848288248485,0.12510549360612683,0.21631665264380961,0.16880627221625275,0.35926871345001055,07364,50,1,0.625,denoised,131,133,0.9849624060150376,0.0,2.9999999999999996,0.08057374454848279,with_n2v,HRNet
131,0.008148045576128027,0.004294442953600708,0.009210477023064021,0.21578718423106763,0.24928871079568884,0.40351543311733173,07364,50,1,0.625,raw,131,133,0.9849624060150376,0.0,2.9999999999999996,0.08057374454848279,with_n2v,HRNet
132,-0.1555795506175386,-0.04684808328085133,0.1624799663879976,0.20079017358839252,0.15117602269084893,0.433461966885094,07364,50,1,0.75,denoised,132,133,0.9924812030075187,0.0,2.9999999999999996,0.08057374454848279,with_n2v,HRNet
132,-0.010624204740982357,-0.010358743883728039,0.014838372593616358,0.31516188343747575,0.2875243385306707,0.43177037050155664,07364,50,1,0.75,raw,132,133,0.9924812030075187,0.0,2.9999999999999996,0.08057374454848279,with_n2v,HRNet
130,-0.13426739152181,-0.05139571503295315,0.1437680491271254,0.19201040576823164,0.1581919681864962,0.31400255062878224,07364,50,1,0.875,denoised,130,133,0.9774436090225563,0.0,2.9999999999999996,0.08057374454848279,with_n2v,HRNet
131,0.025880532438065984,-0.023638397092952346,0.035051045296850755,0.29760269899388164,0.31175247684719737,0.41313128715710495,07364,50,1,0.875,raw,131,133,0.9849624060150376,0.0,2.9999999999999996,0.08057374454848279,with_n2v,HRNet
132,-0.1181916425139633,-0.043434906493779124,0.12592003598423815,0.20391389430075724,0.19162135406422603,0.4532264017597355,07364,50,2,0.0,denoised,132,133,0.9924812030075187,0.0,2.9999999999999996,0.08057374454848279,with_n2v,HRNet
133,0.010085060057434703,-0.002077383491865703,0.01029679360453248,0.31534792228943986,0.25803498105360995,0.43474889014852014,07364,50,2,0.0,raw,133,133,1.0,0.0,2.9999999999999996,0.08057374454848279,with_n2v,HRNet
131,-0.10307824686708322,-0.03754145682836452,0.1097018047161819,0.18170123022124357,0.20718585158847158,0.3577744895101551,07364,50,2,0.125,denoised,131,133,0.9849624060150376,0.0,2.9999999999999996,0.08057374454848279,with_n2v,HRNet
132,0.038927397940284436,-0.02986409224445019,0.04906328888268999,0.28501210742770866,0.2683590720839359,0.44034639698819955,07364,50,2,0.125,raw,132,133,0.9924812030075187,0.0,2.9999999999999996,0.08057374454848279,with_n2v,HRNet
132,-0.1179413372986815,-0.03124216479349684,0.1220091468078741,0.21181720716870717,0.14820432958693505,0.3897866388535221,07364,50,2,0.25,denoised,132,133,0.9924812030075187,0.0,2.9999999999999996,0.08057374454848279,with_n2v,HRNet
132,-0.001235083692492367,-0.016943612040158484,0.01698856735263054,0.3136710739395993,0.25675283466142423,0.45003374526240897,07364,50,2,0.25,raw,132,133,0.9924812030075187,0.0,2.9999999999999996,0.08057374454848279,with_n2v,HRNet
131,-0.13410377437541499,-0.0656760260745557,0.14932234495439028,0.19939981285127023,0.25258132095727276,0.4393759368689273,07364,50,2,0.375,denoised,131,133,0.9849624060150376,0.0,2.9999999999999996,0.08057374454848279,with_n2v,HRNet
131,0.02722590979314532,0.001051769945135561,0.027246217794071468,0.3209834782562647,0.29546360926772164,0.4316600045661909,07364,50,2,0.375,raw,131,133,0.9849624060150376,0.0,2.9999999999999996,0.08057374454848279,with_n2v,HRNet
132,-0.10498850511719127,-0.06014574160414199,0.12099626622278356,0.22532877576292254,0.16179581296266637,0.3884090367679964,07364,50,2,0.5,denoised,132,133,0.9924812030075187,0.0,2.9999999999999996,0.08057374454848279,with_n2v,HRNet
132,0.06257071714608031,-0.005265303608354088,0.06279186305774766,0.26604512552950643,0.2901440031306535,0.4212063183222252,07364,50,2,0.5,raw,132,133,0.9924812030075187,0.0,2.9999999999999996,0.08057374454848279,with_n2v,HRNet
132,-0.11132531253889066,-0.03281935339330033,0.11606220387807575,0.18630770167867297,0.19893470925262569,0.39170323842310356,07364,50,2,0.625,denoised,132,133,0.9924812030075187,0.0,2.9999999999999996,0.08057374454848279,with_n2v,HRNet
132,0.01254354177277861,-0.007832827445803048,0.01478829354594936,0.30090920037298,0.2849032843081679,0.4535789869258951,07364,50,2,0.625,raw,133,133,0.9924812030075187,0.007518796992481258,2.9999999999999996,0.08057374454848279,with_n2v,HRNet
131,-0.12605433169149194,-0.04559186936876358,0.1340459364946475,0.18483598643404503,0.18520338800471092,0.35280748766107206,07364,50,2,0.75,denoised,131,133,0.9849624060150376,0.0,2.9999999999999996,0.08057374454848279,with_n2v,HRNet
132,-0.020412710960656,-0.006513804213604146,0.021426815304576942,0.3017571654404518,0.2682518511842814,0.4577124530933004,07364,50,2,0.75,raw,132,133,0.9924812030075187,0.0,2.9999999999999996,0.08057374454848279,with_n2v,HRNet
131,-0.11357854229109421,-0.057484296479586305,0.12729701336136232,0.19678719366310293,0.16742240009312864,0.3790227053027828,07364,50,2,0.875,denoised,131,133,0.9849624060150376,0.0,2.9999999999999996,0.08057374454848279,with_n2v,HRNet
131,0.029545695522116944,-0.024414644235960736,0.03832783553834174,0.2700479052697109,0.24913626209689416,0.3950470458409203,07364,50,2,0.875,raw,131,133,0.9849624060150376,0.0,2.9999999999999996,0.08057374454848279,with_n2v,HRNet
131,-0.05681171775015059,-0.03597814843809033,0.06724580610533297,0.13074551073626187,0.13654705084016702,0.32756168073910474,07364,200,0,0.0,denoised,131,133,0.9849624060150376,0.0,2.999999999999986,0.04165850907281803,with_n2v,HRNet
132,-0.0013073203277285117,-0.01149137818152468,0.011565502970044739,0.16111969874556975,0.1802881313365186,0.3410666075881169,07364,200,0,0.0,raw,133,133,0.9924812030075187,0.007518796992481258,2.999999999999986,0.04165850907281803,with_n2v,HRNet
132,-0.06501168420280123,-0.04185427962802635,0.07731946589356252,0.14468583362168994,0.1524815760357506,0.37329821178423817,07364,200,0,0.125,denoised,132,133,0.9924812030075187,0.0,2.999999999999986,0.04165850907281803,with_n2v,HRNet
132,0.022618654606738176,0.013816899144657668,0.026504909699762418,0.17753345257144348,0.17833518778287605,0.36946693723847757,07364,200,0,0.125,raw,132,133,0.9924812030075187,0.0,2.999999999999986,0.04165850907281803,with_n2v,HRNet
131,-0.06994686147200468,-0.04509699352972518,0.08322440901084181,0.13316274842999817,0.13408882125540628,0.33207449131662076,07364,200,0,0.25,denoised,131,133,0.9849624060150376,0.0,2.999999999999986,0.04165850907281803,with_n2v,HRNet
132,-0.0029452221237846743,-0.0011121034783982964,0.0031481911481192333,0.21736768968255119,0.18785172657144494,0.3722015598712848,07364,200,0,0.25,raw,132,133,0.9924812030075187,0.0,2.999999999999986,0.04165850907281803,with_n2v,HRNet
132,-0.05002962737837535,-0.045496955122835914,0.06762349104466901,0.1564799643460321,0.12880049167955865,0.36142503949645244,07364,200,0,0.375,denoised,132,133,0.9924812030075187,0.0,2.999999999999986,0.04165850907281803,with_n2v,HRNet
132,-0.009461033088506099,-0.004322035125639445,0.010401496754268994,0.1828656288129025,0.2146485467975318,0.35519162644124336,07364,200,0,0.375,raw,132,133,0.9924812030075187,0.0,2.999999999999986,0.04165850907281803,with_n2v,HRNet
132,-0.07363408097204172,-0.05551950723611654,0.09221926894276701,0.13739404551519252,0.11643724240054744,0.3623344749853696,07364,200,0,0.5,denoised,132,133,0.9924812030075187,0.0,2.999999999999986,0.04165850907281803,with_n2v,HRNet
131,0.03412225992492779,5.225718979140481e-05,0.03412229994004241,0.1625766698339454,0.17855195574731378,0.2966956160337359,07364,200,0,0.5,raw,131,133,0.9849624060150376,0.0,2.999999999999986,0.04165850907281803,with_n2v,HRNet
131,-0.06094673796162908,-0.033887948064368345,0.06973448137167729,0.1387900092465926,0.14045160903091658,0.30310301513079047,07364,200,0,0.625,denoised,131,133,0.9849624060150376,0.0,2.999999999999986,0.04165850907281803,with_n2v,HRNet
131,0.0292107225899656,0.00701792142820068,0.030041929621785694,0.17222576969567363,0.18734884689794915,0.3073598123603089,07364,200,0,0.625,raw,131,133,0.9849624060150376,0.0,2.999999999999986,0.04165850907281803,with_n2v,HRNet
131,-0.0394211568959868,-0.04695920055692682,0.061312267352983146,0.14637451067195825,0.13606438768394286,0.3021861957625072,07364,200,0,0.75,denoised,131,133,0.9849624060150376,0.0,2.999999999999986,0.04165850907281803,with_n2v,HRNet
131,0.03354042830713411,-0.006246584152076906,0.03411715323110914,0.1703700638214211,0.191526132264332,0.28993617897247875,07364,200,0,0.75,raw,131,133,0.9849624060150376,0.0,2.999999999999986,0.04165850907281803,with_n2v,HRNet
132,-0.06716745008034763,-0.028367436244195687,0.0729121237474571,0.13486249623482727,0.14231241980819628,0.3830605857157021,07364,200,0,0.875,denoised,132,133,0.9924812030075187,0.0,2.999999999999986,0.04165850907281803,with_n2v,HRNet
132,0.008888265069199264,-0.020989417799381016,0.022793791161132462,0.19127777233324172,0.20523055828285036,0.3597333958587118,07364,200,0,0.875,raw,132,133,0.9924812030075187,0.0,2.999999999999986,0.04165850907281803,with_n2v,HRNet
132,-0.05743496220478761,-0.03646916404306921,0.06803509983431842,0.14403752684190016,0.13745156230918773,0.38523937436814626,07364,200,1,0.0,denoised,132,133,0.9924812030075187,0.0,2.999999999999986,0.04165850907281803,with_n2v,HRNet
132,-0.008752365557167963,-0.009323681333668787,0.012788077903191856,0.17882736328977553,0.1739785018238548,0.36426588410049804,07364,200,1,0.0,raw,132,133,0.9924812030075187,0.0,2.999999999999986,0.04165850907281803,with_n2v,HRNet
131,-0.08016681773884216,-0.05834823309345438,0.09915258429058127,0.1463681012640656,0.12863886490198975,0.3148423346859462,07364,200,1,0.125,denoised,131,133,0.9849624060150376,0.0,2.999999999999986,0.04165850907281803,with_n2v,HRNet
132,-0.003761734709639697,-0.009497976586484214,0.010215782263885148,0.16504381736089735,0.16058843385759844,0.3397808286877585,07364,200,1,0.125,raw,132,133,0.9924812030075187,0.0,2.999999999999986,0.04165850907281803,with_n2v,HRNet
131,-0.04462812153170148,-0.0391266112181512,0.0593511662637279,0.15057702653629318,0.15735303489983296,0.3112047522889165,07364,200,1,0.25,denoised,131,133,0.9849624060150376,0.0,2.999999999999986,0.04165850907281803,with_n2v,HRNet
132,0.028327555814684047,0.021537252851214106,0.035585160935580576,0.1725290065219744,0.20375573524436005,0.34806452700142876,07364,200,1,0.25,raw,132,133,0.9924812030075187,0.0,2.999999999999986,0.04165850907281803,with_n2v,HRNet
131,-0.09164747085928582,-0.0550176033963794,0.1068933842591998,0.12628610216794417,0.13769501327788847,0.3174125277909632,07364,200,1,0.375,denoised,131,133,0.9849624060150376,0.0,2.999999999999986,0.04165850907281803,with_n2v,HRNet
131,0.005495291671465452,-0.014636871775934424,0.015634457008147844,0.16504655268512483,0.17184770024226237,0.3079177688097428,07364,200,1,0.375,raw,132,133,0.9849624060150376,0.007575757575757569,2.999999999999986,0.04165850907281803,with_n2v,HRNet
131,-0.06592461345488232,-0.038821137458995736,0.07650578653138528,0.11372296468123311,0.1340159376895022,0.3202499970785283,07364,200,1,0.5,denoised,131,133,0.9849624060150376,0.0,2.999999999999986,0.04165850907281803,with_n2v,HRNet
132,0.0065688795847442805,-0.014685988987693577,0.01608814630544884,0.16973276308396637,0.17436638744164482,0.3682287530884782,07364,200,1,0.5,raw,132,133,0.9924812030075187,0.0,2.999999999999986,0.04165850907281803,with_n2v,HRNet
132,-0.0660605694217864,-0.04252729472688088,0.07856570262600374,0.1421861948469114,0.12833790606409623,0.3349141205166862,07364,200,1,0.625,denoised,132,133,0.9924812030075187,0.0,2.999999999999986,0.04165850907281803,with_n2v,HRNet
132,0.004220926820906357,-0.023014479230475615,0.02339834347720881,0.16778291608543466,0.19322900337326854,0.3279879131196873,07364,200,1,0.625,raw,132,133,0.9924812030075187,0.0,2.999999999999986,0.04165850907281803,with_n2v,HRNet
131,-0.0845000097995694,-0.0628194486378959,0.10529261504633915,0.11940286773251392,0.10961827819285061,0.3000323722135158,07364,200,1,0.75,denoised,131,133,0.9849624060150376,0.0,2.999999999999986,0.04165850907281803,with_n2v,HRNet
131,7.763037393715422e-05,-0.008545909473781421,0.008546262060633565,0.16496289112357596,0.19211346560771622,0.2974821279541431,07364,200,1,0.75,raw,131,133,0.9849624060150376,0.0,2.999999999999986,0.04165850907281803,with_n2v,HRNet
131,-0.06782152492739613,-0.0547035110680838,0.08713342278743204,0.13935361384469686,0.14720646824304637,0.31795655204524154,07364,200,1,0.875,denoised,131,133,0.9849624060150376,0.0,2.999999999999986,0.04165850907281803,with_n2v,HRNet
132,-0.017200004221553655,-0.01735366287484652,0.02443337390528148,0.18693574669181925,0.17384080561627327,0.35504487205201984,07364,200,1,0.875,raw,132,133,0.9924812030075187,0.0,2.999999999999986,0.04165850907281803,with_n2v,HRNet
132,-0.06829439901899903,-0.036604917494159395,0.07748577238513192,0.1481817906996485,0.1322571436489454,0.32148016925327855,07364,200,2,0.0,denoised,132,133,0.9924812030075187,0.0,2.999999999999986,0.04165850907281803,with_n2v,HRNet
132,0.03386017047179557,0.0038545782811638674,0.03407886321614435,0.1715555078069873,0.19752757647302624,0.31168542646078073,07364,200,2,0.0,raw,132,133,0.9924812030075187,0.0,2.999999999999986,0.04165850907281803,with_n2v,HRNet
132,-0.056113319618845026,-0.053610382672690804,0.07760655751261619,0.1340670309229244,0.1368564909696463,0.3372363975100935,07364,200,2,0.125,denoised,132,133,0.9924812030075187,0.0,2.999999999999986,0.04165850907281803,with_n2v,HRNet
132,-0.013095752826913554,-0.00019611741111447145,0.013097221237444093,0.15573517594126834,0.22595777946495477,0.32079569327516927,07364,200,2,0.125,raw,132,133,0.9924812030075187,0.0,2.999999999999986,0.04165850907281803,with_n2v,HRNet
132,-0.08214588184244676,-0.0187490241460182,0.08425836344305054,0.123665325922443,0.14155761524592972,0.3723747170723376,07364,200,2,0.25,denoised,132,133,0.9924812030075187,0.0,2.999999999999986,0.04165850907281803,with_n2v,HRNet
131,-0.014367465649890221,0.005265511534588541,0.01530195023262265,0.17682866754614227,0.1882525184940765,0.2849668570183668,07364,200,2,0.25,raw,131,133,0.9849624060150376,0.0,2.999999999999986,0.04165850907281803,with_n2v,HRNet
131,-0.06542470854083149,-0.031448326075491195,0.07259056206286853,0.15242348644882786,0.13745714021107666,0.3074944084612265,07364,200,2,0.375,denoised,131,133,0.9849624060150376,0.0,2.999999999999986,0.04165850907281803,with_n2v,HRNet
131,-0.0012524689239512554,0.023848973888021874,0.0238818389978036,0.221835714855848,0.2104578946409278,0.30322327639013574,07364,200,2,0.375,raw,131,133,0.9849624060150376,0.0,2.999999999999986,0.04165850907281803,with_n2v,HRNet
132,-0.07083687311300046,-0.06739272681911501,0.09777342287423096,0.1518331218418826,0.14783562449910323,0.36011960642955276,07364,200,2,0.5,denoised,132,133,0.9924812030075187,0.0,2.999999999999986,0.04165850907281803,with_n2v,HRNet
132,-0.011103257437127922,-0.008247296590152331,0.013831132519106119,0.19723291931113773,0.18359418542167025,0.3474346766211734,07364,200,2,0.5,raw,132,133,0.9924812030075187,0.0,2.999999999999986,0.04165850907281803,with_n2v,HRNet
131,-0.07968410641956325,-0.03015526977910099,0.08519916144736779,0.13410639217796452,0.14644850694158768,0.3031564126696594,07364,200,2,0.625,denoised,131,133,0.9849624060150376,0.0,2.999999999999986,0.04165850907281803,with_n2v,HRNet
132,-0.022952156937044776,0.01153342962381032,0.025686991006151697,0.17542742904930644,0.1779544268558637,0.3495672569148262,07364,200,2,0.625,raw,132,133,0.9924812030075187,0.0,2.999999999999986,0.04165850907281803,with_n2v,HRNet
132,-0.07172851066622155,-0.03611388136579308,0.08030685941871239,0.12231383151627012,0.12489704510616342,0.3273534590938388,07364,200,2,0.75,denoised,132,133,0.9924812030075187,0.0,2.999999999999986,0.04165850907281803,with_n2v,HRNet
132,0.040351837095137455,-0.0026056954422841727,0.04043588017702164,0.17155478803704508,0.18153534016023845,0.3173211474557064,07364,200,2,0.75,raw,132,133,0.9924812030075187,0.0,2.999999999999986,0.04165850907281803,with_n2v,HRNet
132,-0.06430876538006203,-0.03193232504439791,0.07180035297579634,0.12510478278749665,0.12031585156732248,0.36043206070009437,07364,200,2,0.875,denoised,132,133,0.9924812030075187,0.0,2.999999999999986,0.04165850907281803,with_n2v,HRNet
132,0.021773360137729014,0.03315053641421173,0.03966153396223127,0.20820360466655854,0.205041219205379,0.36536699249171645,07364,200,2,0.875,raw,132,133,0.9924812030075187,0.0,2.999999999999986,0.04165850907281803,with_n2v,HRNet
132,-0.038099847117646135,-0.02019809243043369,0.04312263081279192,0.10867114430126285,0.12604436834514113,0.3520477544224371,07364,1000,0,0.0,denoised,132,133,0.9924812030075187,0.0,2.9999999999999996,0.0195394456310795,with_n2v,HRNet
131,0.0032073819929863134,-0.012833469960696675,0.013228199064159746,0.11898395450633817,0.13860269096083655,0.23457493634125845,07364,1000,0,0.0,raw,131,133,0.9849624060150376,0.0,2.9999999999999996,0.0195394456310795,with_n2v,HRNet
131,-0.05487514240380165,-0.02521988496313554,0.06039307784333648,0.11362688743257196,0.14062290637024444,0.297631015293575,07364,1000,0,0.125,denoised,131,133,0.9849624060150376,0.0,2.9999999999999996,0.0195394456310795,with_n2v,HRNet
131,8.226097797603416e-05,-0.009016794718789356,0.009017169947898576,0.13097162385389627,0.13972789497487706,0.22350583244360464,07364,1000,0,0.125,raw,131,133,0.9849624060150376,0.0,2.9999999999999996,0.0195394456310795,with_n2v,HRNet
131,-0.053294753915196225,-0.021853605408665544,0.05760130957052087,0.0999834350221189,0.12449944748436587,0.2924114180009953,07364,1000,0,0.25,denoised,131,133,0.9849624060150376,0.0,2.9999999999999996,0.0195394456310795,with_n2v,HRNet
131,0.014685222404594356,0.002078031228961663,0.014831519506137595,0.1310123883398767,0.13411914850926146,0.2469272873991569,07364,1000,0,0.25,raw,131,133,0.9849624060150376,0.0,2.9999999999999996,0.0195394456310795,with_n2v,HRNet
131,-0.05517473606480294,-0.02417064251743639,0.060236794897523975,0.10777715507111987,0.12428359762498292,0.2883236977272262,07364,1000,0,0.375,denoised,131,133,0.9849624060150376,0.0,2.9999999999999996,0.0195394456310795,with_n2v,HRNet
131,-0.0018789478614280597,-0.02246917336850629,0.022547598473672475,0.12196110629907124,0.13485456560277564,0.22383944010302412,07364,1000,0,0.375,raw,131,133,0.9849624060150376,0.0,2.9999999999999996,0.0195394456310795,with_n2v,HRNet
131,-0.03666958422913069,-0.024614093476145626,0.04416460126832059,0.10429235592619474,0.11246800935795503,0.29328726130291427,07364,1000,0,0.5,denoised,131,133,0.9849624060150376,0.0,2.9999999999999996,0.0195394456310795,with_n2v,HRNet
131,-0.0058440391033087735,-0.010517102668364586,0.012031718147377104,0.14432639095651154,0.13747564837136578,0.23959131315559276,07364,1000,0,0.5,raw,131,133,0.9849624060150376,0.0,2.9999999999999996,0.0195394456310795,with_n2v,HRNet
131,-0.0412977064566995,-0.03334310502688709,0.053077897579102945,0.11900459519713513,0.11055586103422331,0.27398873247358374,07364,1000,0,0.625,denoised,131,133,0.9849624060150376,0.0,2.9999999999999996,0.0195394456310795,with_n2v,HRNet
131,-0.001109047805954333,-0.009793817675372907,0.009856411704790891,0.1304262933727204,0.16852166860983298,0.23436891935295984,07364,1000,0,0.625,raw,131,133,0.9849624060150376,0.0,2.9999999999999996,0.0195394456310795,with_n2v,HRNet
131,-0.04417447884807757,-0.0344290744996556,0.056006658107782936,0.11122031429477858,0.1259215614069682,0.28491970927981,07364,1000,0,0.75,denoised,131,133,0.9849624060150376,0.0,2.9999999999999996,0.0195394456310795,with_n2v,HRNet
131,-0.006686157160828543,0.0028353397872820096,0.0072624960783909,0.10961060947534858,0.12991810593116013,0.2337262847156305,07364,1000,0,0.75,raw,131,133,0.9849624060150376,0.0,2.9999999999999996,0.0195394456310795,with_n2v,HRNet
132,-0.04567076276903492,-0.01629407263742877,0.04849036373362517,0.10023115386432475,0.1228470026859398,0.34386971257726295,07364,1000,0,0.875,denoised,132,133,0.9924812030075187,0.0,2.9999999999999996,0.0195394456310795,with_n2v,HRNet
132,0.018808108898312526,-0.01154962340260468,0.0220712201990007,0.12438985756692818,0.14359835269775917,0.3035509440786096,07364,1000,0,0.875,raw,132,133,0.9924812030075187,0.0,2.9999999999999996,0.0195394456310795,with_n2v,HRNet
132,-0.040250508685744535,-0.027503900970014428,0.04875005659514209,0.11551252287273171,0.13678859849893918,0.35166085325521285,07364,1000,1,0.0,denoised,132,133,0.9924812030075187,0.0,2.9999999999999996,0.0195394456310795,with_n2v,HRNet
131,-0.0075435550004350205,0.0010191261349632441,0.007612085136383678,0.13925657870272098,0.15582499526727392,0.22505641551242964,07364,1000,1,0.0,raw,131,133,0.9849624060150376,0.0,2.9999999999999996,0.0195394456310795,with_n2v,HRNet
132,-0.04874160945990624,-0.03253109527237186,0.05860048337993601,0.11391681123894333,0.12346477818716436,0.29756323198796064,07364,1000,1,0.125,denoised,132,133,0.9924812030075187,0.0,2.9999999999999996,0.0195394456310795,with_n2v,HRNet
132,-0.020788501714918084,-0.009889903608934603,0.023021120670922383,0.10798993923121726,0.15802912729117796,0.23414589112963782,07364,1000,1,0.125,raw,132,133,0.9924812030075187,0.0,2.9999999999999996,0.0195394456310795,with_n2v,HRNet
132,-0.040577524428819345,-0.026296082230601314,0.04835307052763017,0.12202352098306538,0.12797784080127653,0.31423289433722373,07364,1000,1,0.25,denoised,132,133,0.9924812030075187,0.0,2.9999999999999996,0.0195394456310795,with_n2v,HRNet
132,0.008371194712601948,0.008337585799253588,0.011814915906438348,0.14684718262851515,0.14720526861422434,0.256930247681834,07364,1000,1,0.25,raw,132,133,0.9924812030075187,0.0,2.9999999999999996,0.0195394456310795,with_n2v,HRNet
131,-0.042588589623932194,-0.02921884714109524,0.051648126727020745,0.10699652400539383,0.11427118577611428,0.29245202459507474,07364,1000,1,0.375,denoised,131,133,0.9849624060150376,0.0,2.9999999999999996,0.0195394456310795,with_n2v,HRNet
131,-0.00015572650410433653,-0.015606797391239269,0.015607574300808995,0.12336317106570795,0.11897633166817675,0.24365998855239376,07364,1000,1,0.375,raw,131,133,0.9849624060150376,0.0,2.9999999999999996,0.0195394456310795,with_n2v,HRNet
131,-0.0315202156433827,-0.031499467814313675,0.04456164793620553,0.1064616236991192,0.12304067867725721,0.29158101874758635,07364,1000,1,0.5,denoised,131,133,0.9849624060150376,0.0,2.9999999999999996,0.0195394456310795,with_n2v,HRNet
131,0.006871824744166588,-0.005117696557675799,0.008568126596344554,0.11486250526208587,0.1347898620571649,0.23916544440041715,07364,1000,1,0.5,raw,131,133,0.9849624060150376,0.0,2.9999999999999996,0.0195394456310795,with_n2v,HRNet
131,-0.04206085721830277,-0.012723475448511934,0.04394317395713854,0.11787730117826457,0.11636623492956691,0.29949835317731655,07364,1000,1,0.625,denoised,131,133,0.9849624060150376,0.0,2.9999999999999996,0.0195394456310795,with_n2v,HRNet
132,0.0016186663991781813,0.004790754827020294,0.005056818438944264,0.13584897218303318,0.12471093935989407,0.31089047799105723,07364,1000,1,0.625,raw,132,133,0.9924812030075187,0.0,2.9999999999999996,0.0195394456310795,with_n2v,HRNet
132,-0.045038962432087715,-0.02010121831905387,0.04932106157484118,0.10258613689650894,0.12380945140593343,0.3418543119941441,07364,1000,1,0.75,denoised,132,133,0.9924812030075187,0.0,2.9999999999999996,0.0195394456310795,with_n2v,HRNet
132,-0.003006034751145137,-0.0029653576463459785,0.004222510023177538,0.13446882027955392,0.14698152960084512,0.30726068253346556,07364,1000,1,0.75,raw,132,133,0.9924812030075187,0.0,2.9999999999999996,0.0195394456310795,with_n2v,HRNet
132,-0.05051118109842179,-0.02534971899124372,0.05651537550872846,0.11653371233933908,0.12738183935052683,0.33845189562691147,07364,1000,1,0.875,denoised,132,133,0.9924812030075187,0.0,2.9999999999999996,0.0195394456310795,with_n2v,HRNet
132,0.0023911348599732207,-0.004471927829376554,0.005071061469725214,0.1351832403072264,0.14336000110655253,0.30008318576645193,07364,1000,1,0.875,raw,132,133,0.9924812030075187,0.0,2.9999999999999996,0.0195394456310795,with_n2v,HRNet
132,-0.047117131882572494,-0.019372802205040784,0.05094437733563305,0.1040081333727415,0.13015955770790427,0.36375080531478604,07364,1000,2,0.0,denoised,132,133,0.9924812030075187,0.0,2.9999999999999996,0.0195394456310795,with_n2v,HRNet
131,0.014670127991109894,-0.004111265114033813,0.01523532592737738,0.1295698514681711,0.1449029291673319,0.23716746858380414,07364,1000,2,0.0,raw,131,133,0.9849624060150376,0.0,2.9999999999999996,0.0195394456310795,with_n2v,HRNet
131,-0.041829972787894576,-0.030566803577443125,0.0518080698769795,0.1066005355648807,0.11816503099927454,0.2932030801232018,07364,1000,2,0.125,denoised,131,133,0.9849624060150376,0.0,2.9999999999999996,0.0195394456310795,with_n2v,HRNet
131,0.002111749469193569,-0.007709944517330314,0.007993918330890746,0.1287379016702584,0.1531594462210235,0.23802686505322113,07364,1000,2,0.125,raw,131,133,0.9849624060150376,0.0,2.9999999999999996,0.0195394456310795,with_n2v,HRNet
132,-0.05347850614628413,-0.019584643289377368,0.05695181184484216,0.09923083393155274,0.13928409129983435,0.3456651385159872,07364,1000,2,0.25,denoised,132,133,0.9924812030075187,0.0,2.9999999999999996,0.0195394456310795,with_n2v,HRNet
132,0.006777487047443742,0.002633235316530147,0.00727105624448672,0.1023749647435405,0.16687515844582113,0.3075721953481724,07364,1000,2,0.25,raw,132,133,0.9924812030075187,0.0,2.9999999999999996,0.0195394456310795,with_n2v,HRNet
131,-0.0398358396473526,-0.026759135145880464,0.047989013681936456,0.11563522747025887,0.12612463934993112,0.290172613969636,07364,1000,2,0.375,denoised,131,133,0.9849624060150376,0.0,2.9999999999999996,0.0195394456310795,with_n2v,HRNet
131,-0.001296899750300895,-0.006785962768361742,0.006908779896329183,0.12678435134334676,0.1411025939847088,0.23267436334501407,07364,1000,2,0.375,raw,131,133,0.9849624060150376,0.0,2.9999999999999996,0.0195394456310795,with_n2v,HRNet
131,-0.032418664718207424,-0.026863519728820506,0.04210247634441798,0.1125185735930141,0.11638196254120241,0.28735576946571706,07364,1000,2,0.5,denoised,131,133,0.9849624060150376,0.0,2.9999999999999996,0.0195394456310795,with_n2v,HRNet
131,0.00024346327859348094,-0.006657080946688154,0.00666153143794893,0.12284100039998816,0.1558673396140625,0.2383736351367478,07364,1000,2,0.5,raw,131,133,0.9849624060150376,0.0,2.9999999999999996,0.0195394456310795,with_n2v,HRNet
132,-0.037475593771958415,-0.01824647743692509,0.04168157947363637,0.11903072705021067,0.11286832220249808,0.34380409430268144,07364,1000,2,0.625,denoised,132,133,0.9924812030075187,0.0,2.9999999999999996,0.0195394456310795,with_n2v,HRNet
131,0.01937288030185158,-0.0073372892847203275,0.020715798445571455,0.12405026196767012,0.15344836812477775,0.22602620086562356,07364,1000,2,0.625,raw,131,133,0.9849624060150376,0.0,2.9999999999999996,0.0195394456310795,with_n2v,HRNet
132,-0.04546474078295226,-0.03466701832591923,0.05717381231010105,0.11939920500165738,0.12836220512468788,0.325357411238967,07364,1000,2,0.75,denoised,132,133,0.9924812030075187,0.0,2.9999999999999996,0.0195394456310795,with_n2v,HRNet
132,0.0051045107782599075,-0.0015594559126412832,0.005337408830963151,0.14669072882846074,0.13211448156353184,0.2664725216972361,07364,1000,2,0.75,raw,132,133,0.9924812030075187,0.0,2.9999999999999996,0.0195394456310795,with_n2v,HRNet
132,-0.0454872312672876,-0.027446718332257092,0.05312636403494939,0.11523570112978217,0.12917175390830807,0.2912426296983324,07364,1000,2,0.875,denoised,132,133,0.9924812030075187,0.0,2.9999999999999996,0.0195394456310795,with_n2v,HRNet
132,-0.008713737908919938,0.002680305920684134,0.009116647858385386,0.11918387783946985,0.15170373204712786,0.2434612456692387,07364,1000,2,0.875,raw,132,133,0.9924812030075187,0.0,2.9999999999999996,0.0195394456310795,with_n2v,HRNet
90,0.1179366287647241,0.06288444761826639,0.13365441315812523,0.46879623917482,0.5643735664671576,0.894145040069921,07557,50,0,0.0,denoised,90,90,1.0,0.0,2.9999999999999996,0.07733358883745395,with_n2v,HRNet
90,0.11829400242112698,0.05579519822831003,0.13079210662018562,0.4301507263921015,0.5326810353396215,0.7204692642478401,07557,50,0,0.0,raw,90,90,1.0,0.0,2.9999999999999996,0.07733358883745395,with_n2v,HRNet
90,0.07744262971944238,0.046370833290097835,0.09026414059791799,0.42107183829098666,0.4252542654768105,0.8619341872488303,07557,50,0,0.125,denoised,91,90,1.0,0.01098901098901095,2.9999999999999996,0.07733358883745395,with_n2v,HRNet
90,0.039720610827316705,-0.034307463562957,0.052485512102091285,0.38821471918116524,0.544786194348882,0.7334832945678513,07557,50,0,0.125,raw,91,90,1.0,0.01098901098901095,2.9999999999999996,0.07733358883745395,with_n2v,HRNet
90,0.03634366911948206,0.06845414677669481,0.07750375794754517,0.4067876242905003,0.30418636302723673,0.8453360456019315,07557,50,0,0.25,denoised,90,90,1.0,0.0,2.9999999999999996,0.07733358883745395,with_n2v,HRNet
90,0.0060995243089649875,0.04191343495901023,0.04235493155299434,0.38130641417848515,0.5211020191479901,0.7204205986118702,07557,50,0,0.25,raw,90,90,1.0,0.0,2.9999999999999996,0.07733358883745395,with_n2v,HRNet
90,0.08187913769085498,0.08799049620155941,0.12019367957923008,0.3219677318978757,0.45677241123385914,0.8891572723039294,07557,50,0,0.375,denoised,90,90,1.0,0.0,2.9999999999999996,0.07733358883745395,with_n2v,HRNet
90,-0.03278018890537027,-0.06643772116477464,0.07408448945791625,0.4309370178674417,0.4661647059656005,0.754918527730376,07557,50,0,0.375,raw,90,90,1.0,0.0,2.9999999999999996,0.07733358883745395,with_n2v,HRNet
90,0.06861891829233002,0.12479199344278058,0.14241347399397453,0.374168251345353,0.4710693623304709,0.8604414235484665,07557,50,0,0.5,denoised,90,90,1.0,0.0,2.9999999999999996,0.07733358883745395,with_n2v,HRNet
90,-0.018026770877021647,0.03370365335508296,0.03822173096200944,0.43293327178691604,0.4964218997462359,0.772480637542251,07557,50,0,0.5,raw,90,90,1.0,0.0,2.9999999999999996,0.07733358883745395,with_n2v,HRNet
90,0.07978885016269999,0.04445644029001983,0.09133802983175128,0.3866693849494692,0.42561164747388197,0.9045968381241539,07557,50,0,0.625,denoised,90,90,1.0,0.0,2.9999999999999996,0.07733358883745395,with_n2v,HRNet
90,-0.06857559374712707,-0.03471469324455967,0.07686170688213273,0.4497444164843753,0.47335926329082395,0.749492397295589,07557,50,0,0.625,raw,90,90,1.0,0.0,2.9999999999999996,0.07733358883745395,with_n2v,HRNet
90,0.10884620918401566,0.0431742373691435,0.11709616571919698,0.3277928292807367,0.414230137014576,0.9227634905353411,07557,50,0,0.75,denoised,90,90,1.0,0.0,2.9999999999999996,0.07733358883745395,with_n2v,HRNet
90,-0.05275841122181646,0.09364569979487669,0.10748472935595296,0.45023439229656104,0.49455847604581404,0.7537202601457657,07557,50,0,0.75,raw,90,90,1.0,0.0,2.9999999999999996,0.07733358883745395,with_n2v,HRNet
90,0.07662366986956215,0.0618627343415028,0.09847936171851947,0.41879543857089263,0.375148457000302,0.9275607841687394,07557,50,0,0.875,denoised,90,90,1.0,0.0,2.9999999999999996,0.07733358883745395,with_n2v,HRNet
90,-0.05025573916788062,0.07257008499792761,0.08827262631142505,0.4349328691515453,0.5030875968807708,0.7332806374828654,07557,50,0,0.875,raw,90,90,1.0,0.0,2.9999999999999996,0.07733358883745395,with_n2v,HRNet
90,0.120490616385176,0.10013917256057425,0.1566711285399965,0.4942600023170634,0.40592110126753833,0.9639768594378395,07557,50,1,0.0,denoised,90,90,1.0,0.0,2.9999999999999996,0.07733358883745395,with_n2v,HRNet
90,-0.011001934448376716,0.013622537376676291,0.01751045648135196,0.34667899790889417,0.5375386803617453,0.7605452585965138,07557,50,1,0.0,raw,90,90,1.0,0.0,2.9999999999999996,0.07733358883745395,with_n2v,HRNet
90,0.09711741423437559,0.0441423723571166,0.10667868196076304,0.39394471674496967,0.4705089052912577,0.8607636799674365,07557,50,1,0.125,denoised,90,90,1.0,0.0,2.9999999999999996,0.07733358883745395,with_n2v,HRNet
90,0.07046564723358273,-0.04062044036874113,0.0813352790355955,0.4137043174932222,0.4821864665410238,0.7755627215950487,07557,50,1,0.125,raw,90,90,1.0,0.0,2.9999999999999996,0.07733358883745395,with_n2v,HRNet
90,0.10258150894243556,0.09364209049903138,0.13889494983596692,0.3985890449269599,0.40567113645822517,0.8409380366318531,07557,50,1,0.25,denoised,90,90,1.0,0.0,2.9999999999999996,0.07733358883745395,with_n2v,HRNet
90,-0.007115162433454003,-0.08419446315909163,0.08449457475543665,0.4416302539044013,0.6497008711814802,0.7996978522461655,07557,50,1,0.25,raw,90,90,1.0,0.0,2.9999999999999996,0.07733358883745395,with_n2v,HRNet
90,0.1441079721430043,0.07312078925829013,0.16159751686496976,0.45108699109572703,0.5114947080153613,0.9388518620477555,07557,50,1,0.375,denoised,90,90,1.0,0.0,2.9999999999999996,0.07733358883745395,with_n2v,HRNet
90,0.06963561844970911,-0.035430127817598134,0.07813074499865472,0.4664934576502972,0.6109339117567358,0.7497934124877962,07557,50,1,0.375,raw,90,90,1.0,0.0,2.9999999999999996,0.07733358883745395,with_n2v,HRNet
90,0.11162742683265492,0.07492151193976326,0.1344392627643421,0.4788547142325428,0.31756539699629355,0.8639187497062902,07557,50,1,0.5,denoised,90,90,1.0,0.0,2.9999999999999996,0.07733358883745395,with_n2v,HRNet
90,0.01126885071392536,0.05519531121526455,0.05633390965096107,0.3565034456233821,0.47629560228745127,0.701164613815222,07557,50,1,0.5,raw,90,90,1.0,0.0,2.9999999999999996,0.07733358883745395,with_n2v,HRNet
90,0.11082635073073277,0.06276723930418626,0.12736642550594085,0.487765040478371,0.5174468032141635,0.9429344548091577,07557,50,1,0.625,denoised,90,90,1.0,0.0,2.9999999999999996,0.07733358883745395,with_n2v,HRNet
90,-0.09580291180277811,0.0397479295294918,0.10372124089005264,0.39516788185420354,0.40844883569092355,0.7147797498860192,07557,50,1,0.625,raw,90,90,1.0,0.0,2.9999999999999996,0.07733358883745395,with_n2v,HRNet
90,0.11775140213870117,0.09371484703615351,0.15049207706932538,0.4250460455195445,0.40260953879729594,0.8402634348875949,07557,50,1,0.75,denoised,90,90,1.0,0.0,2.9999999999999996,0.07733358883745395,with_n2v,HRNet
90,-0.03207849822003439,0.06982371609610283,0.07683997252421372,0.3512349860249901,0.43332540439911144,0.7291388648312672,07557,50,1,0.75,raw,90,90,1.0,0.0,2.9999999999999996,0.07733358883745395,with_n2v,HRNet
90,0.14272945179261143,0.05451041030086401,0.1527844273484308,0.44015922817954284,0.36736493257418557,0.9106718861587367,07557,50,1,0.875,denoised,90,90,1.0,0.0,2.9999999999999996,0.07733358883745395,with_n2v,HRNet
90,0.0170488550473209,0.026019782060373586,0.031107756539067527,0.36317847577044504,0.44452948256385044,0.7699858024953073,07557,50,1,0.875,raw,90,90,1.0,0.0,2.9999999999999996,0.07733358883745395,with_n2v,HRNet
90,0.09730066712620555,0.09513550888850375,0.13608153759668956,0.41595279688133263,0.48844265047536545,0.8839380020734214,07557,50,2,0.0,denoised,90,90,1.0,0.0,2.9999999999999996,0.07733358883745395,with_n2v,HRNet
90,0.0016445382344052462,0.04504300913274051,0.04507302050824379,0.464009687639656,0.5322377630357764,0.7218539542580501,07557,50,2,0.0,raw,90,90,1.0,0.0,2.9999999999999996,0.07733358883745395,with_n2v,HRNet
90,0.043013803614833535,0.10430317505953646,0.11282437515411187,0.3793524405296683,0.4026399008303401,0.8897116175756652,07557,50,2,0.125,denoised,90,90,1.0,0.0,2.9999999999999996,0.07733358883745395,with_n2v,HRNet
90,-0.02880674231402125,0.0039081864462318094,0.029070643681296984,0.3423628695157579,0.5362270635897404,0.717059604696067,07557,50,2,0.125,raw,90,90,1.0,0.0,2.9999999999999996,0.07733358883745395,with_n2v,HRNet
90,0.12657360191538203,0.06947994925551626,0.1443895427320923,0.3975101979545087,0.47404283989441015,0.8055585853222552,07557,50,2,0.25,denoised,90,90,1.0,0.0,2.9999999999999996,0.07733358883745395,with_n2v,HRNet
90,-0.03799913971405999,-0.03837240974106493,0.05400348552033309,0.40507936436325065,0.4811341023864099,0.7493891699279516,07557,50,2,0.25,raw,90,90,1.0,0.0,2.9999999999999996,0.07733358883745395,with_n2v,HRNet
90,0.18838547799327188,0.05080624739092343,0.1951162809524137,0.47270796075265026,0.48114886892340186,0.9236951415326107,07557,50,2,0.375,denoised,90,90,1.0,0.0,2.9999999999999996,0.07733358883745395,with_n2v,HRNet
90,0.026418985451513777,-0.0035153917686301384,0.02665184368058332,0.41681854778370114,0.5029357726140805,0.8261704901171921,07557,50,2,0.375,raw,90,90,1.0,0.0,2.9999999999999996,0.07733358883745395,with_n2v,HRNet
90,0.06887937035872582,0.05147234151531421,0.08598703159246548,0.31137350788110046,0.39743873815689473,0.844471298607683,07557,50,2,0.5,denoised,90,90,1.0,0.0,2.9999999999999996,0.07733358883745395,with_n2v,HRNet
90,0.0703528502620614,0.03149074128258178,0.0770791173180034,0.4138144936348937,0.4542363434541927,0.7492742723087051,07557,50,2,0.5,raw,90,90,1.0,0.0,2.9999999999999996,0.07733358883745395,with_n2v,HRNet
90,0.13662238683210148,0.061497537859416695,0.1498253107671423,0.461239316736935,0.4009610580812576,0.976635134866015,07557,50,2,0.625,denoised,90,90,1.0,0.0,2.9999999999999996,0.07733358883745395,with_n2v,HRNet
90,0.0747571713518127,-0.04317142185522016,0.08632732089857571,0.43467257850201657,0.45892954172799777,0.812626697093772,07557,50,2,0.625,raw,90,90,1.0,0.0,2.9999999999999996,0.07733358883745395,with_n2v,HRNet
90,0.09216128606823304,0.11568036186256592,0.1479041878055009,0.36704524871727207,0.39841401922398406,0.8593047073137664,07557,50,2,0.75,denoised,90,90,1.0,0.0,2.9999999999999996,0.07733358883745395,with_n2v,HRNet
90,0.025091739190841622,0.0017417745083605496,0.02515212026965504,0.39866691512918356,0.542138457226442,0.7126651687316736,07557,50,2,0.75,raw,90,90,1.0,0.0,2.9999999999999996,0.07733358883745395,with_n2v,HRNet
90,0.1169788451452547,0.08414924231160725,0.14410116305268,0.3556302575202103,0.4408392072944708,0.879666213635946,07557,50,2,0.875,denoised,90,90,1.0,0.0,2.9999999999999996,0.07733358883745395,with_n2v,HRNet
90,-0.03384250051065152,0.03516123651848346,0.04880191998602292,0.43704605878238967,0.5608531406386619,0.7468897988782301,07557,50,2,0.875,raw,90,90,1.0,0.0,2.9999999999999996,0.07733358883745395,with_n2v,HRNet
90,0.08782021919910221,0.18389558381323923,0.20378904937751305,0.4352926346420064,0.5179782880782092,1.0192650857158887,07557,200,0,0.0,denoised,90,90,1.0,0.0,2.9999999999999996,0.04059819536988142,with_n2v,HRNet
90,-0.05201786055069846,-0.007548514574480691,0.05256270434969131,0.27231360570257346,0.47587423066148393,0.6310265278003101,07557,200,0,0.0,raw,90,90,1.0,0.0,2.9999999999999996,0.04059819536988142,with_n2v,HRNet
90,0.12790379695208287,0.18920142082843938,0.2283781051639142,0.5724634147994658,0.564905435810052,1.0728789271706156,07557,200,0,0.125,denoised,90,90,1.0,0.0,2.9999999999999996,0.04059819536988142,with_n2v,HRNet
90,-0.012461925158106624,0.015878637008047036,0.020184912481345362,0.29684216278464387,0.40973237740217155,0.6090657032587192,07557,200,0,0.125,raw,90,90,1.0,0.0,2.9999999999999996,0.04059819536988142,with_n2v,HRNet
90,0.06873895993810208,0.15913592472914928,0.17334730212141597,0.4649391076159002,0.4522815388153786,0.991663787721823,07557,200,0,0.25,denoised,90,90,1.0,0.0,2.9999999999999996,0.04059819536988142,with_n2v,HRNet
90,-0.06786830191151338,0.0027763911940468233,0.06792506718741405,0.2636543188082913,0.4266417912235759,0.6151885140979805,07557,200,0,0.25,raw,90,90,1.0,0.0,2.9999999999999996,0.04059819536988142,with_n2v,HRNet
90,0.08635416165921583,0.1875498442401735,0.20647514453410445,0.5277813547677582,0.5117391802669821,1.0087057397662933,07557,200,0,0.375,denoised,90,90,1.0,0.0,2.9999999999999996,0.04059819536988142,with_n2v,HRNet
90,-0.04498695432549482,-0.04567328734743015,0.06410830863940399,0.2360017189020229,0.44978699833831515,0.6286877311498672,07557,200,0,0.375,raw,90,90,1.0,0.0,2.9999999999999996,0.04059819536988142,with_n2v,HRNet
90,0.12232279412265257,0.17984191490759116,0.21749938004417876,0.4681803228576072,0.46138190922088457,1.0257628201376465,07557,200,0,0.5,denoised,90,90,1.0,0.0,2.9999999999999996,0.04059819536988142,with_n2v,HRNet
90,-0.03926435028704134,-0.008797119477922166,0.040237774721924184,0.30146761537246497,0.49928744783063816,0.6829071706194912,07557,200,0,0.5,raw,90,90,1.0,0.0,2.9999999999999996,0.04059819536988142,with_n2v,HRNet
90,0.13266777223832094,0.1362585914966985,0.19017660620418894,0.4612195905440698,0.42745246269590076,1.0133137500213627,07557,200,0,0.625,denoised,91,90,1.0,0.01098901098901095,2.9999999999999996,0.04059819536988142,with_n2v,HRNet
90,-0.04190900403471076,0.017580254171143395,0.04544700161620575,0.3056938784316195,0.4127021347642667,0.639599616939375,07557,200,0,0.625,raw,91,90,1.0,0.01098901098901095,2.9999999999999996,0.04059819536988142,with_n2v,HRNet
90,0.1058228573709954,0.1972753593498311,0.2238661308656739,0.4778101634161504,0.4753445033748197,0.9903349226178383,07557,200,0,0.75,denoised,90,90,1.0,0.0,2.9999999999999996,0.04059819536988142,with_n2v,HRNet
90,-0.02538955831590073,0.002441834756410799,0.02550670947915743,0.31853644611928206,0.37954290979422184,0.5733087818559245,07557,200,0,0.75,raw,90,90,1.0,0.0,2.9999999999999996,0.04059819536988142,with_n2v,HRNet
90,0.08776632803652973,0.15859020340981544,0.18125611977139525,0.4163575909180065,0.42398349857533474,0.9802472576905055,07557,200,0,0.875,denoised,91,90,1.0,0.01098901098901095,2.9999999999999996,0.04059819536988142,with_n2v,HRNet
90,-0.016145802531895015,0.01345823619610087,0.021019302103280856,0.3494663818004992,0.4980670219512685,0.6283053706386117,07557,200,0,0.875,raw,91,90,1.0,0.01098901098901095,2.9999999999999996,0.04059819536988142,with_n2v,HRNet
90,0.042457969388834726,0.13293463118006343,0.13955033261014724,0.5151112067653459,0.4614183895300442,0.9881795130113856,07557,200,1,0.0,denoised,90,90,1.0,0.0,2.9999999999999996,0.04059819536988142,with_n2v,HRNet
90,-0.015303652808455581,0.005818763810381711,0.01637253192278941,0.33211777777572277,0.4117418678402728,0.6200664699216062,07557,200,1,0.0,raw,90,90,1.0,0.0,2.9999999999999996,0.04059819536988142,with_n2v,HRNet
90,0.09016256604938633,0.1292105121981706,0.15755838530247618,0.5422804933403331,0.4626098074988824,1.002594504949917,07557,200,1,0.125,denoised,90,90,1.0,0.0,2.9999999999999996,0.04059819536988142,with_n2v,HRNet
90,-0.027820685874452522,0.05784744767009542,0.0641897013894705,0.3283175552373462,0.3856539197573376,0.6127224646024366,07557,200,1,0.125,raw,90,90,1.0,0.0,2.9999999999999996,0.04059819536988142,with_n2v,HRNet
90,0.11007493321589834,0.15363243361224121,0.1889958083664931,0.5550335348761934,0.43133388807721834,1.0290077719921806,07557,200,1,0.25,denoised,91,90,1.0,0.01098901098901095,2.9999999999999996,0.04059819536988142,with_n2v,HRNet
90,-0.03927347710692075,0.02624967991600613,0.0472382440376503,0.21719779348290344,0.39591513993008437,0.6290039424929403,07557,200,1,0.25,raw,91,90,1.0,0.01098901098901095,2.9999999999999996,0.04059819536988142,with_n2v,HRNet
90,0.1458881951430726,0.18920142082843938,0.23891534719561958,0.5198538136150491,0.5418970666450931,0.9907421679819409,07557,200,1,0.375,denoised,90,90,1.0,0.0,2.9999999999999996,0.04059819536988142,with_n2v,HRNet
90,-0.023839700440028366,-0.0071587966816650805,0.02489135767690681,0.2824629973979266,0.4076666764720116,0.6209629629006647,07557,200,1,0.375,raw,90,90,1.0,0.0,2.9999999999999996,0.04059819536988142,with_n2v,HRNet
90,0.12103657706089166,0.18494187877617918,0.22102794283049398,0.5374881387997572,0.5854798908162926,1.0564108233098353,07557,200,1,0.5,denoised,90,90,1.0,0.0,2.9999999999999996,0.04059819536988142,with_n2v,HRNet
90,-0.006004668677526581,0.026895421560595878,0.027557571497667105,0.23372154051263025,0.3829276378920354,0.6595508745079487,07557,200,1,0.5,raw,90,90,1.0,0.0,2.9999999999999996,0.04059819536988142,with_n2v,HRNet
90,0.0932048196031161,0.18638526841178304,0.20839051484696186,0.47899706844719586,0.5464955101686956,1.021471466685494,07557,200,1,0.625,denoised,90,90,1.0,0.0,2.9999999999999996,0.04059819536988142,with_n2v,HRNet
90,-0.03408076420406303,0.1001606417120513,0.10580005972069607,0.26914757069401146,0.3828412904581932,0.6492546141684206,07557,200,1,0.625,raw,90,90,1.0,0.0,2.9999999999999996,0.04059819536988142,with_n2v,HRNet
90,0.10104648316337972,0.14284615007525758,0.17497261028803962,0.4389506769717287,0.4511034428904756,0.99920755623014,07557,200,1,0.75,denoised,90,90,1.0,0.0,2.9999999999999996,0.04059819536988142,with_n2v,HRNet
90,-0.04587141873142642,-0.02530325968687208,0.052387422223422526,0.26192475976143337,0.471514713867305,0.6314477196706878,07557,200,1,0.75,raw,90,90,1.0,0.0,2.9999999999999996,0.04059819536988142,with_n2v,HRNet
90,0.11259840998293669,0.18725074434203748,0.2184976960687059,0.5458949460335846,0.515471668694011,1.0305013179089237,07557,200,1,0.875,denoised,90,90,1.0,0.0,2.9999999999999996,0.04059819536988142,with_n2v,HRNet
90,0.022508542113200747,0.10343828006353917,0.10585892617330338,0.27487291910923206,0.3427132087792252,0.5843941826389212,07557,200,1,0.875,raw,90,90,1.0,0.0,2.9999999999999996,0.04059819536988142,with_n2v,HRNet
90,0.07040673160515354,0.16259371885726637,0.17718302759337842,0.4321727986378932,0.47260580955868914,1.007036323774133,07557,200,2,0.0,denoised,90,90,1.0,0.0,2.9999999999999996,0.04059819536988142,with_n2v,HRNet
90,-0.03154056256921223,0.04616644278353732,0.05591196228418402,0.3489911428690049,0.4221330555640478,0.6208490343684279,07557,200,2,0.0,raw,90,90,1.0,0.0,2.9999999999999996,0.04059819536988142,with_n2v,HRNet
90,0.061228715686372226,0.1890759204397341,0.19874269625507063,0.4527899923193609,0.4717111371124859,1.0066919600135187,07557,200,2,0.125,denoised,90,90,1.0,0.0,2.9999999999999996,0.04059819536988142,with_n2v,HRNet
90,-0.006781465395860664,0.01788556773749761,0.019128037176037456,0.33938591814735913,0.3800918215002263,0.6398944019897729,07557,200,2,0.125,raw,90,90,1.0,0.0,2.9999999999999996,0.04059819536988142,with_n2v,HRNet
90,0.05841582124777034,0.13228523210622,0.14460909655152387,0.5963164825130114,0.4599598866880556,1.048993847908435,07557,200,2,0.25,denoised,91,90,1.0,0.01098901098901095,2.9999999999999996,0.04059819536988142,with_n2v,HRNet
90,-0.041537855329281115,0.0343604317485493,0.053907631141638955,0.3268401142057085,0.43654524118149546,0.611401169803429,07557,200,2,0.25,raw,91,90,1.0,0.01098901098901095,2.9999999999999996,0.04059819536988142,with_n2v,HRNet
90,0.07574994164719584,0.1853525406209684,0.20023390815294326,0.47226330662810645,0.5118339543294451,0.9991817409961132,07557,200,2,0.375,denoised,90,90,1.0,0.0,2.9999999999999996,0.04059819536988142,with_n2v,HRNet
90,-0.08084464368050703,0.04505270166410469,0.09255053937748266,0.2904672052744916,0.42087068846964387,0.620750380536344,07557,200,2,0.375,raw,90,90,1.0,0.0,2.9999999999999996,0.04059819536988142,with_n2v,HRNet
90,0.09330639590287149,0.1787486941549048,0.20163625462318796,0.4801636045621657,0.41202081647145633,0.993340404189624,07557,200,2,0.5,denoised,90,90,1.0,0.0,2.9999999999999996,0.04059819536988142,with_n2v,HRNet
90,-0.06925857894484011,0.054672957575764514,0.08823765096340674,0.2938502496666553,0.4317977972678106,0.665469459284135,07557,200,2,0.5,raw,90,90,1.0,0.0,2.9999999999999996,0.04059819536988142,with_n2v,HRNet
90,0.136283270243311,0.18378215707234347,0.22879906251201043,0.6400762025756047,0.5246740947643836,1.0757552483416501,07557,200,2,0.625,denoised,90,90,1.0,0.0,2.9999999999999996,0.04059819536988142,with_n2v,HRNet
90,-0.050297282393025,0.06031505842607032,0.07853485142956584,0.2534699324682522,0.42256143642374344,0.6451488197443567,07557,200,2,0.625,raw,90,90,1.0,0.0,2.9999999999999996,0.04059819536988142,with_n2v,HRNet
90,0.128597811209616,0.12616305385891735,0.18015136193465792,0.4883836447081687,0.4625923911678857,0.9915628664910584,07557,200,2,0.75,denoised,90,90,1.0,0.0,2.9999999999999996,0.04059819536988142,with_n2v,HRNet
90,-0.027403908966363133,0.024896663723552592,0.03702456064830989,0.2730968677107099,0.4730489268307068,0.6566906672200988,07557,200,2,0.75,raw,90,90,1.0,0.0,2.9999999999999996,0.04059819536988142,with_n2v,HRNet
90,0.12109907448419222,0.19975380885064453,0.23359488434310322,0.5142078021827327,0.4497177750169792,1.043151171053511,07557,200,2,0.875,denoised,90,90,1.0,0.0,2.9999999999999996,0.04059819536988142,with_n2v,HRNet
90,0.02646975247510852,0.05129863866258688,0.05772519488687905,0.29691919975071857,0.4372940524777394,0.6143152175322193,07557,200,2,0.875,raw,90,90,1.0,0.0,2.9999999999999996,0.04059819536988142,with_n2v,HRNet
90,0.03390448028612525,0.19075270216846718,0.19374237318677656,0.46579924929785,0.471037829014489,1.042531088424701,07557,1000,0,0.0,denoised,91,90,1.0,0.01098901098901095,2.9999999999999996,0.01848851148165645,with_n2v,HRNet
90,-0.005249509540554698,0.026867277305242965,0.02737531625777497,0.17612783458772327,0.3912595113505388,0.5850656706678463,07557,1000,0,0.0,raw,91,90,1.0,0.01098901098901095,2.9999999999999996,0.01848851148165645,with_n2v,HRNet
90,0.021273832320996888,0.18920142082843938,0.1903936805283256,0.4575669789673039,0.5365898106566138,1.0830449981729007,07557,1000,0,0.125,denoised,91,90,1.0,0.01098901098901095,2.9999999999999996,0.01848851148165645,with_n2v,HRNet
90,-0.02798947597613477,0.025184373710658292,0.03765187172793302,0.18146813691626767,0.3157358494949653,0.5866843144739857,07557,1000,0,0.125,raw,91,90,1.0,0.01098901098901095,2.9999999999999996,0.01848851148165645,with_n2v,HRNet
90,0.05089276194597403,0.1890759204397341,0.19580545678969788,0.5360062233991887,0.49124142516070296,1.0396392827267988,07557,1000,0,0.25,denoised,91,90,1.0,0.01098901098901095,2.9999999999999996,0.01848851148165645,with_n2v,HRNet
90,-0.028554289860394988,0.0019020023129918684,0.0286175659731935,0.24546813423165112,0.3746779422852743,0.6060187097537122,07557,1000,0,0.25,raw,91,90,1.0,0.01098901098901095,2.9999999999999996,0.01848851148165645,with_n2v,HRNet
90,0.08549773553292539,0.18957471501643397,0.2079625816218394,0.5174977814225749,0.5151070976741264,1.0461140315052018,07557,1000,0,0.375,denoised,91,90,1.0,0.01098901098901095,2.9999999999999996,0.01848851148165645,with_n2v,HRNet
90,-0.051720705590213356,0.05276525465500015,0.07388642287698426,0.2371635887960558,0.4050639113054315,0.6222908888294834,07557,1000,0,0.375,raw,91,90,1.0,0.01098901098901095,2.9999999999999996,0.01848851148165645,with_n2v,HRNet
90,0.03656894210114103,0.18957471501643397,0.19306957321120996,0.5811135202983951,0.487499787179078,1.0637684454185081,07557,1000,0,0.5,denoised,91,90,1.0,0.01098901098901095,2.9999999999999996,0.01848851148165645,with_n2v,HRNet
90,-0.03557625623348315,0.036831338930070956,0.0512075925520055,0.236991717210344,0.3717948129180268,0.6229202644708258,07557,1000,0,0.5,raw,91,90,1.0,0.01098901098901095,2.9999999999999996,0.01848851148165645,with_n2v,HRNet
90,0.041602963053662734,0.1890759204397341,0.19359883838746833,0.4567268304490213,0.47795302387470867,1.0306954740263097,07557,1000,0,0.625,denoised,91,90,1.0,0.01098901098901095,2.9999999999999996,0.01848851148165645,with_n2v,HRNet
90,-0.06454204205961389,0.03917640557774149,0.07550143010047335,0.2323696076239644,0.3964175022796337,0.6090197403301558,07557,1000,0,0.625,raw,91,90,1.0,0.01098901098901095,2.9999999999999996,0.01848851148165645,with_n2v,HRNet
90,0.0502264164870212,0.18957471501643397,0.19611543918490934,0.5123316711490372,0.4765582331570948,1.0760927830827662,07557,1000,0,0.75,denoised,91,90,1.0,0.01098901098901095,2.9999999999999996,0.01848851148165645,with_n2v,HRNet
90,-0.026353043899529638,0.021282808562002486,0.033873896484717884,0.27276601451195026,0.3879644614023776,0.6115565290316468,07557,1000,0,0.75,raw,91,90,1.0,0.01098901098901095,2.9999999999999996,0.01848851148165645,with_n2v,HRNet
90,0.041658856563756785,0.1778514818334287,0.1826652947895305,0.3849748997129713,0.4629363602465045,1.0227156056651245,07557,1000,0,0.875,denoised,91,90,1.0,0.01098901098901095,2.9999999999999996,0.01848851148165645,with_n2v,HRNet
90,-0.04931267457666877,0.0385493990157606,0.06259230015250085,0.2490108459764561,0.44082430167907916,0.6223216027765032,07557,1000,0,0.875,raw,91,90,1.0,0.01098901098901095,2.9999999999999996,0.01848851148165645,with_n2v,HRNet
90,0.014263036614536873,0.15497621992248867,0.1556311760378723,0.4154429776167993,0.459943709203829,1.0648741888003745,07557,1000,1,0.0,denoised,91,90,1.0,0.01098901098901095,2.9999999999999996,0.01848851148165645,with_n2v,HRNet
90,-0.06361469307702095,-0.04052349369925423,0.07542534532156332,0.19430122628539723,0.40432296395324047,0.5894754616754063,07557,1000,1,0.0,raw,91,90,1.0,0.01098901098901095,2.9999999999999996,0.01848851148165645,with_n2v,HRNet
90,0.03493681055113029,0.18957471501643397,0.19276709601238415,0.5244561506442932,0.4737572352842142,1.0187168339782622,07557,1000,1,0.125,denoised,91,90,1.0,0.01098901098901095,2.9999999999999996,0.01848851148165645,with_n2v,HRNet
90,-0.028354499382047038,0.028640503978197174,0.040302060782689934,0.20397619499515615,0.3766530994047246,0.5884232237536249,07557,1000,1,0.125,raw,91,90,1.0,0.01098901098901095,2.9999999999999996,0.01848851148165645,with_n2v,HRNet
90,0.03194308934259027,0.18957471501643397,0.19224706377552522,0.6958780737884103,0.4804180335422173,1.0662793020174801,07557,1000,1,0.25,denoised,91,90,1.0,0.01098901098901095,2.9999999999999996,0.01848851148165645,with_n2v,HRNet
90,-0.029406341531522884,0.019869905590747194,0.0354900841144928,0.19620590233407054,0.3831000950479699,0.591571781483234,07557,1000,1,0.25,raw,91,90,1.0,0.01098901098901095,2.9999999999999996,0.01848851148165645,with_n2v,HRNet
90,0.04985006663252989,0.19075270216846718,0.19715887636076548,0.612484875525679,0.5102786932645834,1.044830441648244,07557,1000,1,0.375,denoised,91,90,1.0,0.01098901098901095,2.9999999999999996,0.01848851148165645,with_n2v,HRNet
90,-0.0374537674210238,0.02783318866519835,0.04666338056014233,0.19996523267443092,0.40432621701890753,0.5667276510973128,07557,1000,1,0.375,raw,91,90,1.0,0.01098901098901095,2.9999999999999996,0.01848851148165645,with_n2v,HRNet
90,0.04984643967757307,0.18957471501643397,0.19601846882906745,0.580314302865949,0.49976589440216435,1.0763379194855929,07557,1000,1,0.5,denoised,91,90,1.0,0.01098901098901095,2.9999999999999996,0.01848851148165645,with_n2v,HRNet
90,-0.05637751124090684,0.017016628071285567,0.05888963749790825,0.26033102151500764,0.3934405265337177,0.6088273203853845,07557,1000,1,0.5,raw,91,90,1.0,0.01098901098901095,2.9999999999999996,0.01848851148165645,with_n2v,HRNet
90,0.06434111531895326,0.1890759204397341,0.19972351591792964,0.5373005599805781,0.45617766688099387,1.0721796595666675,07557,1000,1,0.625,denoised,91,90,1.0,0.01098901098901095,2.9999999999999996,0.01848851148165645,with_n2v,HRNet
90,-0.010852416286240896,0.021523288914250926,0.024104499682345275,0.22069761008127678,0.43726559968015466,0.5994864530961751,07557,1000,1,0.625,raw,91,90,1.0,0.01098901098901095,2.9999999999999996,0.01848851148165645,with_n2v,HRNet
90,0.02545393331752166,0.1837371047408638,0.18549184990151993,0.5720299103556549,0.4887797768529888,1.0278645568833313,07557,1000,1,0.75,denoised,91,90,1.0,0.01098901098901095,2.9999999999999996,0.01848851148165645,with_n2v,HRNet
90,-0.013950205577998531,0.026551231229007044,0.029992934425371258,0.2240973170426761,0.2654837829966024,0.5639105192430358,07557,1000,1,0.75,raw,91,90,1.0,0.01098901098901095,2.9999999999999996,0.01848851148165645,with_n2v,HRNet
90,0.046443877081934204,0.18957471501643397,0.1951809578108581,0.4823297080844261,0.48645689033086126,1.0668963061400591,07557,1000,1,0.875,denoised,91,90,1.0,0.01098901098901095,2.9999999999999996,0.01848851148165645,with_n2v,HRNet
90,-0.04785198511080324,0.011974577817948528,0.049327507467564584,0.2728486489457636,0.39898125119102124,0.598255699974752,07557,1000,1,0.875,raw,91,90,1.0,0.01098901098901095,2.9999999999999996,0.01848851148165645,with_n2v,HRNet
90,0.013694195867373082,0.18920142082843938,0.18969635906878707,0.47247234222009377,0.5396187741453186,1.0692828388687232,07557,1000,2,0.0,denoised,91,90,1.0,0.01098901098901095,2.9999999999999996,0.01848851148165645,with_n2v,HRNet
90,-0.03917540072187364,0.029778325298835284,0.04920833953023239,0.21797665959531837,0.372067566884401,0.5929411729750337,07557,1000,2,0.0,raw,91,90,1.0,0.01098901098901095,2.9999999999999996,0.01848851148165645,with_n2v,HRNet
90,0.012001854332648776,0.1890759204397341,0.18945645462098876,0.5650178869509961,0.46977863144227944,1.0721766228450942,07557,1000,2,0.125,denoised,91,90,1.0,0.01098901098901095,2.9999999999999996,0.01848851148165645,with_n2v,HRNet
90,-0.032751374877690864,0.03627251486645022,0.048870726320732055,0.23112466755050576,0.38670044933932174,0.6212137057963321,07557,1000,2,0.125,raw,91,90,1.0,0.01098901098901095,2.9999999999999996,0.01848851148165645,with_n2v,HRNet
90,0.049030561401131934,0.18920142082843938,0.19545120515057046,0.5147249443679666,0.5095960057098838,1.061365668971324,07557,1000,2,0.25,denoised,91,90,1.0,0.01098901098901095,2.9999999999999996,0.01848851148165645,with_n2v,HRNet
90,-0.07649548142052609,0.016261675130259334,0.07820486401624996,0.2434665168456898,0.36114904724402525,0.601769107363038,07557,1000,2,0.25,raw,91,90,1.0,0.01098901098901095,2.9999999999999996,0.01848851148165645,with_n2v,HRNet
90,0.055176858451943644,0.18920142082843938,0.19708288447281777,0.576748574594377,0.45218632181066554,1.066358786468016,07557,1000,2,0.375,denoised,91,90,1.0,0.01098901098901095,2.9999999999999996,0.01848851148165645,with_n2v,HRNet
90,-0.03777895600787673,-0.0007331712751721398,0.03778606961783433,0.2224222903705248,0.37605130098343154,0.5924206402188009,07557,1000,2,0.375,raw,91,90,1.0,0.01098901098901095,2.9999999999999996,0.01848851148165645,with_n2v,HRNet
90,0.037180647920578735,0.18957471501643397,0.1931863689636414,0.5959773899174182,0.5014791916253014,1.0588235692342052,07557,1000,2,0.5,denoised,91,90,1.0,0.01098901098901095,2.9999999999999996,0.01848851148165645,with_n2v,HRNet
90,-0.020672677253038785,0.019340491294318696,0.028309259762733543,0.24570624139241296,0.37482770608520094,0.5991971191753601,07557,1000,2,0.5,raw,91,90,1.0,0.01098901098901095,2.9999999999999996,0.01848851148165645,with_n2v,HRNet
90,0.05559724102923269,0.18957471501643397,0.1975591703354333,0.5338888100810081,0.471908934209912,1.1107626380219469,07557,1000,2,0.625,denoised,91,90,1.0,0.01098901098901095,2.9999999999999996,0.01848851148165645,with_n2v,HRNet
90,0.007048500554567738,-0.012590682816039589,0.014429367756137353,0.20108002509456468,0.370038428978819,0.588876081927458,07557,1000,2,0.625,raw,91,90,1.0,0.01098901098901095,2.9999999999999996,0.01848851148165645,with_n2v,HRNet
90,0.05929203693923313,0.19924342771818715,0.20787854418697435,0.54415694648829,0.5245129316448954,1.1064684267681468,07557,1000,2,0.75,denoised,91,90,1.0,0.01098901098901095,2.9999999999999996,0.01848851148165645,with_n2v,HRNet
90,-0.03069626595802788,0.04712058231925198,0.056237087601256376,0.26891414765098065,0.4592574248906205,0.6173906512178803,07557,1000,2,0.75,raw,91,90,1.0,0.01098901098901095,2.9999999999999996,0.01848851148165645,with_n2v,HRNet
90,0.04948945294602325,0.18957471501643397,0.19592799321806673,0.49312661805130753,0.5123320971390855,1.0668573620102175,07557,1000,2,0.875,denoised,91,90,1.0,0.01098901098901095,2.9999999999999996,0.01848851148165645,with_n2v,HRNet
90,-0.04696478596754616,-0.000666551188601261,0.04696951576783017,0.2708604903052101,0.3633371315462156,0.6283249690290201,07557,1000,2,0.875,raw,91,90,1.0,0.01098901098901095,2.9999999999999996,0.01848851148165645,with_n2v,HRNet
80,0.048195251530032124,0.13613838017751334,0.14441759182108052,0.2739879593678589,0.3461068070305416,0.5295892916568293,07443,50,0,0.0,denoised,160,80,1.0,0.5,2.9999999999999996,0.08778586867787412,with_n2v,HRNet
80,0.06542235371716032,0.06171800034160668,0.08993995737190341,0.3672415963273055,0.3643311925058956,0.4978110213996987,07443,50,0,0.0,raw,160,80,1.0,0.5,2.9999999999999996,0.08778586867787412,with_n2v,HRNet
80,0.053771446642358,0.18759030361065143,0.19514479363474788,0.32598628451755185,0.3464634085503827,0.5574643202816826,07443,50,0,0.125,denoised,160,80,1.0,0.5,2.9999999999999996,0.08778586867787412,with_n2v,HRNet
80,0.08672879688488244,0.06555995178547391,0.10871978424929318,0.36893626534972995,0.3319038769576834,0.5018519226766388,07443,50,0,0.125,raw,160,80,1.0,0.5,2.9999999999999996,0.08778586867787412,with_n2v,HRNet
80,0.05469011137203328,0.20921331670068355,0.21624342803143387,0.2717806322959465,0.3206347289881802,0.5275787547865587,07443,50,0,0.25,denoised,160,80,1.0,0.5,2.9999999999999996,0.08778586867787412,with_n2v,HRNet
80,0.022207733070832347,0.08467050373879914,0.0875344367179417,0.34968769974600733,0.2614484786478985,0.5129305274607827,07443,50,0,0.25,raw,160,80,1.0,0.5,2.9999999999999996,0.08778586867787412,with_n2v,HRNet
80,0.09092214570003421,0.11480266941377693,0.146446199961717,0.3183172272616037,0.308708484074309,0.5502339122523308,07443,50,0,0.375,denoised,160,80,1.0,0.5,2.9999999999999996,0.08778586867787412,with_n2v,HRNet
80,-0.01350286212032703,0.10837274324165236,0.10921070809751976,0.3914057739343929,0.27103355671422863,0.5432939193416372,07443,50,0,0.375,raw,160,80,1.0,0.5,2.9999999999999996,0.08778586867787412,with_n2v,HRNet
80,0.08110726675684887,0.12052671011234395,0.14527586369136353,0.3692524502375989,0.4695949857360217,0.6587465244068488,07443,50,0,0.5,denoised,160,80,1.0,0.5,2.9999999999999996,0.08778586867787412,with_n2v,HRNet
80,0.14846680385221234,0.10113987280038117,0.1796431621748197,0.45585446101586774,0.28415558861188545,0.5833001924944669,07443,50,0,0.5,raw,160,80,1.0,0.5,2.9999999999999996,0.08778586867787412,with_n2v,HRNet
80,0.15705144706730678,0.18063182844138836,0.23935959239607302,0.37810426695267363,0.3089151668768349,0.6421610008225321,07443,50,0,0.625,denoised,160,80,1.0,0.5,2.9999999999999996,0.08778586867787412,with_n2v,HRNet
80,0.11060606035869824,0.09832957565117795,0.14799461488788274,0.3490219614603911,0.3223975929359848,0.5440696400143965,07443,50,0,0.625,raw,160,80,1.0,0.5,2.9999999999999996,0.08778586867787412,with_n2v,HRNet
80,0.15995282536249,0.1110016003003409,0.19469530454194284,0.3958617121566928,0.3466481397611678,0.5599120153750504,07443,50,0,0.75,denoised,160,80,1.0,0.5,2.9999999999999996,0.08778586867787412,with_n2v,HRNet
80,0.1637180401536824,0.16783122035522524,0.2344587707843043,0.25305440032792414,0.32347351282881454,0.5208261468103809,07443,50,0,0.75,raw,160,80,1.0,0.5,2.9999999999999996,0.08778586867787412,with_n2v,HRNet
80,0.12417700461452696,0.1916316437824257,0.22834757580011825,0.3131651734841,0.2645565344103091,0.5900778139424256,07443,50,0,0.875,denoised,160,80,1.0,0.5,2.9999999999999996,0.08778586867787412,with_n2v,HRNet
80,0.13980456021218313,0.10523197969654063,0.1749830980608558,0.24352155480064028,0.4379114577153732,0.5417848468743263,07443,50,0,0.875,raw,160,80,1.0,0.5,2.9999999999999996,0.08778586867787412,with_n2v,HRNet
80,0.07388220312760296,0.07134659630672502,0.1027079195755769,0.365511343789954,0.38363749812143005,0.5666776280129671,07443,50,1,0.0,denoised,160,80,1.0,0.5,2.9999999999999996,0.08778586867787412,with_n2v,HRNet
80,0.12845196671337078,0.025407928470102092,0.1309407139955894,0.3523284830597506,0.285505316271711,0.5033550525304153,07443,50,1,0.0,raw,160,80,1.0,0.5,2.9999999999999996,0.08778586867787412,with_n2v,HRNet
80,0.12392153646777615,0.16419738812606255,0.20571176307628886,0.29671711526502215,0.35552910015855466,0.5813890584903763,07443,50,1,0.125,denoised,160,80,1.0,0.5,2.9999999999999996,0.08778586867787412,with_n2v,HRNet
80,0.03907580639363317,0.09357817648303879,0.10140904180201811,0.315824388187454,0.3155298140477724,0.49108528594957396,07443,50,1,0.125,raw,160,80,1.0,0.5,2.9999999999999996,0.08778586867787412,with_n2v,HRNet
80,0.09371720355736102,0.1299726338552638,0.16023669927293907,0.3330069588304824,0.3442484444629093,0.561431958900382,07443,50,1,0.25,denoised,160,80,1.0,0.5,2.9999999999999996,0.08778586867787412,with_n2v,HRNet
80,0.02630694266315814,0.0860460654637265,0.08997766730734132,0.3971217601588461,0.3019056902717267,0.5593142052069227,07443,50,1,0.25,raw,160,80,1.0,0.5,2.9999999999999996,0.08778586867787412,with_n2v,HRNet
80,0.031846992014081366,0.16206726487693146,0.16516667110841227,0.29259581020432307,0.2831755445416142,0.5430962244403114,07443,50,1,0.375,denoised,160,80,1.0,0.5,2.9999999999999996,0.08778586867787412,with_n2v,HRNet
80,0.09257787821557173,0.079621048026155,0.12210722674633354,0.39122599534819036,0.35209873103658174,0.5180830665095318,07443,50,1,0.375,raw,160,80,1.0,0.5,2.9999999999999996,0.08778586867787412,with_n2v,HRNet
80,0.005682169125122982,0.13664830148105978,0.1367663896709462,0.40390338440286716,0.3135103910997891,0.5526389956500943,07443,50,1,0.5,denoised,160,80,1.0,0.5,2.9999999999999996,0.08778586867787412,with_n2v,HRNet
80,0.0694220314753693,0.06254410123896292,0.09344079972879518,0.4648905532057611,0.31901579242263267,0.5558059551363199,07443,50,1,0.5,raw,160,80,1.0,0.5,2.9999999999999996,0.08778586867787412,with_n2v,HRNet
80,0.10338476032138999,0.086644589783468,0.13489141412801892,0.43095470108327166,0.24213811096717147,0.5472963089821586,07443,50,1,0.625,denoised,160,80,1.0,0.5,2.9999999999999996,0.08778586867787412,with_n2v,HRNet
80,0.16035785055841956,0.09724035740740078,0.1875375358279922,0.30991930140321905,0.3384600837888854,0.5295661104913678,07443,50,1,0.625,raw,160,80,1.0,0.5,2.9999999999999996,0.08778586867787412,with_n2v,HRNet
80,0.038069454634599875,0.11989442560233954,0.12579330930812968,0.36029290446843226,0.3060625571520079,0.5890746705196788,07443,50,1,0.75,denoised,160,80,1.0,0.5,2.9999999999999996,0.08778586867787412,with_n2v,HRNet
80,0.08578078852332283,0.1309800753610375,0.15656986881665994,0.3741020433850115,0.41721382583772054,0.5941932463934384,07443,50,1,0.75,raw,160,80,1.0,0.5,2.9999999999999996,0.08778586867787412,with_n2v,HRNet
80,0.16993284284606958,0.1234270034405327,0.2100271321902393,0.30618753064977605,0.3876891012310006,0.5768950809637018,07443,50,1,0.875,denoised,160,80,1.0,0.5,2.9999999999999996,0.08778586867787412,with_n2v,HRNet
80,0.05179946137316804,-0.00842044352835103,0.05247940613006665,0.2698691611557096,0.3310450260007165,0.472678772408374,07443,50,1,0.875,raw,160,80,1.0,0.5,2.9999999999999996,0.08778586867787412,with_n2v,HRNet
80,0.013063306709193867,0.1664848037378306,0.1669965264842429,0.2794171662599952,0.28249708571808313,0.4870456296072421,07443,50,2,0.0,denoised,160,80,1.0,0.5,2.9999999999999996,0.08778586867787412,with_n2v,HRNet
80,0.08432569870485196,0.04638238132616834,0.09624005797768184,0.2556894443331912,0.3289455440495845,0.43677342047139495,07443,50,2,0.0,raw,160,80,1.0,0.5,2.9999999999999996,0.08778586867787412,with_n2v,HRNet
80,0.11828611311836568,0.14399527333637252,0.18634978749616923,0.264435060280605,0.25175135045246194,0.5393351285054052,07443,50,2,0.125,denoised,160,80,1.0,0.5,2.9999999999999996,0.08778586867787412,with_n2v,HRNet
80,-0.008247964303418787,0.1632752705209768,0.16348346362506705,0.3800250109515683,0.3153793599973397,0.5579773830741676,07443,50,2,0.125,raw,160,80,1.0,0.5,2.9999999999999996,0.08778586867787412,with_n2v,HRNet
80,-0.02619411614555034,0.1564850471106709,0.1586622251510279,0.3429591540445175,0.3653583180320884,0.6212329095560538,07443,50,2,0.25,denoised,160,80,1.0,0.5,2.9999999999999996,0.08778586867787412,with_n2v,HRNet
80,-0.038040887963717296,0.11576241671543741,0.12185255959915932,0.29108807343098625,0.38522097080616596,0.532212633334967,07443,50,2,0.25,raw,160,80,1.0,0.5,2.9999999999999996,0.08778586867787412,with_n2v,HRNet
80,0.02791835106262397,0.17484348960478258,0.17705840895939856,0.37782782788065916,0.3301980841828149,0.5767577769775194,07443,50,2,0.375,denoised,160,80,1.0,0.5,2.9999999999999996,0.08778586867787412,with_n2v,HRNet
80,0.052658067525133134,0.13692685799036752,0.1467032259856468,0.39077652170457483,0.30127699664495855,0.527395043555354,07443,50,2,0.375,raw,160,80,1.0,0.5,2.9999999999999996,0.08778586867787412,with_n2v,HRNet
80,0.09713626434082068,0.08224747552898393,0.12727961769655266,0.24787962649795423,0.2749622762591632,0.5613490964697646,07443,50,2,0.5,denoised,160,80,1.0,0.5,2.9999999999999996,0.08778586867787412,with_n2v,HRNet
80,0.207751291413512,0.09068135253119536,0.22667974497265722,0.44159558558544343,0.30770318555840265,0.5571172046875598,07443,50,2,0.5,raw,160,80,1.0,0.5,2.9999999999999996,0.08778586867787412,with_n2v,HRNet
80,0.08172683224814747,0.14057349559082866,0.16260437500861274,0.35411580926205277,0.3300046533987568,0.5509917174669366,07443,50,2,0.625,denoised,160,80,1.0,0.5,2.9999999999999996,0.08778586867787412,with_n2v,HRNet
80,0.23274887465427696,0.10045483312917725,0.2535018977282876,0.2979174350616696,0.26055537481236934,0.5120379148828814,07443,50,2,0.625,raw,160,80,1.0,0.5,2.9999999999999996,0.08778586867787412,with_n2v,HRNet
80,0.09187457355842099,0.19709364556958775,0.2174553802288,0.3163874332552085,0.30161877072487014,0.5748106827072749,07443,50,2,0.75,denoised,160,80,1.0,0.5,2.9999999999999996,0.08778586867787412,with_n2v,HRNet
80,0.06414140861169981,0.09979859287633985,0.11863338248060902,0.39556190506696143,0.3256714203438271,0.517193265068159,07443,50,2,0.75,raw,160,80,1.0,0.5,2.9999999999999996,0.08778586867787412,with_n2v,HRNet
80,0.10195916477098166,0.15048057965624295,0.18176929370626677,0.3993892060860953,0.3180825412284374,0.6305140627239071,07443,50,2,0.875,denoised,160,80,1.0,0.5,2.9999999999999996,0.08778586867787412,with_n2v,HRNet
80,0.12065761073638726,0.05869497041140903,0.1341765947556046,0.24496201759318587,0.34675587399155744,0.47058238487189247,07443,50,2,0.875,raw,160,80,1.0,0.5,2.9999999999999996,0.08778586867787412,with_n2v,HRNet
80,0.07593212676448502,0.20183446934249716,0.21564517358323892,0.3524678744939766,0.4857748372839318,0.6404779224876589,07443,200,0,0.0,denoised,160,80,1.0,0.5,2.9962760994011095,0.04653343828650632,with_n2v,HRNet
80,0.05174870548964705,0.08000544593424053,0.09528273662626882,0.20613756691003496,0.2370853222296819,0.3179446558113886,07443,200,0,0.0,raw,160,80,1.0,0.5,2.9962760994011095,0.04653343828650632,with_n2v,HRNet
80,0.10056224030169858,0.1759806882648789,0.20268686888073695,0.31636476409440445,0.6616159509013804,0.7028230327719389,07443,200,0,0.125,denoised,160,80,1.0,0.5,2.9962760994011095,0.04653343828650632,with_n2v,HRNet
80,0.014094342588805375,0.06836383257854095,0.06980160526690908,0.2172475182328549,0.20910559033888512,0.32528798161920436,07443,200,0,0.125,raw,160,80,1.0,0.5,2.9962760994011095,0.04653343828650632,with_n2v,HRNet
80,0.09989392472810499,0.17215118834707965,0.19903474030152626,0.301337254314271,0.5497130705120717,0.6279339567471958,07443,200,0,0.25,denoised,160,80,1.0,0.5,2.9962760994011095,0.04653343828650632,with_n2v,HRNet
80,0.10017029664767918,0.07399038960222981,0.12453379494729053,0.18593718577521842,0.18711899349345407,0.3054573453152557,07443,200,0,0.25,raw,160,80,1.0,0.5,2.9962760994011095,0.04653343828650632,with_n2v,HRNet
80,0.13992370483229877,0.1504032245906899,0.205425833675499,0.4396727106640905,0.5271290820694321,0.658179897771821,07443,200,0,0.375,denoised,160,80,1.0,0.5,2.9962760994011095,0.04653343828650632,with_n2v,HRNet
80,0.041998290577971886,0.08368584791945466,0.09363320753594771,0.23780337822493347,0.1898148392518918,0.31933869296933975,07443,200,0,0.375,raw,160,80,1.0,0.5,2.9962760994011095,0.04653343828650632,with_n2v,HRNet
80,0.13360142012227527,0.151902445568858,0.20229605144067586,0.3188233902755724,0.5167191661934114,0.6512896577910802,07443,200,0,0.5,denoised,160,80,1.0,0.5,2.9962760994011095,0.04653343828650632,with_n2v,HRNet
80,0.15294013679427598,0.04859924177913655,0.16047607841718597,0.2363684456785425,0.17345385540575142,0.3248155743982555,07443,200,0,0.5,raw,160,80,1.0,0.5,2.9962760994011095,0.04653343828650632,with_n2v,HRNet
80,0.1573516192309512,0.17493465630395022,0.23529059915513717,0.4017667624012015,0.6275463272961661,0.6944789261992828,07443,200,0,0.625,denoised,160,80,1.0,0.5,2.9962760994011095,0.04653343828650632,with_n2v,HRNet
80,0.1510255310169626,0.12516048299372784,0.19614754018895766,0.19722194691579553,0.17793299953383837,0.3439082501951654,07443,200,0,0.625,raw,160,80,1.0,0.5,2.9962760994011095,0.04653343828650632,with_n2v,HRNet
80,0.19386047069414758,0.20371244643824582,0.28121280719699027,0.477261885296416,0.5642199103364396,0.7694295084868151,07443,200,0,0.75,denoised,160,80,1.0,0.5,2.9962760994011095,0.04653343828650632,with_n2v,HRNet
80,0.0972482829020711,0.05481561890379183,0.11163324147944015,0.213745854817359,0.14322921298656388,0.3059566022480155,07443,200,0,0.75,raw,160,80,1.0,0.5,2.9962760994011095,0.04653343828650632,with_n2v,HRNet
80,0.18636438512733378,0.15138099126015447,0.2400997471027326,0.39835703133329126,0.5317320217668376,0.7496728066620654,07443,200,0,0.875,denoised,160,80,1.0,0.5,2.9962760994011095,0.04653343828650632,with_n2v,HRNet
80,0.10126445927778605,0.05201118986875741,0.11384047867251051,0.20421304505360904,0.18326085115955554,0.3163552269804221,07443,200,0,0.875,raw,160,80,1.0,0.5,2.9962760994011095,0.04653343828650632,with_n2v,HRNet
80,0.07409752460849717,0.06846274368218985,0.10088404445500819,0.3787453503922837,0.5388895145883984,0.6692346324204625,07443,200,1,0.0,denoised,160,80,1.0,0.5,2.9962760994011095,0.04653343828650632,with_n2v,HRNet
80,0.05736966815868527,0.15864478667285198,0.1686992802685073,0.18193485471815066,0.2167814307080756,0.32765264817577183,07443,200,1,0.0,raw,160,80,1.0,0.5,2.9962760994011095,0.04653343828650632,with_n2v,HRNet
80,0.08461487521721267,0.14397520250405904,0.16699861090472962,0.3895349309457374,0.5938571705191958,0.6819925148760805,07443,200,1,0.125,denoised,160,80,1.0,0.5,2.9962760994011095,0.04653343828650632,with_n2v,HRNet
80,0.0519654728544765,0.1038921971289426,0.11616367329448739,0.20113221816612212,0.2220668932649844,0.315212648421725,07443,200,1,0.125,raw,160,80,1.0,0.5,2.9962760994011095,0.04653343828650632,with_n2v,HRNet
80,0.09299547788635287,0.1230904143381224,0.15427057078147405,0.38010439833902177,0.5420226605164127,0.6741613021314493,07443,200,1,0.25,denoised,160,80,1.0,0.5,2.9962760994011095,0.04653343828650632,with_n2v,HRNet
80,0.05290862808926278,0.03627158241931028,0.0641478808495553,0.19532480609373215,0.13705458077875687,0.27386344777809746,07443,200,1,0.25,raw,160,80,1.0,0.5,2.9962760994011095,0.04653343828650632,with_n2v,HRNet
80,0.09665169789443695,0.1779549610161233,0.20250807108885183,0.3877523434556982,0.516950864659235,0.6467816344298979,07443,200,1,0.375,denoised,160,80,1.0,0.5,2.9962760994011095,0.04653343828650632,with_n2v,HRNet
80,0.011927549190268394,0.09376299884634776,0.09451860336646158,0.2870825352924222,0.15957613406241167,0.3199194277015188,07443,200,1,0.375,raw,160,80,1.0,0.5,2.9962760994011095,0.04653343828650632,with_n2v,HRNet
80,0.15631437469659915,0.18883410389136301,0.24513772155513494,0.4171012188796831,0.5763132448249985,0.69540250437884,07443,200,1,0.5,denoised,160,80,1.0,0.5,2.9962760994011095,0.04653343828650632,with_n2v,HRNet
80,0.11811664081137963,0.08661804474994028,0.1464726135250789,0.21546936469845995,0.20037919972453005,0.3589660431079499,07443,200,1,0.5,raw,160,80,1.0,0.5,2.9962760994011095,0.04653343828650632,with_n2v,HRNet
80,0.11921515761751422,0.2146600581286009,0.24554265283559815,0.4217443444465873,0.5806968854519782,0.7139600172421063,07443,200,1,0.625,denoised,160,80,1.0,0.5,2.9962760994011095,0.04653343828650632,with_n2v,HRNet
80,0.12293190660403752,0.13282857466153786,0.18098531406696938,0.22574544334798394,0.21567973026671733,0.3421905661557497,07443,200,1,0.625,raw,160,80,1.0,0.5,2.9962760994011095,0.04653343828650632,with_n2v,HRNet
80,0.17685573407364075,0.13958830920666188,0.2253061178528026,0.46276861916969114,0.5325419261861988,0.709034125982625,07443,200,1,0.75,denoised,160,80,1.0,0.5,2.9962760994011095,0.04653343828650632,with_n2v,HRNet
80,0.1514732482100345,0.08203448950847303,0.1722608556585462,0.17235009511585242,0.18051314446502406,0.30526478337727886,07443,200,1,0.75,raw,160,80,1.0,0.5,2.9962760994011095,0.04653343828650632,with_n2v,HRNet
80,0.1584894996534736,0.1448746341529592,0.2147267592112408,0.3593292809904299,0.547098262506614,0.70573518078261,07443,200,1,0.875,denoised,160,80,1.0,0.5,2.9962760994011095,0.04653343828650632,with_n2v,HRNet
80,0.09137130758498557,0.08658251576210318,0.12587790864756568,0.24611379980397946,0.20150937416114673,0.35167918788186225,07443,200,1,0.875,raw,160,80,1.0,0.5,2.9962760994011095,0.04653343828650632,with_n2v,HRNet
80,0.09755581762588861,0.2013323320275191,0.22372269771369832,0.3530908361135672,0.63998663544562,0.7115288790156914,07443,200,2,0.0,denoised,160,80,1.0,0.5,2.9962760994011095,0.04653343828650632,with_n2v,HRNet
80,0.05244668696898458,0.03289402161758659,0.06190857478735002,0.26000395391074954,0.205971730672434,0.3216131206676326,07443,200,2,0.0,raw,160,80,1.0,0.5,2.9962760994011095,0.04653343828650632,with_n2v,HRNet
80,0.128041467107753,0.07738358617780605,0.14960894595191734,0.33541766999612044,0.5671376451684981,0.6514967331211092,07443,200,2,0.125,denoised,160,80,1.0,0.5,2.9962760994011095,0.04653343828650632,with_n2v,HRNet
80,0.052642080473788155,0.05792610048318636,0.0782727395316977,0.2203857189197819,0.21948336924382397,0.3429366232646027,07443,200,2,0.125,raw,160,80,1.0,0.5,2.9962760994011095,0.04653343828650632,with_n2v,HRNet
80,0.13070207688150326,0.17676270549979023,0.219836500510593,0.34978715031861596,0.5712360906754221,0.6604540813357638,07443,200,2,0.25,denoised,160,80,1.0,0.5,2.9962760994011095,0.04653343828650632,with_n2v,HRNet
80,0.013202758429798678,0.1272639521196055,0.12794696690135668,0.2586947873954256,0.18393358875426832,0.3060134816544257,07443,200,2,0.25,raw,160,80,1.0,0.5,2.9962760994011095,0.04653343828650632,with_n2v,HRNet
80,0.13164611295719197,0.09536351043909974,0.16255736888866662,0.31716669716158274,0.5056042256973415,0.6848178167616629,07443,200,2,0.375,denoised,160,80,1.0,0.5,2.9962760994011095,0.04653343828650632,with_n2v,HRNet
80,0.021288509697479974,0.06760188320261662,0.0708746446740999,0.20416058924583158,0.2089056983122423,0.315307021622625,07443,200,2,0.375,raw,160,80,1.0,0.5,2.9962760994011095,0.04653343828650632,with_n2v,HRNet
80,0.14451452131508447,0.11653768420254451,0.1856488047637797,0.3378409956207235,0.4844049073072389,0.6470635125089796,07443,200,2,0.5,denoised,160,80,1.0,0.5,2.9962760994011095,0.04653343828650632,with_n2v,HRNet
80,0.15294399246038637,0.04531550219204661,0.1595160166523729,0.257198708205383,0.22254309891823673,0.3567441511633547,07443,200,2,0.5,raw,160,80,1.0,0.5,2.9962760994011095,0.04653343828650632,with_n2v,HRNet
80,0.10092910518788045,0.12950724520643675,0.1641913847769924,0.38786618429513586,0.5044095261554238,0.6605534087202227,07443,200,2,0.625,denoised,160,80,1.0,0.5,2.9962760994011095,0.04653343828650632,with_n2v,HRNet
80,0.16380857833242501,0.10285184355220167,0.1934211778926413,0.2432782663897509,0.2039701649207879,0.36137910669771744,07443,200,2,0.625,raw,160,80,1.0,0.5,2.9962760994011095,0.04653343828650632,with_n2v,HRNet
80,0.13723829955734246,0.11937600879018362,0.18189277704203885,0.35940071409846575,0.5390006482892248,0.6775624426861674,07443,200,2,0.75,denoised,160,80,1.0,0.5,2.9962760994011095,0.04653343828650632,with_n2v,HRNet
80,0.1198152293182777,0.11800660104550431,0.16817029186780968,0.22428145985869305,0.218179070342622,0.3636624257556664,07443,200,2,0.75,raw,160,80,1.0,0.5,2.9962760994011095,0.04653343828650632,with_n2v,HRNet
80,0.1258488257194017,0.04442805146350892,0.13346077585491753,0.4390365012581069,0.5381852388985641,0.7076602760228164,07443,200,2,0.875,denoised,160,80,1.0,0.5,2.9962760994011095,0.04653343828650632,with_n2v,HRNet
80,0.019604411983344505,0.002067518309782912,0.019713132708273164,0.21032338182573027,0.2180241266516001,0.3009538668053715,07443,200,2,0.875,raw,160,80,1.0,0.5,2.9962760994011095,0.04653343828650632,with_n2v,HRNet
80,0.01996378250504449,-0.08172248074855304,0.08412559938334076,0.3613056432321919,0.7394232952052137,0.7760505815196251,07443,1000,0,0.0,denoised,160,80,1.0,0.5,2.9999999999999996,0.021401889573518757,with_n2v,HRNet
80,0.0707513399057964,0.07473926453971558,0.10291603258192149,0.1361166445457407,0.11938292724851685,0.23422799797660268,07443,1000,0,0.0,raw,160,80,1.0,0.5,2.9999999999999996,0.021401889573518757,with_n2v,HRNet
80,0.09970309199640015,-0.06379670100234236,0.11836691096934523,0.4172566127689605,0.7910356529692225,0.8008837727700763,07443,1000,0,0.125,denoised,160,80,1.0,0.5,2.9999999999999996,0.021401889573518757,with_n2v,HRNet
80,0.08996578163922209,0.06305688816784993,0.10986361095180207,0.12943891318041054,0.13248436950240902,0.2414942258506834,07443,1000,0,0.125,raw,160,80,1.0,0.5,2.9999999999999996,0.021401889573518757,with_n2v,HRNet
80,0.12015504076808625,-0.13843850307104333,0.18330971865815446,0.44097465284188814,0.7351947721989374,0.7937281110893066,07443,1000,0,0.25,denoised,160,80,1.0,0.5,2.9999999999999996,0.021401889573518757,with_n2v,HRNet
80,0.09303117461854882,0.08644663450883172,0.1269953545166533,0.14783176680076307,0.16210850310982702,0.23950642743144165,07443,1000,0,0.25,raw,160,80,1.0,0.5,2.9999999999999996,0.021401889573518757,with_n2v,HRNet
80,0.15827798033471652,-0.07033209149686215,0.17320081452799205,0.4510483640104543,0.7659059756896482,0.7908124495799665,07443,1000,0,0.375,denoised,160,80,1.0,0.5,2.9999999999999996,0.021401889573518757,with_n2v,HRNet
80,0.10217394202852148,0.05736785918091414,0.11717758188599414,0.12361642295873795,0.11171471261676837,0.21713167522041718,07443,1000,0,0.375,raw,160,80,1.0,0.5,2.9999999999999996,0.021401889573518757,with_n2v,HRNet
80,0.13679184986860093,-0.09936962204258393,0.16907493006167365,0.4916355930532289,0.7536883945702973,0.7858916568355512,07443,1000,0,0.5,denoised,160,80,1.0,0.5,2.9999999999999996,0.021401889573518757,with_n2v,HRNet
80,0.0848716502367779,0.0736299943990133,0.11235912552664644,0.1411308499399429,0.1333152595244806,0.22108995945162838,07443,1000,0,0.5,raw,160,80,1.0,0.5,2.9999999999999996,0.021401889573518757,with_n2v,HRNet
80,0.09554850348664701,0.017092807762040252,0.09706534188745156,0.5254835952116844,0.8068663913093085,0.8239901103406665,07443,1000,0,0.625,denoised,160,80,1.0,0.5,2.9999999999999996,0.021401889573518757,with_n2v,HRNet
80,0.0685902176677331,0.07547882338252165,0.1019885814143765,0.12838056874598683,0.14261088187112914,0.2211637649475997,07443,1000,0,0.625,raw,160,80,1.0,0.5,2.9999999999999996,0.021401889573518757,with_n2v,HRNet
80,0.13337939162628132,-0.022158862662159606,0.1352075342023416,0.5840659928000358,0.8303814821020172,0.83324948955904,07443,1000,0,0.75,denoised,160,80,1.0,0.5,2.9999999999999996,0.021401889573518757,with_n2v,HRNet
80,0.07841003562317894,0.09544356371604934,0.12352168854597058,0.1342305468294985,0.16399975810614706,0.24653224140125943,07443,1000,0,0.75,raw,160,80,1.0,0.5,2.9999999999999996,0.021401889573518757,with_n2v,HRNet
80,0.18999340790582409,-0.06323174124421627,0.20023922729686203,0.457104084834415,0.789214881718309,0.8236829505579313,07443,1000,0,0.875,denoised,160,80,1.0,0.5,2.9999999999999996,0.021401889573518757,with_n2v,HRNet
80,0.09763999925008005,0.05251028950168646,0.11086433131132192,0.11258211573389791,0.12860269137354835,0.21356691671417058,07443,1000,0,0.875,raw,160,80,1.0,0.5,2.9999999999999996,0.021401889573518757,with_n2v,HRNet
80,0.07315362728256503,-0.16890416501527028,0.18406539637884708,0.3693848398617166,0.8067491816449075,0.8070587735773135,07443,1000,1,0.0,denoised,160,80,1.0,0.5,2.9999999999999996,0.021401889573518757,with_n2v,HRNet
80,0.05664405299584274,0.05305027234819448,0.07760721703561757,0.115182828068047,0.1688831926696784,0.21414809331329732,07443,1000,1,0.0,raw,160,80,1.0,0.5,2.9999999999999996,0.021401889573518757,with_n2v,HRNet
80,0.08231052469751177,-0.01738861854991569,0.08412720446475187,0.4078541231707905,0.7663319330827031,0.7609731272898856,07443,1000,1,0.125,denoised,160,80,1.0,0.5,2.9999999999999996,0.021401889573518757,with_n2v,HRNet
80,0.11563910363161511,0.09744592343796654,0.15122205620676324,0.16061651506549293,0.16859864654134385,0.24451553874289741,07443,1000,1,0.125,raw,160,80,1.0,0.5,2.9999999999999996,0.021401889573518757,with_n2v,HRNet
80,0.0900972173705803,-0.05225004080153184,0.104151693897331,0.49759852816596867,0.7841166126167294,0.7983955057329182,07443,1000,1,0.25,denoised,160,80,1.0,0.5,2.9999999999999996,0.021401889573518757,with_n2v,HRNet
80,0.11278750202016852,0.06649842299730935,0.13093151214691823,0.10971071613575559,0.14984342046228655,0.22052796208577313,07443,1000,1,0.25,raw,160,80,1.0,0.5,2.9999999999999996,0.021401889573518757,with_n2v,HRNet
80,0.0859092591367947,0.02354711622136918,0.08907787316598668,0.5179037329438659,0.801401661269557,0.7957985088683593,07443,1000,1,0.375,denoised,160,80,1.0,0.5,2.9999999999999996,0.021401889573518757,with_n2v,HRNet
80,0.07626553991593799,0.10903589903671218,0.13306111324280143,0.1294408047300248,0.11979000651818866,0.23603448869482543,07443,1000,1,0.375,raw,160,80,1.0,0.5,2.9999999999999996,0.021401889573518757,with_n2v,HRNet
80,0.11423635197624549,-0.1101610204831509,0.15869906914260662,0.4706676273166112,0.7267350247491893,0.7794957345398156,07443,1000,1,0.5,denoised,160,80,1.0,0.5,2.9999999999999996,0.021401889573518757,with_n2v,HRNet
80,0.07082547399570416,0.0792447990651226,0.10628257592657332,0.13414353751762237,0.15824771311293323,0.22874754059875413,07443,1000,1,0.5,raw,160,80,1.0,0.5,2.9999999999999996,0.021401889573518757,with_n2v,HRNet
80,0.10597917777303545,-0.0057267751435006176,0.10613379327524701,0.528893079002856,0.7511757163761437,0.8258564044573089,07443,1000,1,0.625,denoised,160,80,1.0,0.5,2.9999999999999996,0.021401889573518757,with_n2v,HRNet
80,0.057461479614250965,0.10954133555870271,0.12369771960486291,0.12644962333477466,0.16654925609414362,0.23433663892426046,07443,1000,1,0.625,raw,160,80,1.0,0.5,2.9999999999999996,0.021401889573518757,with_n2v,HRNet
80,0.1501073253702394,-0.05155784136653807,0.15871490206084626,0.4674679175870185,0.7839334733916693,0.8416175464922276,07443,1000,1,0.75,denoised,160,80,1.0,0.5,2.9999999999999996,0.021401889573518757,with_n2v,HRNet
80,0.0917201131370291,0.06594638301647038,0.11296682958649601,0.13344447225484543,0.1540425203687179,0.23268007576191818,07443,1000,1,0.75,raw,160,80,1.0,0.5,2.9999999999999996,0.021401889573518757,with_n2v,HRNet
80,0.16065024447998155,-0.1229975716946825,0.20232870210196677,0.46658245948749644,0.7506734862658712,0.8065121414671305,07443,1000,1,0.875,denoised,160,80,1.0,0.5,2.9999999999999996,0.021401889573518757,with_n2v,HRNet
80,0.062005918478085675,0.07977366403695996,0.1010374752267334,0.1588449596913076,0.14531304702859668,0.2421038415477046,07443,1000,1,0.875,raw,160,80,1.0,0.5,2.9999999999999996,0.021401889573518757,with_n2v,HRNet
80,0.030755092231517622,-0.07150578369389393,0.07783927543243901,0.4119217372049233,0.7135746162481938,0.7691327829641861,07443,1000,2,0.0,denoised,160,80,1.0,0.5,2.9999999999999996,0.021401889573518757,with_n2v,HRNet
80,0.0840104294555779,0.06877256513023156,0.10856987598732244,0.12408080914951365,0.16824535361593407,0.22427976699578525,07443,1000,2,0.0,raw,160,80,1.0,0.5,2.9999999999999996,0.021401889573518757,with_n2v,HRNet
80,0.06868104430524369,-0.09734996933248752,0.11913900442716108,0.43453241561973055,0.7589123864172806,0.7817406958818947,07443,1000,2,0.125,denoised,160,80,1.0,0.5,2.9999999999999996,0.021401889573518757,with_n2v,HRNet
80,0.09060323678806848,0.10156834276532933,0.13610685055709074,0.1303550865152605,0.16476444507415963,0.234731355308172,07443,1000,2,0.125,raw,160,80,1.0,0.5,2.9999999999999996,0.021401889573518757,with_n2v,HRNet
80,0.09860850276763689,-0.06398311426518077,0.11754775935400143,0.45472235337169614,0.8449752134702057,0.8058266881647276,07443,1000,2,0.25,denoised,160,80,1.0,0.5,2.9999999999999996,0.021401889573518757,with_n2v,HRNet
80,0.10125741143826161,0.04485683302776522,0.11074835818402999,0.15656280032725303,0.14587743599977357,0.23335716978561094,07443,1000,2,0.25,raw,160,80,1.0,0.5,2.9999999999999996,0.021401889573518757,with_n2v,HRNet
80,0.13985409851957087,0.0057782168547788615,0.1399734141283361,0.4344282717743233,0.7736316238173205,0.7850365304019055,07443,1000,2,0.375,denoised,160,80,1.0,0.5,2.9999999999999996,0.021401889573518757,with_n2v,HRNet
80,0.11225061773019718,0.10313136341996909,0.15243450823771038,0.12208544703877709,0.17258345093627933,0.2501998270721101,07443,1000,2,0.375,raw,160,80,1.0,0.5,2.9999999999999996,0.021401889573518757,with_n2v,HRNet
80,0.1447927695008282,-0.024754489786563028,0.1468936038917727,0.4861670552683481,0.7887358488919832,0.7754656470469908,07443,1000,2,0.5,denoised,160,80,1.0,0.5,2.9999999999999996,0.021401889573518757,with_n2v,HRNet
80,0.09451352450229189,0.06651521340616995,0.11557283386814421,0.1342826101404662,0.1649156096881027,0.22915070208857397,07443,1000,2,0.5,raw,160,80,1.0,0.5,2.9999999999999996,0.021401889573518757,with_n2v,HRNet
80,0.12367373689894379,-0.05243592885155124,0.13433063624160393,0.4874714674374499,0.7956425099904599,0.8137402736178958,07443,1000,2,0.625,denoised,160,80,1.0,0.5,2.9999999999999996,0.021401889573518757,with_n2v,HRNet
80,0.058833799759501204,0.05993030785300846,0.08398248504002159,0.1528791356353008,0.13099707959488502,0.21872637498326827,07443,1000,2,0.625,raw,160,80,1.0,0.5,2.9999999999999996,0.021401889573518757,with_n2v,HRNet
80,0.1595436864647155,-0.04727203500317145,0.16639961894214936,0.5452410959031229,0.8181960058259681,0.8730274420161711,07443,1000,2,0.75,denoised,160,80,1.0,0.5,2.9999999999999996,0.021401889573518757,with_n2v,HRNet
80,0.07734600727506802,0.06107144656674279,0.09855012139591404,0.11004421874982558,0.13883557614393258,0.21973442431448095,07443,1000,2,0.75,raw,160,80,1.0,0.5,2.9999999999999996,0.021401889573518757,with_n2v,HRNet
80,0.13274757496649148,-0.02911187127666892,0.13590224320707003,0.5082912462465465,0.838283760053236,0.8395977835853461,07443,1000,2,0.875,denoised,160,80,1.0,0.5,2.9999999999999996,0.021401889573518757,with_n2v,HRNet
80,0.07360355345626246,0.06278972864106436,0.09674726406574702,0.13934860190104634,0.13118522906537392,0.23732817894371153,07443,1000,2,0.875,raw,160,80,1.0,0.5,2.9999999999999996,0.021401889573518757,with_n2v,HRNet
