stem,n_columns,d_px,d_A,d_mad,a1_px,a2_px,angle_deg,indexed_frac,resid_px,exx_sd,eyy_sd,exy_sd,err_exx,err_eyy,err_exy,condition,arch,fold
07188,43,26.063118072721462,3.2031572111374675,0.49141460210735133,26.132210091392974,26.051933818218796,70.64712859432366,1.0,0.6376903497138484,0.010909536636442015,0.007508166403501766,0.008249948638943835,0.004026106145139874,0.0018130991903373417,0.0016295449775520796,with_n2v,AtomSegNet,2
07189,43,26.266180652688714,3.228113602215443,0.36186833276016017,26.128278438208483,26.240750752347274,70.37731175410957,1.0,0.6195914090913314,0.012476408718415774,0.00852084720121491,0.006747541380165586,0.0042956304302053105,0.007017284739517571,-0.002297756382790809,with_n2v,AtomSegNet,2
07192,43,26.07413631686854,3.2045113533431433,0.03427419174443358,26.08049024165953,26.07309630925841,70.50553434535301,1.0,0.05023366303650745,0.0013962785605065443,0.0016010741244054162,0.000680813680769792,0.0017936803746108065,0.0019991611125127484,0.00023630181003599587,with_n2v,AtomSegNet,2
07220,43,26.09128945874607,3.2066194744798917,0.14161931442882647,26.08732428963063,26.068996116053086,109.4953563360934,1.0,0.1491193111259081,0.00207109372765244,0.0029719749906663975,0.0017109642526247843,0.00168504074704523,0.0021462089041472954,0.0003602810831412749,with_n2v,AtomSegNet,2
07225,43,26.26914025176773,3.228477336942254,0.6699685801381463,26.015990628641003,26.049488296785754,109.71367636892542,0.9534883720930233,0.8840042235859173,0.017897443459719286,0.012719492496368173,0.010091416964720776,0.0012276021647130708,-0.0022025385108556117,0.001616705619648503,with_n2v,AtomSegNet,2
07229,43,26.123035909504374,3.2105211132780873,0.149536186786019,26.091924244594548,26.098698642227028,109.50058954524198,1.0,0.1850891075608782,0.004147318050900986,0.003453446402473256,0.002643227817853475,0.0028848192848620613,0.002261813179678107,1.856180491522009e-05,with_n2v,AtomSegNet,2
07248,69,21.302189430009783,2.6180390809482024,0.2598571936036631,21.26479299596548,21.255339562152,89.89305815635699,1.0,0.5058520389541565,0.0065549699587826174,0.01539774742865481,0.007932120981149123,0.0007087296812742228,0.0002450550699253373,0.0009335468014349483,with_n2v,AtomSegNet,2
07249,69,21.23682355010155,2.6100056143074806,0.35556959965700585,21.25249117631638,21.29237340787835,90.10493709226684,1.0,0.4517674927548178,0.008110258273963474,0.009182668314252079,0.005605372355958763,0.0019777098954527617,0.0001292453167134333,0.0009156836520042471,with_n2v,AtomSegNet,2
07252,70,21.345958813728117,2.6234183382071854,0.6531823393711971,21.261953119577495,21.269267270979213,89.71255592183056,0.9285714285714286,0.9788340117907777,0.014337110256676841,0.013936763893571229,0.014453218500648849,0.0005389559067008332,0.0009204179798381062,0.002509918241844242,with_n2v,AtomSegNet,2
07255,41,25.768982235840326,3.167007916784776,4.404525347215808,21.281459087152868,21.288174449641286,90.04755023527792,1.0,0.15831676654801324,0.00177453422159177,0.0040481517381325115,0.002426575358329178,0.0019706066485862817,0.0012809572678162962,0.0002752153548340668,with_n2v,AtomSegNet,2
07262,70,21.24102480911855,2.6105219490406695,0.5608574959282357,21.14095915318826,21.287699727365048,90.02183818412708,0.9714285714285714,0.6729899872310092,0.021032341384858818,0.014785268054137496,0.009054397032865466,0.0014074991329053876,-0.0047560109555163654,-0.0015539869615455537,with_n2v,AtomSegNet,2
07268,41,21.213565385667692,2.607147185898559,0.5354682860890758,21.098568197527225,21.136608142387708,90.16586031610586,0.975609756097561,0.701269676146852,0.014216547009816142,0.0161815546749309,0.010805073320164305,-0.004537030814257492,-0.007922245653551707,-4.89713245683753e-05,with_n2v,AtomSegNet,2
07273,69,21.383742520663166,2.628061955789503,0.2668926100820581,21.275224035360257,21.271918578691068,90.01908713257026,1.0,0.06909512179384399,0.0014812074903903562,0.002523880648431983,0.0012606759801723464,0.001295072539915454,0.0008954625801012028,8.099437451399945e-05,with_n2v,AtomSegNet,2
07274,69,21.271454326442033,2.6142617367197256,0.13132925143197838,21.28549446846687,21.275908019847993,90.03661317719366,1.0,0.20580623468408063,0.003454950608112061,0.004287909223833423,0.002825368061679154,0.0017835383550386386,0.001077708406251654,0.0002289668817188139,with_n2v,AtomSegNet,2
07278,42,21.22829671860768,2.6089576667168837,0.5423169228184985,21.07777041273033,21.161405690024292,89.13736085706327,0.9523809523809523,0.8040642260100002,0.02137122279406073,0.01779130642552551,0.011442240317859986,-0.013685580456729851,0.0013023841208774645,-0.0019467713123657161,with_n2v,AtomSegNet,2
07279,70,21.258074790946786,2.61261739180736,0.6304237971502786,21.189070781642037,21.27858232668181,89.67069989587007,0.9571428571428572,0.9106121609559252,0.014012079987723058,0.013900789193106538,0.015591909033003504,-0.0035690562203605225,0.002151371468076091,-0.0021089146031110432,with_n2v,AtomSegNet,2
07287,69,21.33288835446767,2.6218119787640766,0.5031609987213077,21.278496590775113,21.341505888890556,90.1158726117012,0.9855072463768116,0.7052366293150767,0.01373195620180287,0.015292769165597212,0.010054045697029938,0.0029527197730094823,0.002685119327859642,-0.0017901340293770334,with_n2v,AtomSegNet,2
07290,41,21.227885887312166,2.608907175550665,0.7132988475896269,20.93571712596803,21.234354664125636,90.6732600163091,0.9512195121951219,1.1314016426880213,0.02706084587884373,0.022326581140948196,0.012166179683826049,-0.006241119926500782,-0.009319935380857403,-0.009006145761292068,with_n2v,AtomSegNet,2
07291,69,21.427689767546696,2.6334630724314887,0.32010178283996815,21.276808863758443,21.272261411180455,90.00611370906425,1.0,0.07422028492816003,0.0012604732477329227,0.0020703069185883,0.0015026931523844616,0.001265487286788325,0.0010316953882676394,9.336475112668214e-06,with_n2v,AtomSegNet,2
07294,69,21.29253034238591,2.616851979079228,0.32457750049953127,21.34203093157647,21.29447955895394,89.91401520596446,1.0,0.44070820796228677,0.00915313398754682,0.011643950612802666,0.005800447887841153,0.003818693039916665,0.0026107449712211572,0.0012122321306214374,with_n2v,AtomSegNet,2
07301,69,21.26891741198454,2.6139499499328998,0.1449737480514397,21.273311909630696,21.28041010950625,90.05072055703181,1.0,0.201029802630666,0.004515784685976618,0.0050282720177603464,0.004101661288426184,0.0014348858060539982,0.0010953412187189038,0.0004408228460535251,with_n2v,AtomSegNet,2
07304,69,21.324089642323635,2.6207306170415747,0.37492579794647796,21.266884071011173,21.318215801480605,89.96174306003705,0.9855072463768116,0.6128859110899322,0.013505422979152318,0.011929526026170789,0.008542322918816191,0.00321609082372043,0.0007864019134613542,-0.00033616990607976177,with_n2v,AtomSegNet,2
07308,69,21.21436555648488,2.6072455268919916,0.3456806351197841,21.2323751998411,21.261881203428082,89.85787543767094,1.0,0.6310019524222558,0.011162574709898714,0.018926920478369906,0.011462633964693112,0.0005413105785052608,-0.0008137972524127068,-0.001239016511323024,with_n2v,AtomSegNet,2
07311,127,18.412035551688472,2.262839169302513,0.6998478063162743,11.701024040685432,18.81288278983968,108.00494176113104,0.25196850393700787,2.275419474064535,0.024311847566945127,0.016010511601918916,0.012485927057896275,-0.33197626498954824,0.02043045046358727,0.11048907189582735,with_n2v,AtomSegNet,2
07314,130,29.25409751763723,3.5953285849176155,4.682863077334751,28.208757093254224,31.2848952760555,80.77687176277921,0.08461538461538462,4.649044365066543,0.007369662379898095,0.013574886738540326,0.0056488777436750565,0.26866190254171385,2.36041783435319,0.44361938438400067,with_n2v,AtomSegNet,2
07317,127,18.75846007066349,2.3054147426845426,0.7574329570020311,18.505183516695176,16.17821255488528,114.47166945633258,0.14173228346456693,1.9803649666120462,0.02201957250264243,0.01405668396434963,0.019754713692273627,-0.07246644071931752,0.01776237638971878,-0.041056173251324095,with_n2v,AtomSegNet,2
07318,115,18.76001109669602,2.3056053637839407,0.7935806924132152,18.019717196885964,17.897169277871676,65.33061397310809,0.46956521739130436,2.465443420746332,0.0396293965104112,0.04058114353107238,0.026580132388212534,-0.05085914325289753,0.0025195530728647775,-0.07704883668033044,with_n2v,AtomSegNet,2
07334,107,19.11768792064009,2.349563845446667,0.9652022443965933,18.971371363114507,15.674478981741188,67.89546875369848,0.24299065420560748,1.9195717934871586,0.03143588311541669,0.029049766452927856,0.016605736506137125,0.13320885466867605,0.11430174386360425,0.1425480767768468,with_n2v,AtomSegNet,2
07338,111,18.682346630214987,2.296060400853422,0.7612812988061268,10.493166685352183,19.065708265809608,104.71076289914011,0.2882882882882883,1.5935811877546175,0.03341406877145158,0.02192011292197809,0.019162221986592044,0.12595669686236488,0.005865022076779747,0.025139291874590103,with_n2v,AtomSegNet,2
07342,108,18.874527691996,2.3196794533463083,0.8658312567115232,11.969685049902012,18.988627400024736,103.1737499020914,0.28703703703703703,1.8747346918684347,0.019028073847298384,0.046908263109955634,0.019094638935999088,-0.3636962909162239,0.22397483147804387,-0.10284098779083112,with_n2v,AtomSegNet,2
07347,111,18.725973301534676,2.3014221187586115,0.7905891316442499,28.29892342014109,28.083059636880453,96.42536692738518,0.10810810810810811,3.5767604530683283,0.017805937600235272,0.012597984667006196,0.011713686530804287,0.3383195722593664,0.8774701638911198,0.010039409084132117,with_n2v,AtomSegNet,2
07364,131,18.417707644854186,2.2635362695525796,0.7168146541699318,18.640593961305303,10.0139974719778,74.96738629263734,0.26717557251908397,1.710344169155312,0.025306336086584225,0.01652424779930599,0.01352532731767349,0.013760583315985064,0.014781364302681732,0.003755168282943952,with_n2v,AtomSegNet,2
07370,133,18.532282030439195,2.2776174615409768,0.9243654071675032,18.114721357744976,19.38514283949014,104.12543825763545,0.22556390977443608,2.674508076570344,0.03620616855456282,0.030383190117916622,0.014887063773330112,0.004930384279725919,0.030189066886976645,-0.017081859328824396,with_n2v,AtomSegNet,2
07373,66,21.65218596173549,2.661053654697292,0.3458842119685279,42.506096093622205,30.8429970842092,89.94185579163948,0.12121212121212122,4.4738950393809525,,,,3.0117681703921315,1.001289886685563,-0.36529505437814114,with_n2v,AtomSegNet,2
07376,67,30.99020427509122,3.8086961054087105,3.478596088223675,21.369771088262603,31.036114268016,79.28516417045756,0.26865671641791045,0.7819008558611127,0.009206762684264213,0.008560421936700239,0.004537185947716668,0.009153916549854868,-0.012085295738207047,-0.004811119730275585,with_n2v,AtomSegNet,2
07378,65,30.124742256411253,3.7023308233129426,2.9813354553262883,30.705158475880292,42.32200429555531,90.23196233250292,0.09230769230769231,0.965479795935144,,,,-0.0016051287193080688,0.992217468256281,-0.09153514652891326,with_n2v,AtomSegNet,2
07380,64,28.242244418673963,3.47097183905503,4.260610760155977,21.6876845285508,30.384891945637992,81.92966123152767,0.296875,1.0325290202652897,0.012151830979929829,0.006471316897298378,0.011230970028556704,-0.012023329445848385,0.010151841974364917,0.015147501338641794,with_n2v,AtomSegNet,2
07387,67,21.880441307349596,2.689106236673265,0.9093429005357585,43.39491482543092,30.72260273086418,80.5791627273824,0.04477611940298507,0.29026865535584806,,,,7.764162617628264,0.3076063338266113,2.454083151325769,with_n2v,AtomSegNet,2
07388,67,30.97785260801643,3.8071780855252193,3.8212677152061225,21.584814872329204,30.67399596073992,99.24213523830741,0.26865671641791045,0.6655311801007486,0.007376519010365149,0.007749210811770091,0.008270716714976823,-0.005298077069611717,0.005203706775133599,-0.003957466164577833,with_n2v,AtomSegNet,2
07400,65,21.59475878192767,2.6539958542989104,0.34220943437385287,43.23887183575126,30.833474291648884,100.15063073505426,0.03076923076923077,0.275514810623358,,,,0.07196815481686669,7.9654332643642025,-2.0184010438886193,with_n2v,AtomSegNet,2
07403,66,21.55044841479247,2.6485501101779945,0.6918450263057832,34.98666040713104,30.88804573424855,90.36683024280767,0.22727272727272727,3.574867755222759,0.01565438774903764,0.041123820949930896,0.01842542927948574,2.2206506602781713,1.4525152145003157,-1.1805390409677774,with_n2v,AtomSegNet,2
07404,64,30.748440506440815,3.778983338241576,4.111924093392524,36.36508354609666,31.033303423439637,88.2735078240429,0.203125,1.9761734934728177,0.007323486271222367,0.006650375523829178,0.005193879148181807,2.209049505373314,1.5363297038910715,-1.1637017778448884,with_n2v,AtomSegNet,2
07408,66,21.599077469906828,2.654526621051549,0.0848560078013385,21.60748100854108,7.698384379792215,100.25095207712572,1.0,0.11910587640801384,0.0019232729153705404,0.0022149450382185332,0.001479296129636174,0.0007682529006054484,0.0011160258383877686,-0.0003001886511566827,with_n2v,AtomSegNet,2
07414,66,21.643976458472046,2.6600447067462145,0.7134637365236447,42.54141451651001,30.957380320128063,89.44237996853019,0.13636363636363635,3.485859572907328,0.007057109985819677,0.022065723474956868,0.012569853773435204,1.8164450547810271,2.2129357411706727,-1.0541122341090017,with_n2v,AtomSegNet,2
07415,66,30.164330368363036,3.707196202271817,4.9133318200228295,26.957915468902588,30.699864541613465,92.74219245693197,0.5303030303030303,3.6872613292794476,0.08148157611919127,0.08476291453075235,0.08482455952442847,0.6726904361678447,2.5764277559315634,-1.0297836527742736,with_n2v,AtomSegNet,2
07418,67,21.61274730281792,2.656206643516322,0.29665161856631883,42.509925514896715,30.976638043631535,89.49637756432118,0.1791044776119403,3.6499241416154264,0.005103108579243571,0.016484820138800052,0.009842576507288684,1.3136523996527605,2.715998202737524,-0.8148358652856406,with_n2v,AtomSegNet,2
07437,152,28.812275218551257,3.5410286243599494,0.9506158396190987,29.45089381691216,29.46887007201396,60.03621586377565,0.03289473684210526,1.200646857796601,,,,0.0005699959984077907,0.000845023735203343,-0.0004955153453786029,with_n2v,AtomSegNet,2
07443,159,28.942653602211276,3.5570521277117657,1.003855443254519,29.46545230754146,29.46272837707292,60.0301767620972,0.025157232704402517,0.9756997288120997,,,,0.0010149881768279911,0.0006231954239281912,-0.00022568102603213943,with_n2v,AtomSegNet,2
07449,144,28.636238493898766,3.5193937109001583,1.3108901792732084,29.419674462192813,29.412426885200112,119.91845064092054,0.027777777777777776,0.9528417174650976,,,,0.00021187882710549388,-0.0013350570227506076,0.0002915099597899936,with_n2v,AtomSegNet,2
07454,131,29.04393093243132,3.569499111595809,0.6789797341587587,29.47251113162187,29.459143606144334,60.041314879027794,0.015267175572519083,0.5471575099509616,,,,0.0004872376093489894,0.001370535264141548,0.000234365342488308,with_n2v,AtomSegNet,2
07457,134,28.794277089817978,3.5388166543386292,1.1428176042672913,29.498124669900143,29.4624170678558,60.211460585376656,0.029850746268656716,0.567749332134316,,,,0.0018081483424328137,0.0027438584740493432,-0.0021918346988266785,with_n2v,AtomSegNet,2
07458,136,28.835640959636862,3.54390027393937,1.0040203866274169,29.39045278510418,29.453586524598393,60.089284997832436,0.04411764705882353,0.7186391239273466,,,,0.0005712905712640381,-0.0012166038364351817,-0.0012285864088082883,with_n2v,AtomSegNet,2
07464,131,28.91035001096555,3.553082016347666,0.9023090039291493,29.455063550826395,29.450562807140177,60.04650702860499,0.03816793893129771,0.8106571842104408,,,,0.0009596791044825803,5.6873316032435284e-05,-0.00014400977811507444,with_n2v,AtomSegNet,2
07465,132,28.821140113935794,3.542118120002709,1.0157217444775455,29.439148637393217,29.414221202361663,60.037417483225916,0.022727272727272728,0.5795493755076293,,,,0.00015476316178975047,-0.0009928301838195708,0.00024237856587152029,with_n2v,AtomSegNet,2
07476,132,28.632030350733285,3.5188765301051204,1.4468521266284213,29.510694875890653,29.588532506649564,60.11516422088101,0.022727272727272728,0.5878630238223237,,,,0.006053022079528736,0.002239817510247155,0.0002582752851382893,with_n2v,AtomSegNet,2
07477,131,28.95884273667347,3.5590417723371695,0.8972139714892577,29.460330481541693,29.439618320336905,119.89243114716606,0.03816793893129771,0.5138111894079069,,,,-0.00035633938507817486,0.0017966995167613131,0.0004149169725561353,with_n2v,AtomSegNet,2
07478,139,28.79132276760396,3.5384535681385265,1.0675041196749504,29.475332021627636,29.4663471491158,60.012239101629135,0.02877697841726619,1.2121059014373876,,,,0.0011622515864839755,0.000737783703712136,-1.0337563326518048e-05,with_n2v,AtomSegNet,2
07489,152,29.389659343841153,3.6119891333580774,0.12559389400460574,29.445457100876535,29.449222189536414,119.98279571879401,0.02631578947368421,0.24011698495212042,,,,3.5840106736406696e-05,0.0003213847030927308,0.00011231948233470033,with_n2v,AtomSegNet,2
07498,96,36.77083507947725,4.519135631267754,0.14304826753847166,36.83032573797362,36.832541843852226,60.01198008458157,0.041666666666666664,0.07887513267687565,,,,0.0008453376920014577,0.0006640951447605126,8.761305847585783e-05,with_n2v,AtomSegNet,2
07500,96,36.36857720490602,4.46969813848295,0.9810533806790573,36.84381691019231,36.841013118172576,119.9022149581634,0.041666666666666664,0.8561778512252425,,,,0.0020168649728271593,0.0009514886720585203,0.0008317244844118733,with_n2v,AtomSegNet,2
07188,43,26.194436274272583,3.2192962181081004,0.4204698742996502,26.14086084301274,26.1078057199775,70.56125188290194,1.0,0.504800716790953,0.011866609476244972,0.00572534220281114,0.00662500847283472,0.0042028349583247415,0.0035927359560348204,0.0006709659386300353,with_n2v,UNetPP,2
07189,43,26.11083677638256,3.2090218398174164,0.41276272897242805,26.096037161567406,26.226541347394196,70.61895777569514,1.0,0.7170828101917878,0.013240279128402253,0.010407586654153568,0.00683730522126639,0.006403567705097535,0.004630595897650025,-0.0026592534873186922,with_n2v,UNetPP,2
07192,43,26.155346383193102,3.214492070494432,0.06033969289951813,26.134695204243172,26.142494521926686,70.51312515430527,1.0,0.07612286458500923,0.0015581803833133682,0.0014347123047149005,0.0013423492120404772,0.004097575284918831,0.004491289291290501,-6.687120732051517e-05,with_n2v,UNetPP,2
07220,43,26.186731333550142,3.2183492808933125,0.1465835215598439,26.15070999633877,26.129755558280863,109.44951184784962,1.0,0.19052955386894965,0.002955961652078166,0.0033741095078546617,0.0014322845769282118,0.00395270424551164,0.004932928089669497,1.837529832484589e-05,with_n2v,UNetPP,2
07225,45,26.304861400895767,3.23286746617009,0.9024833219113138,26.16015360953157,26.2345520798852,110.25427863033529,0.9555555555555556,1.0850205609567398,0.024830324241819978,0.01580351630969466,0.01263541976393275,0.009089162357947433,-0.0008149374931916142,0.0055822107161266794,with_n2v,UNetPP,2
07229,43,26.17049704911989,3.2163540873368346,0.1512346972156262,26.14828593071265,26.145460261952692,109.4605161457611,1.0,0.17122687155469157,0.004425666737204208,0.002704128019485329,0.0021913364943162614,0.004569855636266329,0.0047869658205341725,2.2006813933672935e-06,with_n2v,UNetPP,2
07248,69,21.234598963905263,2.609732212663957,0.23513826892770773,21.218315101579698,21.234498328348256,89.85633022006566,0.9565217391304348,0.44358297698143884,0.00756965165417196,0.01352822917441812,0.0066659598407254805,-0.0014785577374597514,-0.0007365596213860792,0.0012526456164192465,with_n2v,UNetPP,2
07249,69,21.22771414667332,2.608886068626151,0.2776185258354058,21.248946071254,21.227051994277375,89.94278379534981,0.9565217391304348,0.41836502624723626,0.009631042341948235,0.009108304292477014,0.0074007636378288656,-6.611373987464031e-05,-0.0010674821725924488,0.0004983173176910409,with_n2v,UNetPP,2
07252,70,21.28646398663674,2.616106423957655,0.6130142434169592,21.224210421882837,21.134793778765086,89.86937375638563,0.9142857142857143,0.9846796954203467,0.017231590958384717,0.02398354434388484,0.014386260351751593,-0.001231648978406552,-0.00540746510439849,0.0011388976281999227,with_n2v,UNetPP,2
07255,41,25.41863912715164,3.1239507487269362,4.573061758120934,29.987222706886282,30.03192461873569,90.05301524054374,0.21951219512195122,0.3273543999514937,0.0009407002789152601,0.0016187488227937257,0.0008420085524082646,1.180416364901375,-0.18440884594842,0.18183404121082794,with_n2v,UNetPP,2
07262,69,21.332174231504908,2.621724213051953,0.4584616846010796,21.273663889014117,21.319757112747077,90.48721542593925,0.9565217391304348,0.6926702019369267,0.015542514276774484,0.014785290576667045,0.01036557039137774,0.005257190826503777,-0.0008657117050413499,0.0031502970706167015,with_n2v,UNetPP,2
07268,41,20.989245099412468,2.5795782227177924,0.4009427018150138,20.995159474063193,20.969159637421257,90.12226356710308,1.0,0.566000580813805,0.010278496574948955,0.016451618746872194,0.008607916620190288,-0.011998905551604988,-0.013207331488372609,0.0010630606299397757,with_n2v,UNetPP,2
07273,69,21.26952877614105,2.614025086587735,0.06891356972566598,21.291985393170943,21.289183352583816,89.99720725786692,0.8840579710144928,0.09812543291696209,0.0025060190412314735,0.001579090781896446,0.0016717656871921872,0.0019043218393717254,0.0018870773312651412,6.916073586877626e-05,with_n2v,UNetPP,2
07274,69,21.289969202137375,2.6165372149426833,0.14877443565254467,21.288151528931458,21.274501519093487,90.04664139663532,0.9855072463768116,0.20525326676477446,0.005196722505738434,0.008493257848640757,0.003711830830215607,0.0019004085473157684,0.0010194659328013334,0.00032468539918345133,with_n2v,UNetPP,2
07278,43,21.289116773807816,2.6164324515009807,0.6099865650831617,21.18776020742071,21.219367021589598,89.83441512700979,0.9767441860465116,1.1054336069689852,0.025558056651253096,0.0281339446718998,0.01229205845118306,-0.0036634948479640217,-0.000760193166118861,-0.0007330212962744702,with_n2v,UNetPP,2
07279,69,21.207276227962367,2.606374248416575,0.5054397264055641,21.26334778064339,21.250208665379354,89.9590285478493,0.9420289855072463,0.7254336875536476,0.014728652138383851,0.01271953538352727,0.008409344007104936,2.7476821279348584e-05,0.0007232484228438807,0.0003082364746295326,with_n2v,UNetPP,2
07287,69,21.364975364275153,2.6257554722694163,0.42369190443944227,21.300689119692745,21.364783483683645,90.44223952339588,1.0,0.6365095226404679,0.012257232129434468,0.01889275401538751,0.008342325483686346,0.006485509018044455,0.0012818152666735916,-0.003241839621275956,with_n2v,UNetPP,2
07290,41,21.257975156289998,2.6126051467080407,0.7172731354741231,21.123105259643165,21.19258026584332,90.84233187458082,1.0,1.1523929113299407,0.02235535208580559,0.02652713151485212,0.014485250838621498,0.0011528070495840925,-0.009976465706051041,-0.005028342214809902,with_n2v,UNetPP,2
07291,69,21.25959273756491,2.6128039474467273,0.11678903270883723,21.25749344410823,21.30189488801069,90.0026476466688,0.9130434782608695,0.18306703994023182,0.005743113820861122,0.00456341584128837,0.003780430356975935,0.0004954558499292716,0.002287174118501545,-0.0005399950920022777,with_n2v,UNetPP,2
07294,69,21.251404588811347,2.6117976239649145,0.2690941811036698,21.283802468882392,21.26466130104772,90.00208418867683,1.0,0.4414117548634761,0.006680936334071966,0.011537504188825773,0.0067214711970885405,0.0015548381001262435,0.0007321617915725387,0.00021001589289556952,with_n2v,UNetPP,2
07301,69,21.32388650546743,2.620705651521947,0.13082469335945746,21.285615076248167,21.269897766782215,90.0076455840226,0.9855072463768116,0.2596226049901796,0.006470537311837646,0.004314707697195608,0.0051458921056964325,0.0009402022465774262,0.0016745538851379305,6.450356468208073e-05,with_n2v,UNetPP,2
07304,69,21.158132986657755,2.600334544060238,0.3341920202334787,21.11321832666063,21.212331177033686,89.92724018112308,0.9855072463768116,0.5748417727692863,0.014037190132994816,0.011430249466374678,0.008729345386394863,-0.0017658595396754517,-0.006445530774050856,-0.0006311430065265966,with_n2v,UNetPP,2
07308,69,21.30086029355654,2.6178757300780986,0.3860214038266516,21.466148341283944,21.318283346381232,89.85757224657013,0.9710144927536232,0.6109585539517481,0.009782309745614434,0.01581429876022545,0.008199670317725944,0.003191314975300008,0.010187384016309586,-0.0012424530319461863,with_n2v,UNetPP,2
07311,126,18.420745062542448,2.2639095681864667,0.670743822979631,8.278056695431502,17.900952672409293,100.47423495313808,0.3412698412698413,1.920689892478974,0.027006806771698585,0.030192816937987376,0.01622404454969649,-0.5113385554778189,0.012532413023080169,0.1377990954603122,with_n2v,UNetPP,2
07314,130,18.49928416701396,2.273562024126016,0.7599922168333126,18.982420012787877,19.313872772219597,70.30651770767595,0.2230769230769231,2.278092316337577,0.02758914833339078,0.02220089220650015,0.01412524822754966,0.42507635789785625,0.21277173465801114,-0.2545152061685694,with_n2v,UNetPP,2
07317,126,18.745745286970248,2.3038520957686432,0.7476822855417904,17.433262025720566,18.886001464190304,63.93488216993336,0.29365079365079366,2.273521143411277,0.02055972457373649,0.0402238325746107,0.01646550485040205,-0.019676171972774048,0.04286312821545857,-0.012613921513553662,with_n2v,UNetPP,2
07318,115,18.710777464368697,2.299554550370913,0.770940476328537,18.062080127953653,17.947449696284725,65.26151762681663,0.4608695652173913,2.5325583138451577,0.041024314012320255,0.03752774252163876,0.024982651156052395,-0.04907991021425362,0.005118508701679181,-0.07660949436673435,with_n2v,UNetPP,2
07334,107,19.038724729551685,2.339859269261902,0.9262450003918552,19.073424090472688,10.127215065871745,103.83378676854434,0.308411214953271,2.5354951038305105,0.03203458450037004,0.028495579671306313,0.02037985288620224,0.1386514763737079,-0.27628091143172695,-0.2611379105284762,with_n2v,UNetPP,2
07338,111,18.724124466011155,2.301194896872771,0.7430593138154933,10.281818071353712,19.118139376882013,105.20065685801548,0.3063063063063063,1.7499472744933726,0.024923410696608337,0.02252637950027377,0.016507977035361842,0.10237359708447347,0.006833581305548231,0.018206068846507672,with_n2v,UNetPP,2
07342,109,18.835635147550498,2.314899559633956,0.8374551341770573,18.801792628759006,19.212004754031707,67.72316712611736,0.1559633027522936,2.2860031303947563,0.013774282873220012,0.01574193028931321,0.014989404085218379,0.028273875579632568,0.15938107831484127,-0.06315084011484924,with_n2v,UNetPP,2
07347,111,18.61954054563656,2.288341533058733,0.6445865660882912,17.3978208426116,19.18717872392787,76.30408520254318,0.3063063063063063,2.2968640069197264,0.018321622187030866,0.032060357113124244,0.016515259334037725,0.20947490568933103,-0.0782728794136307,-0.1619490433896407,with_n2v,UNetPP,2
07364,132,18.45555230264881,2.268187377995539,0.6750020367403451,9.963420750181797,18.624626571151158,103.36723652871417,0.3181818181818182,2.074712999077293,0.034226429208708775,0.01980574451360973,0.016643852946063707,0.0010270707363519982,0.028836860410617948,-0.003883470295585373,with_n2v,UNetPP,2
07370,133,18.43472577962464,2.265627798315868,0.907214352958583,13.123561589892777,18.891740961511246,70.69665696985497,0.24812030075187969,2.008555357278081,0.02546323564812049,0.025158992690632292,0.015695045825869485,-0.3444939478082002,0.05224462240012695,-0.22840387088607977,with_n2v,UNetPP,2
07373,66,21.702776972828325,2.667271289960601,0.3105403446883024,30.816428515502086,42.56102521142388,89.988820061625,0.13636363636363635,4.384704062739979,0.001611078747514005,0.0004988951954397093,0.00032306543821008826,3.0083163276758755,1.003006614539153,-0.36256887637372376,with_n2v,UNetPP,2
07376,66,30.867701670948808,3.7936405353596085,3.436949217403704,30.809253076479894,42.43218628532288,89.51473314923841,0.16666666666666666,0.916157778051809,0.004566553978596222,0.0027847630872208373,0.003018939409759564,0.0017478575085483339,0.9977922676819444,0.09259913805090302,with_n2v,UNetPP,2
07378,65,30.937049428898654,3.8021633748116446,3.436020714158321,30.92112636217787,21.666752683303216,79.57440381622848,0.23076923076923078,0.4367648640757136,0.003781213272480346,0.007603089779866464,0.005739293392497826,0.0054187434607309015,0.003037466826001589,0.0038960938090613446,with_n2v,UNetPP,2
07380,63,31.00867342056566,3.8109659633875195,3.525460129791565,30.770378619580526,21.76077519816192,100.35174211815406,0.20634920634920634,0.328063037146286,0.0018618951634870493,0.004436264087254328,0.001635581309290789,0.0005090964288672062,0.00712338759165676,-0.0041272677242101,with_n2v,UNetPP,2
07387,67,21.682594461087966,2.6647908592677108,0.5986123470500306,43.46425266601434,30.74302189271857,80.56602115002154,0.05970149253731343,0.3913185569826342,,,,7.780160613761474,0.30761307270492133,2.4484170390760296,with_n2v,UNetPP,2
07388,67,30.952633589431915,3.8040786681411825,3.669301692722449,21.570736120160422,30.924760544734152,99.55424554694254,0.2835820895522388,0.5852232548706447,0.006802377489952943,0.005197508357948172,0.0076127190443187045,0.0031660498217336297,0.003322828591298954,-0.004706624564407476,with_n2v,UNetPP,2
07400,65,21.511529143713233,2.643766931762356,0.37039355087213366,42.543091430887124,31.003476399497448,90.07540688544265,0.12307692307692308,0.8507210568905541,,,,1.6539261103122196,2.380943347144043,-1.0151106691052656,with_n2v,UNetPP,2
07403,65,21.60999917950296,2.6558688991609136,0.7115253356573845,34.1610858693135,30.67227478765257,90.31306798463714,0.26153846153846155,3.9718599744829453,0.006970509031349167,0.044768666703410454,0.028465413312044618,2.1754175206562194,1.4270585447954236,-1.1880535148626017,with_n2v,UNetPP,2
07404,65,21.53923298435442,2.6471717337771583,0.5975178218131596,34.488505129368136,30.801871964873296,89.05738589511829,0.26153846153846155,3.957502360114594,0.0034718858177427763,0.05760353475592238,0.03579760812848758,2.151624068525438,1.4720739647933443,-1.194338890885304,with_n2v,UNetPP,2
07408,66,21.59985278365557,2.6546219071112698,0.14317626822016472,7.725508566393947,21.63962411901032,79.74070325217515,0.9696969696969697,0.22334169400677323,0.003302620864128372,0.0037066861590396125,0.0034698673170407905,0.002649833818221481,0.004224279850513879,-0.0011387218453928045,with_n2v,UNetPP,2
07414,66,23.06229421270521,2.83435595874147,2.896093081430589,34.899778753781256,30.8387387243452,90.10169920921605,0.25757575757575757,3.210324595608733,0.021702615877367104,0.04227840558432956,0.032473979844752365,1.5638854092536945,2.096067745173501,-1.2102255362611078,with_n2v,UNetPP,2
07415,63,30.33629594255852,3.7283307713404423,4.10502311096209,26.261072958960934,31.057074309748128,91.23233295757574,0.47619047619047616,3.3842096038133462,0.0646831223302239,0.07258140952798395,0.07092637437387628,0.6154198111964158,2.674281119265013,-1.0145055561665401,with_n2v,UNetPP,2
07418,69,21.503101928954667,2.6427312270685284,0.5687125863420057,42.538014585171204,30.988956688513547,89.47016513181568,0.057971014492753624,4.3459026100620415,,,,1.3150586197110443,2.7176495059130543,-0.8147712674012249,with_n2v,UNetPP,2
07437,152,28.941744814581885,3.5569404377121137,0.8240227506287567,29.46432010562903,29.48985695627246,119.92656656453136,0.0,,,,,0.0007238452717006627,0.0022358049653465883,-0.0005039195081549503,with_n2v,UNetPP,2
07443,159,29.003181252463317,3.5644909759277414,0.9180212678976396,29.503949212582636,29.503226338302614,119.89218845339558,0.0440251572327044,0.5165972370223707,,,,0.0014603713496279536,0.003642914108479056,2.3690233455549202e-05,with_n2v,UNetPP,2
07449,144,28.78493139406135,3.53766806833014,1.14409591512538,29.467681965920928,29.468280701861328,119.81853677881416,0.034722222222222224,0.7671297913191724,,,,0.003276568347352793,0.00013532635947521854,0.0009291372326447451,with_n2v,UNetPP,2
07454,131,29.108566395315897,3.5774428099843236,0.6008206906554072,29.492571459344177,29.485025786308416,119.95863884806631,0.05343511450381679,0.15807236892023532,,,,0.0013660994022981487,0.0020526785417578353,-0.0002828977405062812,with_n2v,UNetPP,2
07457,132,28.880615006499152,3.5494275842987455,1.0124125669534507,29.513455265727146,29.45886642814046,60.16552728555007,0.030303030303030304,0.8688898212003555,,,,0.002328981365049554,0.0021616155423749284,-0.001975705684064434,with_n2v,UNetPP,2
07458,136,28.931055082696442,3.5556266696633925,0.9376923365185661,29.424680882396178,29.461379758345274,60.09264328740983,0.04411764705882353,0.6479039500853256,,,,0.0013354068871951341,-0.0005183744331501705,-0.0007109603366486785,with_n2v,UNetPP,2
07464,131,29.06436991718418,3.5720110628219355,0.7305053232375283,29.46990558076239,29.483562207820285,119.96074136638713,0.03816793893129771,0.6807035036110425,,,,0.0017624089276435662,0.0008064251687176505,4.778938384110209e-05,with_n2v,UNetPP,2
07465,131,28.887437749991726,3.550266099473983,0.9620422663512009,29.393906140259045,29.429301646583642,119.91773925727516,0.030534351145038167,0.6879189502912809,,,,0.0003614050597402496,-0.0017729864367772574,0.00019423176241182899,with_n2v,UNetPP,2
07476,132,28.817459054803404,3.5416657178353383,1.2959271335774751,29.590025576264182,29.504818807535102,60.11430533276312,0.05303030303030303,0.7728936994176225,,,,0.006095628042236401,0.0020404122812174297,-0.00015763853508984424,with_n2v,UNetPP,2
07477,131,29.054632667820968,3.5708143548751967,0.7950989569890385,29.479282462715215,29.508177751385404,119.92113216827515,0.03816793893129771,0.44151317595178446,,,,0.0012725281875889394,0.0028515573007497075,-0.0005573028525517492,with_n2v,UNetPP,2
07478,139,28.837628277264592,3.544144515275818,1.086172228569593,29.5123931822124,29.494520324653276,60.095832687376905,0.02877697841726619,1.3229123854975624,,,,0.003267854512422508,0.001696602877664155,-0.0006542668591773608,with_n2v,UNetPP,2
07489,152,29.431930351997927,3.617184240260545,0.10314124140263914,29.475945766191774,29.473099840608107,60.008631848441205,0.0,,,,,0.001153585151167258,0.0009637385930567621,5.4886019057852873e-05,with_n2v,UNetPP,2
07498,96,36.79854313276241,4.5225409510165,0.1293095461000675,36.86747690190085,36.85922648444573,119.95005940101586,0.0625,0.06408701731383559,,,,0.001309510171340511,0.002317358596484853,0.00012974832551931702,with_n2v,UNetPP,2
07500,96,36.293277041601726,4.460443748412852,0.9473319889353959,36.8542662880114,36.824918097244904,60.05896749025793,0.041666666666666664,0.605123025342155,,,,0.0011124311248773555,0.0013128734908733897,0.0007457575270688349,with_n2v,UNetPP,2
07188,43,26.0603866089861,3.2028215142443917,0.5824539738010106,26.149599596491164,26.033109476439556,70.6042293636924,1.0,0.709524849202861,0.011031777091290289,0.008694803950655186,0.009132514237417497,0.003471330782606863,0.002046081568614966,0.0023686595652148744,with_n2v,HRNet,2
07189,43,26.30267374519881,3.2325986032849334,0.47178013797218554,26.20007370517364,26.291525906732183,70.50650397534463,1.0,0.6070369023675369,0.014833746127661347,0.007950723975225494,0.006728435756296084,0.008252998986328697,0.008570865052478727,-0.0018656530516918588,with_n2v,HRNet,2
07192,43,26.061818375447423,3.202997478342488,0.03602034550253563,26.054616021345193,26.057154476555315,70.52287510013849,1.0,0.05749090357222788,0.0012852276771150436,0.0007506952282619138,0.000742018422437122,0.0010820526292694144,0.0012113359666721113,-1.9421033649336365e-05,with_n2v,HRNet,2
07220,43,26.03459648682525,3.1996519082308232,0.14923670136905898,26.06171469412268,26.04549138534288,109.45255991981035,1.0,0.17048578124436337,0.002928705852881047,0.00321853306891691,0.0020557409984533,0.0007122751690675777,0.001496503897883139,-4.617500649626465e-06,with_n2v,HRNet,2
07225,47,27.18689304744116,3.3412691555305183,1.7337858448099102,26.015753111592453,26.21395320155241,109.81385868677877,0.8936170212765957,1.0046523488814922,0.02015231774907872,0.014063847739656863,0.011032791948066735,0.007446434555216097,-0.00274306698044946,0.0007620921779384212,with_n2v,HRNet,2
07229,43,26.07448422813391,3.2045541116376577,0.1565633033184497,26.062639690512324,26.064505949693263,109.47554890582919,1.0,0.20961432238816277,0.00476086621988234,0.0029108671693894375,0.002482349088564333,0.0014915364017127342,0.0013711948722940903,-1.0885623044652954e-05,with_n2v,HRNet,2
07248,69,21.396827846223232,2.629670142300835,0.31149280631163734,21.31870936944922,21.328629251438063,89.86588975854592,1.0,0.5263467645795363,0.008002185203340164,0.01415492240525146,0.006791246790240325,0.003245803990103324,0.00369380532826713,0.0011744921510537152,with_n2v,HRNet,2
07249,69,21.198559228705044,2.60530292920785,0.42314123940403015,21.26567931538474,21.2690669525436,90.09328479248256,0.9855072463768116,0.47013603516523134,0.008594849553605587,0.010924685341371783,0.006104553335442481,0.0008813572062027486,0.0007488651507683297,0.0008136532828520261,with_n2v,HRNet,2
07252,68,21.638857831054388,2.659415627436584,0.6594927806240172,21.51584291081492,21.503110448950725,90.2486253045289,0.9411764705882353,1.0307679721933587,0.020714281218965243,0.018566779885101435,0.014328914798279536,0.011880299166473263,0.012523780407583729,0.0021950413867076247,with_n2v,HRNet,2
07255,41,25.773883348420085,3.1676102635208285,4.395035760265454,21.359514034692857,21.34529011017307,90.03958723841232,1.0,0.1426427031888209,0.004368139619438446,0.002344940019522698,0.002668904992493453,0.004922848575788619,0.004689622909075375,-0.000473723113820112,with_n2v,HRNet,2
07262,68,24.230082224872355,2.9778771054368125,4.220301280699559,21.206940929274666,21.28570817736691,89.88079968447371,0.8823529411764706,0.8396976811836709,0.018760050622981517,0.016910991441775505,0.011999607328266805,0.0009127798972001777,-0.0012475354288593588,-0.0018252262880234134,with_n2v,HRNet,2
07268,41,21.208511174370088,2.6065260233300838,0.4941216212512991,21.148524025353463,21.166484076737316,89.94535454598996,0.926829268292683,0.7505703635842023,0.012378196807878739,0.015132565059047181,0.010769036325811722,-0.004550350791955093,-0.004149868121062883,-0.0005978463747473737,with_n2v,HRNet,2
07273,69,21.310679970866552,2.619082568419499,0.04346459108052514,21.29935447149791,21.2987594125834,89.96963638906735,1.0,0.08295278841755745,0.002373829852039479,0.0027643060587940545,0.0014382145635733477,0.0020620525811128054,0.0025270256781801947,1.7227209026985045e-05,with_n2v,HRNet,2
07274,69,21.30213427208382,2.618032302039101,0.1581021963462117,21.3002166690976,21.299162027502103,90.00197652047216,1.0,0.18925649583658158,0.003626842220099362,0.0035094270192751855,0.0026979464610528935,0.0023745909110310937,0.002273851439205332,2.8067020282334813e-05,with_n2v,HRNet,2
07278,45,21.085726566173285,2.5914357949826967,0.9925444269591122,21.061846443316174,21.053323168863365,89.69880376522386,0.8888888888888888,1.3145273600700007,0.034852478592388374,0.01760429306251743,0.021179077225472142,-0.01169824925369256,-0.006470098432011628,0.00021380986959539534,with_n2v,HRNet,2
07279,71,21.48293836066789,2.6402531245260836,0.7778739427734873,30.16205281910582,30.201068473704172,90.75147129926255,0.19718309859154928,1.0204422569646898,0.009916431350137974,0.007552850091438422,0.004985845941524676,1.006865239842131,0.0037076912447877586,-0.4902300792324541,with_n2v,HRNet,2
07287,69,21.231274540400463,2.6093236410152167,0.623055648489574,21.244059349688158,21.37907725434152,89.89408784897886,0.927536231884058,0.6863389487704994,0.013019549179654389,0.015864984482401718,0.010164453977335654,0.0004903867222219027,0.00528744506119283,-0.00227864236270851,with_n2v,HRNet,2
07290,42,21.36303755995447,2.625517316118404,0.7825779594963489,20.983368534964125,21.363108118640014,90.77323760755199,0.9285714285714286,1.2945785832422183,0.043181858028281346,0.029551541721523692,0.021439124163777946,-0.002247799045298593,-0.005039905536794009,-0.011101495585503883,with_n2v,HRNet,2
07291,69,21.298563117114753,2.6175934070934033,0.04261443613338223,21.29434901712623,21.291987573309864,90.02332640023752,1.0,0.06787771513001373,0.0025778556825414994,0.0017013293902824497,0.0016467995330835261,0.002173007174940178,0.0018778039711715433,-0.00014679238433175848,with_n2v,HRNet,2
07294,69,21.334846382470353,2.6220526204056065,0.3879007871482809,21.32485811948347,21.286025466745212,89.8513726722825,0.9710144927536232,0.4601509548323087,0.007240194344550425,0.009815742846106968,0.006139707334754214,0.0027648337596410943,0.0024580275986560984,0.0015834732890738631,with_n2v,HRNet,2
07301,69,21.287969144807725,2.6162914078968695,0.1703371497345465,21.28534020789675,21.29150584536353,89.97463704713424,1.0,0.21070991795938954,0.0038260941913207235,0.004143286430303599,0.003022671326561276,0.001666908821706281,0.0019516741258842618,0.00021945021880797174,with_n2v,HRNet,2
07304,69,21.358041404568407,2.624903288621457,0.44986171343627035,21.281304656719573,21.330566753979767,89.94677830645504,0.9855072463768116,0.6081588629897479,0.01378491651041762,0.013549524974693505,0.009018085956507077,0.0037977052346134244,0.0014652312392038347,-0.00046672708852296154,with_n2v,HRNet,2
07308,68,21.18742208626697,2.6039341744022106,0.4814554769456798,21.320117069886244,21.344991848728824,89.73240504105321,0.9558823529411765,0.7252615757279762,0.014125006934819268,0.018105080640862213,0.010184825550257433,0.00445100368452267,0.0033129099299900044,-0.0023428796998486486,with_n2v,HRNet,2
07311,126,18.479672168837855,2.271151709550172,0.568704339230413,11.463218288126763,18.624430547909284,106.71328868260997,0.2619047619047619,2.189371862199678,0.03152954348439784,0.018204813246514687,0.014228626654577341,-0.34140709551488946,0.013510948984160054,0.11981318935311175,with_n2v,HRNet,2
07314,130,18.4604414517042,2.2687882544144458,0.8597416270389111,19.00407046027067,18.40697834081452,66.8191147208647,0.3923076923076923,2.3358512071503763,0.0650309993678131,0.03644933593405292,0.039096484862977995,0.30785609384610146,0.22070603753151974,-0.23545180255048637,with_n2v,HRNet,2
07317,128,18.721758554038008,2.3009041262912713,0.7628954315389613,18.1858318083711,17.352330155156718,114.32006369980782,0.28125,1.9444748909673095,0.03436722922571152,0.021425465455118208,0.016063326888420246,-0.009402831782157284,0.002840337370565882,-0.01576262174403124,with_n2v,HRNet,2
07318,115,18.753441009980392,2.30479790012659,0.8097225932998402,17.938710501907064,17.89132296188909,65.38867307686803,0.45217391304347826,2.4565553615634292,0.04306015225402997,0.039618640042975044,0.025584004652124334,-0.05484042359725383,0.002598118228124946,-0.07775128097372967,with_n2v,HRNet,2
07334,108,19.33054179498896,2.3757235866041433,0.9552757793795621,13.830893725742758,18.788886746607737,71.04198361611854,0.2962962962962963,2.0653665251236677,0.01847961683275743,0.021190268653492512,0.015605812501903323,0.10581769427594212,0.009659632328559153,0.0609109970866883,with_n2v,HRNet,2
07338,111,18.76202697956357,2.3058531157883624,0.7245440735633331,19.117862006784613,10.30532406811109,74.6019952428185,0.32432432432432434,1.9791873975734076,0.03031946678326015,0.019030769411198616,0.019487796780638132,0.1046768295249152,0.005984263373537413,0.01651874664583057,with_n2v,HRNet,2
07342,109,18.909128263245293,2.3239318635528465,0.9262443601847163,29.328219253929902,32.961065593677155,74.61545325007434,0.06422018348623854,4.848616063440828,,,,2.028605339806029,0.3021998826629322,0.9463474260534123,with_n2v,HRNet,2
07347,111,18.65975125897233,2.2932834297276994,0.7730417308430972,18.30498526811322,17.4753334950415,113.76692575796784,0.45045045045045046,2.333222873939408,0.03337627601024902,0.04831963113557686,0.02753836025878053,-0.0025766680780634488,0.007392223681445653,0.001725822103540382,with_n2v,HRNet,2
07364,131,18.39731292239662,2.2610297581625445,0.6755003105713691,18.650061864978543,10.017302885795182,74.89420212967589,0.2748091603053435,1.7386530334144519,0.026440183648571355,0.016864866964256136,0.01590163767149571,0.01467871606413973,0.01437359293703766,0.003907454630209025,with_n2v,HRNet,2
07370,133,18.637981121902563,2.290607879881825,0.8817143227215851,17.869147890060198,19.44570574674075,101.83106222484498,0.2631578947368421,2.962091874873661,0.04087951335716776,0.042545890658748385,0.020181162590623726,-0.015696372723088325,0.05076772429324672,-0.02652930536384119,with_n2v,HRNet,2
07373,69,21.590291041625587,2.6534467690157846,0.390340719077642,30.766677074045656,42.38463731022484,89.50777283173441,0.14492753623188406,4.050205846696597,0.026331181687947396,0.0018343949458771267,0.009363539620964943,3.001837949564523,0.995809847189707,-0.3552937874984893,with_n2v,HRNet,2
07376,62,30.715973436705493,3.774993135371105,3.6207137027707326,30.439223589013658,21.280263177286532,90.41804995157078,1.0,2.6367629920718563,0.03861350306442494,0.028830386254945446,0.05619103228499153,-0.01025586581265625,0.0015561506926420332,0.08328734710702923,with_n2v,HRNet,2
07378,64,29.75589259729903,3.656999200208051,3.3949856355728336,30.712523775126748,42.4182886365353,89.90745609842163,0.140625,1.022601446689147,0.005104803225077557,0.0016042122783278719,0.003276909403900439,-0.0013836274385042868,0.9955943104660343,-0.08917234930077056,with_n2v,HRNet,2
07380,61,30.647652470786543,3.766596488659666,3.580932852601645,30.36690739012844,21.285753197781627,88.38463185792295,0.6557377049180327,2.028726458299532,0.02526599312325041,0.012798734763987135,0.030891388138048776,-0.012608811641340978,0.00042772582583561203,0.10082636747990642,with_n2v,HRNet,2
07387,59,28.25750929050754,3.4728478918033763,4.8643618170296214,21.36050860540868,30.697238383528394,84.81218188658137,0.3898305084745763,1.9641364097100993,0.021895681375468837,0.02089170992730333,0.02331029898541868,2.9503810062704323,0.04360732365943809,-0.47355268986145993,with_n2v,HRNet,2
07388,61,27.82001446961034,3.4190797783151106,4.397305079049772,21.51420955949972,30.57476459606091,98.40700853773697,0.3442622950819672,1.1657478196238615,0.021481597760277853,0.010999712897542065,0.01119478341978961,-0.012014038417197503,0.007653915149150148,-0.009719440916875807,with_n2v,HRNet,2
07400,65,21.711809566928327,2.668381395775491,0.5639936605424616,42.488270616189155,30.72552974956744,90.06340312553515,0.06153846153846154,0.7035130564282771,,,,1.6379486971649082,2.3578193116456894,-0.9985098773104304,with_n2v,HRNet,2
07403,65,30.69438727336184,3.77234019589617,4.391914356760619,35.09981133547924,30.863309393007057,90.47476977716533,0.23076923076923078,4.153325613766661,0.01720043688232451,0.04712589724129155,0.02333209680074358,2.2259688725921465,1.4506421583943436,-1.1754837600984942,with_n2v,HRNet,2
07404,65,29.3341144376909,3.6051626643922114,3.821745015612768,30.33270415680866,21.25907614094775,90.12618587716672,0.8923076923076924,3.1958913059704943,0.06166253724117149,0.05734627972214564,0.019826695047635734,1.8241730072320061,1.1199211278776753,-1.4732199586121684,with_n2v,HRNet,2
07408,66,21.59743992361471,2.6543253666122477,0.08646955080959806,7.691679711565221,21.606006218423936,100.23841143219983,1.0,0.11158193450073486,0.0030963206931056446,0.0015296699388343477,0.001079993870965102,0.0007205789305211319,0.0002629823516175911,-4.5752421667648056e-05,with_n2v,HRNet,2
07414,64,33.31890777632871,4.094893765710798,6.64720846031895,34.57191689950368,30.734527528322943,92.11094501581502,0.21875,3.6597933343792404,0.02956858290341237,0.039123169177257756,0.035471392007128906,0.9487072871607769,2.6481129107068435,-0.8914294787767238,with_n2v,HRNet,2
07415,46,33.31636725011472,4.094581535039099,7.216605169356612,42.43157224961082,30.908651840375267,100.0379665660997,0.13043478260869565,0.571335868875493,,,,-0.40047651622491287,8.437721541126429,0.15106105158354277,with_n2v,HRNet,2
07418,67,21.58550463839888,2.6528585200592225,0.48465504525747605,42.50008500265973,31.71569994621309,89.06439736496638,0.1044776119402985,3.0839777593160242,,,,1.3209107989012185,2.8047362997287144,-0.84055174306489,with_n2v,HRNet,2
07437,154,28.78578267503812,3.5377726907621847,1.095923302546197,29.417163853844333,29.46020125874054,119.91574029958355,0.012987012987012988,1.6996475444483221,,,,-0.0006345658867431547,0.0010935657146300404,-0.0008469874057278074,with_n2v,HRNet,2
07443,160,28.880028154767757,3.549355460220957,1.025270920428925,29.40199062572943,29.46100104800782,60.1110208521821,0.03125,1.057124544632118,,,,-0.0003249696483430542,0.0005629090226255684,-0.0015364620253391034,with_n2v,HRNet,2
07449,143,28.686026500924434,3.525512656963613,1.2201902392440367,29.358435575014212,29.396392782993615,60.108934420464045,0.027972027972027972,1.0581579400888708,,,,-0.0024927765455721174,-0.0009833091549058537,-0.001089212065214914,with_n2v,HRNet,2
07454,131,29.04035584743866,3.5690597336502115,0.6731783000105445,29.458278022956854,29.454817007227284,119.9744869282104,0.05343511450381679,0.14386963015665616,,,,0.00034017366670280325,0.0007277956465052693,-0.00018420763025660578,with_n2v,HRNet,2
07457,132,28.753897203131444,3.5338539662648545,1.30036545647107,29.501389063542522,29.43897815961515,60.20375678307919,0.022727272727272728,0.4062026768979846,,,,0.0019157806600831329,0.0018733879566781297,-0.0023855536161219975,with_n2v,HRNet,2
07458,136,28.81535257039822,3.541406830901941,1.0774032562093154,29.370001905836375,29.446295068461495,60.113474498619894,0.04411764705882353,0.9151622339352476,,,,0.0004652126043604987,-0.0018094564756510056,-0.0014862573637373917,with_n2v,HRNet,2
07464,132,28.879947652176078,3.54934556645244,0.9227229830836521,29.4446010626989,29.44212266005181,60.05707264003804,0.03787878787878788,0.589427080666709,,,,0.0007641009554506528,-0.0002833894672077397,-0.00023140455044570035,with_n2v,HRNet,2
07465,131,28.78344568258663,3.537485474389897,1.0982327134020196,29.395838550760136,29.4273077197646,119.95223690878119,0.030534351145038167,0.5515707750705382,,,,-0.0001524240732763138,-0.001608266245918255,0.00030154510630884293,with_n2v,HRNet,2
07476,132,28.792910614756806,3.538648714553611,1.3236211667328313,29.57783213062971,29.49576598780255,119.77768048153284,0.015151515151515152,0.32243205761071403,,,,0.006768200646906974,0.0017329643772148184,0.001156863998598712,with_n2v,HRNet,2
07477,131,28.98570910047104,3.5623436484478908,0.8909329785010485,29.490198046753243,29.499276359396593,60.01964888555819,0.061068702290076333,0.6153631252245004,,,,0.002058858061881663,0.0015374262923089077,9.075454487052003e-05,with_n2v,HRNet,2
07478,139,28.742082308044402,3.532401915658657,1.2534287866113694,29.444409959319803,29.459366570959048,60.15049364776084,0.02877697841726619,1.1185562560995854,,,,0.001508883886309098,0.0005001432940838768,-0.0014515964554958484,with_n2v,HRNet,2
07489,152,29.4037133515846,3.613716370909747,0.07805521798938742,29.44409338377057,29.44376556324055,119.99534800102325,0.0,,,,,5.4280282094643084e-05,-5.516736314781223e-05,-7.347730358733138e-06,with_n2v,HRNet,2
07498,96,36.79426156994554,4.522014746946307,0.059806318131158775,36.81728132637757,36.82898747169369,60.03327086377046,0.0625,0.04671787611489674,,,,0.0003011875468530434,0.0009718131786362605,0.00018399711856753977,with_n2v,HRNet,2
07500,96,36.3022548640476,4.461547122791449,1.0461569497045318,36.821550515837885,36.8746403817479,119.94471588803778,0.041666666666666664,1.0303437257449177,,,,0.0009842782988294108,0.0018655815719821334,0.0009005546686541902,with_n2v,HRNet,2
07188,43,26.131525263355847,3.2115644548664335,0.2588065735577274,26.134675203690957,26.015127700444094,70.71507996744873,1.0,0.425368585616947,0.007617599878636621,0.0076091218834755305,0.00444124229147076,0.004209212579780575,0.0007360790950248219,0.002429100974764609,no_n2v,AtomSegNet,2
07189,43,26.200329555232997,3.2200205023381354,0.29832824646221745,26.09040852443679,26.218699146787543,70.45765206371055,1.0,0.4415303244576974,0.007581992165738701,0.0043982878811976425,0.0046107560803902,0.004144525455914261,0.005370168856458024,-0.0026172830560971085,no_n2v,AtomSegNet,2
07192,43,26.055010871896243,3.202160836156048,0.05574379590858669,26.034934932318258,26.05343282006064,70.53635276584731,1.0,0.06553513316392023,0.0013034329267063284,0.0021124966369377163,0.000845756338545295,0.0006195641665815987,0.0008578336446163348,-0.00036348100129904315,no_n2v,AtomSegNet,2
07220,43,26.051033269683295,3.201671988844077,0.08285929055421803,26.02455029007417,26.038503666543566,109.44345630613049,1.0,0.15230926178270834,0.0018590481340130598,0.003234982680120644,0.001966740396126837,0.0003828344486878077,0.00018633288618152832,-0.00038526954788456474,no_n2v,AtomSegNet,2
07225,43,26.146099359164523,3.2133556112413197,0.619813412479397,26.022839232923825,26.20894917012377,109.95087776516534,0.9534883720930233,0.7957218184776248,0.017961922327532916,0.013118627681304623,0.010779191540287187,0.007492671559719222,-0.003545070473300438,0.0019731757212346833,no_n2v,AtomSegNet,2
07229,43,26.063362032298265,3.2031871937694567,0.09731164246430346,26.04635674255445,26.047875941023694,109.50664881931048,1.0,0.16749199127813294,0.003159796734831213,0.002113850436640367,0.0015491221050788035,0.0010089951299518951,0.0003965360115725236,0.00013904343340509246,no_n2v,AtomSegNet,2
07248,69,21.277805367637423,2.615042279682639,0.18736408001274718,21.262642451226576,21.303377576433395,89.82614808210745,1.0,0.32444368937320095,0.005600201111228498,0.00788640152172655,0.004733577849726848,0.0006067616854328328,0.002505284361485227,0.0015197259080221527,no_n2v,AtomSegNet,2
07249,69,21.33561946070718,2.622147631720912,0.2277060144236671,21.295056094329876,21.25457908813272,89.90717144816884,1.0,0.2984558285853641,0.006846049531205318,0.0066767803516805885,0.0041492013615097864,0.0021033370352765424,0.00022791469271776776,0.000810589443036706,no_n2v,AtomSegNet,2
07252,69,21.261040266022896,2.6129818486942136,0.3896054234952775,21.29490419492906,21.214562945366346,89.76869214321249,0.9420289855072463,0.6143525325006698,0.012614309237405875,0.011527862206616205,0.009684173666419937,0.0020851087581714722,-0.0016541109289632816,0.0020247174252343903,no_n2v,AtomSegNet,2
07255,41,25.574404162191342,3.143094271533316,4.434249319876455,21.275529882420987,21.276285889917297,90.0641864453939,1.0,0.11456395000522865,0.003061991497761459,0.002739729519716469,0.0019425098456281314,0.0009108513651345795,0.0015010271894504434,-0.00048286631205180506,no_n2v,AtomSegNet,2
07262,69,21.282285282182823,2.615592861180269,0.33996118167205935,21.341046662649433,21.356859367086805,90.01360541907377,0.9420289855072463,0.508162918282936,0.01174140886138266,0.010794420591260344,0.00873924003938542,0.005035126606121487,0.004284885585472242,-8.080169259925087e-05,no_n2v,AtomSegNet,2
07268,41,21.10777830449858,2.5941459536228755,0.29713176955303133,21.13281604260422,21.20121073338134,89.92854215332578,0.975609756097561,0.4869537478582368,0.0073374752777732805,0.01132311591841696,0.0075917460272467525,-0.0036390259876029063,-0.004167365871532325,-0.001698932090867609,no_n2v,AtomSegNet,2
07273,69,21.269760448045613,2.6140535590648057,0.054054990456668506,21.275386597344966,21.26667548614782,89.99425670335681,1.0,0.08582106931013514,0.0022800149383357298,0.0027988484723200395,0.0011771377383902764,0.0009585833556269296,0.0009928687006786063,0.00020818562648699236,no_n2v,AtomSegNet,2
07274,69,21.289554344220367,2.616486228904683,0.11893260336711364,21.292525700580352,21.273751304243216,90.01901318732843,1.0,0.1718469515825454,0.00433023123355831,0.004033974129653767,0.0019931224260959397,0.0017445925502981297,0.0013463143438601222,0.00044501769403052947,no_n2v,AtomSegNet,2
07278,44,21.302436412126756,2.618069435050378,0.40438627684301487,21.27562661399507,21.203369421867247,89.28656911645152,0.9772727272727273,0.7714552432735714,0.01896175112056359,0.01661794884093568,0.006164292921902696,-0.006772358635852904,0.005693937925212111,0.0017079647980799706,no_n2v,AtomSegNet,2
07279,69,21.292927647937358,2.616900807931501,0.4479971068875592,21.2656469973318,21.320618250745508,89.698689807043,1.0,0.5659428804037492,0.01537524426593414,0.012092299142709578,0.009591940260175045,-0.0005410059392204625,0.004706181536866971,-0.001296815070550718,no_n2v,AtomSegNet,2
07287,69,21.3460440693303,2.623428816120694,0.25399850816571146,21.344526031937658,21.34350857714913,90.24370207904214,0.9855072463768116,0.47519360786904297,0.014142208084793632,0.01228789936358697,0.006062376243315382,0.006282382238344875,0.002556837727447414,-0.0010452909454709306,no_n2v,AtomSegNet,2
07290,40,21.351736786335866,2.624128451040678,0.4569701210494479,21.283202420200126,21.311116498041983,90.53830332288621,1.0,1.0274307165396102,0.025898379212026708,0.02027048513620962,0.013476793567117486,0.005953998112860903,-0.001538592393843019,-0.0029261326434768045,no_n2v,AtomSegNet,2
07291,69,21.26403945038267,2.61335044845203,0.0600103457247716,21.264924049199575,21.260226370006954,90.03154919459416,1.0,0.07287655574052739,0.0014260201264413616,0.0021275735060762133,0.0012472545917047689,0.0008167062438848571,0.0003547608158536164,-0.00018123276031874137,no_n2v,AtomSegNet,2
07294,69,21.27237811651056,2.6143752705191474,0.1921495841920855,21.317339192307184,21.272851664859093,89.95535319966295,1.0,0.277579413254371,0.006165584516961451,0.00546788479942903,0.004565463791344799,0.0028487081822614613,0.00140188514626427,0.000862104736295265,no_n2v,AtomSegNet,2
07301,69,21.256223849585854,2.6123899111141013,0.115438086866547,21.271587579135662,21.261456431417997,90.03937415387605,1.0,0.1798617354965888,0.0036177646815505993,0.0034255577726603724,0.0026032096701104823,0.0005429479477370158,0.0010143060604776988,0.00034160111658148695,no_n2v,AtomSegNet,2
07304,69,21.255558156066517,2.612308097380575,0.1962389838366292,21.235244839846068,21.28504866064936,89.96569853767006,0.9855072463768116,0.3652902790633821,0.008172739356243977,0.006602752018887925,0.0056144087761008194,0.001656150502256537,-0.0007023619355785993,-0.0002997604511301024,no_n2v,AtomSegNet,2
07308,69,21.3461801267348,2.623445537575707,0.2754244130804704,21.321286462103554,21.37981737962331,89.84243382210157,0.9710144927536232,0.535551736311332,0.008750356307204143,0.011887450007975434,0.009927569219784197,0.006091903546633137,0.0033694075376389243,-0.0013798683921105786,no_n2v,AtomSegNet,2
07311,127,18.508124904472247,2.2746485507596392,0.6067022300877696,17.53437683409535,11.66270975845511,106.61577027091796,0.3228346456692913,2.5699261929776265,0.026425584976792784,0.040705584311364555,0.016027171473640755,-0.045927396485810235,-0.3088554659548327,0.2075181570813797,no_n2v,AtomSegNet,2
07314,130,18.396052343898646,2.2608748330651434,0.8102614626965643,12.300982680881603,18.078892530846257,109.26273502607339,0.23076923076923078,1.897880480993472,0.024181738514200524,0.018555417031354427,0.013913490715116902,0.010098619108253937,0.005256251932453937,0.002757242211313203,no_n2v,AtomSegNet,2
07317,126,18.7440482448013,2.3036435292860795,0.742604322402606,18.02927868164828,9.353505253343558,102.22581661764747,0.3492063492063492,1.9000884311610888,0.027763026435587507,0.027296465645780053,0.019417360634799,-0.38810966271170744,-0.024340035981625596,-0.20637648772966355,no_n2v,AtomSegNet,2
07318,116,18.71816602204824,2.3004626041097285,0.810778676678936,17.901131066466327,17.680673754252787,63.57719041994267,0.46551724137931033,2.2094116724223403,0.04561499960635508,0.030296022863894698,0.02360814279497639,-0.06526645227467776,-0.015876321736571275,-0.05954884255748304,no_n2v,AtomSegNet,2
07334,107,19.00087560452656,2.335207611796314,0.7442442614600537,12.794793757071371,18.22933965242432,105.66244275716863,0.22429906542056074,1.8084066442695692,0.01712952323391809,0.024795223215215736,0.013381688548188834,-0.012145316095900416,0.0345715113008922,0.023610081128954723,no_n2v,AtomSegNet,2
07338,112,18.71568956443462,2.3001582474690148,0.6504405611136619,18.71039322993618,9.78873448433347,102.79290116687221,0.2767857142857143,1.6485096728238988,0.026505355463386043,0.02466297843132813,0.014461139879213292,0.04574096123782545,-0.0015887316256827377,-0.004724427734412661,no_n2v,AtomSegNet,2
07342,109,18.79707302989264,2.3101602753738053,0.6345867794499185,18.06665954035569,19.89364114318228,70.72546430710058,0.3211009174311927,2.4366795062049387,0.025531041126058977,0.06448991206748438,0.03310722170002727,0.010913295213595742,0.20436056013308268,-0.10846799222964779,no_n2v,AtomSegNet,2
07347,111,18.742003949906817,2.3033922854435476,0.7066796738483028,17.445426146027117,17.9048415642928,64.61821378717922,0.5585585585585585,2.6725992025592182,0.046743616188201234,0.050566005206812606,0.030487386752398957,-0.004095329472181053,-0.02747752572355322,-0.0072263951572106196,no_n2v,AtomSegNet,2
07364,132,18.423629639780614,2.2642640827290372,0.6299253866252563,18.74991261686315,10.52328445180594,104.85683455245497,0.26515151515151514,2.3685524600855166,0.021563050337607782,0.0251721717460649,0.018096601731833643,0.05804358281095756,0.028489867188480344,0.028036163795369794,no_n2v,AtomSegNet,2
07370,133,18.6213848663098,2.2885682000694745,0.846032174750512,18.594023909032476,19.55476408017078,106.05983139159102,0.23308270676691728,2.69931866084533,0.024919387953614428,0.036238659050272404,0.021431035935946606,0.03537620678139475,0.025697426729412554,-0.007299572232747739,no_n2v,AtomSegNet,2
07373,66,21.715040867790254,2.6687785226514222,0.2469101268216196,42.610522677815204,30.84674536920992,89.90881431460201,0.12121212121212122,4.391816616241558,,,,3.012253245120439,1.0064811316266336,-0.3662992891318609,no_n2v,AtomSegNet,2
07376,66,29.513901675667945,3.6272585159395905,2.738411971648553,30.763412757648155,42.45699482811371,89.65632409241334,0.18181818181818182,0.305748214048094,0.001116343011722232,0.0007646514550686831,0.0014306979307026216,0.0002813690354470655,0.9982058044638682,0.09211342842251728,no_n2v,AtomSegNet,2
07378,66,29.29874467430642,3.600815720472259,3.324300669471782,42.50503620336056,30.670927362621264,89.74654159402286,0.12121212121212122,0.5890964914750847,,,,-0.0027214861497493192,1.001213929804445,-0.0907631783257977,no_n2v,AtomSegNet,2
07380,68,26.89453222622728,3.3053380106033328,4.353316557153615,30.2338094081164,42.66235631696792,89.95337555156513,0.058823529411764705,2.2187710025699046,,,,-0.016933075202211545,1.0069203666511202,0.08769027058394156,no_n2v,AtomSegNet,2
07387,66,21.63743296238464,2.6592405110770723,0.48064828547000893,43.63707084488031,30.764540683635428,80.45562244747732,0.030303030303030304,0.3616150278005463,,,,7.773217916022906,0.31430327643414246,2.462401330623221,no_n2v,AtomSegNet,2
07388,67,21.51749016541086,2.6444995413289942,0.44324126394618446,42.526290627790566,30.398482720041173,90.4093782975322,0.13432835820895522,4.0411438781744105,0.014667057100801732,0.0037579300468221096,0.005859604779764692,0.016929125374052,0.9728275290282664,0.1850640786312813,no_n2v,AtomSegNet,2
07400,65,21.579197704047804,2.652083397827475,0.19693820240688353,7.699527525228311,21.631822001438515,100.2162152677621,1.0,0.3020048090561864,0.004501822480644453,0.006529938643027394,0.003264416564756617,0.0020340539775336453,0.0012534714202840913,0.00018584273130304612,no_n2v,AtomSegNet,2
07403,67,21.65318472229694,2.6611764023702937,0.46689355015648104,42.6899079301151,30.891185434012385,89.68036827267649,0.11940298507462686,0.42427762208303454,,,,2.3665539269480624,1.6579336144885346,-1.0056205597673828,no_n2v,AtomSegNet,2
07404,65,21.576720934022966,2.6517790027914225,0.46911578839452517,42.415317693101,30.823217469882387,90.0473830836016,0.15384615384615385,0.9299655743868249,0.017956538237631013,0.0015701977806011353,0.0028388829482241186,2.3672317975674972,1.638687201658242,-1.0061144337516577,no_n2v,AtomSegNet,2
07408,67,21.599873862541852,2.6546244977063935,0.05844603005276028,7.696123766866112,21.616953735665803,100.24327831964047,1.0,0.11398904950205696,0.0016393294744224344,0.002123334329547551,0.0012527249238453925,0.0012025422754580184,0.0008504803141105022,-6.524833984955104e-05,no_n2v,AtomSegNet,2
07414,68,21.524137526660517,2.6453165020265774,0.5354230149126806,42.581398323184466,30.9500999066659,89.45429435127033,0.1323529411764706,3.917583130741137,0.003999382690810131,0.012087056924215144,0.005831761982721221,1.8184030100834598,2.212257589868423,-1.0530376322433306,no_n2v,AtomSegNet,2
07415,63,33.27328776881106,4.089287066786879,6.972330565317918,42.26781352665388,31.018677347788014,90.05607118188402,0.19047619047619047,1.2425988049362726,0.005432272114396072,0.005183679888426526,0.004381569682044751,1.1849849772727494,2.8393194476882826,-0.7026489096077749,no_n2v,AtomSegNet,2
07418,68,21.61286191353294,2.656220729173198,0.21187507351980095,42.57831075228541,30.957795191362283,89.53804969768476,0.1323529411764706,4.012881878845675,0.0026685632042534927,0.008147769434109784,0.004081416087827789,1.3170195015292685,2.7135749087340444,-0.8140048048799131,no_n2v,AtomSegNet,2
07437,153,29.143183775915567,3.581697286060023,0.5963878964399854,29.46568195818571,29.50261409408364,119.89001808972293,0.006535947712418301,1.283379216276084,,,,0.000778872006697684,0.0030289682956923247,-0.0007272143475039452,no_n2v,AtomSegNet,2
07443,159,29.103384320200014,3.5768059329525816,0.7371391541465826,29.453121366395905,29.494896390901026,119.91003302669571,0.0440251572327044,0.42709416799638633,,,,0.0005473718333799393,0.0023678218906955095,-0.0008080602874523517,no_n2v,AtomSegNet,2
07449,143,28.925082339621977,3.5548926195395407,0.8607903171581626,29.46654210017553,29.452317997625475,60.06613095732147,0.03496503496503497,0.5070690322316792,,,,0.0011037861423826012,0.00056528926547883,-0.0006622126486733604,no_n2v,AtomSegNet,2
07454,131,29.226652591056816,3.5919556034408826,0.42984687763011564,29.487523488334773,29.490526050500144,119.98186880067456,0.05343511450381679,0.16553296156501707,,,,0.0015529423168409995,0.0016468545666978862,-0.00018334546202243245,no_n2v,AtomSegNet,2
07457,133,29.098012270970806,3.576145708102312,0.7447759213326108,29.520463397315204,29.465940124192933,60.148663591398424,0.03007518796992481,0.5634924092560731,,,,0.002567449704848901,0.0022315596531437,-0.0018279446794649552,no_n2v,AtomSegNet,2
07458,136,29.107327072231772,3.5772904971772848,0.6133118263977373,29.43281674260234,29.476455087554456,60.08518225298072,0.04411764705882353,0.5574385071541033,,,,0.0016172423276523684,-8.622284420611859e-05,-0.0008475504841336184,no_n2v,AtomSegNet,2
07464,132,29.133062213315085,3.580453346016424,0.5888145610965552,29.480897159634043,29.467097964062297,60.04322261398052,0.030303030303030304,0.6002597553134332,,,,0.0017256985443183659,0.0006976826373268352,3.0106441343917534e-05,no_n2v,AtomSegNet,2
07465,131,29.127187165279942,3.5797313026129047,0.6175033950941007,29.46815157601075,29.455328250997965,60.05093689288329,0.030534351145038167,0.4082813160275919,,,,0.001413361258105983,0.0002662829459512128,-3.1637983158084034e-05,no_n2v,AtomSegNet,2
07476,133,28.98133161948442,3.5618056560346347,1.0298541692267236,29.562638677474272,29.530430030706135,60.14836811811744,0.015037593984962405,0.27308455402646137,,,,0.0044132765686324404,0.004004053911050631,0.0016249707542176355,no_n2v,AtomSegNet,2
07477,131,29.16766117972694,3.584705558988441,0.5624453944098065,29.49802542443578,29.506227084092785,60.03768391101916,0.03816793893129771,0.46867488420223247,,,,0.0017670594643333093,0.0025131227224008956,0.00016911933883273825,no_n2v,AtomSegNet,2
07478,139,29.008212194124813,3.5651092786579395,0.8456551229415865,29.48884198408099,29.53412475801775,60.10230110256026,0.02877697841726619,1.0471129033719182,,,,0.0025350134199477736,0.003039361047310285,-0.001331168907692508,no_n2v,AtomSegNet,2
07489,152,29.3867069029158,3.6116262783683517,0.14000083343118774,29.46268154951742,29.462657911397596,119.99441252078195,0.03289473684210526,0.19431974585814285,,,,0.0006200285821529317,0.0006614582642698874,-4.947898697377505e-05,no_n2v,AtomSegNet,2
07498,96,36.776642126853595,4.519849317390307,0.11235463144176094,36.84635998913783,36.836218047157615,119.98534564456376,0.0625,0.08576718318962642,,,,0.0008882823329550149,0.001183627762549877,0.000159496084217655,no_n2v,AtomSegNet,2
07500,96,36.50425694505435,4.486373178547179,0.6625945084718836,36.896862906730014,36.85165055710872,60.049744529325935,0.041666666666666664,0.3976938663085513,,,,0.0017461573791546225,0.0024690909017095475,0.0007906002200465533,no_n2v,AtomSegNet,2
07188,43,26.12003732731201,3.210152587526646,0.4426009846529091,26.110688499855087,26.061143147851478,70.7211121944329,1.0,0.6402179029061916,0.010468968782379212,0.007464277110740675,0.007159588557414693,0.004701346627971059,0.0011219947634024674,0.00100147067673507,no_n2v,UNetPP,2
07189,43,26.222936300894276,3.2227988713799065,0.4094111137389227,26.13857174246325,26.25597823309249,70.60137742972691,1.0,0.6414177983476862,0.014957350847025054,0.006853536582666158,0.006425030139873974,0.007569810295690704,0.0061162758002837325,-0.0023916323581680632,no_n2v,UNetPP,2
07192,43,26.074520873300358,3.204558615328614,0.0536093090536216,26.071353799560455,26.054574202573487,70.53633470216158,1.0,0.07967442668778171,0.002229010636391641,0.002003859810382043,0.0010300441220494711,0.0017005080602208178,0.001220045956505933,0.00025910998381455433,no_n2v,UNetPP,2
07220,43,26.08078547943788,3.205328535422915,0.1163374003191393,26.056840531487744,26.06821655241671,109.44319963005866,1.0,0.17279855543140618,0.002366763210197193,0.002698048793936837,0.0019077817047776918,0.001527773621130768,0.0014252269452545985,-0.00036136598662144166,no_n2v,UNetPP,2
07225,43,26.11137444578469,3.2090879193869384,0.7733700205466292,25.964921224329174,26.09768430888593,109.91691018220375,0.9767441860465116,1.0427839242905734,0.020860154298569113,0.01662405822148876,0.011383193265518371,0.003243115375049621,-0.0055781207871594685,0.0022351029040240692,no_n2v,UNetPP,2
07229,43,26.07465456978043,3.204575046626015,0.11933214053789598,26.085134202558834,26.07897649477298,109.49248348505373,1.0,0.20414663509235878,0.004604099807273711,0.002760961834451221,0.0024521732137753375,0.00220344732599842,0.0019740546201092446,0.00020919008384531925,no_n2v,UNetPP,2
07248,69,21.265583366766407,2.6135401957755913,0.16639373643332966,21.245298939036747,21.24120949166386,89.85882434655541,1.0,0.44233456103474905,0.006565690812547541,0.011162171102527147,0.006439220540933366,-0.00020875586661806,-0.00042050546438976433,0.001231529319865532,no_n2v,UNetPP,2
07249,69,21.20775327277138,2.6064328772236025,0.20750819469573756,21.235711723025094,21.198546241762067,89.86322702550021,0.9855072463768116,0.3405832161704492,0.008184439614315604,0.008679087068209614,0.0062436250924608324,-0.000689880319018954,-0.0024091158508191546,0.0011912226321314997,no_n2v,UNetPP,2
07252,70,21.27783580976069,2.6150460210195887,0.4369128489000236,21.27441613508002,21.407714731985255,90.31248124810303,0.9285714285714286,0.9240068729961267,0.015617949063136925,0.016303292181848315,0.012895911219884062,0.007393252527459815,0.0011630730166130032,0.002746212770040136,no_n2v,UNetPP,2
07255,41,25.745712754387736,3.1641480975142526,4.397996230119274,21.29097896585926,21.295929208583637,90.04685063828121,1.0,0.1093689905163424,0.0024139659840693977,0.001770305873163938,0.0018410143043328152,0.0023381418636794216,0.0017263527722422012,0.0002908063367242469,no_n2v,UNetPP,2
07262,70,21.22026215454729,2.6079702187938616,0.39620652271440804,21.263716305766636,21.256953591863965,89.99303316175802,0.9428571428571428,0.5619777444941059,0.013555072417199021,0.012586741388887806,0.009442387901430828,0.0003140224623334742,0.0006644569222487018,2.7350130752984382e-05,no_n2v,UNetPP,2
07268,41,21.017969551502645,2.583108457879675,0.3410898682179013,20.929023036965436,21.0809375186572,90.06383106766091,1.0,0.5310968052023902,0.009543374068013968,0.012316351161641918,0.007017957535022794,-0.009263114175316667,-0.013792370817200306,-0.0028137315447448767,no_n2v,UNetPP,2
07273,69,21.438407923497557,2.6347803337978495,0.2966180955781468,21.272404062591118,21.277063188199254,90.02005397717423,1.0,0.057927815510052307,0.0009535077077912524,0.0012053544375925688,0.00082821361135255,0.0013582270296295107,0.0009416964112538562,-0.00010639368967830262,no_n2v,UNetPP,2
07274,69,21.274056078723902,2.6145814920751675,0.1372779270118336,21.258137783149095,21.273860424967207,90.05210751915348,1.0,0.170001385824386,0.00440313809256848,0.0031840054946232115,0.002548581880245447,0.0012270129969667032,0.00025044975078136744,-0.0003664784407452494,no_n2v,UNetPP,2
07278,42,21.19213946788656,2.604513940603258,0.4002383095852924,21.007394076585552,21.156248348572465,89.61407888552898,0.9285714285714286,0.7565015988964578,0.017279327276583746,0.01660078647453014,0.010800145844900688,-0.011298117969221422,-0.004592856597640971,-0.0034900780855228273,no_n2v,UNetPP,2
07279,70,21.15853311705552,2.600383720086123,0.46342497153851525,21.160385005600745,21.19520000748658,89.60591581119303,0.9142857142857143,0.654187652557649,0.01489194071436423,0.012006702266053765,0.009638620188061603,-0.0067646611193517,6.930571167673705e-05,-0.0008223149337407965,no_n2v,UNetPP,2
07287,69,21.286267006441104,2.6160822150916117,0.3947406776983282,21.22982211005374,21.344143652644323,90.23661804053147,1.0,0.5964385322227319,0.011390641880077417,0.017839784990299184,0.007698657436329699,0.0021758471367741006,0.0012933553752541016,-0.0033634054352997466,no_n2v,UNetPP,2
07290,43,21.075980749720628,2.5902380341406652,0.5933146456289471,20.951637005942626,21.227545226643635,90.63176227257533,0.9534883720930233,0.9878031448389155,0.027947067751599764,0.02356814911598649,0.012825509290162532,-0.00605676874043537,-0.009078901931095618,-0.008361266880634193,no_n2v,UNetPP,2
07291,69,21.49802163891726,2.642106859422931,0.3769510354419534,21.26982391886962,21.269353601818274,90.00238263002085,1.0,0.07708104912878949,0.0011649347717733504,0.002193891826278387,0.0011760700526702787,0.0009331947289759057,0.0008981746918277356,-1.0401627283276752e-05,no_n2v,UNetPP,2
07294,69,21.23557935148412,2.609852702297398,0.1849402913400926,21.25439901444662,21.224375609949725,89.95022246897909,0.9565217391304348,0.385340296887996,0.006050063362369512,0.008020356282534436,0.005758920160109475,-8.906211612158543e-05,-0.0009040840284896268,0.0007293482221454814,no_n2v,UNetPP,2
07301,69,21.263513245648085,2.6132857778901495,0.12900503521883877,21.25513453825107,21.26581018210753,90.01401881926336,1.0,0.1786300005233193,0.004116609979427316,0.003560426419414357,0.0033484726832799364,0.0007478085001884072,0.00024005023459894304,0.00011998550450230256,no_n2v,UNetPP,2
07304,69,21.26731347148567,2.613752825645589,0.2924971590347507,21.19745901088671,21.266372512289536,89.99141395517348,0.9855072463768116,0.5226024305900927,0.011128766493865207,0.00881089847714143,0.007004719948266974,0.000776974664019825,-0.002480613235727014,-7.644965957415492e-05,no_n2v,UNetPP,2
07308,69,21.225077507893246,2.60856202572008,0.2791493615299441,21.275053185719884,21.21069580382286,90.01957629054516,0.9855072463768116,0.7262574237927226,0.009304304753869596,0.022244829221734354,0.01200307047267811,-0.001865929988214332,0.0011948986161165465,0.00017217051578539668,no_n2v,UNetPP,2
07311,127,18.355061829336407,2.2558370988254444,0.615343374616609,11.55155400480346,18.762748914360376,106.95314042451976,0.29133858267716534,2.386816933337129,0.03206051915659441,0.022443046298056345,0.017192551820840393,-0.3371034764425992,0.020633453845636307,0.11866167403578065,no_n2v,UNetPP,2
07314,130,18.47326839285055,2.2703646854813324,0.7910074360292914,17.9893547821504,12.135298285102847,109.41684899283838,0.25384615384615383,1.979208825961461,0.022251766861120372,0.02570365467056501,0.014701695190551485,-0.007786081244805176,0.003661791430803918,0.006230507948055752,no_n2v,UNetPP,2
07317,126,18.710278396983973,2.2994932149893303,0.6886093707835155,18.75273704472076,17.397092100103496,115.80790717701035,0.3253968253968254,2.3907301239487326,0.028708994917616238,0.03636450511766918,0.01669390463144744,-0.01939060132934234,0.0354847238666236,-0.012946158254783593,no_n2v,UNetPP,2
07318,115,18.699979014508052,2.2982274208830398,0.7745586263764448,18.391584309050387,18.293701713631542,65.88463692355826,0.24347826086956523,2.2517543572984593,0.06686662122464847,0.021593487638284153,0.02865366131598674,0.0026927790142325936,-0.00548487172386769,0.010865611244656613,no_n2v,UNetPP,2
07334,108,19.14847897470876,2.3533480659917063,0.6699829467327341,8.771220200253646,18.907813518265122,100.51368717522156,0.32407407407407407,2.200425482102203,0.02178098037972474,0.023689651806607467,0.011396070522013727,-0.008161912382483094,-0.26482295559807656,-0.25699476806944854,no_n2v,UNetPP,2
07338,111,18.607776575276574,2.2868957411014907,0.6477904976526361,10.26855951143163,19.10903653067262,105.26313036077799,0.3063063063063063,1.7372853133385404,0.025529446528318147,0.021731976319992057,0.016863790388123637,0.10086095148742769,0.006102738943362329,0.017514985930944492,no_n2v,UNetPP,2
07342,109,18.896818335701592,2.3224189734577254,0.7340517371268263,18.447141818780775,19.658897570103157,69.94785476470275,0.25688073394495414,2.5690851797075593,0.02427837380499461,0.048929989402769186,0.022635361533360016,0.02443565274460835,0.1906677198372042,-0.09332578401620192,no_n2v,UNetPP,2
07347,111,18.674370568689156,2.295080142891897,0.6615893194224718,17.93209377469389,17.445043721535363,115.2877716747937,0.5675675675675675,2.853438972312722,0.04575185344135035,0.04728205660683436,0.03086141265990387,-0.003970901760362744,-0.025368334646567736,-0.0065324921737323245,no_n2v,UNetPP,2
07364,132,18.50295598863507,2.27401329100325,0.6667909924769813,9.928445734295876,18.523968716361686,102.97918259962923,0.3106060606060606,1.7401607239415926,0.02459012921797018,0.021802187504517186,0.01681569851904182,-0.006249860615777925,0.028712904463845224,-0.0042707312791177045,no_n2v,UNetPP,2
07370,133,18.56361693705446,2.2814685215639927,0.7655685204722822,17.919165310787907,18.761375941966396,101.27920052309024,0.22556390977443608,2.1095550885701293,0.023980396320193973,0.024240118958289356,0.017971059747845713,-0.03642649985184021,0.039629202875256286,-0.008365470042264693,no_n2v,UNetPP,2
07373,66,21.67010178238938,2.663255509055655,0.2125725118988253,42.55473722849257,30.81233478472588,89.96701616141021,0.13636363636363635,3.100574746286574,0.024268315175112055,0.00026219149710174323,0.00610539417833676,3.007782641650583,1.0031343988950656,-0.3638781966800175,no_n2v,UNetPP,2
07376,66,30.129440497244083,3.7029082371112976,3.3325840600631125,30.669306609493393,42.64944585085791,89.58432700669442,0.12121212121212122,0.856514526159566,,,,-0.0027904994217434753,1.0077033650314382,0.09184255038281262,no_n2v,UNetPP,2
07378,65,30.815988163729997,3.7872849453224164,3.6449370165626966,30.69062470287887,21.722843384246744,80.07023875257191,0.26153846153846155,0.5524455548817652,0.007700200005012539,0.007283116652727305,0.0033277753868908664,-0.0020773633487322085,0.007198584365651239,0.00043216404491172984,no_n2v,UNetPP,2
07380,66,29.110060369203016,3.5776264193750507,3.870945769460125,21.55625211932771,30.455657526409347,81.29238519507913,0.2727272727272727,1.2611922397588138,0.007605939934361913,0.008492684291297112,0.008210271796431625,-0.009727934591171272,0.0023652067974344604,0.010203120227074317,no_n2v,UNetPP,2
07387,68,21.601926354715903,2.6548767489945844,0.7862216094075389,43.523030957452,30.702563842576517,80.50937096924893,0.04411764705882353,0.264636219889971,,,,7.76303852786231,0.31021773511700146,2.454137161769372,no_n2v,UNetPP,2
07388,65,30.753467056592932,3.7796011012552713,3.7345712449444974,21.210949560888643,30.197978036887445,90.94140003393478,0.8923076923076924,1.5909172088287307,0.030160037729106536,0.022515379333892947,0.03383668076925256,-0.05604120565580184,0.03594837300885145,-0.06358292801647239,no_n2v,UNetPP,2
07400,65,21.647727100259754,2.6605056606219235,0.22292002925587084,42.51364811728347,30.821225850219303,90.04794690533477,0.13846153846153847,0.4812094842933409,0.0011802915702472186,0.0019007763651852207,0.0012886419757469193,1.6427564104815522,2.36734665602017,-1.0037878398638322,no_n2v,UNetPP,2
07403,65,21.6362010950903,2.659089114586598,0.3920806557046923,43.30833251903621,30.89318752510636,79.03790656992179,0.046153846153846156,0.8861800506001911,,,,7.907620037821783,0.07996778262571524,-2.0095475799833125,no_n2v,UNetPP,2
07404,65,21.653652249767983,2.661233861496485,0.5700108600553442,36.376020305132755,31.07848629127553,88.3802589695769,0.2,2.3915167050344666,0.00631558627005708,0.0069040148467713666,0.005440852011350555,2.2180839482599533,1.53544986621809,-1.165511581030354,no_n2v,UNetPP,2
07408,67,21.59155351348714,2.653601926807569,0.07238084406159828,42.56079778608318,30.842874192443986,90.02995946839933,0.07462686567164178,0.08169840056206462,,,,1.1915963810715944,2.822799100659016,-0.6888678196969412,no_n2v,UNetPP,2
07414,66,21.495900423022256,2.6418461619894353,0.5187467842432643,36.23620576890652,31.113642820001342,94.53702297824408,0.19696969696969696,2.827640575350237,0.014472474140790573,0.012570728029772084,0.011880244842578732,1.7861391510970765,2.0115412922499245,-1.24588782468948,no_n2v,UNetPP,2
07415,63,21.599992348738844,2.654639059660004,0.7249483151158813,26.825985030168795,30.97505845633356,91.67849748351544,0.5238095238095238,3.9866954103889056,0.07212039423091092,0.07846468368447655,0.0804948249546159,0.6516500871922097,2.641361903880049,-1.0214660249411531,no_n2v,UNetPP,2
07418,67,21.59311225641721,2.653793496313675,0.3117908577039934,42.526602773206136,30.973367718437128,89.47150591235184,0.13432835820895522,3.563230842196303,0.0022997002020948318,0.014928244009707414,0.005539194208693365,1.3139034386612924,2.7159726515207323,-0.8139985578821864,no_n2v,UNetPP,2
07437,152,28.923737058194888,3.554727284452152,0.8605702311731598,29.442629058165746,29.480854142463112,60.05937482791019,0.03289473684210526,1.0234755900637742,,,,0.0005234178695707747,0.0012515006583522226,-0.00089657071993822,no_n2v,UNetPP,2
07443,159,28.9636564387302,3.5596333763199417,1.003562521323115,29.46735244099053,29.48649866094698,119.9228884394766,0.0440251572327044,0.6081350694232018,,,,0.0007113385423842544,0.002272137776235139,-0.000364772269981367,no_n2v,UNetPP,2
07449,144,28.909823668533498,3.553017328862767,0.9879556688078424,29.49280236947937,29.45601854018704,119.88841005421423,0.027777777777777776,0.7167601808302457,,,,0.002898955167260464,0.000245888255764104,-5.8044089462420045e-05,no_n2v,UNetPP,2
07454,131,29.14316809359404,3.5816953587027074,0.5318334892978598,29.471820835753093,29.46121687706279,119.95319284486348,0.05343511450381679,0.20602545374845696,,,,0.0005574178959240061,0.001402517755303423,-0.00030015056935907633,no_n2v,UNetPP,2
07457,132,28.891207567071014,3.5507294099930276,1.034578193266391,29.44318149838543,29.473373890138664,119.75674486054184,0.030303030303030304,0.6743047267018442,,,,0.0009665499300890446,0.002409809557126552,-0.0024138565690308804,no_n2v,UNetPP,2
07458,136,28.943808987152483,3.55719412452104,0.8408961259840098,29.404969985347222,29.45282727917536,60.06505276849884,0.04411764705882353,0.7462284290523448,,,,0.0004383707734669784,-0.0008588238513439483,-0.0009301646875588189,no_n2v,UNetPP,2
07464,131,28.98040326426474,3.5616915611781366,0.7810697743011712,29.447725829239115,29.44640379834942,119.95790551821098,0.03816793893129771,0.6043004226442152,,,,0.0006468051883687931,-6.468906040224542e-05,-0.00022079582806751308,no_n2v,UNetPP,2
07465,132,28.861639173765933,3.547095454455833,0.9450131997127933,29.39268679410334,29.409594487602245,60.09023653458167,0.022727272727272728,0.46904730131623684,,,,-0.00039743861522079094,-0.0016451478484078574,-0.0007333236401376888,no_n2v,UNetPP,2
07476,131,28.834057760401272,3.543705698753316,1.164950313908788,29.502943314805567,29.587685923081132,119.90480882296558,0.05343511450381679,0.7311765078138821,,,,0.00582301705777466,0.001976630953652192,6.3017228561520035e-06,no_n2v,UNetPP,2
07477,131,29.0286185939467,3.567617225196049,0.7706360794883249,29.474905015491423,29.468533827485093,119.90782219789254,0.03816793893129771,0.3192271443329092,,,,0.0004595322148828185,0.002304137300225273,0.00013335910607541163,no_n2v,UNetPP,2
07478,139,28.923781343826747,3.554732727156307,0.9570629866244289,29.47857705334688,29.476024438076834,60.06383195231467,0.02877697841726619,1.1300202239197064,,,,0.0017958656190344424,0.0010685055796277876,-0.0005243415215263607,no_n2v,UNetPP,2
07489,152,29.412410480433028,3.614785248045219,0.11288030473634159,29.458619330097335,29.451378726076843,119.96418533282352,0.03289473684210526,0.21145353841412984,,,,0.00023689095950696348,0.0008281411599397881,-0.00024256732160544145,no_n2v,UNetPP,2
07498,96,36.80109303578602,4.522854334098102,0.10566616906212545,36.823060628788774,36.84944302743701,119.9584096785024,0.0625,0.09278967923651477,,,,0.0006154790643595476,0.0014543216806550685,-0.0004133681493832421,no_n2v,UNetPP,2
07500,96,36.43298271480875,4.477613575649995,0.8128296324528677,36.85743664457271,36.82752530296647,119.94970161189191,0.0625,0.6216798131587586,,,,0.0007403611272902566,0.0017536825877022544,0.0004702000172510729,no_n2v,UNetPP,2
07188,43,26.111210167965996,3.209067729643021,0.4184544747902983,26.120234892394112,26.04084220159694,70.67689633413492,1.0,0.533515028619694,0.010641141404160765,0.007639240551815322,0.005841740446152144,0.003950214441153843,0.001186393661028573,0.0016105781993897069,no_n2v,HRNet,2
07189,43,26.219027681782972,3.222318502091127,0.34652914513263866,26.13115140383264,26.261076248984327,70.47353622417053,1.0,0.6459470682053714,0.012466461825478158,0.008770450334341751,0.00633714554423599,0.005937807447398358,0.006868313848366503,-0.002650314657479975,no_n2v,HRNet,2
07192,43,26.056424568062535,3.2023345794148854,0.045397563832802135,26.06338747071973,26.068977907211895,70.52255257121216,1.0,0.0715586188409769,0.0017717056034414456,0.001898768190639854,0.0011146736166124513,0.001443014748659488,0.0016397025650582986,-7.176909400808301e-05,no_n2v,HRNet,2
07220,43,26.089637771936673,3.206416482171017,0.15372176803429838,26.07280049756432,26.06886892784657,109.45779674900574,1.0,0.1703618240615123,0.0031396831533458667,0.0030760933605328616,0.0019457533894770326,0.0015994658750022595,0.0019015674364066815,-8.813831864524412e-05,no_n2v,HRNet,2
07225,46,25.984456320673832,3.193489681810814,0.7967668694295824,25.975002325411623,26.169114823297736,109.83028107920885,0.8913043478260869,0.9548000590552553,0.019185874815691426,0.012757891237790897,0.00975964445092413,0.005769148787333034,-0.004428879445608103,0.0009116245253204589,no_n2v,HRNet,2
07229,43,26.097339607265972,3.207363037732988,0.11243017947357004,26.078446224102674,26.07667796550657,109.47822905056665,1.0,0.21514748303868728,0.004377624992937028,0.003145905202128527,0.002733353507155516,0.0020053406263551565,0.0019158954043727583,6.570497812355858e-05,no_n2v,HRNet,2
07248,69,21.273786410779262,2.6145483498847715,0.2612345633730513,21.250671017458327,21.278110577318593,89.87962786210466,1.0,0.41086214645147784,0.006162701986716419,0.01148516343199381,0.0059453222349518395,4.405128605089459e-05,0.0013166244899867063,0.0010514610232808213,no_n2v,HRNet,2
07249,69,21.291038169497185,2.6166685910312037,0.24639918087847157,21.24749450843701,21.270443293659696,90.11967693815393,0.9710144927536232,0.36369024614058243,0.008927341286797917,0.007859585599165785,0.0057448709709630175,0.0009458956538557217,-0.00010645281141752339,0.0010436099985747958,no_n2v,HRNet,2
07252,69,21.180156418003037,2.603041223772573,0.5645934379135333,21.223404137038607,21.207648397429697,89.78472719419489,0.9710144927536232,0.8105330357568821,0.01472548664663766,0.019939430515406305,0.013564899590865645,-0.001271793980855862,-0.0019790758509553585,0.0018760087421069917,no_n2v,HRNet,2
07255,41,25.70631979586576,3.1593067029119015,4.408922360281812,21.29590145676861,21.307882096000583,90.01310526048563,1.0,0.08172463740538571,0.0017803350580498055,0.0013548076004458582,0.001774346951079186,0.002731055394380455,0.0021277322318009606,-4.745392421389954e-05,no_n2v,HRNet,2
07262,71,21.086988603664103,2.5915908993903183,0.4453350156986584,21.185924277630804,21.183201878524397,89.97414550046496,0.9154929577464789,0.642620595432966,0.01975550933265773,0.013322633488150566,0.01003459151299523,-0.0032496945030638935,-0.002900752793647432,-0.00016221178454038274,no_n2v,HRNet,2
07268,41,21.117433588529256,2.5953325880302454,0.4084188026186304,21.107174240564532,21.25055684800749,89.87985368798807,0.975609756097561,0.5886677075607647,0.008425944574749213,0.018712680089277536,0.010627690078128601,-0.0025625256032995036,-0.00412804543475076,-0.0034382322118915202,no_n2v,HRNet,2
07273,69,21.256316818393934,2.6124013369806143,0.0446684478121977,21.262012334315965,21.26128856773678,90.01814077951838,1.0,0.07724524705301115,0.0018367932584980628,0.001624148615182669,0.0013479805409143083,0.0007257234793505152,0.0003428663040936364,2.0252150425071862e-05,no_n2v,HRNet,2
07274,69,21.233037435878167,2.6095403008694267,0.12742448515337124,21.24843539550921,21.2529991925475,90.04068687632234,1.0,0.16646972236204371,0.004926746457876439,0.0039763274599517225,0.0024699394226836537,0.0004078246038858868,-0.0003684126676705146,-0.0001040399495321929,no_n2v,HRNet,2
07278,44,21.05507182258807,2.5876683269960736,0.4922771138854287,21.116141163411392,21.134335278511966,88.89411599327819,0.9318181818181818,0.8841898571320653,0.025960356692191183,0.01573777468357021,0.009491186867345944,-0.015546172484197096,0.0036605385734467255,-0.0004179076573737285,no_n2v,HRNet,2
07279,69,21.122175583947964,2.5959153792672045,0.49358102191768083,21.174598134808324,21.203425016726403,89.787667627581,0.9855072463768116,0.8404858142376818,0.018624127642212048,0.01466285321451642,0.012212603232958754,-0.004652782182062887,-0.0009783730538328594,-0.0006804985744100504,no_n2v,HRNet,2
07287,69,21.243749613223954,2.610856827465224,0.3970835583297454,21.243322558531826,21.30068325542802,90.30380389770659,0.9710144927536232,0.6254075793022994,0.010046712410158316,0.013741645910209913,0.00818049092505969,0.0026519095082546684,-0.0005930317647513395,-0.0024956395550089173,no_n2v,HRNet,2
07290,41,21.057970363682262,2.5880245576965497,0.5300538382200699,21.069333069712656,21.09267637105808,90.44311180579126,1.0,0.8852851567387028,0.02438695346694962,0.020056911885012883,0.013358768029438455,-0.004915879866872919,-0.011006266262750919,-0.002396854416628784,no_n2v,HRNet,2
07291,69,21.416480730686754,2.632085481801402,0.2824889025411661,21.27026541977588,21.26513766180497,90.00521762942253,1.0,0.06372709310989871,0.0014627865788243524,0.0014468264895476605,0.0008946843726585096,0.0009518087174522627,0.000702203587883421,2.2943037058218067e-05,no_n2v,HRNet,2
07294,69,21.26458875007726,2.613417957384495,0.2935348908548061,21.296212008222106,21.26537990637573,89.88491687410003,1.0,0.4002501875080739,0.008079801819853984,0.010111365378920233,0.007217084964963697,0.001589371298636566,0.0013145166949779519,0.0012341965329506024,no_n2v,HRNet,2
07301,69,21.245856933174437,2.6111158170871382,0.1715539671052646,21.2619141148493,21.262117660451796,89.95110322425386,1.0,0.22100283327347922,0.00487822301707501,0.004760417114920012,0.004172070164816035,0.0005644783711833412,0.0005685901810716931,0.0004246350147091836,no_n2v,HRNet,2
07304,69,21.292063112848364,2.616794556569064,0.41010235951621077,21.238569083052568,21.296366768344214,89.87943996579385,1.0,0.5049385129606284,0.014059545254643058,0.010188282351488156,0.007862523123092297,0.0021879339661672326,-0.0005461559108072,-0.001053724414346892,no_n2v,HRNet,2
07308,69,21.229072734509128,2.6090530390711715,0.3270614542584447,21.33136367544057,21.261856786146183,89.87620416664666,1.0,0.6122075948172826,0.010461069741207125,0.018388852045417466,0.010014588998502341,0.0005407992066908118,0.003844469243450721,-0.0010809537840172428,no_n2v,HRNet,2
07311,126,18.492748293611776,2.272758765284887,0.6809683178556494,8.288201241341124,17.957208219472257,100.71217772766724,0.3253968253968254,1.7305643669872652,0.021457120194599357,0.024247135900405982,0.01390416024278396,-0.5114497658925841,0.01581935755080699,0.13592083480364678,no_n2v,HRNet,2
07314,131,18.51582702532696,2.2755951414126834,0.8031630389924516,12.233991097851469,18.064328441533263,109.370555609851,0.26717557251908397,2.113992106282279,0.027067904786818444,0.025803714983848154,0.014961648395287927,0.004770399409030457,0.003618547508186909,0.004659751265699431,no_n2v,HRNet,2
07317,127,18.76387733719409,2.3060805247411533,0.7519693753200176,19.035508247249076,16.69233103549776,115.8818026364139,0.29133858267716534,3.035475256381066,0.030752210483302973,0.03508622116468858,0.020615399024784323,-0.05742304730606529,0.04633172808482722,-0.03189596642356013,no_n2v,HRNet,2
07318,115,18.76011831744571,2.3056185412140775,0.7819394515495848,17.898289755609603,17.682981603990413,63.678940114773766,0.4608695652173913,2.078378076972281,0.04582533089494631,0.02993569545407717,0.022929859243575254,-0.06487903392850947,-0.015383828627166363,-0.060528124932538174,no_n2v,HRNet,2
07334,107,19.178817893902558,2.357076719160624,0.8715257481350882,12.357386050844196,18.52432851381037,106.33331256302897,0.29906542056074764,2.3080268156767065,0.023414394200714964,0.02289251880763219,0.016633944572472834,-0.0065288316686578085,0.006742583833112548,0.001975575446787136,no_n2v,HRNet,2
07338,111,18.65509234445082,2.2927108491330057,0.669997668927671,19.10263324394094,10.27336806442926,74.75687564852286,0.3063063063063063,1.8157769803916504,0.023265298384816804,0.020448229489089406,0.016703864831292818,0.10141279945981507,0.005830091517219804,0.017765715008756545,no_n2v,HRNet,2
07342,109,18.769167610572147,2.3067306993393166,0.7900980153981987,18.773040733576202,18.505858116994293,65.08791309362675,0.09174311926605505,2.5331324608338854,0.0025212456609762985,0.005577986930694992,0.004699711109189408,0.009941270475206432,0.10993678728777212,-0.03121184899574337,no_n2v,HRNet,2
07347,111,18.738617133277252,2.3029760456797743,0.7381997678532546,17.413410482520185,17.705811230025933,63.29611441647922,0.46846846846846846,2.5945805418958225,0.04037799195465435,0.039041583477266724,0.025198414776304058,-0.002868126617162736,-0.05227282039232972,-0.010272537399475305,no_n2v,HRNet,2
07364,132,18.42177805649589,2.2640365231433446,0.7243661909731198,18.91210251190926,10.044925967606023,105.35143686104028,0.2727272727272727,1.9709527030392646,0.028276229379647376,0.02008559408870332,0.02007962825916429,0.027640975294139336,0.017124573874642612,-0.0006924090332243171,no_n2v,HRNet,2
07370,133,18.483965705442305,2.2716793851988593,0.7541765845102582,18.188827028386836,19.51682193387934,102.39930144849522,0.22556390977443608,3.015259979981371,0.03497906275272728,0.03836615026896068,0.018368416069660685,-0.0013397033547584147,0.055651146412882824,-0.0193683360054499,no_n2v,HRNet,2
07373,67,21.619630668982147,2.6570526092179056,0.19530355836796431,42.47327438311426,30.7842234127075,90.21397773301328,0.13432835820895522,4.019994519511532,0.016999453709856793,0.0014368968440369259,0.0071443962050581995,3.0041242074045025,0.9996137101986715,-0.3597072116805087,no_n2v,HRNet,2
07376,66,31.003485662285417,3.8103283878948777,3.6428098963398376,30.76280760598594,42.63297432445897,89.45629053793381,0.13636363636363635,0.8146180508458637,0.001647253296688177,0.0014645258561199772,0.0017528313996307604,0.00023875858033739483,1.007210437812354,0.09355523030312515,no_n2v,HRNet,2
07378,65,29.857270407971335,3.669458533139677,3.357810090638523,42.509607779157044,30.68081036657971,89.85854910072081,0.12307692307692308,1.0707387574606608,,,,-0.0023978489848967,1.001240830210444,-0.08938208461554695,no_n2v,HRNet,2
07380,65,29.48036264217153,3.623136568722881,3.497089803047462,42.71196649715408,30.195277341612755,89.94812583220549,0.06153846153846154,1.6796473479067227,,,,-0.01818581033029898,1.0092886810783432,0.08576520977999166,no_n2v,HRNet,2
07387,66,21.599140780718564,2.654534401950311,0.4234170913769031,43.44406571046652,30.720991770319472,80.5370558498591,0.030303030303030304,0.5212625681445512,,,,7.763714547233258,0.30860266865593844,2.4538084584691986,no_n2v,HRNet,2
07388,65,21.636756392254892,2.659157360608126,0.5366026100219905,31.847370243449205,30.667658810295915,91.85101704243658,0.26153846153846155,1.237010687909997,0.009706620804489466,0.009409130300420685,0.010824721777755605,-0.0008397118794088998,0.49595272953800484,0.07051067918931773,no_n2v,HRNet,2
07400,65,21.571469321666154,2.6511335796327704,0.2398238467462761,42.504873392148305,30.80836480971268,90.10027191797035,0.16923076923076924,0.46603136848210003,0.00502687636204592,0.0011774594745842949,0.0022561366537807675,1.6433750944708958,2.3639703054413195,-1.0034953418241614,no_n2v,HRNet,2
07403,66,21.577269856672274,2.6518464653850224,0.5258204476826993,43.28065114278778,30.914920664268706,79.23413613597464,0.045454545454545456,1.0553588148939446,,,,7.92648479104041,0.08675093942194656,-2.0227156181232093,no_n2v,HRNet,2
07404,66,21.575684124565875,2.6516515789091457,0.4951523952645296,42.34206378106278,30.748844589190174,89.81652984164455,0.12121212121212122,0.9945728204035877,,,,2.3519355886015103,1.6388223947370202,-1.004018428882104,no_n2v,HRNet,2
07408,66,21.576640287266464,2.6517690913050482,0.033701094583395985,7.696909279283752,21.597497847167467,79.73764265053191,1.0,0.09529317557273337,0.0016440614764708982,0.002035794658268966,0.0011736302862873991,0.00041157932129198826,0.0007825207755818298,-0.0004704357500601308,no_n2v,HRNet,2
07414,66,21.579986067531845,2.6521802876996636,0.31975934520974647,42.54608101327739,30.96070948297458,89.55523832138275,0.16666666666666666,3.715946301308534,0.011290657952724539,0.02066761114571888,0.013417979483300362,1.8209662304752725,2.2103407337337804,-1.055537610098317,no_n2v,HRNet,2
07415,66,30.57378327163653,3.7575179640841294,4.27174450915523,42.26291068926289,30.71397864848841,90.05021042862606,0.10606060606060606,1.3014587922318996,,,,1.8076952552263004,2.177520300386006,-1.0502545189804264,no_n2v,HRNet,2
07418,67,21.58340841538284,2.652600894250551,0.19189641317584005,42.51367736213373,31.756326768269556,89.06337698895173,0.14925373134328357,2.4795110238699785,0.0018466511659241,0.006247887758190067,0.00435733715722125,1.3219886605434006,2.80952289154754,-0.8420452659013312,no_n2v,HRNet,2
07437,153,28.97156175391106,3.5606049395556694,0.7997918970890083,29.44030888418068,29.474201553268202,119.93285876398076,0.0,,,,,8.226749773299069e-05,0.0014659248842181505,-0.0006678959901314412,no_n2v,HRNet,2
07443,159,29.02688819156261,3.5674045587430445,0.8901784416378504,29.48883191636524,29.47389088202255,119.93982474342879,0.0440251572327044,0.6056856175637774,,,,0.0009463023770073242,0.0021667434267802488,0.00030310703656341104,no_n2v,HRNet,2
07449,142,28.872717468931185,3.5484569769316425,1.033401916316535,29.486446758662368,29.450988293949166,60.05389981830457,0.028169014084507043,0.5955849580951675,,,,0.0017739744703404448,0.00040278404585247785,-0.0005398016067727992,no_n2v,HRNet,2
07454,131,29.14126977650313,3.5814620555322345,0.558052589158553,29.47063852468568,29.452452370920394,119.9742681186628,0.05343511450381679,0.21363735907125106,,,,0.00025994878836810287,0.0011498148504638372,-4.179802971661335e-05,no_n2v,HRNet,2
07457,133,28.863172668478214,3.547283920955972,1.0456817413675843,29.46831119242335,29.451605036845233,60.21517340444141,0.03007518796992481,0.5531122577264264,,,,0.000795804027587721,0.0024122729055982006,-0.0020369585291544526,no_n2v,HRNet,2
07458,136,29.019266820982587,3.5664678922987596,0.8055484068235046,29.475268805761427,29.422856849469145,119.88362044118841,0.04411764705882353,0.39147306850750563,,,,0.0018997018994857395,-0.0004336983486215029,-0.001018707687664121,no_n2v,HRNet,2
07464,131,28.996242561685847,3.5636382108311904,0.7751019135536428,29.46199887746717,29.462842776643242,60.03383479531017,0.03816793893129771,0.5923542170945014,,,,0.0010595713125227668,0.0004826583186667843,-0.00017120905331846381,no_n2v,HRNet,2
07465,130,28.925399871443513,3.5549316442004075,0.8982418388675235,29.424106831395452,29.392325792046385,60.04619676974322,0.03076923076923077,0.4498499999372264,,,,-0.000284773341625133,-0.0017196886946999612,0.00031434152427680425,no_n2v,HRNet,2
07476,131,28.876480052024547,3.5489193983938168,1.0736858317542435,29.55922724232007,29.51164892760709,60.06358469679974,0.05343511450381679,0.6490604797001552,,,,0.004536411122851636,0.0022719257025340944,-7.990627531329205e-05,no_n2v,HRNet,2
07477,131,29.08319158068819,3.5743242452665784,0.7186255515729325,29.475804731409536,29.475231704026363,60.05277617649993,0.03816793893129771,0.25932219671589885,,,,0.0007872858214728051,0.001837324756854164,-2.806742200999661e-06,no_n2v,HRNet,2
07478,139,28.956213954341823,3.55871869498861,0.9379806558080155,29.497054224844682,29.50881282046142,60.097894566641614,0.03597122302158273,1.2257814095967714,,,,0.0031630480325608445,0.0017828076747725685,0.000750226692532997,no_n2v,HRNet,2
07489,152,29.41332146093649,3.6148972075490944,0.07190007969900769,29.439030487458385,29.44303511695867,60.015118090100884,0.03289473684210526,0.13871839550735995,,,,-0.00018242808753998752,9.020979007923202e-05,-9.356728300267756e-05,no_n2v,HRNet,2
07498,96,36.79529900675628,4.522142247930347,0.059185167682635154,36.826904083273305,36.8320824734984,60.004860961833415,0.041666666666666664,0.07509227045276153,,,,0.0007610686598240601,0.0005711417896272497,2.220765367863741e-06,no_n2v,HRNet,2
07500,96,36.450553596958756,4.479773037066231,0.8323954135693796,36.88024831967829,36.844793566171695,119.9213047602984,0.0625,0.4401279003140704,,,,0.0011415987625906787,0.002728841871243448,0.0005572137039310913,no_n2v,HRNet,2
07188,43,26.19521615995477,3.2193920660584414,0.39429858561674536,26.076610584438125,26.145186493757198,70.87717223320503,1.0,0.5367938821994648,0.008074028197102647,0.0076516044074274375,0.0070969958993655265,0.007584574754873952,0.0011183748942986682,-0.001408586338609629,no_n2v,SwinUNet,4
07189,43,26.144589980911,3.2131701086539617,0.5644592732076781,26.01448191098893,26.24796348126511,70.42676127368657,1.0,0.6052609686264147,0.01602838360285099,0.006552870977432639,0.00971318277114555,0.0028744188210017008,0.004658364236667101,-0.004761963422234833,no_n2v,SwinUNet,4
07192,43,26.056946808963694,3.202398762821638,0.08391725183302867,26.051402474404753,26.049586023157538,70.5820419161691,1.0,0.11097814367791256,0.001296633904539358,0.002417512202109052,0.0015820938905264862,0.0015766488063877482,0.0006675329989827006,-0.00021646712619645175,no_n2v,SwinUNet,4
07220,43,26.041376361203554,3.2004851547919166,0.18372965480484638,26.046847937346154,26.044559820835396,109.40495190873969,1.0,0.21898215892213915,0.0034160373650168573,0.0046118661219695534,0.0024168227988109895,0.0005808242078795267,0.001314915663379601,-0.0005285127437970694,no_n2v,SwinUNet,4
07225,43,26.303064098295977,3.2326465776805753,0.8151140168182476,26.058910249671857,26.143310615719887,110.28892053473763,1.0,1.1030309336881912,0.02010756000167328,0.01569783687300456,0.012040167951086832,0.005583335717487481,-0.004935027816212134,0.005751461437375008,no_n2v,SwinUNet,4
07229,43,26.094162510489245,3.206972572539128,0.15079125244413483,26.057508972590867,26.053697662925018,109.52941573707297,1.0,0.28853656833581687,0.005702074929083185,0.003097938209433374,0.003535107502067896,0.0013919912215365482,0.0005214280564722618,0.0003380364300687393,no_n2v,SwinUNet,4
07248,69,21.16431457311502,2.601094261035836,0.2753801752785403,21.214149834000846,21.239152723288175,89.88385065985736,1.0,0.456423185229566,0.00749740844986557,0.010674269012630135,0.007628690236297191,-0.0016747499071405603,-0.0005162916713231658,0.0010126191897395155,no_n2v,SwinUNet,4
07249,69,21.15396499429983,2.599822297799449,0.3794704657401926,21.133171963511025,21.146227406730272,89.99076098988233,0.9565217391304348,0.44957364784080855,0.009082856502374295,0.012776863705650425,0.009570064780434123,-0.004899304152627737,-0.005485558525822554,-8.108189119789244e-05,no_n2v,SwinUNet,4
07252,72,21.09321158742786,2.5923557040948837,0.5027338419382836,21.123070343465233,21.122105398614163,89.8584897591871,0.9722222222222222,0.6828524293854296,0.014220521517137277,0.016381375329316945,0.01144533784276252,-0.005990033191852762,-0.006004666402212422,0.0012274741839977978,no_n2v,SwinUNet,4
07255,41,25.5672312968552,3.1422127263835042,4.422319317387526,29.981656200479048,30.100909057446906,89.89216865470873,0.24390243902439024,0.18529929280083163,0.0026959676028566622,0.0023683834487167052,0.0010668829571646012,1.1786020688662187,-0.1827936030775269,0.1800586170334845,no_n2v,SwinUNet,4
07262,70,21.209861207358827,2.6066919423844,0.4618621245770669,21.296470468183006,21.328008427479876,89.61128973608675,0.9714285714285714,0.6962313897247945,0.017182413511828802,0.015639438116728754,0.011056806499012028,0.0018628799818758424,0.0039967606752391305,-0.003315858073689159,no_n2v,SwinUNet,4
07268,42,20.885112918508465,2.5667803776846903,0.5667538369308485,20.944002573713796,20.986729270706068,90.32487736476222,0.9523809523809523,0.6334990794224689,0.012089256271955269,0.016152481216794374,0.012629201329021579,-0.010471471673937915,-0.01631994177321172,0.0005344153394135931,no_n2v,SwinUNet,4
07273,69,21.375350237291006,2.6270305441630644,0.1040677895393376,21.373696123598503,21.349539786024224,90.11098308840602,1.0,0.1527566931526341,0.003684718922298404,0.003146977099446387,0.001888827242621385,0.0062450906028908015,0.004230873493291876,0.0005710249914132373,no_n2v,SwinUNet,4
07274,69,21.38911962828136,2.628722802315779,0.19347105111797092,21.402913823800876,21.359682578489892,90.15525352345372,1.0,0.25800968639284494,0.004184958845488141,0.004932422184394153,0.002795817924514059,0.007560509855520703,0.0047670607489560535,0.0010200083583289028,no_n2v,SwinUNet,4
07278,40,21.269167730651695,2.613980714097093,0.4961976886763182,21.161952789893643,21.464575725358337,89.63704391343346,1.0,0.9954071593105374,0.03009447960490696,0.02414231220148917,0.009746260059036565,-0.00022923643545902372,0.006118960142874386,-0.00711528273211539,no_n2v,SwinUNet,4
07279,67,21.496908473161206,2.641970051351512,0.5365522062745747,21.373879302582168,21.606016546213755,89.63445920342382,0.9701492537313433,0.632900642554613,0.01282274894463062,0.010103526239730905,0.0093615170563256,0.008124809139659295,0.014562559047974544,-0.005461352864484397,no_n2v,SwinUNet,4
07287,68,21.290541861081223,2.616607594726882,0.3926657121293644,21.159411498915937,21.371788106056673,89.95677405879233,1.0,0.5636525867530395,0.009654445320552518,0.014511827966187558,0.010071026295749488,-0.002099191765529973,0.003561146965867845,-0.0041343155017482015,no_n2v,SwinUNet,4
07290,42,21.144297532215127,2.598634166709239,0.6234724300906418,21.094283784354843,21.35360563368729,90.29216470122972,0.8571428571428571,0.8059207192156519,0.012364504130996858,0.02217763896767915,0.01129715010843674,-0.0020873304010387006,-0.00037171931263646485,-0.006564475661908864,no_n2v,SwinUNet,4
07291,69,21.283855578865086,2.615785850642519,0.11649426118029815,21.28856789454606,21.28929815659206,89.95339937347275,1.0,0.16069779641499618,0.0033230452746264437,0.00311422690972978,0.0021042257737704066,0.0016050311524609118,0.0020470667244361085,0.00034636362523108146,no_n2v,SwinUNet,4
07294,69,21.1744255250807,2.602336897032418,0.3292252728582934,21.227716879513054,21.20671388337188,89.90593909918734,1.0,0.377303733638412,0.01025296546048135,0.010661205777775276,0.007547234268718227,-0.0015090915074567057,-0.0015710873057239727,0.0009572799780948744,no_n2v,SwinUNet,4
07301,69,21.237648985594074,2.610107060329512,0.20068008418581584,21.227584638483414,21.258935707634304,89.93527230247024,1.0,0.2807017273139936,0.005700616430301097,0.00549523290618254,0.0045157686281853335,-0.0010510324598582699,0.00041863392824592616,0.0005626312485834625,no_n2v,SwinUNet,4
07304,69,21.196779270177707,2.60508417230484,0.38658501713086224,21.160786827336977,21.244621695824186,89.92677939373549,0.9565217391304348,0.4649734819147886,0.009620275436259578,0.011689430545057514,0.006499546158563365,-0.00024687230572040253,-0.0042061686331648085,-0.0006388450067069796,no_n2v,SwinUNet,4
07308,70,21.247618180030035,2.611332274325691,0.39910089622868483,21.255491724459432,21.278459951200386,89.80304909344821,0.9142857142857143,0.5229608369992752,0.008421390053476748,0.012481087404476074,0.007626685064468216,0.0013228147498645093,0.0002699924926377051,-0.0017180393136728906,no_n2v,SwinUNet,4
07311,128,18.362892008703138,2.2567994278696157,0.7297101504082661,18.069106001460778,9.288505810843752,102.43072313968956,0.3671875,2.1009938346543717,0.024172452406180454,0.021273487939970095,0.021400251756056494,-0.5168970502986974,-0.18066353172561855,0.20684046276106777,no_n2v,SwinUNet,4
07314,130,28.959838050636968,3.559164096423283,4.9225754334434555,26.105509357572192,14.994983429204163,87.42182465229884,0.2923076923076923,3.47934188910833,0.03975478382967455,0.034332758783361714,0.022622453619355994,0.18934507389015787,0.5957863272692328,0.22767174910875204,no_n2v,SwinUNet,4
07317,127,18.66646490969185,2.2941085374011285,0.8742148539523242,19.493514768530126,7.689292544771144,78.94756750364532,0.3464566929133858,1.9506903723409517,0.01996384960435573,0.018500085410724013,0.015121425691668808,-0.3429429527129966,-0.12988572340321802,-0.35302802716444265,no_n2v,SwinUNet,4
07318,115,18.75214820581082,2.3046390144941498,0.845720935898397,18.10418241587628,17.891781861657517,72.3459342783643,0.1826086956521739,2.720348060223784,0.03110336493606348,0.029500456906395897,0.011487477895583516,0.048698100692137425,-0.041713641111313926,0.05539223872795926,no_n2v,SwinUNet,4
07334,109,29.83995069303225,3.6673299401736634,5.299244457395524,24.424330413227903,28.924528310544673,65.24321098627325,0.13761467889908258,4.481812404960176,0.04150498342420613,0.02318037742640601,0.0205892894723057,1.044112746096519,0.3439123852250727,0.4626643953227222,no_n2v,SwinUNet,4
07338,111,18.680186289600783,2.295794894991936,0.782043647429596,10.499110474075305,19.0575767371682,104.72142199884358,0.2702702702702703,1.753482921535071,0.027177846852161538,0.018964265806680095,0.0215522721313344,0.12660580656037812,0.005266576080498853,0.024971901460143837,no_n2v,SwinUNet,4
07342,109,18.8092567569118,2.3116576554244603,0.980160364092626,17.486635061812002,18.70439779177939,100.2575422266598,0.3486238532110092,3.026101340208725,0.037705510384752935,0.03108723535992144,0.027107135117253735,-0.17971936901327057,0.35597095166973114,0.07980982217032974,no_n2v,SwinUNet,4
07347,111,18.795368977649204,2.309950847353087,0.877935557352238,16.6725132816096,17.748255538264058,117.07109311421043,0.38738738738738737,2.458768060704325,0.039132654816076445,0.030330471367537352,0.02201584321337796,-0.012456357799704443,-0.08463146561027002,0.024467657449223197,no_n2v,SwinUNet,4
07364,132,18.460049736869607,2.2687401126612747,0.7883549825639644,18.581253469489344,9.971978276926679,104.72841406597118,0.2878787878787879,2.0090977715630314,0.02173676210067198,0.018013933861798184,0.018583600143814626,0.023109031249671785,-0.00045187251283973495,0.003549487278544034,no_n2v,SwinUNet,4
07370,132,18.500943917177587,2.2737660074211252,0.9530449837744399,27.338968973254826,28.25700435539679,100.33944444337273,0.10606060606060606,2.8967401257182024,0.012034509890438977,0.012818026698242347,0.011370056433156198,0.6804092003864353,0.2960412117283444,0.39567110444125386,no_n2v,SwinUNet,4
07373,66,21.660424963959965,2.6620662280706795,0.3658439187952869,42.50424196893611,30.880688562394752,89.97295556952653,0.13636363636363635,2.9474356418285477,0.0051499699423458115,0.3335955038648363,0.1400105193809911,3.0166721094229114,1.0010089416452606,-0.3649291446341151,no_n2v,SwinUNet,4
07376,71,26.31462165653693,3.2340670015883886,4.742992481612209,21.23438816266539,30.506480239927082,89.96408530578493,0.8732394366197183,2.2119066220903276,0.0333680690308489,0.023201559198640753,0.043893280943194994,-0.008075453928981902,-0.00020770053432306312,0.0868155844071286,no_n2v,SwinUNet,4
07378,70,30.035119459576144,3.6913161815819078,2.8156071905837905,21.225099049375412,30.72929107469114,90.51607192255815,0.9285714285714286,2.0986445567959833,0.021480181786862864,0.017221735918355532,0.04522858099240841,-0.0008203055121053238,-0.001032963001902809,-0.08333361751150488,no_n2v,SwinUNet,4
07380,63,30.88900594340005,3.796258830443866,3.5902180777359085,42.66988131084399,30.24621798706555,89.86756274064365,0.07936507936507936,1.6631743839744162,,,,-0.01652958565147511,1.0072850207329127,0.0845631904967085,no_n2v,SwinUNet,4
07387,69,21.583160007927603,2.652570364974302,0.8680013426633213,43.64771580480447,30.65481742188649,80.86391810584664,0.028985507246376812,0.6030994541881864,,,,7.789688972766141,0.3140972354472138,2.4680790015910707,no_n2v,SwinUNet,4
07388,70,25.42623610184572,3.124884416916839,4.9235118212267075,22.136888886967643,30.637653351165703,101.0394303361714,0.2571428571428571,0.8124102255354686,0.007453458001061068,0.005863119588671626,0.00598238388798302,0.004035363251497559,0.014633354587847647,0.017093446186154094,no_n2v,SwinUNet,4
07400,66,21.57227307077244,2.6512323603979326,0.573781752911179,36.41868744359342,30.79456530825863,91.79441669303866,0.22727272727272727,2.5677704221910056,0.00447288413378827,0.0047325935380297815,0.0030265824190088444,1.5256086928992278,2.1914470662411367,-1.1468377925060418,no_n2v,SwinUNet,4
07403,66,31.023199952490664,3.8127512741611023,4.826591200388645,34.94535676914553,30.663327461940135,91.23177338023355,0.21212121212121213,3.14327372265973,0.011666647727328236,0.035603156664311,0.013034323997784541,2.2356708244202363,1.4153374214114014,-1.1612394082298356,no_n2v,SwinUNet,4
07404,73,30.57151508494434,3.7572392039396596,5.060136717919773,30.81616888112124,21.77626639901738,99.15838007382263,0.2328767123287671,0.5915500708695055,0.008753386255782519,0.005563311340666235,0.005436130783615953,1.7944997794172273,1.226585961752161,-1.4976073884893206,no_n2v,SwinUNet,4
07408,66,21.606217983512728,2.655404190173714,0.24543970222009293,7.700827764994021,21.617383383809923,100.23248950408512,1.0,0.24198062810319548,0.003937110812061718,0.004056889295617443,0.002885173578759084,0.0015242816826182004,0.001194745580007428,-0.0003806427741195371,no_n2v,SwinUNet,4
07414,66,30.719521839994805,3.7754292341353612,4.232035167449343,37.99192484934004,30.877403493903607,92.13844314669832,0.15151515151515152,2.891135618517054,0.01211132216200667,0.02291297007025814,0.008779312006818661,1.7552548166855657,2.0776317747824837,-1.172172623156984,no_n2v,SwinUNet,4
07415,69,29.8904682055938,3.673538542467478,5.027271462432239,27.05060508695076,30.119648806626923,94.54339150808794,0.4057971014492754,3.1794131464458655,0.055368097000048765,0.05676044252830012,0.05473095981808842,0.700557977229366,2.44894074993067,-1.0399153827447372,no_n2v,SwinUNet,4
07418,68,21.536941244750444,2.6468900789798293,0.5333402193148764,42.52238596431065,30.97054576500803,89.49020621229181,0.14705882352941177,3.564466162331616,0.0048261412800547215,0.02465391672108536,0.011109186307759812,1.313674465478448,2.715537122128692,-0.8141071236310372,no_n2v,SwinUNet,4
07437,152,28.876931544920247,3.548974886870698,0.9769582218657735,29.46335617314919,29.489630159838278,119.77313077425835,0.0,,,,,-7.251973884547791e-05,0.0045340754512048775,-0.0005210334509334233,no_n2v,SwinUNet,4
07443,159,28.98375469784058,3.562103452364607,0.9785662866086007,29.512908761109003,29.506065652727422,119.76758197680743,0.0440251572327044,0.6458736195828519,,,,0.001030104647040675,0.00573010641280014,0.00014268124715573,no_n2v,SwinUNet,4
07449,142,28.83293739522969,3.5435680058737287,1.0419258385195214,29.51604867325714,29.498765002984083,119.93125645868754,0.035211267605633804,1.0185182331102187,,,,0.0032394535811699487,0.0017157813262429489,5.770958639142508e-05,no_n2v,SwinUNet,4
07454,131,29.032581951377647,3.568104321824313,0.7296067945962257,29.481390680526754,29.480316709276707,119.98442119319925,0.015267175572519083,1.0080433545242613,,,,0.0012428038352689796,0.0013762558365426614,0.00015119380085724856,no_n2v,SwinUNet,4
07457,132,28.77102089740232,3.535958468290745,1.222091118355742,29.530021435985393,29.4600402606284,60.09652757671897,0.022727272727272728,0.5171908195135186,,,,0.0028916230395630294,0.0015074310590614814,-0.0015242032892931858,no_n2v,SwinUNet,4
07458,136,28.85114477377138,3.5458056926965025,1.0206200316072724,29.41397985755101,29.46890652368329,60.10331959106183,0.04411764705882353,0.6938857556712679,,,,0.0014432392113976622,-0.00062633232346887,-0.0010682381466381842,no_n2v,SwinUNet,4
07464,131,28.900649552631165,3.55188983001837,0.9298177856199423,29.463159982495213,29.481357207897133,60.06962967696317,0.04580152671755725,0.6774229530531133,,,,0.0016429717982096026,0.0009282958888987558,0.0007161243225830005,no_n2v,SwinUNet,4
07465,131,28.669578234371794,3.5234911650042933,1.1702898937705442,29.43338322757752,29.407625631182192,60.06795641694735,0.030534351145038167,0.9551236891611541,,,,-0.0008122372957991564,-0.0001388153323519381,-0.000772066894246463,no_n2v,SwinUNet,4
07476,132,28.621958380568397,3.517638684971856,1.5075627923541592,29.569137703584282,29.53036071767427,119.9237799427137,0.03787878787878788,1.137824047619888,,,,0.003185714206472401,0.004722947948702094,0.0007693319788360301,no_n2v,SwinUNet,4
07477,131,28.937352102826644,3.5564005734373945,0.9745848854075447,29.47589636744018,29.446050826198306,119.85419675165268,0.03816793893129771,0.7099858220212936,,,,-0.00017605946696042096,0.0027484604804079993,0.0005943344289790884,no_n2v,SwinUNet,4
07478,139,28.944192970898822,3.557241316123465,1.0380410444366355,29.557986105644144,29.52192653271681,60.09502183406929,0.02877697841726619,1.3764430228383002,,,,0.004809075546020614,0.0026274356380078245,-0.0004697359305302201,no_n2v,SwinUNet,4
07489,152,29.361811318922076,3.608566611095523,0.1801206878106214,29.46908895833049,29.46385140977243,60.03456743299369,0.0,,,,,0.0012723251814046321,0.0005594594964635213,0.00010179703392099924,no_n2v,SwinUNet,4
07498,96,36.722307678011326,4.513171613627592,0.21095724388053938,36.83478550673803,36.8462165336332,119.93660777242779,0.0625,0.07939711326361597,,,,0.0006209139875008596,0.0018995170658326899,-0.0001788298819297815,no_n2v,SwinUNet,4
07500,96,36.36242343802935,4.468941840533807,0.8854824776344472,36.87605683233582,36.85593054790313,119.93933122912318,0.0625,0.5864912903199088,,,,0.0013266747813092117,0.002550432506276845,0.0003167640721136184,no_n2v,SwinUNet,4
