sample,arch,condition,fold,atom_id,x_px,y_px,m,n,ux_px,uy_px,exx,eyy,exy,rotation,dilatation,shear_max,n_neighbours,fit_residual_px,is_edge
13004,AtomSegNet,no_n2v,1,0,161.0,59.0,2,-3,0.08161634725223621,-0.4119719004899878,-0.03963059127326863,0.0353552322923282,-0.015862542169213477,-0.011258104664989972,-0.004275358980940433,0.04071042468487377,12,1.4460150821566524,False
13004,AtomSegNet,no_n2v,1,1,112.0,70.0,1,0,0.44520568219093093,0.3283010004138873,0.017771716927742872,-0.012679774816033749,0.007275691594631359,0.043987237044634295,0.005091942111709123,0.01687480445917858,12,0.900480176853344,False
13004,AtomSegNet,no_n2v,1,2,171.0,110.0,5,-2,-0.32257071059845543,0.6168333467739586,0.003550549955294659,0.0033622140108095053,0.005261562654699467,0.013482443131750224,0.006912763966104164,0.005262405265306387,12,0.7644473258119869,False
13004,AtomSegNet,no_n2v,1,3,130.0,134.0,5,1,-0.0165964265088121,0.391720531766623,-0.02024386587681643,0.010094252712352533,-0.015450305476970592,-0.006619151711608655,-0.010149613164463896,0.02165207378553674,12,1.1812105782721174,False
13004,AtomSegNet,no_n2v,1,4,209.0,143.0,8,-3,-0.26407395784224263,-0.2042861959571951,-0.009462199728840194,0.013468933256984663,-0.009183103454611203,0.008006002632453295,0.004006733528144469,0.014689744860326487,12,1.3705773519421613,False
13004,AtomSegNet,no_n2v,1,5,174.0,145.0,7,-1,0.33085728239993273,-0.3889756900508985,-0.0007146298042224643,-0.0014214614945470857,0.022941276499087622,0.004650707401368531,-0.00213609129876955,0.02294399856535913,12,0.7318541162096862,False
13004,AtomSegNet,no_n2v,1,6,138.0,148.0,6,1,-0.07421147735789191,0.42633481585542654,-0.0008075393565903136,0.015933007160000314,-0.009494804495007066,-0.017367753036597627,0.01512546780341,0.012657518983471446,12,0.8386114690885131,False
13004,AtomSegNet,no_n2v,1,7,124.0,156.0,6,2,-0.30555338266134413,0.3512972108529766,0.018752303478260162,0.00032675872131096323,0.009342924075918618,0.011089006962507274,0.019079062199571124,0.013121181546871618,12,1.1378214797903001,False
13004,AtomSegNet,no_n2v,1,8,182.3231777677307,159.9997674647793,8,-1,0.5964199992815509,0.6454060588172013,-0.01767827612869125,-0.006861569459838548,0.01050216368574322,0.01804304790397642,-0.024539845588529795,0.011812947467594368,12,0.7457427522393519,False
13004,AtomSegNet,no_n2v,1,9,147.0,161.0,7,1,0.8681734717930283,-0.5390509000557699,0.004036896624295632,-0.0034369667980819673,-0.012936626455340963,-0.010594886144666155,0.0005999298262136642,0.01346554724692302,12,0.5923400714812216,False
13004,AtomSegNet,no_n2v,1,10,203.0,167.0,9,-2,-0.5530309139947462,1.7552904831291585,0.01068320514128538,-0.011963301247995434,0.008701264184247003,-0.018144667541668533,-0.0012800961067100537,0.0142803382772956,12,1.0096041431578995,False
13004,AtomSegNet,no_n2v,1,11,119.0,178.0,7,3,0.40548966118612384,0.3108738899393302,0.017274695873626,0.00923482279636075,0.021605389281694892,-0.00034872960556119395,0.02650951866998675,0.021976185651477607,12,1.6616925508275002,False
13004,AtomSegNet,no_n2v,1,12,198.0,187.0,10,-1,0.15801212985272173,-0.28513283778448795,0.020352820641062756,-0.016563991608835878,0.006470979112873208,0.006310137221444163,0.003788829032226878,0.01955981409300221,12,1.2077524826680404,False
13004,AtomSegNet,no_n2v,1,13,162.0,189.0,9,1,-0.2470566299051029,-0.4698223318781629,0.003701237871303413,-0.0027619507145020695,-0.0010569683231641844,0.007353738629933699,0.0009392871568013436,0.0034000564274867667,12,1.0867980516001303,False
13004,AtomSegNet,no_n2v,1,14,111.69750116133395,33.39540794861859,-1,-1,2.489278850526489,-0.27048201414267936,0.028574906786014594,0.035859637623661705,0.002703836025183878,0.005446872227376414,0.0644345444096763,0.0045362490116090245,12,1.2081073999316279,False
13004,AtomSegNet,no_n2v,1,15,104.0,56.0,0,0,0.5028207330400107,0.2936867163250838,0.05402472130843886,0.0027516865365240597,-0.005796239844191576,0.0378563440588639,0.05677640784496292,0.026283596025123545,12,1.1959509435240803,False
13004,AtomSegNet,no_n2v,1,16,196.10704026827852,56.450365958078635,3,-5,-0.40627462471144327,-0.7769164483176709,-0.011953636793376356,0.04159530682815729,-0.015010547694747719,0.004256505464548503,0.029641670034780937,0.030695095419982707,12,0.9033959328547277,False
13004,AtomSegNet,no_n2v,1,17,213.0,85.0,5,-5,0.37145500531190123,-0.15805383821870578,-0.019798745984763038,0.0028661923207228936,0.022953399287117877,-0.007898281363850155,-0.016932553664040145,0.025598503783067758,12,0.8510526918798302,False
13004,AtomSegNet,no_n2v,1,18,177.0,88.0,4,-3,-0.033613754445923405,0.657256667687605,-0.006141373642017718,-0.004892739833184753,-0.0011116561099149928,-0.0035183430799544547,-0.011034113475202471,0.0012749709423557519,12,0.765556110600508,False
13004,AtomSegNet,no_n2v,1,19,199.86455342791044,94.07408818968813,5,-4,1.0046665279188858,0.8409967464669705,0.007112476546884169,0.0034839736566516354,0.0024412356119028547,-0.01112458281904354,0.010596450203535805,0.003041568611576791,12,0.8205618710218969,False
13004,AtomSegNet,no_n2v,1,20,220.0,99.0,6,-5,-0.6861600455371786,-0.12343955412990226,-0.010975970896086533,-0.020008233763801172,0.013206251310935169,0.0022953709017343596,-0.030984204659887705,0.013957095572340652,12,1.026132210919213,False
13004,AtomSegNet,no_n2v,1,21,179.0,124.0,6,-2,-0.38018576144753524,0.6514476308627621,0.0019809386637184077,-0.0043836442197220035,0.01085274473333843,-0.0025734508758178624,-0.002402705556003596,0.011309688194952622,12,0.705939557787848,False
13004,AtomSegNet,no_n2v,1,22,144.11971437888783,124.35661362496013,5,0,0.3344598576824751,-1.1766282382707942,-0.016933460670999392,0.004683850725920609,0.002502006667897613,-0.0030709195877082255,-0.012249609945078784,0.011094461472917734,12,0.5670976479925292,False
13004,AtomSegNet,no_n2v,1,23,152.0,139.0,6,0,0.1571304279455603,-0.4986275791421235,-0.005613359136053146,0.0010993542219653104,0.004467941660960845,-0.01020070275294803,-0.004514004914087836,0.005588169006255932,12,0.6891661156771166,False
13004,AtomSegNet,no_n2v,1,24,101.59003538728321,148.56640435599965,5,3,-0.8892448498325081,-1.191950322238597,0.013179210084691733,-0.008937520545408245,-0.012328739939913055,0.021441799034035924,0.0042416895392834875,0.016561560069845715,12,0.9774063127534124,False
13004,AtomSegNet,no_n2v,1,25,231.0,150.0,9,-4,-0.0903471033878418,0.9053656931340583,0.0190134188858557,-0.012391927372755457,-0.01345087312367515,-0.023141321150197187,0.006621491513100241,0.020676071464256016,12,1.3545512820323418,False
13004,AtomSegNet,no_n2v,1,26,195.0,152.0,8,-2,-0.49541586314569486,0.720676199040355,-0.028808860296485418,0.010232226011399202,-8.488668076931218e-05,0.006833765212018731,-0.018576634285086217,0.019520727721411824,12,1.0335390090148693,False
13004,AtomSegNet,no_n2v,1,27,127.4274140225976,191.71558180019102,8,3,0.7752886329346609,0.06106997421915139,-0.025467342964855744,-0.006963820728740964,-0.011766917217981185,-0.009131802891826931,-0.03243116369359671,0.014968481038516253,12,1.154379964875269,False
13004,AtomSegNet,no_n2v,1,28,113.72208239181862,200.9911329141303,8,4,0.838615096852223,1.2615834831560164,-0.023484274355003495,0.02921316612068629,-0.011005085847986327,-0.032850472336233026,0.005728891765682795,0.02855463137030079,12,1.6458614705981736,False
13004,AtomSegNet,no_n2v,1,29,132.0,38.0,0,-2,0.9655045436469152,-1.5562380736700305,-0.01028276426727699,0.041049976095526616,-0.005222121561867962,0.002724019749132694,0.030767211828249624,0.026192233808815888,12,1.505429311976102,False
13004,AtomSegNet,no_n2v,1,30,189.0,43.0,2,-5,0.5443001578591407,-0.2618966904851021,0.0017227035855250856,0.025890328746675354,0.0006039782213546462,-0.025735646249009765,0.02761303233220044,0.01209889731233126,12,1.5154165549047711,False
13004,AtomSegNet,no_n2v,1,31,98.0,77.0,1,1,0.2138637768874787,-0.7467366045885626,0.021465733842751984,0.0022234286709738034,0.018053820862956257,0.017306469533857036,0.023689162513725787,0.02045744423999916,12,1.2789962214425388,False
13004,AtomSegNet,no_n2v,1,32,155.0,82.0,3,-2,-0.20734060890032424,0.5476047785963658,-0.008760374446114522,-0.016442810258179834,-0.015764810806184887,0.006100011983721738,-0.025203184704294355,0.01622603509044738,12,0.7244317173540071,False
13004,AtomSegNet,no_n2v,1,33,105.0,91.0,2,1,-0.8437512739615869,-0.7121223204997591,0.007962625034821985,0.031206095147397094,0.024525000190942687,0.016111997872138645,0.03916872018221908,0.027139277073722542,12,1.2596840153881839,False
13004,AtomSegNet,no_n2v,1,34,87.0,121.0,3,3,0.6359498645824289,-0.8275832464158555,0.02763579035132488,-0.027829259181696216,0.0027607785852711273,0.00306176090248446,-0.0001934688303713364,0.02786960402162206,12,1.0540428362433152,False
13004,AtomSegNet,no_n2v,1,35,237.0,126.0,8,-5,0.19860985276469023,-1.0542109859523237,,,,,,,12,,True
13004,AtomSegNet,no_n2v,1,36,165.0,131.0,6,-1,-0.6115276667509875,-0.4235899741396736,-0.0017056790294322974,-0.016451365779241642,0.025349323504661538,0.00396272480600926,-0.01815704480867394,0.026399754195349276,12,0.6621628021829886,False
13004,AtomSegNet,no_n2v,1,37,188.0,138.0,7,-2,0.562199187703385,0.6860619149515514,-0.007271322389318936,-0.0010307305103229001,0.0119956369730786,-0.006206636404958831,-0.008302052899641836,0.012394819609011587,12,0.8977819272135168,False
13004,AtomSegNet,no_n2v,1,38,160.0,153.0,7,0,0.0995153770964805,-0.46401329505334843,0.0004975308108148241,0.003834429124221251,0.009908306566924138,0.00037896566230665243,0.004331959935036075,0.010047798844157643,12,0.8250443291471593,False
13004,AtomSegNet,no_n2v,1,39,133.230035999152,171.0536474201192,7,2,0.8668675656415701,1.439558915060985,0.0015629054858617853,-0.007681554089143185,-0.004221258846220715,-0.0046941891586894345,-0.0061186486032814,0.006259715205604159,12,0.6995859818015389,False
13004,AtomSegNet,no_n2v,1,40,227.0,170.0,10,-3,1.6206959404596262,-1.1350576277796165,-0.03128463306569746,-0.01194205155534816,-0.00038016610941976267,-0.011513794340972407,-0.04322668462104562,0.009678759793582958,12,1.0316629727546214,False
13004,AtomSegNet,no_n2v,1,41,122.0,215.0,9,4,1.0589176541845262,1.3050648531144873,-0.0378292856082675,-0.03779291339777424,-0.032851372652038476,-0.045601944923631,-0.07562219900604175,0.03285137768583725,12,1.5796445733068398,False
13004,AtomSegNet,no_n2v,1,42,96.0,41.0,-1,0,0.5604357838890905,-0.7409275677637126,0.05758275870462525,0.005480897439802288,-0.01845279767987889,0.027026694314980858,0.06306365614442754,0.03192423419644171,12,1.531845335113383,False
13004,AtomSegNet,no_n2v,1,43,154.0,44.0,1,-3,1.1392313981012876,-1.4465861845787913,-0.056910873118125614,0.012517512965918931,0.00676588864162649,-0.01431865282637551,-0.044393360152206685,0.03536739243525988,12,1.5543064723712838,False
13004,AtomSegNet,no_n2v,1,44,119.0,48.0,0,-1,1.734162638343463,0.36872432132752664,0.016074604531293092,0.03637497722105264,-0.008696388049323295,0.023534499230775947,0.05244958175234573,0.013366130627081153,12,1.154974435722574,False
13004,AtomSegNet,no_n2v,1,45,174.22763263384206,49.488469888008495,2,-4,-0.45940911360224845,-1.8484644074790566,-0.009920730507783918,0.0029930466063449544,-0.007349264164655851,-0.008995879015380214,-0.006927683901438964,0.009782795796716004,12,1.3525872820746052,False
13004,AtomSegNet,no_n2v,1,46,140.7030408503938,55.357733600398504,1,-2,1.610930343191626,1.8361098108172698,-0.010662853792393514,0.047162661279241735,-0.019848046147531224,0.0006334594065667519,0.036499807486848224,0.0350698229850039,12,1.492717921173812,False
13004,AtomSegNet,no_n2v,1,47,182.08099024284385,65.53970169923264,3,-4,-0.6636665554495664,0.23738168783388858,-0.005709810047168507,0.0394996046887326,-0.005920903085901638,-0.006454396206346245,0.03378979464156409,0.023367282438129546,12,1.3154841937164425,False
13004,AtomSegNet,no_n2v,1,48,148.0,68.0,2,-2,0.850274441948784,0.5129904945075623,-0.013660675062600443,0.022592248443911705,-0.03207877130819181,0.0030821006966775828,0.008931573381311262,0.03684584351504964,12,1.0791693050909248,False
13004,AtomSegNet,no_n2v,1,49,169.0,74.0,3,-3,0.02400129640312798,0.6226423835988157,-0.021447952690293832,0.028088358314957235,-0.007410502405088122,-0.0019223428997049079,0.006640405624663403,0.025852989631724534,12,0.7558752585264279,False
13004,AtomSegNet,no_n2v,1,50,133.49440741653504,76.74908509134839,2,-1,0.1133399531803434,1.1870379808535176,0.004474406540368619,-0.01656980681424205,-0.016354550985021424,0.02410768053767137,-0.012095400273873434,0.01944700662956278,12,0.7633540806472402,False
13004,AtomSegNet,no_n2v,1,51,224.91226569874055,78.17142820580494,5,-6,-1.4849373906440917,1.0884119725886734,-0.001756880752768351,0.01644116032864593,0.025498710618713546,-0.0031654445251374733,0.014684279575877578,0.027073537227652864,12,0.9426493209733502,False
13004,AtomSegNet,no_n2v,1,52,119.0,84.0,2,0,-0.6124093686581347,0.3629152845026766,0.00985578191314984,-0.0068618958422077235,0.005382715519599795,0.020688473747867357,0.002993886070942116,0.009942022618558798,12,0.9242707299634304,False
13004,AtomSegNet,no_n2v,1,53,84.82227871272607,83.41556919596276,1,2,0.8048005843101009,-2.4062050136282522,-0.0024147128537217078,0.022516312159861485,-0.021154939475832954,-0.019450074110429552,0.020101599306139778,0.024554438830548198,12,1.2426982713462682,False
13004,AtomSegNet,no_n2v,1,54,141.0,90.0,3,-1,-0.43868251420377646,0.47256717359391587,-0.008735782187181271,-0.02495374649407215,-0.011179385211034624,-0.001398827132035151,-0.033689528681253425,0.013810656945330164,12,0.8086004525422082,False
13004,AtomSegNet,no_n2v,1,55,235.0,92.0,6,-6,0.5451818597662736,0.9515980508725335,,,,,,,12,,True
13004,AtomSegNet,no_n2v,1,56,69.0,94.0,1,3,-1.2488200337194257,0.10318818540655172,0.010068494020623375,0.0017049964696039105,-0.03095816598325455,-0.028510862197254683,0.011773490490227285,0.031239319196618487,12,1.438744689833267,False
13004,AtomSegNet,no_n2v,1,57,163.0,95.0,4,-2,-0.2649556597493756,-0.4177809373148307,0.0013716541604105014,-0.008245808791321498,-0.001838109288256088,0.008085770322494763,-0.0068741546309109966,0.005148062175475127,12,0.6224396608678898,False
13004,AtomSegNet,no_n2v,1,58,128.0,98.0,3,0,0.3299755804927855,0.39752956859148014,-0.003210826488361511,-0.03229612555879923,0.0017428539363613504,-0.009860374316395575,-0.03550695204716074,0.014646712782999864,12,0.8707580963441103,False
13004,AtomSegNet,no_n2v,1,59,91.0,100.0,2,2,-1.0750931792650391,0.21284007449779097,0.007538448982737747,0.03802708307288112,0.017380373655864173,-0.003748295301965793,0.04556553205561887,0.02311853348696929,12,1.2595221969838462,False
13004,AtomSegNet,no_n2v,1,60,185.0,101.0,5,-3,-0.09122880529500321,-0.30812904822360565,0.013744833132072148,0.006123954145336307,-0.008032835711545084,0.006408469289946223,0.019868787277408456,0.008890776046065495,12,0.6748083986782363,False
13004,AtomSegNet,no_n2v,1,61,115.0885000280194,107.37030754001361,3,1,1.1871337032087297,1.6927995036026573,0.012832754845426944,-0.0024590194890727834,0.013902937017034595,-0.011709099621341671,0.01037373535635416,0.01586667098902435,12,0.9354046442866025,False
13004,AtomSegNet,no_n2v,1,62,207.3175243074598,107.09986109941599,6,-4,0.40002235661916075,-0.09861605971636322,0.0037516261610580207,0.0012273149459435238,-0.007858022591573834,0.00230665406917291,0.0049789411070015445,0.007958740844340452,12,0.949713649944876,False
13004,AtomSegNet,no_n2v,1,63,79.0,109.0,2,3,0.6935649154315087,1.1378024694953552,0.012774897346190224,-0.00664623755647234,0.0003990621725499556,-0.020134319153548446,0.006128659789717885,0.009718763853722076,12,1.3004043929476297,False
13004,AtomSegNet,no_n2v,1,64,136.0,111.0,4,0,0.27236052964371993,-0.5678561473197306,-0.027630854708658864,-0.017833206782969294,-0.006437764581159767,-0.016987435228392796,-0.045464061491628155,0.008089702653458746,12,0.828613000309421,False
13004,AtomSegNet,no_n2v,1,65,228.0,113.0,7,-5,-0.7437750963862584,-0.08882527004112717,0.005290932704651149,-0.013588739330336684,0.0018853195928671595,0.004800396964984053,-0.008297806625685536,0.009626262722595109,12,0.9965113959328851,False
13004,AtomSegNet,no_n2v,1,66,64.0,116.0,2,4,-0.5377769898719436,0.0627648644929053,0.030384741153396774,-0.03087230672161678,0.0024090133263695523,-0.005647653851446409,-0.0004875655682200046,0.030723115463719686,12,1.480555312111233,False
13004,AtomSegNet,no_n2v,1,67,192.0,116.0,6,-3,-1.148843856144083,0.7264852358651979,0.018536534544609243,-0.002528864502642719,-0.009979250209142542,-0.0031951889669276637,0.016007670041966526,0.014509417424268364,12,0.6986013812486188,False
13004,AtomSegNet,no_n2v,1,68,122.0,119.0,4,1,0.041018624340267706,-0.6428937523221663,-0.020835477479260275,-0.0038929636082560364,-0.01295378187789264,-0.018973035103145103,-0.02472844108751631,0.015477811828786154,12,1.242854938309503,False
13004,AtomSegNet,no_n2v,1,69,216.0,121.0,7,-4,1.0248829983102894,-0.1638628750435629,-0.002959553151703051,0.00885498337115553,-0.0038450799643874687,0.0007303909787546028,0.005895430219452479,0.007048436581613243,12,0.9787887885608688,False
13004,AtomSegNet,no_n2v,1,70,110.25635416612911,128.67666525546645,4,2,2.0660308851659295,0.9587338981418441,0.008957154603113587,-0.019181273257358633,0.0027473725949216463,0.012970688546726417,-0.010224118654245046,0.014334951579620921,12,0.9700070413998524,False
13004,AtomSegNet,no_n2v,1,71,201.0,129.0,7,-3,-0.20645890699316283,-0.23890048004599862,0.00016295310027448855,0.005220142499762515,-0.0043572739802130965,0.0008113471165850203,0.005383095600037004,0.005037819736177109,12,0.9216783444474671,False
13004,AtomSegNet,no_n2v,1,72,57.0,137.0,3,5,-1.8267339460244756,-0.9776584564207269,0.034059256490720995,-0.015221167382614023,-0.0022274391819182508,0.02988140934428049,0.01883808910810697,0.024740685713881026,12,1.0615396113385607,False
13004,AtomSegNet,no_n2v,1,73,117.0,142.0,5,2,0.7520616681877357,0.3166829267642015,0.0067110215640907005,-0.003088545970195227,-0.003814237968390352,0.02275695300531879,0.0036224755938954736,0.006209371324398972,12,1.1335689262826982,False
13004,AtomSegNet,no_n2v,1,74,81.0,144.0,4,4,0.34699290842991104,0.13199343267049812,0.025422121448638115,0.006575023572379349,-0.012126842619286128,0.007016486955160276,0.03199714502101746,0.015357850972784371,12,1.0648425467828193,False
13004,AtomSegNet,no_n2v,1,75,216.0,157.0,9,-3,-1.321689008691294,-0.1696719118683916,0.022188855706010736,-0.010116459286238525,0.00807918069432703,-0.024090078934763566,0.012072396419772211,0.018060495698587507,12,1.4058670712634695,False
13004,AtomSegNet,no_n2v,1,76,88.0,158.0,5,4,-0.7106221424191688,0.16660771675930164,-0.006870436063679241,0.01769153298370162,-0.014165486740533206,-0.022564471057535365,0.010821096920022378,0.01874789576105398,12,1.0799036044272128,False
13004,AtomSegNet,no_n2v,1,77,110.0,163.0,6,3,-0.5368952879647964,-0.7237403941494449,0.02792259139582202,0.0021487743877098503,0.0242364843367486,0.012164447000828419,0.03007136578353187,0.02744958257965635,12,0.9810111880360481,False
13004,AtomSegNet,no_n2v,1,78,75.0,167.0,5,5,0.05803595227737901,1.0915701117568517,0.03056945719097185,0.03579043173083338,0.004938695550723519,-0.022432174278513704,0.06635988892180522,0.005586175572715814,12,1.2661214166649803,False
13004,AtomSegNet,no_n2v,1,79,168.5126926629148,167.49373302846033,8,0,0.5545929891621881,0.0643340174958098,-0.007118955173255361,-0.007851026271878775,0.0018192942338152284,0.01600185856041003,-0.014969981445134136,0.0018557514738114212,12,0.49809345093028495,False
13004,AtomSegNet,no_n2v,1,80,154.0,175.0,8,1,-0.18944157905605152,-0.5044366159669664,-0.003482421293268999,0.0008283830921322043,-0.013695670492194199,0.007926131850666568,-0.0026540382011367943,0.01386423993023265,12,0.7800049054990045,False
13004,AtomSegNet,no_n2v,1,81,60.0,176.0,5,6,-1.1733059530260732,2.0165325067544018,0.06535674107222864,0.01200979504823026,0.029819729471945517,0.004362699957085787,0.07736653612045889,0.04000862942293656,12,1.531815262479463,False
13004,AtomSegNet,no_n2v,1,82,140.0,183.0,8,2,-0.42078348435950375,-0.5794742209694164,-0.01596945433746968,-0.02260226653681027,-0.020238147545215385,-0.003804056397417146,-0.03857172087427995,0.020508075616201483,12,1.126153450690224,False
13004,AtomSegNet,no_n2v,1,83,105.0,185.0,7,4,0.17414775588267162,-0.7641637150631198,-0.004170200611047565,0.043937337130341876,0.011279919463697087,-0.02441787863528303,0.03976713651929431,0.02656728025207501,12,1.2314194950819168,False
13004,AtomSegNet,no_n2v,1,84,232.0,185.0,11,-3,-1.4369191103894536,-0.10044334369081298,,,,,,,12,,True
13004,AtomSegNet,no_n2v,1,85,69.18287560391087,187.71945000406794,6,6,-0.04804539996428048,-0.22940320508885748,,,,,,,12,,True
13004,AtomSegNet,no_n2v,1,86,148.0,198.0,9,2,-0.47839853520855513,0.45514006311938715,0.0015069460984151277,-0.035293774772417984,0.00277843655357639,-0.004239825932971468,-0.03378682867400286,0.01860894875686137,12,1.33918030100426,False
13004,AtomSegNet,no_n2v,1,87,142.0,218.0,10,3,-0.7673554913610872,-1.5852832577942593,-0.001970476767632,-0.0633722744784245,0.00559354378748723,-0.01723795506891037,-0.0653427512460565,0.031206296201757234,12,1.7237398879784984,False
13004,AtomSegNet,no_n2v,1,88,165.0,225.0,11,2,0.40637136309328525,-0.4756313687030058,,,,,,,12,,True
13004,AtomSegNet,no_n2v,1,89,146.0,31.0,0,-3,1.1968464489503674,-0.4812004686675877,-0.06112394085419265,0.024839701428235182,0.029777312676475053,-0.021723323841511297,-0.03628423942595747,0.05228886400418224,12,1.623410738579439,False
13004,AtomSegNet,no_n2v,1,90,88.0,62.0,0,1,-1.7285211722634415,-1.781350888677359,0.016642643963227566,-0.02181439338839891,-0.003727760130861895,-0.0007524841876229461,-0.005171749425171346,0.019586529198899482,12,1.3361601111794799,False
13004,AtomSegNet,no_n2v,1,91,126.0,62.0,1,-1,0.6765475874943832,0.40333860541632305,0.009039031772777678,0.009721658128411751,-0.01841292117166335,0.03431912479569207,0.01876068990118943,0.018416084294964552,12,1.0951453059914442,False
13004,AtomSegNet,no_n2v,1,92,217.0,63.0,4,-6,-1.3395880385355667,-0.11763051730506646,-0.01918393415832793,0.05441515306755452,0.009489986784259132,0.001590353603830477,0.03523121890922659,0.0380035032501765,12,1.1096244186309974,False
13004,AtomSegNet,no_n2v,1,93,204.0,71.0,4,-5,-0.570929943839019,-0.1926681223075093,-0.016001514678484676,0.03458356086914984,0.00829945771877266,-0.010820313674245475,0.018582046190665166,0.026619418954321072,12,0.9584793526680623,False
13004,AtomSegNet,no_n2v,1,94,75.0,72.0,0,2,-0.9598630775668937,0.14361150632019815,-0.025232376053689703,-0.014199877055375818,-0.040412570957073804,-0.03439909766745913,-0.03943225310906552,0.04078731297716821,12,1.7464720694011955,False
13004,AtomSegNet,no_n2v,1,95,190.0,79.0,4,-4,-0.8022718491424712,-0.26770572730995923,0.004020837134718826,0.015476906875851812,0.00936161607703109,-0.01754320910594151,0.01949774401057064,0.010974982416940478,12,0.8285156606525279,False
13004,AtomSegNet,no_n2v,1,96,55.0,103.0,1,4,-1.4801619390228709,1.028150580404116,-0.006771049515582425,-0.02718279497146505,-0.011265552445465083,-0.006605789706726994,-0.033953844487047476,0.015201069371608715,12,1.3752879778725422,False
13004,AtomSegNet,no_n2v,1,97,149.0,103.0,4,-1,-0.49629756505282785,-0.4928185423172806,-0.01383213057008428,-0.022988511238750564,0.005508511285243441,0.0032881492131415727,-0.03682064180883485,0.007162647786750075,12,0.5369705989546731,False
13004,AtomSegNet,no_n2v,1,98,243.0,106.0,7,-6,0.48756680891719384,0.9862123349613228,,,,,,,12,,True
13004,AtomSegNet,no_n2v,1,99,100.0,114.0,3,2,-0.13270823011411892,0.24745435858659448,0.019757775733158574,-0.0063364804677550025,0.021517317917255457,-0.005601116508096408,0.01342129526540357,0.025163913090415248,12,1.4201294775275168,False
13004,AtomSegNet,no_n2v,1,100,157.0,118.0,5,-1,-0.5539126159019077,0.5417957417715229,-0.012924175671819351,-0.010814827287248707,0.0178484649949981,0.00990933577133462,-0.023739002959068056,0.017879598438710675,12,0.7419242392712433,False
13004,AtomSegNet,no_n2v,1,101,51.0,124.0,2,5,0.23088110482460422,-0.012272740509530422,0.06640321804613943,-0.04035073911948207,0.00991442966823564,0.017340988477570318,0.02605247892665736,0.0542899415939659,12,1.021389127684895,False
13004,AtomSegNet,no_n2v,1,102,72.0,130.0,3,4,-0.5953920407210234,0.09737914858169461,0.03274432134940737,-0.027437813501391118,-0.007891031897992038,0.014681148285381002,0.005306507848016253,0.031108531357411446,12,0.9841579831720892,False
13004,AtomSegNet,no_n2v,1,103,94.0,135.0,4,3,-0.42166518626663674,-0.7929689623270519,0.02066842641010633,-0.015197369726668176,-0.013013494276127479,0.01742348085230668,0.005471056683438155,0.022157162869058167,12,0.9703166337423185,False
13004,AtomSegNet,no_n2v,1,104,222.2457117786863,136.84281558320174,8,-4,-0.7870202738524767,1.7135669922469674,-0.0033138048289327606,0.016775312414551748,-0.013553978376927065,0.008902783991909852,0.013461507585618987,0.016870195249250174,12,0.8888503740248298,False
13004,AtomSegNet,no_n2v,1,105,66.0,151.0,4,5,-0.8843489968735412,-0.9430441723319518,0.05210142553059424,0.0455519189730246,0.013809108323579353,0.00860084029211859,0.09765334450361884,0.014192092225223895,12,1.4090047644164343,False
13004,AtomSegNet,no_n2v,1,106,96.0,171.0,6,4,-0.7682371932682486,-0.7987779991518948,-0.015778680339618614,0.03466123066140946,0.008087969914930757,-0.038266957922846595,0.01888255032179085,0.02648511681667146,12,1.2205645523292323,False
13004,AtomSegNet,no_n2v,1,107,189.0,173.0,9,-1,-0.7843728192981985,-0.31974712187329146,-0.0073506714139294155,-0.029263841718818302,0.015552336166979413,0.012610290699451753,-0.03661451313274772,0.019024245542294232,12,0.9286152946080314,False
13004,AtomSegNet,no_n2v,1,108,176.0,181.0,9,0,-0.015714724601650687,-0.3947847268757414,-0.0019269557821228968,-0.004070737855057644,-0.004266389488615873,0.00804622205232044,-0.005997693637180541,0.004398980525375296,12,0.7586448763383769,False
13004,AtomSegNet,no_n2v,1,109,84.15284348903171,180.50466366551802,6,5,1.1532643904600093,0.6308480613636789,0.008961016004574876,0.030296023134995208,0.0046053084787354755,-0.03428301870682555,0.039257039139570085,0.011619143621544767,12,1.1995040660496523,False
13004,AtomSegNet,no_n2v,1,110,184.0,195.0,10,0,-0.0733297754507305,-0.3601704427869379,0.007509966342570852,-0.012107442744085107,0.0010777173253401315,0.000488894725295242,-0.0045974764015142555,0.00986773324789646,12,1.0494341700186147,False
13004,AtomSegNet,no_n2v,1,111,93.0,197.0,7,5,1.9428058505792194,3.1607986799344587,-0.00046957566702959493,0.030428816432054764,0.006300787299478771,-0.01625774395949893,0.02995924076502517,0.016684651005354073,12,1.0784964278205325,False
13004,AtomSegNet,no_n2v,1,112,134.0,204.0,9,3,-0.7097404405120074,-1.6198975418830628,-0.024222976044771603,-0.043873066634666606,-0.02441475855337269,-0.030793226116586733,-0.06809604267943821,0.0263175217349061,12,1.3341418761629202,False
13004,AtomSegNet,no_n2v,1,113,178.0,216.0,11,1,-0.3622867316032625,-1.4005937637005843,-0.0006176868847750612,-0.006742332390399693,0.019406104389942988,0.002641952490864633,-0.007360019275174754,0.0196462390353919,12,0.9729536521337909,False
13004,AtomSegNet,no_n2v,1,114,51.0,160.0,4,6,-2.1156909021770005,-0.018081777334373328,0.05563366209018685,0.05365534008884318,0.020122053860255177,0.013583437505839135,0.10928900217903004,0.02014635180473776,12,1.6566538850680272,False
13004,AtomSegNet,no_n2v,1,115,170.0,204.0,10,1,-0.3046716807541827,0.5647919522106122,0.0017000020643533687,-0.024255871101265175,0.006539003804429237,-0.00011269495129972561,-0.022555869036911806,0.014532219675664114,12,0.8541756618058333,False
13004,AtomSegNet,no_n2v,1,116,210.0,47.0,3,-6,-0.28197298768651535,-2.152244801393863,,,,,,,12,,True
13004,AtomSegNet,no_n2v,1,117,80.56322908356496,49.645380960287326,-1,1,-1.107677037849399,-0.17058421247882904,-0.013199688883164768,-0.01529455803368953,-0.04021316960089158,0.011103775471988542,-0.028494246916854298,0.04022680858009402,12,1.7130697888987438,False
13004,AtomSegNet,no_n2v,1,118,213.0,180.0,10,-2,1.389354035156174,0.7899047672179336,0.0060105752798851825,-0.025413436226956205,-0.0039054462838711375,-0.013159816407504361,-0.019402860947071023,0.01619010918652891,12,1.0506160736797048,False
13004,AtomSegNet,no_n2v,1,119,99.53803778509102,208.22640533962252,8,5,0.42322858482117454,0.42181830364577877,-0.04206012053646103,0.0663895538870029,-0.018682024311480055,-0.05925818450647545,0.024329433350541878,0.05735286394778872,12,2.100367322019082,False
13004,AtomSegNet,no_n2v,1,120,158.0,209.0,10,2,1.463986413942365,-2.5102456527918378,0.012563658838059249,-0.03191417104805949,0.014907284022360905,0.006871723391675424,-0.019350512210000243,0.026773054640215527,12,1.2858798448323043,False
13004,AtomSegNet,no_n2v,1,121,109.0,224.0,9,5,1.827575748881074,2.2300272481120658,,,,,,,12,,True
13004,AtomSegNet,no_n2v,1,122,206.0,201.0,11,-1,0.10039707900364192,-0.25051855369568443,0.008222088449920076,0.0042208658567677,0.005208771545097423,0.015379658971113562,0.012442954306687775,0.0055797622323003025,12,1.196847478529623,False
13004,AtomSegNet,no_n2v,1,123,129.4384972757286,224.56930960134733,10,4,0.43979987906405427,-3.091011261449381,,,,,,,12,,True
13004,AtomSegNet,no_n2v,1,124,164.0,39.0,1,-4,-2.62942669659526,1.6284514204236515,-0.023060829927407198,0.023580052851471786,-0.01728605899222497,0.011486982823195392,0.0005192229240645885,0.029028448495931784,12,1.1010064933193795,False
13004,AtomSegNet,no_n2v,1,125,69.1569135281607,58.645976117568324,-1,2,1.2546655014428865,0.7549733397997258,,,,,,,12,,True
13004,AtomSegNet,no_n2v,1,126,63.0,82.0,0,3,0.8087950171296541,2.0685739013177624,0.012772129023193511,-0.004380775493429309,-0.04453362882740338,-0.028030638665765627,0.008391353529764202,0.045351952878305346,12,1.4548482376061433,False
13004,AtomSegNet,no_n2v,1,127,43.0,144.0,3,6,-2.058075851327928,-2.052696061423177,,,,,,,12,,True
13004,AtomSegNet,no_n2v,1,128,124.0,25.0,-1,-2,1.023119594495995,-0.5908523577588269,,,,,,,12,,True
13004,AtomSegNet,no_n2v,1,129,214.0,216.0,12,-1,0.04278202815456211,0.7840957303931191,,,,,,,12,,True
13853,AtomSegNet,no_n2v,1,0,118.0,12.0,-8,1,-0.41373492003882006,0.07631739940165971,,,,,,,12,,True
13853,AtomSegNet,no_n2v,1,1,161.0,12.0,-9,0,0.1703181113583696,0.11987868114215416,,,,,,,12,,True
13853,AtomSegNet,no_n2v,1,2,204.0,12.0,-10,-1,0.7543711427555309,0.1634399628826202,,,,,,,12,,True
13853,AtomSegNet,no_n2v,1,3,246.0,12.0,-11,-2,0.3384241741527205,0.20700124462311464,,,,,,,12,,True
13853,AtomSegNet,no_n2v,1,4,197.0,32.0,-9,-1,0.808516988725728,0.3499061003178383,0.0025403979400100848,0.0036463450530565284,0.0009706221173355089,0.003105938778551485,0.006186742993066614,0.0011170886486196194,12,0.5625387469461263,False
13853,AtomSegNet,no_n2v,1,5,19.0,51.0,-4,3,-0.4735492908928478,-0.637872889208893,,,,,,,12,,True
13853,AtomSegNet,no_n2v,1,6,90.0,91.0,-4,1,-0.1971515361581595,-0.17781805085753888,0.012443316291757357,0.007717695235519718,-0.013093632113077028,0.004006571734680907,0.020161011527277076,0.013305114637025536,12,0.5334645749507311,False
13853,AtomSegNet,no_n2v,1,7,132.0,91.0,-5,0,-0.613098504760984,-0.13425676911705864,0.006598033239225664,0.009780265259518158,-0.00603592280234827,0.007072969615508242,0.016378298498743823,0.006242116166305422,12,0.32601991074057846,False
13853,AtomSegNet,no_n2v,1,8,175.0,91.0,-6,-1,-0.029045473363794372,-0.09069548737656419,0.00019132118797579237,0.006046652904402627,0.0003957488630131718,0.0032267528847922168,0.0062379740923784194,0.002954292561667636,12,0.5546616413257307,False
13853,AtomSegNet,no_n2v,1,9,125.0,111.0,-4,0,-0.5589526587908153,0.052209368318145266,0.009162981786763382,0.003813185132893114,-0.00019797287603686028,0.001215567149046508,0.012976166919656496,0.002682214443158244,12,0.43060274083508765,False
13853,AtomSegNet,no_n2v,1,10,247.0,130.0,-6,-3,1.247352281370894,-0.6306406490251959,,,,,,,12,,True
13853,AtomSegNet,no_n2v,1,11,33.0,131.0,-1,2,-0.6729128756150189,0.15155294227236027,-0.005032849663017709,-0.016161638556767003,0.010782814227454422,0.004880573630396171,-0.021194488219784712,0.012133901607652953,12,0.9496668970547341,False
13853,AtomSegNet,no_n2v,1,12,204.0,131.0,-5,-2,0.6632992499737043,0.32579806923430965,0.008655134988433393,-0.00873183193751597,0.0035644810971337797,-0.006845920123702682,-7.669694908257751e-05,0.009395859737822735,12,0.6068264393497502,False
13853,AtomSegNet,no_n2v,1,13,26.0,150.0,0,2,-0.6187670296448573,-0.6619809202924216,,,,,,,12,,True
13853,AtomSegNet,no_n2v,1,14,69.0,151.0,-1,1,-0.03471399824766763,0.38158036144807284,0.0032176121354018424,0.007008144457396745,0.008184505814597922,-0.007171734437784922,0.010225756592798587,0.00840108143337566,12,0.6889146993471504,False
13853,AtomSegNet,no_n2v,1,15,147.0,170.0,-2,-1,0.18753791051685198,-0.344830937635777,0.007830562892412452,0.003990611551402511,-0.0016479002058585204,-0.0033316722672930843,0.011821174443814964,0.002530193997265736,12,0.6097604145554912,False
13853,AtomSegNet,no_n2v,1,16,190.0,170.0,-3,-2,0.7715909419140417,-0.30126965589528254,0.00615416534422259,0.003414269824809552,0.005720678957050017,-0.004850047376014327,0.009568435169032143,0.005882425060632713,12,0.578762637066241,False
13853,AtomSegNet,no_n2v,1,17,12.0,190.0,2,2,-0.5104753377045341,-0.2890486454220138,,,,,,,12,,True
13853,AtomSegNet,no_n2v,1,18,140.0,190.0,-1,-1,0.24168375648702067,-0.15836480020055888,0.008356914810109809,0.007299897011709382,-0.01019500290614304,0.0027800504228200546,0.015656811821819192,0.010208692664234674,12,0.51901503048492,False
13853,AtomSegNet,no_n2v,1,19,47.0,210.0,2,1,-0.87227646033719,-0.05902122624632966,-0.00036129370922876903,-0.00595867846699863,0.0030653905379263648,0.005056772139097334,-0.006319972176227399,0.004150818977218481,12,0.7236381919614794,False
13853,AtomSegNet,no_n2v,1,20,132.0,210.0,0,-1,-0.704170397542839,0.02810133723463082,0.005941012766660603,0.004614704852347036,-0.009957249868558102,0.0046664146327454826,0.01055571761900764,0.009979308498878719,12,0.5543086184952947,False
13853,AtomSegNet,no_n2v,1,21,175.0,210.0,-1,-2,-0.12011736614564938,0.07166261897512527,0.013894506406008814,0.009780265259518224,-0.006192405620462351,0.007229452433622266,0.02367477166552704,0.006525153823566367,12,0.5532674290905096,False
13853,AtomSegNet,no_n2v,1,22,40.0,230.0,3,1,-0.8181306143670213,0.12744491118886003,,,,,,,12,,True
13853,AtomSegNet,no_n2v,1,23,83.0,230.0,2,0,-0.23407758296984582,0.17100619292935448,,,,,,,12,,True
13853,AtomSegNet,no_n2v,1,24,125.0,230.0,1,-1,-0.6500245515726704,0.2145674746698205,,,,,,,12,,True
13853,AtomSegNet,no_n2v,1,25,33.0,12.0,-6,3,-0.5818409828331781,-0.010805164079300766,,,,,,,12,,True
13853,AtomSegNet,no_n2v,1,26,62.0,51.0,-5,2,0.11050374050432765,-0.5943116074684269,0.012378643501949602,0.007008144457396647,-0.004815996039258459,0.0058287674160712715,0.019386787959346247,0.005514016942940891,12,0.7472639757743149,False
13853,AtomSegNet,no_n2v,1,27,190.0,52.0,-8,-1,0.8626628346958682,0.536372237753028,0.004988420808007802,-0.006480811301306521,-0.0012348874495405945,0.011079214391174175,-0.0014923904932987193,0.005866069238200699,12,0.3964846260411761,False
13853,AtomSegNet,no_n2v,1,28,217.0,91.0,-7,-2,-0.4449924419666331,-0.04713420563609816,0.008421108725471067,-0.006795395562701189,0.0019289849711297516,0.008042169609051535,0.0016257131627698783,0.007848979787643462,12,0.7517257655032847,False
13853,AtomSegNet,no_n2v,1,29,232.0,170.0,-4,-3,0.3556439733112029,-0.2577083741547881,,,,,,,12,,True
13853,AtomSegNet,no_n2v,1,30,62.0,171.0,0,1,0.01943184772248685,0.5680464988832625,0.010456139113783503,0.005512217654754363,0.0018758480313672702,0.008924542945540119,0.01596835676853787,0.003103126759422932,12,0.7105889275653411,False
13853,AtomSegNet,no_n2v,1,31,90.0,210.0,1,0,-0.2882234289400003,-0.015459944505863632,0.004146927680769745,-0.010525562893206518,-0.0028270961715980577,0.0022987705492038967,-0.006378635212436773,0.007862122339058326,12,0.6780696152802674,False
13853,AtomSegNet,no_n2v,1,32,218.0,210.0,-2,-3,0.4639356652515403,0.1152239007155913,0.015252749971585851,0.009739259209886119,-0.003628979941317633,0.004649399337147668,0.024992009181471972,0.004557317249141516,12,0.6368298902509176,False
13853,AtomSegNet,no_n2v,1,33,75.0,12.0,-7,2,-0.9977879514359955,0.03275611766116526,,,,,,,12,,True
13853,AtomSegNet,no_n2v,1,34,26.0,31.0,-5,3,-0.5276951368630165,-0.8243390266441111,,,,,,,12,,True
13853,AtomSegNet,no_n2v,1,35,112.0,32.0,-7,1,0.6404109259313486,0.2627835368368494,0.0041706826819465585,-0.011681084214086474,0.009171556260114412,-0.00808398272026156,-0.007510401532139915,0.012121760295600059,12,0.7691108656211019,False
13853,AtomSegNet,no_n2v,1,36,154.0,32.0,-8,0,0.2244639573285383,0.30634481857734386,0.005810002454606464,-0.008699034146477299,0.00483153108355971,0.0009403990332329994,-0.0028890316918708343,0.008716176247891085,12,0.5956828584472043,False
13853,AtomSegNet,no_n2v,1,37,239.0,32.0,-10,-2,0.3925700201228892,0.39346738205830434,,,,,,,12,,True
13853,AtomSegNet,no_n2v,1,38,232.0,52.0,-9,-2,0.4467158660930579,0.5799335194935225,,,,,,,12,,True
13853,AtomSegNet,no_n2v,1,39,12.0,71.0,-3,3,-0.4194034449226933,-0.45140675177370326,,,,,,,12,,True
13853,AtomSegNet,no_n2v,1,40,140.0,71.0,-6,0,0.33275564926884726,-0.32072290655224833,0.0019683310148926247,0.005053224050834413,-0.007347904276562328,0.008868312047566898,0.007021555065727038,0.007508051579359553,12,0.5198043839340015,False
13853,AtomSegNet,no_n2v,1,41,54.0,72.0,-4,2,-0.8353504135255037,0.592154529966777,0.010477152672708701,0.01949560295885603,-0.012784687495493266,0.00984628053861294,0.02997275563156473,0.013556597867767178,12,0.9379384282333189,False
13853,AtomSegNet,no_n2v,1,42,225.0,72.0,-8,-2,0.5008617120632266,0.7663996569287121,,,,,,,12,,True
13853,AtomSegNet,no_n2v,1,43,46.0,92.0,-3,2,-1.7812045675553492,0.7786206674019809,-0.00402723712618508,0.010035843012483493,-0.0034828874988564787,0.0018958807772878447,0.0060086058862984125,0.007846850392121947,12,0.748953325548222,False
13853,AtomSegNet,no_n2v,1,44,168.0,111.0,-5,-1,0.0251003726063459,0.0957706500586255,0.004843836495965724,0.0035178006397039163,0.0024114726320151538,-0.0014651792597934156,0.00836163713566964,0.0025009584218817172,12,0.4950270286250434,False
13853,AtomSegNet,no_n2v,1,45,118.0,131.0,-3,0,-0.5048068128206609,0.23867550575334917,0.010706298672765445,-0.007065240144481621,0.004000999020595844,-0.004928077631730539,0.0036410585282838246,0.009744993132169909,12,0.5996592983120148,False
13853,AtomSegNet,no_n2v,1,46,161.0,131.0,-4,-1,0.07924621857654301,0.2822367874938436,0.008401025595986862,-0.009022164216973827,0.0036184680551602415,-0.0023194720484603793,-0.0006211386209869652,0.009433196535683407,12,0.40943553446301106,False
13853,AtomSegNet,no_n2v,1,47,154.0,150.0,-3,-1,0.1333920645466833,-0.5312970750709667,0.011587744286502754,-0.008924952694740132,0.004554705083020455,-0.0032094394723159846,0.0026627915917626227,0.011222211134814971,12,0.521425230578215,False
13853,AtomSegNet,no_n2v,1,48,240.0,150.0,-5,-3,1.3014981273410342,-0.4441745115900062,,,,,,,12,,True
13853,AtomSegNet,no_n2v,1,49,19.0,170.0,1,2,-0.5646211836746886,-0.4755147828572319,,,,,,,12,,True
13853,AtomSegNet,no_n2v,1,50,211.0,230.0,-1,-3,0.5180815112216806,0.3016900381508094,,,,,,,12,,True
13853,AtomSegNet,no_n2v,1,51,69.0,32.0,-6,2,0.05635789453415896,0.21922225509638338,0.007831546295634494,-0.00880826767249102,0.011587754002904332,-0.006367840469477378,-0.000976721376856525,0.014265233789015924,12,1.0865248921562567,False
13853,AtomSegNet,no_n2v,1,52,105.0,51.0,-6,1,0.6945567719015173,-0.5507503257279325,0.006223602370033919,-0.008621787033150084,-0.0037966714109727226,0.0033491028591060602,-0.0023981846631161647,0.008337332333302996,12,0.613087469315842,False
13853,AtomSegNet,no_n2v,1,53,147.0,51.0,-7,0,0.278609803298707,-0.5071890439874664,0.0005583579146528575,-0.009008586084652718,0.0008146604231014376,0.004688872805149309,-0.00845022816999986,0.004852347470702201,12,0.4976777297824001,False
13853,AtomSegNet,no_n2v,1,54,97.0,71.0,-5,1,-0.2512973821283282,-0.3642841882927428,0.009066482206349629,0.0038314842717839816,-0.012387604174544244,0.007622689130359023,0.012897966478133611,0.012661123095085705,12,0.5793887937325458,False
13853,AtomSegNet,no_n2v,1,55,182.0,71.0,-7,-1,-0.08319131933396307,-0.2771616248117823,0.0021256589888175833,-0.006480343488245462,-0.0027860343068302085,0.012652932756271305,-0.0043546844994278786,0.005126188332244408,12,0.4163635857597081,False
13853,AtomSegNet,no_n2v,1,56,82.0,111.0,-3,1,-1.143005690188005,0.008648086577665026,0.00883425785729667,0.002998259935614084,-0.007471521336135301,-0.0030019627270148367,0.011832517792910753,0.008021118937641798,12,0.5754223190778703,False
13853,AtomSegNet,no_n2v,1,57,210.0,111.0,-6,-2,-0.39084659599646443,0.13933193179911996,0.007925332209611613,-0.003341358683385822,0.004421762392859495,-0.008051451575805696,0.004583973526225791,0.007161463787417651,12,0.7417132034709951,False
13853,AtomSegNet,no_n2v,1,58,40.0,112.0,-2,2,-0.7270587215851805,0.9650868048371706,-0.017068466148182273,-0.007959252413009344,0.009169751332688488,0.0004939955358697267,-0.02502771856119162,0.01023859283405723,12,0.9603650349323051,False
13853,AtomSegNet,no_n2v,1,59,75.0,131.0,-2,1,-1.0888598442178363,0.19511422401285472,0.0013371197229998773,0.002192980568434306,0.004782575727088898,-0.01353606403365978,0.003530100291434183,0.004801682520953133,12,0.6639582821654549,False
13853,AtomSegNet,no_n2v,1,60,111.0,150.0,-2,0,-0.4506609668504922,-0.5748583568114611,0.004417025096901731,0.004730063818258578,0.004747050234756646,-0.013877616099399895,0.00914708891516031,0.004749629905747427,12,0.4990121242343749,False
13853,AtomSegNet,no_n2v,1,61,196.0,150.0,-4,-2,-0.28255490405612704,-0.48773579333050066,0.00787841788664102,-0.00863395681914863,0.004594646745131434,-0.0046644078351693015,-0.0007555389325076111,0.009448566468975458,12,0.48032216185532756,False
13853,AtomSegNet,no_n2v,1,62,105.0,171.0,-1,0,0.6034848791196623,0.611607780623757,0.00356103716235921,0.012305715930251888,-0.005131690007477153,-0.007865902637126252,0.015866753092611097,0.006741779736927714,12,0.5414223869556326,False
13853,AtomSegNet,no_n2v,1,63,183.0,190.0,-2,-2,0.8257367878841819,-0.11480351846009285,0.011599049365315837,0.009780265259518254,-0.0042842553926035615,0.0053213022057634635,0.02137931462483409,0.004379707544451818,12,0.4752779727422434,False
13853,AtomSegNet,no_n2v,1,64,226.0,190.0,-3,-3,1.4097898192813716,-0.0712422367195984,,,,,,,12,,True
13853,AtomSegNet,no_n2v,1,65,54.0,191.0,1,1,-0.9264223063073516,0.7545126363184522,0.00809836289105363,-0.005149130154215967,8.776027838616317e-05,0.011353762990524648,0.0029492327368376625,0.006624327880062927,12,0.6115960285154629,False
13853,AtomSegNet,no_n2v,1,66,97.0,191.0,0,0,-0.342369274910169,0.7980739180589467,0.005833337977479579,-0.006727786242689595,-0.009402365654303869,0.00409283872306522,-0.0008944482652100162,0.01130707479040725,12,0.6053972593160523,False
13853,AtomSegNet,no_n2v,1,67,168.0,230.0,0,-2,-0.06597152017548069,0.25812875641031496,,,,,,,12,,True
13853,AtomSegNet,no_n2v,1,68,6.0,91.0,-2,3,0.6347424010474754,-0.26494061433851357,,,,,,,12,,True
13853,AtomSegNet,no_n2v,1,69,6.0,210.0,3,2,0.5436705082656346,-0.10258250798682411,,,,,,,12,,True
11044,AtomSegNet,no_n2v,1,0,89.0,38.0,-14,3,0.4409955938844661,0.022473374925198186,-0.005617017919835493,0.007770560795202281,-0.000973326665192576,0.0058007229231763074,0.002153542875366788,0.006764183672846857,12,0.4346965871272544,False
11044,AtomSegNet,no_n2v,1,1,110.0,38.0,-13,1,0.32248048516855476,0.03436955351773463,-0.004790646432588746,-0.011867552180465092,-0.0018742078497004115,0.004423495880224221,-0.01665819861305384,0.004004160811575873,12,0.3737493095924092,False
11044,AtomSegNet,no_n2v,1,2,131.0,38.0,-12,-1,0.20396537645262924,0.046265732110271074,-0.006442200938448707,-0.011868507181052848,-0.003864979204594015,0.0024326152172284613,-0.018310708119501556,0.0047222096640847444,12,0.37377121002639996,False
11044,AtomSegNet,no_n2v,1,3,152.0,38.0,-11,-3,0.08545026773671793,0.05816191070283594,0.0029126698526338477,0.0003876105873548555,-0.00310638632683253,0.003664999126317455,0.003300280439988703,0.0033531503224318647,12,0.45402877603988734,False
11044,AtomSegNet,no_n2v,1,4,173.0,38.0,-10,-5,-0.0330648409792218,0.07005808929537238,0.006208056770140381,-0.010947153439082424,0.002087985953527115,0.0020580227439077037,-0.004739096668942043,0.008828079897281295,12,0.4161027286022392,False
11044,AtomSegNet,no_n2v,1,5,194.0,38.0,-9,-7,-0.1515799496951331,0.08195426788790883,-0.006627684885087218,-0.00974524180257177,0.0035095241897180563,-0.004842712070714405,-0.016372926687658988,0.003840123737805219,12,0.37242795450949917,False
11044,AtomSegNet,no_n2v,1,6,36.0,44.0,-16,8,0.2367043304562202,-0.0863960965884587,-0.004558385069688169,-0.013016559878001112,0.002761720933903375,-0.0022057475990766916,-0.01757494494768928,0.005050968500075511,12,0.34851324670379336,False
11044,AtomSegNet,no_n2v,1,7,57.0,44.0,-15,6,0.11818922174030178,-0.07449991799592226,0.00808045774876741,-0.01301655987800162,-0.0059811967901354035,0.006537170124962101,-0.00493610212923421,0.012126242337524714,12,0.3450661623463969,False
11044,AtomSegNet,no_n2v,1,8,78.0,44.0,-14,4,-0.0003258869756166405,-0.0626037394033574,-0.00133217237788857,-0.0016748057228833683,-0.009640349953353548,0.006156614126555156,-0.003006978100771938,0.009641872049835517,12,0.4159088521938031,False
11044,AtomSegNet,no_n2v,1,9,99.0,44.0,-13,2,-0.11884099569154216,-0.05070756081084937,-0.005431265289024749,-0.010319037443129791,-0.002919753471429091,0.004894553595712623,-0.01575030273215454,0.0038075634586351137,12,0.3751699865289743,False
11044,AtomSegNet,no_n2v,1,10,120.0,44.0,-12,0,-0.23735610440746768,-0.03881138221828451,-0.005617216236765536,-0.01301655987800166,-0.003481040874476649,0.004037014209303063,-0.018633776114767197,0.005079883576426975,12,0.2621298885317728,False
11044,AtomSegNet,no_n2v,1,11,141.0,44.0,-11,-2,-0.355871213123379,-0.02691520362571964,-0.0013490216533339591,-0.010245569947322328,-0.0035626224425725854,0.0023547209343829476,-0.011594591600656286,0.0056990719906962655,12,0.41125771522602,False
11044,AtomSegNet,no_n2v,1,12,184.0,44.0,-9,-6,0.40709856944476996,-0.0031228464406467538,0.002530724737648452,-0.013016559878001545,0.003977776238501918,-0.0034218029036754876,-0.010485835140353093,0.008732251630226721,12,0.29453608771221573,False
11044,AtomSegNet,no_n2v,1,13,205.0,44.0,-8,-8,0.28858346072883023,0.008773332151918112,-0.005605678387085943,-0.01193860465078546,0.005177828321302866,-0.004621557155226322,-0.017544283037871405,0.006069299373918693,12,0.39254756280600517,False
11044,AtomSegNet,no_n2v,1,14,226.0,44.0,-7,-10,0.17006835201294734,0.020669510744454556,-0.0121689301120655,-0.012440210128277049,0.004520840245660381,-0.003818802601322705,-0.02460914024034255,0.004522874610088317,12,0.3943255369787318,False
11044,AtomSegNet,no_n2v,1,15,15.0,56.0,-16,10,0.35406136873602634,-0.2565503252455983,,,,,,,12,,True
11044,AtomSegNet,no_n2v,1,16,36.0,56.0,-15,8,0.23554626002011503,-0.24465414665303342,-0.006520688716134092,-0.013016559878001656,-0.003910982229654286,0.00446695556448073,-0.019537248594135748,0.00508378476516928,12,0.3025624299005829,False
11044,AtomSegNet,no_n2v,1,17,57.0,56.0,-14,6,0.1170311513041895,-0.23275796806046856,0.0020078208262100878,-0.013016559878001906,-0.0038882968558389998,0.004444270190665433,-0.011008739051791817,0.00845883303567353,12,0.34437013584085663,False
11044,AtomSegNet,no_n2v,1,18,78.0,56.0,-13,4,-0.0014839574117218035,-0.22086178946796053,0.005980920639693521,-0.013016559878002107,0.00022750415789194405,0.00032846917693411364,-0.007035639238308586,0.009501464342242954,12,0.32557581876559016,False
11044,AtomSegNet,no_n2v,1,19,205.0,56.0,-7,-8,0.2874253902927535,-0.14948471791268503,-0.005617216236765682,-0.013016559878001991,-0.0034810408744764855,0.004037014209303041,-0.018633776114767672,0.005079883576426931,12,0.26212988853177804,False
11044,AtomSegNet,no_n2v,1,20,226.0,56.0,-6,-10,0.16891028157681376,-0.13758853932012016,-0.008962945456320507,-0.013016559878002126,-0.0026894789536117945,0.0032454522884387198,-0.021979505334322635,0.0033676764262376953,12,0.3035789828669537,False
11044,AtomSegNet,no_n2v,1,21,131.0,62.0,-10,-1,0.20164923558041892,-0.27025036801887836,-0.005606701245529491,-0.013016559878001635,0.0039422990463366435,-0.0033863257115104056,-0.018623261123531125,0.0054100113686620195,12,0.26212988853177144,False
11044,AtomSegNet,no_n2v,1,22,152.0,62.0,-9,-3,0.08313412686447919,-0.2583541894263419,0.00598092063969319,-0.013016559878001892,0.00022750415789214327,0.00032846917693467694,-0.007035639238308702,0.009501464342242687,12,0.3255758187655862,False
11044,AtomSegNet,no_n2v,1,23,173.0,62.0,-8,-5,-0.035380981851432125,-0.24645801083377705,0.002007820826210424,-0.013016559878001596,-0.0038882968558386906,0.004444270190665135,-0.011008739051791172,0.008458833035673399,12,0.3443701358408504,False
11044,AtomSegNet,no_n2v,1,24,215.0,62.0,-6,-9,-0.27241119928328317,-0.22266565364870416,-0.0056172162367656925,-0.013016559878002053,-0.0034810408744764213,0.004037014209303113,-0.018633776114767745,0.005079883576426906,12,0.2621298885317781,False
11044,AtomSegNet,no_n2v,1,25,57.0,93.0,-11,6,0.11355693999586691,0.29246788174576466,-0.0013572380566568736,0.023524354055806655,-0.00800518544735468,0.010091776476177596,0.02216711599914978,0.014793796015874053,12,0.40833639126866167,False
11044,AtomSegNet,no_n2v,1,26,78.0,93.0,-10,4,-0.0049581687200515034,0.3043640603383153,0.009931447628565852,0.020736070841536367,-0.0032554529818588163,0.0038683218807147824,0.03066751847010222,0.006307372258766624,12,0.4106060582733987,False
11044,AtomSegNet,no_n2v,1,27,247.0,93.0,-2,-12,0.04692096155258696,0.3995334890786779,,,,,,,12,,True
11044,AtomSegNet,no_n2v,1,28,4.0,99.0,-13,11,-0.09073432343238608,0.18359841023209356,,,,,,,12,,True
11044,AtomSegNet,no_n2v,1,29,46.0,99.0,-11,7,-0.3277645408642229,0.20739076741719487,-0.0056171913878057134,0.007245064183141531,-0.003429071360143891,0.003995760403714297,0.0016278727953358179,0.007288205196483558,12,0.37705124493489073,False
11044,AtomSegNet,no_n2v,1,30,89.0,99.0,-9,3,0.43520524170392605,0.23118312460229617,0.007926002362971151,0.007511025287153866,0.002322196635686012,-0.0016437508898126498,0.015437027650125017,0.0023314477708400202,12,0.3756929835158659,False
11044,AtomSegNet,no_n2v,1,31,110.0,99.0,-8,1,0.31669013298801474,0.24307930319483262,-0.005606726094489472,0.007245064183141367,0.0039010452407478263,-0.0033343561971774867,0.0016383380886518953,0.007517332126852778,12,0.37705124493488656,False
11044,AtomSegNet,no_n2v,1,32,131.0,99.0,-7,-1,0.198175024272075,0.2549754817873975,-0.005606726094489459,0.007245064183141028,0.003901045240747931,-0.0033343561971773163,0.0016383380886515692,0.007517332126852681,12,0.3770512449348921,False
11044,AtomSegNet,no_n2v,1,33,152.0,99.0,-6,-3,0.0796599155561637,0.26687166037993393,0.005980920639693911,0.007717518528316483,0.000232924979336082,0.00033388999837832237,0.013698439168010394,0.000898997832417191,12,0.4222785332750045,False
11044,AtomSegNet,no_n2v,1,34,173.0,99.0,-5,-5,-0.038855193159747614,0.27876783897247037,0.0009998008571390528,0.006051109285654887,-0.005211705567241767,0.004551690944461611,0.0070509101427939395,0.005791442318595395,12,0.455613685522,False
11044,AtomSegNet,no_n2v,1,35,25.0,111.0,-11,9,-0.21040750258441676,0.037236538760083704,0.010249722854812255,-0.01301655987800158,0.003966605761233674,-0.0034106324264071325,-0.002766837023189325,0.012290807105957688,12,0.3205609243182486,False
11044,AtomSegNet,no_n2v,1,36,89.0,111.0,-8,3,0.4340471712678209,0.07292507453772146,0.008002594943484131,-0.013016559878001786,-0.0016305882433198977,0.0021865615781462362,-0.005013964934517655,0.010635320181905751,12,0.2590891385264281,False
11044,AtomSegNet,no_n2v,1,37,110.0,111.0,-7,1,0.3155320625519096,0.0848212531302579,-0.0056172162367657905,-0.013016559878001724,-0.0034810408744766425,0.004037014209303025,-0.018633776114767513,0.005079883576426901,12,0.2621298885317724,False
11044,AtomSegNet,no_n2v,1,38,131.0,111.0,-6,-1,0.19701695383596984,0.09671743172279434,-0.005617216236765772,-0.013016559878001996,-0.003481040874476255,0.00403701420930292,-0.01863377611476777,0.005079883576426742,12,0.2621298885317736,False
11044,AtomSegNet,no_n2v,1,39,152.0,111.0,-5,-3,0.07850184512005853,0.10861361031535921,-0.0023984796609127145,-0.013016559878001982,-0.007999932212849786,0.008555905547676249,-0.015415039538914696,0.009601292740268224,12,0.2954182938490946,False
11044,AtomSegNet,no_n2v,1,40,173.0,111.0,-4,-5,-0.04001326359585278,0.12050978890789565,0.010240912657501813,-0.01301655987800167,-0.003459850967058444,0.004015824301884757,-0.002775647220499857,0.012132521415566509,12,0.320473055373958,False
11044,AtomSegNet,no_n2v,1,41,194.0,111.0,-3,-7,-0.1585283723117641,0.1324059675004321,-0.005606701245529922,-0.013016559878001812,0.003942299046336753,-0.003386325711510209,-0.018623261123531736,0.005410011368662012,12,0.26212988853177666,False
11044,AtomSegNet,no_n2v,1,42,36.0,117.0,-10,8,0.229755907839575,-0.03594439697593543,0.0025307247376485033,-0.01301655987800193,0.003977776238501745,-0.003421802903675436,-0.010485835140353427,0.008732251630226836,12,0.29453608771221873,False
11044,AtomSegNet,no_n2v,1,43,57.0,117.0,-9,6,0.11124079912364948,-0.02404821838339899,-0.005606701245529756,-0.01301655987800161,0.00394229904633656,-0.0033863257115099754,-0.018623261123531364,0.005410011368661859,12,0.2621298885317743,False
11044,AtomSegNet,no_n2v,1,44,78.0,117.0,-8,4,-0.00727430959227604,-0.012152039790848335,0.014509696237252881,-0.013016559878001837,0.00023185549313597975,0.0003241178416906464,0.0014931363592510447,0.013765080853389376,12,0.3186346086553462,False
11044,AtomSegNet,no_n2v,1,45,99.0,117.0,-7,2,-0.12578941830818735,-0.00025586119829767995,-0.0056172162367653595,-0.01301655987800191,-0.003481040874476586,0.004037014209302886,-0.01863377611476727,0.005079883576427088,12,0.2621298885317745,False
11044,AtomSegNet,no_n2v,1,46,205.0,117.0,-2,-8,0.28163503811219925,0.05922503176442717,-0.005606701245529655,-0.01301655987800188,0.003942299046336259,-0.0033863257115098566,-0.018623261123531534,0.005410011368661767,12,0.262129888531771,False
11044,AtomSegNet,no_n2v,1,47,226.0,117.0,-1,-10,0.16311992939628794,0.07112121035696362,-0.005606701245529692,-0.013016559878001896,0.003942299046336608,-0.0033863257115100028,-0.018623261123531586,0.005410011368662014,12,0.26212988853177727,False
11044,AtomSegNet,no_n2v,1,48,247.0,117.0,0,-12,0.04460482068037663,0.08301738894951427,,,,,,,12,,True
11044,AtomSegNet,no_n2v,1,49,15.0,129.0,-10,10,0.34711294611938115,-0.2060986256330466,,,,,,,12,,True
11044,AtomSegNet,no_n2v,1,50,36.0,129.0,-9,8,0.22859783740346984,-0.19420244704053857,-0.0011182609555084597,0.0077723355427143405,-0.0017594579280531886,0.002421370232450781,0.0066540745872058805,0.0047808334758849425,12,0.4067359852081622,False
11044,AtomSegNet,no_n2v,1,51,57.0,129.0,-8,6,0.11008272868754432,-0.1823062684479737,-0.0040494123902852465,0.004818951813181295,-0.002170510692861812,0.001111750293234462,0.0007695394228960485,0.004936910732346611,12,0.4458362418724025,False
11044,AtomSegNet,no_n2v,1,52,78.0,129.0,-7,4,-0.008432380028381203,-0.17041008985540884,0.011884253711151031,-0.010140907112876005,0.0017448053551213987,-0.0028124634522682414,0.0017433465982750265,0.011149944980058158,12,0.42668629166336575,False
11044,AtomSegNet,no_n2v,1,53,205.0,129.0,-1,-8,0.2804769676760941,-0.09903301830016176,-0.005618239095208521,-0.011938604650785164,-0.004716272318193059,0.005272543484268999,-0.017556843745993686,0.0056771453890475665,12,0.3925475628060027,False
11044,AtomSegNet,no_n2v,1,54,226.0,129.0,0,-10,0.16196185896018278,-0.08713683970762531,-0.005617216236765816,-0.013016559878001759,-0.003481040874476617,0.004037014209303368,-0.018633776114767575,0.0050798835764268874,12,0.26212988853178026,False
11044,AtomSegNet,no_n2v,1,55,131.0,135.0,-4,-1,0.19470081296375952,-0.2197986684063551,-0.0056067012455295615,-0.013016559878001507,0.0039422990463364345,-0.0033863257115101693,-0.01862326112353107,0.005410011368661799,12,0.2621298885317719,False
11044,AtomSegNet,no_n2v,1,56,152.0,135.0,-3,-3,0.07618570424784821,-0.20790248981381865,-0.005606701245529343,-0.013016559878001772,0.00394229904633676,-0.0033863257115103983,-0.018623261123531114,0.005410011368662202,12,0.26212988853177366,False
11044,AtomSegNet,no_n2v,1,57,173.0,135.0,-2,-5,-0.042329404468091525,-0.19600631122125378,0.013804965438115624,-0.008845380754479932,0.0008280779695771545,0.0021396494667469852,0.004959584683635693,0.011355406588264729,12,0.4079833167425384,False
11044,AtomSegNet,no_n2v,1,58,25.0,148.0,-8,9,-0.21388171389273225,0.5624623885663311,-0.006967088940037314,0.02000441447177737,0.006170363836730689,-0.0003015860309126357,0.013037325531740054,0.014830336778071383,12,0.4519223839919575,False
11044,AtomSegNet,no_n2v,1,59,36.0,154.0,-7,8,0.2262816965312453,0.489281452830312,-0.005606726094489358,0.007245064183141244,0.0039010452407479855,-0.0033343561971773553,0.0016383380886518858,0.00751733212685276,12,0.37705124493489267,False
11044,AtomSegNet,no_n2v,1,60,247.0,154.0,3,-12,0.04113060937203272,0.6082432387557901,,,,,,,12,,True
11044,AtomSegNet,no_n2v,1,61,15.0,166.0,-7,10,0.34363873481106566,0.31912722417320083,,,,,,,12,,True
11044,AtomSegNet,no_n2v,1,62,36.0,166.0,-6,8,0.22512362609514014,0.3310234027657373,-0.0056172162367655164,-0.013016559878001608,-0.0034810408744766386,0.004037014209302963,-0.018633776114767124,0.005079883576426956,12,0.2621298885317745,False
11044,AtomSegNet,no_n2v,1,63,57.0,166.0,-5,6,0.10660851737922172,0.3429195813582737,0.002671316775978981,-0.010981464589004999,-0.00529672029666956,0.002267349573088991,-0.008310147813026018,0.008640304141126326,12,0.4259682589232535,False
11044,AtomSegNet,no_n2v,1,64,78.0,166.0,-4,4,-0.011906591336696692,0.3548157599508386,0.006303739836083937,0.008299334947796787,-0.0014817752911706872,-0.0018487931185343968,0.014603074783880725,0.00178640924090675,12,0.4817111969775219,False
11044,AtomSegNet,no_n2v,1,65,99.0,166.0,-3,2,-0.1304217000526222,0.366711938543375,-0.005606899562459613,0.007674822606041998,0.003579227037768609,-0.003005392224667246,0.0020679230435823853,0.007543997755050743,12,0.42897559129311036,False
11044,AtomSegNet,no_n2v,1,66,184.0,166.0,1,-6,0.3955178650836899,0.4142966529135492,-0.0008937479004069971,0.004502985901904326,0.000649710425794025,0.004701122378678741,0.0036092380014973286,0.002775483303973897,12,0.4428180836886458,False
11044,AtomSegNet,no_n2v,1,67,205.0,166.0,2,-8,0.2770027563677786,0.4261928315061141,-0.005617017919835605,0.004709081070962116,-0.005672612427497544,0.0011014371608713885,-0.0009079368488734887,0.007670437526278277,12,0.41162162244480915,False
11044,AtomSegNet,no_n2v,1,68,226.0,166.0,3,-10,0.15848764765183887,0.43808901009865053,-0.0056170179198352,0.015148057256542079,-0.003103550609069364,0.0036704989792998694,0.00953103933670688,0.01083647143461398,12,0.4352538826877493,False
11044,AtomSegNet,no_n2v,1,69,247.0,166.0,4,-12,0.03997253893592756,0.449985188691187,,,,,,,12,,True
11044,AtomSegNet,no_n2v,1,70,25.0,172.0,-6,9,-0.2161978547649568,0.2459462884371817,-0.009570033674799075,-0.012696376891174744,-0.002564225243358024,0.003703783839820116,-0.022266410565973817,0.0030031244688355926,12,0.41827546161614687,False
11044,AtomSegNet,no_n2v,1,71,46.0,172.0,-5,7,-0.3347129634808681,0.25784246702971814,-0.0014327170439256843,-0.013016559878001665,-0.00243309008081036,0.0029890634156367595,-0.01444927692192735,0.006282219436033823,12,0.31185801655871415,False
11044,AtomSegNet,no_n2v,1,72,89.0,172.0,-3,3,0.42825681908728086,0.28163482421481945,0.0029734713747100036,-0.0026597128699089203,0.006305480092147304,-0.002107775728837013,0.00031375850480108323,0.006905959048236653,12,0.42505818811838725,False
11044,AtomSegNet,no_n2v,1,73,110.0,172.0,-2,1,0.30974171037136955,0.2935310028073559,-0.005521498579670655,-0.006210722021177117,0.003394365076422596,-0.005168249620416578,-0.011732220600847772,0.00341181352217818,12,0.4272356232148439,False
11044,AtomSegNet,no_n2v,1,74,131.0,172.0,-1,-1,0.19122660165544403,0.30542718139992076,-0.005606726094489025,0.007245064183141228,0.0039010452407479204,-0.003334356197177267,0.0016383380886522024,0.007517332126852577,12,0.3770512449348864,False
11044,AtomSegNet,no_n2v,1,75,152.0,172.0,0,-3,0.07271149293953272,0.3173233599924572,0.011189814811120477,0.006789069449693323,0.0036489178624216846,-0.002170692245371374,0.0179788842608138,0.004261014139935549,12,0.4307590130051671,False
11044,AtomSegNet,no_n2v,1,76,173.0,172.0,1,-5,-0.045803615776407014,0.32921953858499364,-0.004238409358852078,-0.006618216004736438,-0.001588409756600834,0.0037824477935530865,-0.010856625363588515,0.001984670116874228,12,0.4886826690659745,False
11044,AtomSegNet,no_n2v,1,77,215.0,172.0,3,-9,-0.28283383320825806,0.35301189577009495,-0.0057024189026246225,-0.006210722021178735,-0.005262964783382808,0.003489080239389395,-0.011913140923803358,0.005269097771555449,12,0.4272356232148561,False
11044,AtomSegNet,no_n2v,1,78,25.0,184.0,-5,9,-0.21735592520106195,0.08768823837260697,-0.0121689301120657,-0.012440210128276312,0.004520840245660016,-0.0038188026013232018,-0.024609140240342012,0.004522874610087938,12,0.39432553697873424,False
11044,AtomSegNet,no_n2v,1,79,110.0,184.0,-1,1,0.3085836399352502,0.13527295274278117,-0.005618611695815518,-0.013016559878001557,-0.006098641906700879,0.00665461524152708,-0.018635171573817076,0.007132730363103988,12,0.25625090228633507,False
11044,AtomSegNet,no_n2v,1,80,131.0,184.0,0,-1,0.19006853121933887,0.14716913133531762,-0.005617216236765186,-0.013016559878002003,-0.0034810408744764803,0.004037014209303036,-0.01863377611476719,0.005079883576427112,12,0.26212988853177527,False
11044,AtomSegNet,no_n2v,1,81,152.0,184.0,1,-3,0.07155342250342756,0.15906530992788248,0.014509696237252352,-0.013016559878001845,0.00023185549313606196,0.00032411784169068065,0.0014931363592505069,0.013765080853389117,12,0.31863460865534265,False
11044,AtomSegNet,no_n2v,1,82,173.0,184.0,2,-5,-0.04696168621251218,0.17096148852041892,-0.005606701245529493,-0.013016559878001446,0.003942299046336555,-0.0033863257115104976,-0.018623261123530938,0.00541001136866189,12,0.2621298885317715,False
11044,AtomSegNet,no_n2v,1,83,36.0,190.0,-4,8,0.2228074852229298,0.014507302636587838,-0.0021986549224217353,-0.0035317971177189467,0.00423207239218148,-0.0019405910308240256,-0.005730452040140682,0.004284244829708631,12,0.4298004990039174,False
11044,AtomSegNet,no_n2v,1,84,57.0,190.0,-3,6,0.10429237650700429,0.02640348122912428,0.00905742677744648,-0.009506989311231945,0.003937892538592059,-0.005408669414554943,-0.0004495625337854643,0.01008297494908594,12,0.4118771652846381,False
11044,AtomSegNet,no_n2v,1,85,78.0,190.0,-2,4,-0.014222732208907019,0.038299659821660725,-0.0073246381218643845,-0.013016559878001953,-0.004586706849034982,0.00514268018386177,-0.020341197999866337,0.005397904504387092,12,0.3764251459141068,False
11044,AtomSegNet,no_n2v,1,86,226.0,190.0,5,-10,0.15617150677962854,0.12157290996947268,-0.005606701245529655,-0.013016559878001911,0.003942299046336212,-0.003386325711509916,-0.018623261123531566,0.005410011368661743,12,0.26212988853176666,False
11044,AtomSegNet,no_n2v,1,87,247.0,190.0,6,-12,0.037656398063717234,0.13346908856203754,,,,,,,12,,True
11044,AtomSegNet,no_n2v,1,88,57.0,227.0,0,6,0.1008181651986817,0.5516293310353717,0.017704923306516993,0.004951295231563185,-0.008236558333618096,0.0015090091570463416,0.022656218538080176,0.010416556554430845,12,0.5816781350926867,False
11044,AtomSegNet,no_n2v,1,89,78.0,227.0,1,4,-0.01769694351723672,0.5635255096279366,-0.021543931808667097,0.007963386627154923,-0.0036419328036289907,0.004170257917093374,-0.013580545181512175,0.015196517195212839,12,0.4186119042729449,False
11044,AtomSegNet,no_n2v,1,90,57.0,239.0,1,6,0.09966009476257653,0.393371280970797,,,,,,,12,,True
11044,AtomSegNet,no_n2v,1,91,78.0,239.0,2,4,-0.018855013953356092,0.40526745956333343,,,,,,,12,,True
11044,AtomSegNet,no_n2v,1,92,99.0,239.0,3,2,-0.1373701226692674,0.4171636381558983,,,,,,,12,,True
11044,AtomSegNet,no_n2v,1,93,120.0,239.0,4,0,-0.2558852313851929,0.42905981674843474,,,,,,,12,,True
11044,AtomSegNet,no_n2v,1,94,141.0,239.0,5,-2,-0.37440034010111845,0.4409559953409712,,,,,,,12,,True
11044,AtomSegNet,no_n2v,1,95,163.0,239.0,6,-4,0.5070845511829702,0.45285217393353605,,,,,,,12,,True
11044,AtomSegNet,no_n2v,1,96,184.0,239.0,7,-6,0.3885694424670305,0.4647483525260725,,,,,,,12,,True
11044,AtomSegNet,no_n2v,1,97,110.0,245.0,4,1,0.30279328775472436,0.34398270241987916,,,,,,,12,,True
11044,AtomSegNet,no_n2v,1,98,131.0,245.0,5,-1,0.18427817903878463,0.3558788810124156,,,,,,,12,,True
11044,AtomSegNet,no_n2v,1,99,152.0,245.0,6,-3,0.06576307032287332,0.36777505960498047,,,,,,,12,,True
11044,AtomSegNet,no_n2v,1,100,173.0,245.0,7,-5,-0.05275203839303799,0.3796712381975169,,,,,,,12,,True
11044,AtomSegNet,no_n2v,1,101,99.0,7.0,-16,2,-0.11536678438321246,-0.5759334106170968,,,,,,,12,,True
11044,AtomSegNet,no_n2v,1,102,120.0,7.0,-15,0,-0.23388189309913798,-0.5640372320245319,,,,,,,12,,True
11044,AtomSegNet,no_n2v,1,103,141.0,7.0,-14,-2,-0.3523970018150635,-0.5521410534319671,,,,,,,12,,True
11044,AtomSegNet,no_n2v,1,104,205.0,7.0,-11,-8,0.29205767203717414,-0.5164525176543577,,,,,,,12,,True
11044,AtomSegNet,no_n2v,1,105,78.0,19.0,-16,4,0.0019902538965936856,-0.746087639274208,-0.012742435220821913,0.003985699801596548,-0.006126337153734729,-0.005755330983975527,-0.008756735419225364,0.010367720687465318,12,0.49245092137083296,False
11044,AtomSegNet,no_n2v,1,106,205.0,19.0,-10,-8,0.290899601601069,-0.6747105677189325,-0.00878315323808607,0.011979588219859208,-0.007131647995368482,0.002393638182690118,0.003196434981773138,0.012594969684052963,12,0.6420890813227066,False
11044,AtomSegNet,no_n2v,1,107,99.0,20.0,-15,2,-0.11652485481933184,0.2658085393183569,-0.005516791714071886,0.020266440923538596,0.01910840002591595,0.0056326786390113424,0.014749649209466711,0.023050482052697083,12,0.44442362168219585,False
11044,AtomSegNet,no_n2v,1,108,120.0,20.0,-14,0,-0.23503996353524315,0.27770471791089335,-0.005602095482550358,0.02401634059272393,0.009134170773569424,-0.008556997718033955,0.01841424511017357,0.017399598116249904,12,0.4991977581905029,False
11044,AtomSegNet,no_n2v,1,109,141.0,20.0,-13,-2,-0.35355507225116867,0.2896008965034298,0.007179746120288058,0.0156379504122012,-0.0045789952262407976,-0.011584989990196424,0.02281769653248926,0.006233177539816309,12,0.5222330615578894,False
11044,AtomSegNet,no_n2v,1,110,163.0,20.0,-12,-4,0.52792981903292,0.30149707509596624,0.008938183514654622,0.006560217996019486,0.0017412297285245354,0.014371362570969843,0.015498401510674107,0.0021084498973065603,12,0.6675943914888242,False
11044,AtomSegNet,no_n2v,1,111,184.0,20.0,-11,-6,0.4094147103169803,0.3133932536885027,-0.005327451171486084,-0.005494011264858452,-0.008324036631555823,-0.0008274850293333558,-0.010821462436344537,0.008324453219861307,12,0.7336544819798139,False
11044,AtomSegNet,no_n2v,1,112,152.0,25.0,-12,-3,0.0866083381728231,-0.7835800392325893,0.010586099059618308,0.004558396088069884,-0.0034244578436481593,0.0037702586805853466,0.015144495147688192,0.004561821160592207,12,0.46071289455593395,False
11044,AtomSegNet,no_n2v,1,113,110.0,26.0,-14,1,0.3236385556046599,0.19262760358233777,-0.0046272709190422374,0.005013215879657655,0.007946200343772206,-0.001378719446540097,0.000385944960615418,0.009293914478428466,12,0.42805656285163735,False
11044,AtomSegNet,no_n2v,1,114,131.0,26.0,-13,-1,0.2051234468887344,0.2045237821748458,-0.007331433848666231,0.004676494420514677,0.0018269634021108858,-0.007356370382195844,-0.0026549394281515544,0.00627577729067094,12,0.4186223766833102,False
11044,AtomSegNet,no_n2v,1,115,173.0,26.0,-11,-5,-0.031906770543116636,0.2283161393599471,-0.0013571722738645671,0.0011112036487016359,-0.0036854011236098693,0.012725514285588817,-0.00024596862516293124,0.0038865667838956564,12,0.6249493882095464,False
11044,AtomSegNet,no_n2v,1,116,194.0,26.0,-10,-7,-0.15042187925902795,0.24021231795251197,-0.00503895121849202,0.011075098494612683,-0.010774509108029743,-0.001336129127734586,0.006036147276120662,0.013453835737741051,12,0.6760789157555751,False
11044,AtomSegNet,no_n2v,1,117,215.0,26.0,-9,-9,-0.26893698797493926,0.2521084965450484,0.0008853342455566474,0.022580546416180982,-0.009599747283291646,-0.001047188460852601,0.023465880661737628,0.014485361772671297,12,0.7852236357039559,False
11044,AtomSegNet,no_n2v,1,118,68.0,38.0,-15,5,0.5595107026003916,0.010577196332661742,0.005824810479292638,-0.003908527065808983,-0.010174312811606571,0.004586412151441239,0.0019162834134836557,0.011278346781782463,12,0.407029819765915,False
11044,AtomSegNet,no_n2v,1,119,215.0,38.0,-8,-9,-0.27009505841107284,0.09385044648047369,-0.0021986549224210046,-0.0035317971177197586,0.0042320723921815415,-0.001940591030823572,-0.005730452040140763,0.0042842448297088125,12,0.4298004990039174,False
11044,AtomSegNet,no_n2v,1,120,162.0,44.0,-10,-4,-0.4743863218392903,-0.015019025033183198,0.008291368746885141,-0.008911043367662954,0.0036954002315633078,-0.000832433750515314,-0.0006196746207778134,0.00936144906043535,12,0.368365377806343,False
11044,AtomSegNet,no_n2v,1,121,99.0,56.0,-12,2,-0.11999906612764732,-0.20896561087539567,-0.0056067012455296985,-0.013016559878001422,0.003942299046336713,-0.003386325711509973,-0.01862326112353112,0.005410011368661926,12,0.2621298885317743,False
11044,AtomSegNet,no_n2v,1,122,120.0,56.0,-11,0,-0.23851417484357285,-0.19706943228285922,-0.005606701245529344,-0.013016559878001384,0.003942299046336584,-0.003386325711510241,-0.01862326112353073,0.00541001136866194,12,0.2621298885317741,False
11044,AtomSegNet,no_n2v,1,123,141.0,56.0,-10,-2,-0.35702928355948416,-0.18517325369032278,0.002530724737647983,-0.013016559878001991,0.003977776238501729,-0.003421802903675182,-0.010485835140354009,0.008732251630226626,12,0.29453608771221534,False
11044,AtomSegNet,no_n2v,1,124,163.0,56.0,-9,-4,0.5244556077245761,-0.17327707509775792,0.00800364351919007,-0.013016559878001797,0.0020873086941500603,-0.0015313353593233202,-0.005012916358811726,0.010715367249866126,12,0.2590715473352761,False
11044,AtomSegNet,no_n2v,1,125,184.0,56.0,-8,-6,0.4059404990086648,-0.16138089650522147,-0.0014327170439255442,-0.013016559878001462,-0.002433090080810596,0.002989063415636803,-0.014449276921927006,0.0062822194360338856,12,0.3118580165587106,False
11044,AtomSegNet,no_n2v,1,126,25.0,62.0,-15,9,-0.2057752208399819,-0.329731260981589,-0.005408074017372228,-0.011539889362711749,-0.004720275962477776,0.0053892988643943485,-0.016947963380083978,0.005628569535795111,12,0.49381670712940157,False
11044,AtomSegNet,no_n2v,1,127,46.0,62.0,-14,7,-0.3242903295559074,-0.31783508238905256,-0.0014327170439257094,-0.013016559878002213,-0.0024330900808105477,0.002989063415636982,-0.014449276921927923,0.006282219436034136,12,0.31185801655871453,False
11044,AtomSegNet,no_n2v,1,128,89.0,62.0,-12,3,0.43867945301225575,-0.29404272520397967,0.002530724737648097,-0.013016559878001672,0.003977776238501841,-0.003421802903675123,-0.010485835140353575,0.008732251630226584,12,0.29453608771221973,False
11044,AtomSegNet,no_n2v,1,129,110.0,62.0,-11,1,0.3201643442963302,-0.2821465466114148,-0.0056067012455295025,-0.013016559878001386,0.003942299046336569,-0.0033863257115100093,-0.01862326112353089,0.0054100113686618755,12,0.26212988853177577,False
11044,AtomSegNet,no_n2v,1,130,194.0,62.0,-7,-7,-0.15389609056734344,-0.2345618322412406,-0.005617216236765468,-0.01301655987800165,-0.0034810408744766585,0.004037014209302895,-0.018633776114767117,0.005079883576427003,12,0.26212988853177693,False
11044,AtomSegNet,no_n2v,1,131,236.0,62.0,-5,-11,-0.3909263079991945,-0.2107694750561393,0.0014545164863194536,-0.010233656042950791,-0.004420657307490715,0.0043898452549188845,-0.008779139556631338,0.0073277251107535385,12,0.5348931731028664,False
11044,AtomSegNet,no_n2v,1,132,68.0,74.0,-12,5,0.5560364912920761,-0.46419695386109083,0.00792600236297129,0.007511025287153837,0.0023221966356859274,-0.0016437508898124926,0.015437027650125126,0.002331447770839943,12,0.3756929835158673,False
11044,AtomSegNet,no_n2v,1,133,89.0,74.0,-11,3,0.4375213825761506,-0.4523007752685544,-0.0011182609555084268,0.007772335542714644,-0.0017594579280531273,0.002421370232450833,0.006654074587206217,0.004780833475885046,12,0.40673598520816207,False
11044,AtomSegNet,no_n2v,1,134,110.0,74.0,-10,1,0.31900627386022506,-0.4404045966759895,-0.005617191387805663,0.007245064183141144,-0.0034290713601440067,0.003995760403714393,0.0016278727953354805,0.007288205196483419,12,0.3770512449348899,False
11044,AtomSegNet,no_n2v,1,135,131.0,74.0,-9,-1,0.20049116514431375,-0.4285084180834531,-0.005617191387805804,0.0072450641831417395,-0.0034290713601440354,0.003995760403714205,0.0016278727953359358,0.007288205196483757,12,0.377051244934884,False
11044,AtomSegNet,no_n2v,1,136,152.0,74.0,-8,-3,0.08197605642837402,-0.41661223949091664,0.0009998008571389441,0.006051109285655281,-0.00521170556724131,0.004551690944461718,0.007050910142794226,0.005791442318595094,12,0.45561368552199044,False
11044,AtomSegNet,no_n2v,1,137,173.0,74.0,-7,-5,-0.03653905228753729,-0.40471606089835177,0.005980920639693782,0.007717518528316169,0.00023292497933628003,0.00033388999837831034,0.013698439168009951,0.000898997832417153,12,0.42227853327500725,False
11044,AtomSegNet,no_n2v,1,138,194.0,74.0,-6,-7,-0.15505416100347702,-0.3928198823058153,-0.00560672609448913,0.007245064183141089,0.003901045240747958,-0.0033343561971778024,0.0016383380886519586,0.007517332126852581,12,0.37705124493489467,False
11044,AtomSegNet,no_n2v,1,139,215.0,74.0,-5,-9,-0.2735692697193599,-0.3809237037132789,-0.0056067260944894426,0.007245064183141526,0.003901045240747837,-0.0033343561971775054,0.0016383380886520835,0.007517332126852839,12,0.37705124493489195,False
11044,AtomSegNet,no_n2v,1,140,236.0,74.0,-4,-11,-0.39208437843529964,-0.36902752512072823,-0.0020319570598821527,0.009656577986446712,0.0032328734496019254,-0.003341955695845504,0.00762462092656456,0.00667884223675448,12,0.42380997276062776,False
11044,AtomSegNet,no_n2v,1,141,15.0,80.0,-14,10,0.351745227863816,-0.5730664253747335,,,,,,,12,,True
11044,AtomSegNet,no_n2v,1,142,36.0,80.0,-13,8,0.2332301191478905,-0.5611702467822113,-0.000675255368944404,0.02205609316858079,0.0028144363252641863,-0.0028700556613086205,0.021380837799636388,0.011708953984561506,12,0.4081507757216709,False
11044,AtomSegNet,no_n2v,1,143,57.0,80.0,-12,6,0.11471501043197208,-0.5492740681896606,0.005980920639693762,0.02107899307139808,0.00023775462935909437,0.00033871964840136436,0.027059913711091843,0.007552779293215787,12,0.41572865221619565,False
11044,AtomSegNet,no_n2v,1,144,78.0,80.0,-11,4,-0.0038000982839463404,-0.53737788959711,0.0015425050593478541,0.021923266628768555,-0.004037549931196151,0.005102415524778674,0.023465771688116407,0.010961098028222172,12,0.4375131206866939,False
11044,AtomSegNet,no_n2v,1,145,99.0,80.0,-10,2,-0.12231520699987186,-0.5254817110045593,-0.00561779893598634,0.023323601186059126,-0.0043341666255381035,0.004911371085804093,0.017705802250072785,0.015105832006017136,12,0.38451870468387955,False
11044,AtomSegNet,no_n2v,1,146,120.0,80.0,-9,0,-0.24083031571578317,-0.5135855324120229,-0.005617798935986255,0.023323601186059303,-0.004334166625538588,0.004911371085804139,0.01770580225007305,0.015105832006017318,12,0.3845187046838812,False
11044,AtomSegNet,no_n2v,1,147,205.0,80.0,-5,-8,0.28510924942054316,-0.46600081804183446,-0.005606118546308247,0.023323601186059546,0.004816655922837119,-0.004239451462571842,0.0177174826397513,0.015245732033173726,12,0.3845187046838832,False
11044,AtomSegNet,no_n2v,1,148,226.0,80.0,-4,-10,0.16659414070460343,-0.454104639449298,-0.0056061185463088786,0.023323601186059546,0.00481665592283761,-0.004239451462571885,0.01771748263975067,0.015245732033174182,12,0.3845187046838847,False
11044,AtomSegNet,no_n2v,1,149,247.0,80.0,-3,-12,0.04807903198869212,-0.44220846085674737,,,,,,,12,,True
11044,AtomSegNet,no_n2v,1,150,14.0,93.0,-13,10,-0.6494128425722892,0.26867552456066335,,,,,,,12,,True
11044,AtomSegNet,no_n2v,1,151,36.0,93.0,-12,8,0.23207204871178533,0.280571703153214,0.001606848157618171,0.022505358330202386,-0.003409014059914617,0.0049867477598563355,0.024112206487820555,0.010991283306288535,12,0.3984347882410576,False
11044,AtomSegNet,no_n2v,1,152,99.0,93.0,-9,2,-0.12347327743597702,0.31626023893085176,-0.005606118546308561,0.02332360118605924,0.004816655922837363,-0.004239451462571939,0.01771748263975068,0.015245732033173809,12,0.38451870468388016,False
11044,AtomSegNet,no_n2v,1,153,120.0,93.0,-8,0,-0.24198838615190255,0.3281564175234024,-0.005606118546309004,0.02332360118605939,0.004816655922837545,-0.0042394514625717005,0.017717482639750384,0.015245732033174147,12,0.38451870468388444,False
11044,AtomSegNet,no_n2v,1,154,141.0,93.0,-7,-2,-0.36050349486782807,0.34005259611595307,0.0016210444094379272,0.022505032436837585,0.0038884020640962778,-0.004310229892823342,0.02412607684627551,0.011142482200758108,12,0.39841123767345593,False
11044,AtomSegNet,no_n2v,1,155,163.0,93.0,-6,-4,0.5209813964162606,0.3519487747084895,0.007951625353418005,0.022316366968094862,0.0027861233004735928,-0.002218786291702129,0.030267992321512865,0.00770382589753618,12,0.3752600897267452,False
11044,AtomSegNet,no_n2v,1,156,184.0,93.0,-5,-6,0.4024662877003493,0.36384495330104016,-0.0006766910408422591,0.02205474606120659,-0.0023318298404276195,0.003540986970567767,0.021378055020364328,0.011602456144532909,12,0.4081308064982441,False
11044,AtomSegNet,no_n2v,1,157,205.0,93.0,-4,-8,0.2839511789844096,0.3757411318935908,-0.005617798935986096,0.023323601186059258,-0.004334166625538388,0.004911371085804168,0.017705802250073163,0.015105832006017162,12,0.38451870468388366,False
11044,AtomSegNet,no_n2v,1,158,226.0,93.0,-3,-10,0.16543607026849827,0.38763731048612726,-0.00561779893598644,0.0233236011860596,-0.004334166625538757,0.004911371085804157,0.017705802250073163,0.015105832006017597,12,0.3845187046838867,False
11044,AtomSegNet,no_n2v,1,159,25.0,99.0,-12,9,-0.2092494321483116,0.19549458882465842,0.0111829415325215,0.006787155685361012,-0.003177605910356593,0.002830914541153278,0.01797009721788251,0.0038636656978907045,12,0.43077540844679435,False
11044,AtomSegNet,no_n2v,1,160,67.0,99.0,-10,5,-0.44627964958014843,0.21928694600975973,0.007992828800845243,0.007732360153886281,-0.004621912101395228,0.0051630225464510526,0.015725188954731524,0.0046237465817273995,12,0.36524253430957193,False
11044,AtomSegNet,no_n2v,1,161,194.0,99.0,-4,-7,-0.15737030187568735,0.290664017565021,-0.005617191387806193,0.007245064183140872,-0.0034290713601439595,0.0039957604037145055,0.001627872795334679,0.007288205196483511,12,0.3770512449348938,False
11044,AtomSegNet,no_n2v,1,162,215.0,99.0,-3,-9,-0.27588541059159866,0.3025601961575717,-0.005617191387805761,0.0072450641831415885,-0.0034290713601439204,0.0039957604037141265,0.0016278727953358274,0.007288205196483617,12,0.377051244934886,False
11044,AtomSegNet,no_n2v,1,163,236.0,99.0,-2,-11,-0.39440051930750997,0.3144563747501081,0.0005031279591522381,0.006375127104285258,-0.0029045463668107415,0.0017020630817210214,0.006878255063437496,0.00412994952597053,12,0.3953002087495649,False
11044,AtomSegNet,no_n2v,1,164,4.0,111.0,-12,11,-0.09189239386849124,0.02534036016751884,,,,,,,12,,True
11044,AtomSegNet,no_n2v,1,165,46.0,111.0,-10,7,-0.32892261130032807,0.04913271735262015,-0.0056067012455295355,-0.013016559878001724,0.003942299046336494,-0.0033863257115101172,-0.01862326112353126,0.005410011368661926,12,0.26212988853177505,False
11044,AtomSegNet,no_n2v,1,166,67.0,111.0,-9,5,-0.4474377200162536,0.06102889594515659,0.008003643519189916,-0.013016559878001783,0.002087308694150256,-0.0015313353593234746,-0.005012916358811867,0.010715367249866081,12,0.2590715473352811,False
11044,AtomSegNet,no_n2v,1,167,215.0,111.0,-2,-9,-0.2770434810277038,0.14430214609298275,-0.0056067012455295745,-0.01301655987800204,0.003942299046336553,-0.0033863257115101806,-0.018623261123531614,0.005410011368662064,12,0.2621298885317738,False
11044,AtomSegNet,no_n2v,1,168,236.0,111.0,-1,-11,-0.39555858974364355,0.1561983246855334,0.0004615627229169055,-0.01196438823066871,0.002886986960874291,-0.0025614576432250206,-0.011502825507751804,0.00685096766796392,12,0.4688238631109676,False
11044,AtomSegNet,no_n2v,1,169,14.0,117.0,-11,10,-0.6517289834444995,-0.04784057556848609,,,,,,,12,,True
11044,AtomSegNet,no_n2v,1,170,120.0,117.0,-6,0,-0.24430452702411287,0.011640317394238764,-0.005617216236766015,-0.013016559878001687,-0.0034810408744765805,0.004037014209303021,-0.018633776114767703,0.005079883576426764,12,0.26212988853177316,False
11044,AtomSegNet,no_n2v,1,171,141.0,117.0,-5,-2,-0.3628196357400384,0.02353649598678942,-0.0056172162367653196,-0.013016559878002092,-0.003481040874476451,0.0040370142093030725,-0.018633776114767412,0.005079883576427076,12,0.2621298885317726,False
11044,AtomSegNet,no_n2v,1,172,162.0,117.0,-4,-4,-0.4813347444559497,0.03543267457934007,0.008001002954217596,-0.013016559878001974,-0.004616840507305688,0.005172813842132128,-0.005015556923784378,0.011478227351009954,12,0.24713361369522804,False
11044,AtomSegNet,no_n2v,1,173,184.0,117.0,-3,-6,0.400150146828139,0.04732885317187652,0.008003643519190059,-0.013016559878001589,0.0020873086941498808,-0.001531335359323499,-0.00501291635881153,0.010715367249865984,12,0.2590715473352778,False
11044,AtomSegNet,no_n2v,1,174,99.0,129.0,-6,2,-0.1269474887442925,-0.15851391126290082,-0.005605678387086106,-0.011938604650785625,0.005177828321303045,-0.004621557155226825,-0.01754428303787173,0.006069299373918846,12,0.39254756280600644,False
11044,AtomSegNet,no_n2v,1,175,120.0,129.0,-5,0,-0.24546259746021803,-0.14661773267033595,-0.005606701245529817,-0.013016559878001578,0.003942299046336544,-0.003386325711510057,-0.018623261123531396,0.005410011368661816,12,0.26212988853177177,False
11044,AtomSegNet,no_n2v,1,176,141.0,129.0,-4,-2,-0.36397770617614356,-0.1347215540777995,-0.00560670124552929,-0.013016559878001805,0.003942299046336631,-0.0033863257115103115,-0.018623261123531097,0.0054100113686621374,12,0.26212988853177294,False
11044,AtomSegNet,no_n2v,1,177,162.0,129.0,-3,-4,-0.48249281489205487,-0.12282537548526307,0.00800364351918999,-0.013016559878002043,0.002087308694150313,-0.0015313353593236205,-0.005012916358812054,0.010715367249866256,12,0.2590715473352799,False
11044,AtomSegNet,no_n2v,1,178,184.0,129.0,-2,-6,0.3989920763920054,-0.1109291968926982,0.008002044532222525,-0.010518276048857274,-0.0026627163091110444,0.0032193555690987626,-0.0025162315166347496,0.009635384099728353,12,0.38066925637474575,False
11044,AtomSegNet,no_n2v,1,179,247.0,129.0,1,-12,0.04344675024424305,-0.07524066111506045,,,,,,,12,,True
11044,AtomSegNet,no_n2v,1,180,25.0,135.0,-9,9,-0.2127236434566271,-0.27927956136909415,-0.0023229462518171416,0.01962314188249763,-0.0025299324958534958,-0.0024618450598254526,0.017300195630680488,0.011260917126653293,12,0.48458560373859727,False
11044,AtomSegNet,no_n2v,1,181,46.0,135.0,-8,7,-0.3312387521725526,-0.2673833827765293,-0.0006766910408419098,0.02205474606120722,-0.002331829840427499,0.003540986970568309,0.02137805502036531,0.011602456144533022,12,0.40813080649824407,False
11044,AtomSegNet,no_n2v,1,182,89.0,135.0,-6,3,0.43173103039561056,-0.2435910255914564,0.004329451737645854,-0.005397107396575369,0.003600779055066283,-0.0032425724838084156,-0.001067655658929515,0.006051206321988998,12,0.4541831048533443,False
11044,AtomSegNet,no_n2v,1,183,110.0,135.0,-5,1,0.31321592167968504,-0.23169484699889153,-0.0066276848850873255,-0.009745241802572035,0.0035095241897181305,-0.004842712070714326,-0.01637292668765936,0.0038401237378053186,12,0.37242795450950056,False
11044,AtomSegNet,no_n2v,1,184,194.0,135.0,-1,-7,-0.16084451318400284,-0.18411013262871734,-0.005617017919835292,0.00174388679118568,-0.003104870341398436,0.0036691792469705944,-0.0038731311286496124,0.004815179059814737,12,0.4025264335257716,False
11044,AtomSegNet,no_n2v,1,185,215.0,135.0,0,-9,-0.27935962189991415,-0.1722139540361809,-0.004596232597207824,-0.00974524180257148,-0.0049374272336810965,0.003604239352684097,-0.014341474399779303,0.005568326646051369,12,0.3724279545095009,False
11044,AtomSegNet,no_n2v,1,186,236.0,135.0,1,-11,-0.3978747306158539,-0.16031777544361603,0.00044146128235938493,-0.003212003502790333,0.002097413435288649,0.006952411266732556,-0.002770542220430948,0.0027813835320954212,12,0.41192277849453435,False
11044,AtomSegNet,no_n2v,1,187,4.0,136.0,-10,11,-0.09420853474070157,0.7088242600383694,,,,,,,12,,True
11044,AtomSegNet,no_n2v,1,188,89.0,147.0,-5,3,0.4305729599595054,-0.4018490756560311,0.000566920605562272,0.014397920219757165,0.0007277422563528903,0.004536312504055215,0.014964840825319438,0.006953685812117658,12,0.4404359737529447,False
11044,AtomSegNet,no_n2v,1,189,110.0,147.0,-4,1,0.3120578512435799,-0.3899528970634947,-0.00451362104092605,0.014398855732155864,-0.009989507565942345,-0.0033104639622846144,0.009885234691229814,0.013755388247269145,12,0.39035932239648796,False
11044,AtomSegNet,no_n2v,1,190,131.0,147.0,-3,-1,0.19354274252765435,-0.3780567184709298,-0.0056171913878057655,0.007245064183141537,-0.0034290713601439387,0.003995760403714247,0.001627872795335772,0.007288205196483605,12,0.3770512449348878,False
11044,AtomSegNet,no_n2v,1,191,152.0,147.0,-2,-3,0.07502763381174304,-0.36616053987839337,-0.004049412390284696,0.004818951813180802,-0.0021705106928618543,0.0011117502932340372,0.0007695394228961067,0.00493691073234616,12,0.4458362418723999,False
11044,AtomSegNet,no_n2v,1,192,173.0,147.0,-1,-5,-0.043487474904168266,-0.3542643612858569,0.010322430920093035,0.014392759264665544,0.009815856197811796,0.002454070258576942,0.02471519018475858,0.010024616007821839,12,0.4240014268858147,False
11044,AtomSegNet,no_n2v,1,193,46.0,148.0,-7,7,-0.33239682260865777,0.574358567158896,0.0016210444094377778,0.02250503243683739,0.003888402064096745,-0.004310229892823335,0.024126076846275168,0.01114248220075825,12,0.39841123767345765,False
11044,AtomSegNet,no_n2v,1,194,78.0,153.0,-5,4,-0.01074852090059153,-0.4869261899845867,0.0028605385468770043,0.014366026404606939,-0.008951978469199682,-0.002090474536183623,0.017226564951483943,0.010641051697276327,12,0.4354627481032562,False
11044,AtomSegNet,no_n2v,1,195,226.0,153.0,2,-10,0.15964571808797245,-0.40365293983677475,-0.005606244938465622,0.02118913569137226,0.0036537802626733238,-0.003076742072161032,0.015582890752906638,0.013886980088643244,12,0.3765234478410596,False
11044,AtomSegNet,no_n2v,1,196,15.0,154.0,-8,10,0.3447968052471708,0.47738527423777555,,,,,,,12,,True
11044,AtomSegNet,no_n2v,1,197,57.0,154.0,-6,6,0.10776658781532689,0.5011776314228769,0.005980920639693547,0.007719657264605323,-0.00400437730581616,-0.0039034122867741034,0.01370057790429887,0.004097662610566893,12,0.4494344981343088,False
11044,AtomSegNet,no_n2v,1,198,99.0,154.0,-4,2,-0.12926362961651705,0.5249699886079497,-0.005617798935986555,0.023323601186059584,-0.004334166625538613,0.0049113710858039,0.017705802250073028,0.015105832006017604,12,0.38451870468388005,False
11044,AtomSegNet,no_n2v,1,199,184.0,154.0,0,-6,0.3966759355197951,0.5725547029781524,0.002868158246676862,0.021076854335108648,0.007815394621880398,0.0012356842261848256,0.02394501258178551,0.011998731033152413,12,0.38201897724392786,False
11044,AtomSegNet,no_n2v,1,200,205.0,154.0,1,-8,0.27816082680388377,0.5844508815706888,-0.005679426188212059,0.0225702734143583,2.5647559104454744e-05,-0.00773998654980636,0.01689084722614624,0.014124873086373342,12,0.36784119088898964,False
11044,AtomSegNet,no_n2v,1,201,120.0,166.0,-2,0,-0.24893680876854773,0.37860811713591147,-0.005823521657845665,0.020067744439934015,0.001993650365846446,-0.005483399978148286,0.01424422278208835,0.013098246326044892,12,0.41055737378998064,False
11044,AtomSegNet,no_n2v,1,202,141.0,166.0,-1,-2,-0.36745191748445905,0.39050429572847634,0.0016210444094382959,0.022505032436837543,0.003888402064096687,-0.0043102298928236055,0.024126076846275837,0.01114248220075806,12,0.39841123767345465,False
11044,AtomSegNet,no_n2v,1,203,163.0,166.0,0,-4,0.5140329737996012,0.4024004743210128,0.007817935384187014,0.01827841647528735,0.007564361716528127,-0.0021375081970272836,0.026096351859474363,0.00919646586155754,12,0.3919258373971201,False
11044,AtomSegNet,no_n2v,1,204,67.0,172.0,-4,5,-0.4532280721967936,0.269738645622283,0.00843952475651723,-0.008819514379877465,0.0005454008207885825,-0.002399310820571155,-0.0003799896233602357,0.008646737536968367,12,0.3628042968920118,False
11044,AtomSegNet,no_n2v,1,205,194.0,172.0,2,-7,-0.16431872449231832,0.3411157171775301,-0.005618239095208931,-0.011938604650785552,-0.004716272318192978,0.0052725434842695144,-0.017556843745994484,0.005677145389047493,12,0.39254756280600633,False
11044,AtomSegNet,no_n2v,1,206,236.0,172.0,4,-11,-0.40134894192414095,0.3649080743626314,0.0008658314797514562,-0.005258272465915831,-0.0009869144990401779,0.004898742949111908,-0.004392440986164374,0.0032171668456500878,12,0.4176296316263043,False
11044,AtomSegNet,no_n2v,1,207,46.0,184.0,-4,7,-0.33587103391698747,0.09958441696514342,0.002357376766212184,-0.011257751365772551,0.004732244939350525,-0.004161832191789579,-0.008900374599560367,0.008290782271812423,12,0.407390481712562,False
11044,AtomSegNet,no_n2v,1,208,68.0,184.0,-3,5,0.5456138573671012,0.11148059555767986,0.008005236194855957,-0.013016559878001975,0.0050748485053021646,-0.0045188751704756044,-0.005011323683146019,0.011671892086717298,12,0.24715876598328207,False
11044,AtomSegNet,no_n2v,1,209,89.0,184.0,-2,3,0.4270987486511757,0.12337677415024473,-0.001240770857298398,-0.013016559878001861,-0.004836881073625191,0.005392854408451949,-0.014257330735300259,0.007619889781710995,12,0.3149984287656998,False
11044,AtomSegNet,no_n2v,1,210,194.0,184.0,3,-7,-0.1654767949284235,0.18285766711295537,-0.005606701245529358,-0.01301655987800162,0.003942299046336793,-0.0033863257115102417,-0.01862326112353098,0.005410011368662169,12,0.2621298885317805,False
11044,AtomSegNet,no_n2v,1,211,215.0,184.0,4,-9,-0.2839919036443348,0.19475384570552023,-0.005606701245529775,-0.013016559878001986,0.00394229904633654,-0.0033863257115099806,-0.01862326112353176,0.0054100113686619666,12,0.26212988853176855,False
11044,AtomSegNet,no_n2v,1,212,236.0,184.0,5,-11,-0.40250701236027453,0.20665002429805668,0.0007185641974908099,-0.012656430610388398,0.003192373301250828,-0.0025177361297862733,-0.011937866412897588,0.007410389249036656,12,0.3840827127955159,False
11044,AtomSegNet,no_n2v,1,213,99.0,190.0,-1,2,-0.13273784092483254,0.05019583841422559,-0.005626180526174306,-0.013016559878001844,-0.012040614201884103,0.012596587536710545,-0.01864274040417615,0.012594872651185992,12,0.27891812385754583,False
11044,AtomSegNet,no_n2v,1,214,120.0,190.0,0,0,-0.25125294964075806,0.062092017006762035,-0.0023984796609132944,-0.013016559878001743,-0.007999932212850107,0.008555905547676382,-0.015415039538915038,0.009601292740268264,12,0.295418293849097,False
11044,AtomSegNet,no_n2v,1,215,141.0,190.0,1,-2,-0.36976805835666937,0.07398819559929848,0.008002594943483867,-0.013016559878001998,-0.001630588243319818,0.00218656157814659,-0.0050139649345181305,0.010635320181905711,12,0.2590891385264271,False
11044,AtomSegNet,no_n2v,1,216,163.0,190.0,2,-4,0.5117168329273909,0.08588437419186334,0.008003643519189712,-0.013016559878001812,0.002087308694150067,-0.0015313353593236277,-0.005012916358812101,0.01071536724986596,12,0.25907154733527754,False
11044,AtomSegNet,no_n2v,1,217,184.0,190.0,3,-6,0.3932017242114796,0.09778055278439979,-0.00560670124552937,-0.01301655987800153,0.003942299046336329,-0.003386325711510152,-0.0186232611235309,0.005410011368661795,12,0.26212988853177455,False
11044,AtomSegNet,no_n2v,1,218,205.0,190.0,4,-8,0.2746866154955683,0.10967673137693623,-0.005606701245529481,-0.013016559878001783,0.003942299046336535,-0.003386325711509884,-0.018623261123531264,0.005410011368661994,12,0.26212988853177205,False
11044,AtomSegNet,no_n2v,1,219,36.0,202.0,-3,8,0.22164941478682465,-0.14375074742798688,0.004706804468661897,0.022420160759725784,-0.009385240391076737,-0.0008960471776412434,0.02712696522838768,0.01290439789265045,12,0.47133230993905334,False
11044,AtomSegNet,no_n2v,1,220,57.0,202.0,-2,6,0.10313430607089913,-0.13185456883545044,0.01647005637433733,0.014270546624527118,-0.006842519069375323,-0.006847139384149431,0.03074060299886445,0.006930333902464042,12,0.441381911938541,False
11044,AtomSegNet,no_n2v,1,221,78.0,202.0,-1,4,-0.015380802645026392,-0.11995839024291399,-0.021543931808667077,0.007963386627155239,-0.00364193280362901,0.004170257917093429,-0.013580545181511838,0.015196517195212984,12,0.41861190427294437,False
11044,AtomSegNet,no_n2v,1,222,99.0,202.0,0,2,-0.1338959113609519,-0.10806221165034913,-0.0028838095535829947,0.006238782378295591,-0.008541917119710514,0.00825331990577406,0.0033549728247125963,0.009683479176871174,12,0.4531938713214223,False
11044,AtomSegNet,no_n2v,1,223,120.0,202.0,1,0,-0.2524110200768632,-0.09616603305781268,0.006497977670787618,-0.0007623041759202817,-0.002031638913494106,-0.0010355675724096252,0.0057356734948673365,0.004159985552647098,12,0.43923872026897737,False
11044,AtomSegNet,no_n2v,1,224,141.0,202.0,2,-2,-0.37092612879277453,-0.08426985446527624,0.008004194450571555,-0.010518237689913515,0.003121078331881095,-0.002564439061668611,-0.00251404323934196,0.009772985882188527,12,0.38065852156902436,False
11044,AtomSegNet,no_n2v,1,225,163.0,202.0,3,-4,0.5105587624912857,-0.07237367587271137,0.008002044532222547,-0.010518276048858096,-0.0026627163091109286,0.0032193555690985965,-0.0025162315166355493,0.009635384099728724,12,0.38066925637474414,False
11044,AtomSegNet,no_n2v,1,226,184.0,202.0,4,-6,0.3920436537753744,-0.06047749728017493,-0.00553260766841804,-0.006206270959653838,-0.002929608030025197,0.005822480489334769,-0.011738878628071877,0.0029489080635173724,12,0.4271964511465158,False
11044,AtomSegNet,no_n2v,1,227,205.0,202.0,5,-8,0.2735285450594347,-0.048581318687638486,-0.0056171913878055165,0.007245064183141723,-0.0034290713601440406,0.003995760403714331,0.0016278727953362064,0.007288205196483626,12,0.37705124493488495,False
11044,AtomSegNet,no_n2v,1,228,226.0,202.0,6,-10,0.15501343634352338,-0.03668514009507362,-0.005520146897568391,-0.005639412016533359,-0.004836723601790864,0.003225149310967838,-0.01115955891410175,0.0048370911963980185,12,0.3726820893915871,False
11044,AtomSegNet,no_n2v,1,229,247.0,202.0,7,-12,0.03649832762761207,-0.0247889615025656,,,,,,,12,,True
11044,AtomSegNet,no_n2v,1,230,131.0,208.0,2,-1,0.18775239034712854,-0.16934696879383182,0.0028681582466769844,0.004709081070962373,0.001004267564534522,-0.005575442831160836,0.007577239317639357,0.0013622784415896125,12,0.43303838759725244,False
11044,AtomSegNet,no_n2v,1,231,152.0,208.0,3,-3,0.06923728163118881,-0.15745079020129538,0.013792219182883696,-0.0011263229805589421,0.00023492423726516928,0.00032792790410335576,0.012665896202324754,0.007462969547563393,12,0.44629187613779586,False
11044,AtomSegNet,no_n2v,1,232,173.0,208.0,4,-5,-0.0492778270847225,-0.14555461160875893,-0.005617017919835262,0.004709628326264399,-0.0005323653015341565,0.006241684286834588,-0.0009073895935708632,0.005190695376083883,12,0.4115974941299431,False
11044,AtomSegNet,no_n2v,1,233,131.0,220.0,3,-1,0.18659431991102338,-0.32760501885840654,-0.0008940778922185686,0.020950593856826998,-0.0060907252169575795,-0.0020391230466762873,0.02005651596460843,0.012505772851942033,12,0.39158941150785287,False
11044,AtomSegNet,no_n2v,1,234,152.0,220.0,4,-3,0.06807921119508364,-0.3157088402658701,0.019355161286311297,0.019988396035104845,0.0002410432039743502,0.000336030381338006,0.039343557321416145,0.000397930129485224,12,0.45056139667605244,False
11044,AtomSegNet,no_n2v,1,235,173.0,220.0,5,-5,-0.050435897520827666,-0.30381266167333365,-0.005533772721203423,0.02256065518966261,0.008316073254071596,0.0005520563263084117,0.017026882468459188,0.016324254784730513,12,0.36780757522391805,False
11044,AtomSegNet,no_n2v,1,236,88.0,221.0,1,3,-0.576375462657154,0.6486026239564922,-0.012038619191509583,0.021503964194935925,0.0019829404264589154,-0.002139759969759547,0.009465345003426343,0.016888110545411752,12,0.43417688246976516,False
11044,AtomSegNet,no_n2v,1,237,99.0,227.0,2,2,-0.13621205223316224,0.575421688220473,0.011189814811121222,0.006789069449692966,0.003648917862421516,-0.002170692245371088,0.017978884260814187,0.004261014139935689,12,0.4307590130051734,False
11044,AtomSegNet,no_n2v,1,238,120.0,227.0,3,0,-0.25472716094908776,0.5873178668130095,-0.0018936659726120286,0.01373134620289522,-0.006504988060459856,-0.005554225827936219,0.011837680230283192,0.010166126156895394,12,0.4266629971666516,False
11044,AtomSegNet,no_n2v,1,239,141.0,227.0,4,-2,-0.3732422696650133,0.5992140454055743,0.008002596730197308,0.021081763201849023,-0.0016172128753253316,0.0021932339142537345,0.029084359932046333,0.00673658120877442,12,0.3735294284041631,False
11044,AtomSegNet,no_n2v,1,240,163.0,227.0,5,-4,0.5082426216190754,0.6111102239981108,0.008003642418876092,0.021081763201849426,0.0020952685774234497,-0.0015192475384954098,0.029085405620725518,0.0068665465275528316,12,0.373525016144614,False
11044,AtomSegNet,no_n2v,1,241,184.0,227.0,6,-6,0.3897275129031641,0.6230064025906472,-0.00453407313058384,0.018887027372014437,0.011976397819158609,0.004361821220578325,0.014352954241430597,0.01675025647299018,12,0.416744677772368,False
11044,AtomSegNet,no_n2v,1,242,205.0,227.0,7,-8,0.27121240418722437,0.6349025811832121,-0.012834721971091222,0.035396584274251346,0.0035813116637506155,0.0041293474021065965,0.022561862303160124,0.02438012548708315,12,0.45143160664086834,False
11044,AtomSegNet,no_n2v,1,243,67.0,245.0,2,5,-0.4601764948134388,0.32019034523477785,,,,,,,12,,True
11044,AtomSegNet,no_n2v,1,244,88.0,245.0,3,3,-0.5786916035293643,0.3320865238273427,,,,,,,12,,True
11044,AtomSegNet,no_n2v,1,245,163.0,7.0,-13,-4,0.5290878894690252,-0.540244874839459,,,,,,,12,,True
11044,AtomSegNet,no_n2v,1,246,184.0,7.0,-12,-6,0.41057278075308545,-0.5283486962468942,,,,,,,12,,True
11044,AtomSegNet,no_n2v,1,247,89.0,25.0,-15,3,0.44215366432058545,-0.8192685750102271,-0.0032567216279079745,0.013914158805662666,0.012321406331665535,0.0036534779776378765,0.010657437177754692,0.015017550988959629,12,0.46160599420940424,False
11044,AtomSegNet,no_n2v,1,248,68.0,26.0,-16,5,0.5606687730364968,0.16883524639723646,0.007716898156886939,0.02663123544728474,0.002322056074608909,-0.006556838311566018,0.03434813360417168,0.009738068761174432,12,0.6145921515248143,False
11044,AtomSegNet,no_n2v,1,249,46.0,38.0,-16,7,-0.3219741886836829,-0.0013189822599031231,-0.0016479658125002578,-0.013016559878001446,-0.00981633547134079,0.010372308806167447,-0.014664525690501704,0.011343353774014131,12,0.16012080545087454,False
11044,AtomSegNet,no_n2v,1,250,4.0,62.0,-16,11,-0.08726011212405638,-0.34162743957415387,,,,,,,12,,True
11044,AtomSegNet,no_n2v,1,251,67.0,62.0,-13,5,-0.44280543827181873,-0.3059389037965161,0.008003643519190312,-0.013016559878002062,0.0020873086941499,-0.0015313353593238467,-0.00501291635881175,0.010715367249866345,12,0.25907154733528076,False
11044,AtomSegNet,no_n2v,1,252,4.0,74.0,-15,11,-0.08841818256016154,-0.4998854896387286,,,,,,,12,,True
11044,AtomSegNet,no_n2v,1,253,25.0,74.0,-14,9,-0.20693329127608706,-0.4879893110461637,-0.004046818925782719,0.004819437184801154,0.0026433703068168522,-0.0004540606321085869,0.0007726182590184344,0.005161398156854157,12,0.4458650011333549,False
11044,AtomSegNet,no_n2v,1,254,46.0,74.0,-13,7,-0.3254483999920126,-0.4760931324536557,0.0027747951933132903,0.007466764835687763,0.0038240006822442894,-0.003171595363309287,0.010241560029001054,0.004486270834339552,12,0.3988978669110313,False
11044,AtomSegNet,no_n2v,1,255,141.0,80.0,-8,-2,-0.3593454244316945,-0.5016893538194722,-0.000676691040842329,0.02205474606120729,-0.002331829840428003,0.0035409869705681054,0.02137805502036496,0.011602456144533363,12,0.4081308064982423,False
11044,AtomSegNet,no_n2v,1,256,162.0,80.0,-7,-4,-0.4778605331476342,-0.48979317522692156,0.007951625353417879,0.022316366968094855,0.002786123300473852,-0.002218786291702043,0.030267992321512734,0.00770382589753633,12,0.37526008972674624,False
11044,AtomSegNet,no_n2v,1,257,184.0,80.0,-6,-6,0.4036243581364545,-0.4778969966343851,0.0016210444094377423,0.022505032436837165,0.0038884020640965224,-0.004310229892823637,0.024126076846274908,0.011142482200758082,12,0.3984112376734581,False
11044,AtomSegNet,no_n2v,1,258,67.0,135.0,-7,5,-0.44975386088847813,-0.25548720418399284,0.008370435898977355,0.011717972356531785,0.0009795455970005367,-0.009245798599626404,0.02008840825550914,0.0019393322717541606,12,0.4105716742969862,False
11044,AtomSegNet,no_n2v,1,259,4.0,147.0,-9,11,-0.09536660517682094,-0.4494337900262053,,,,,,,12,,True
11044,AtomSegNet,no_n2v,1,260,194.0,147.0,0,-7,-0.162002583620108,-0.34236818269329206,-0.0056062449384654475,0.02118913569137234,0.0036537802626737366,-0.003076742072161389,0.015582890752906892,0.013886980088643306,12,0.3765234478410634,False
11044,AtomSegNet,no_n2v,1,261,215.0,147.0,1,-9,-0.2805176923360193,-0.3304720041007556,-0.006710296441368757,0.014398855732156268,-0.003405179125251332,-0.00989479240297596,0.0076885592907875114,0.011090280485465934,12,0.3903593223964923,False
11044,AtomSegNet,no_n2v,1,262,236.0,147.0,2,-11,-0.3990328010519306,-0.31857582550821917,0.0005651319142073258,0.012022243143506502,0.01352237075013281,0.008963087034403747,0.012587375057713828,0.014685736622116736,12,0.3674395871198072,False
11044,AtomSegNet,no_n2v,1,263,68.0,148.0,-6,5,0.5490880686754167,0.5862547457514324,0.005441360696367524,0.015341928511683471,-0.00840486692181132,-0.014602514310986801,0.020783289208050996,0.009754337432126059,12,0.3995465867814767,False
11044,AtomSegNet,no_n2v,1,264,120.0,153.0,-3,0,-0.24777873833242836,-0.4631338327994854,-0.0055444912940829216,0.022570273414358057,-0.007834701712772604,0.0001203627220712866,0.017025782120275133,0.01609324546450689,12,0.3678411908889892,False
11044,AtomSegNet,no_n2v,1,265,141.0,153.0,-2,-2,-0.3662938470483539,-0.45123765420694895,-0.0006766910408414716,0.022054746061207324,-0.0023318298404277705,0.0035409869705678764,0.02137805502036585,0.011602456144532914,12,0.4081308064982369,False
11044,AtomSegNet,no_n2v,1,266,162.0,153.0,-1,-4,-0.4848089557642652,-0.4393414756144125,0.00792267578012193,0.021168616713760247,0.009344181492080755,-0.0002879899388932702,0.029091292493882176,0.011453273137461768,12,0.3501087591890943,False
11044,AtomSegNet,no_n2v,1,267,68.0,208.0,-1,5,0.5432977164948909,-0.20503550457146957,-0.005615972231157163,0.021083901938138676,-0.0036238351071242476,-0.00427474842425264,0.015467929706981513,0.013833040195404768,12,0.43486105867355096,False
11044,AtomSegNet,no_n2v,1,268,88.0,208.0,0,3,-0.5752173922210346,-0.19313932597893313,-0.015444594693258389,0.02086073511758033,-0.0037155300311417965,0.003921286636065053,0.00541614042432194,0.018529015262035924,12,0.434535476795318,False
11044,AtomSegNet,no_n2v,1,269,109.0,208.0,1,1,-0.6937325009369602,-0.18124314738639669,0.007993807388238744,0.018323695008387618,-0.00032796184126594784,-0.004227496211551621,0.026317502396626363,0.005175345740194832,12,0.3993092073014641,False
11044,AtomSegNet,no_n2v,1,270,194.0,208.0,5,-7,-0.16779293580066224,-0.13365843301619407,-0.005833984662673335,0.020069132004720294,-0.0015160770216804849,0.006150673558871342,0.014235147342046959,0.013039990521730412,12,0.4105778721711463,False
11044,AtomSegNet,no_n2v,1,271,215.0,208.0,6,-9,-0.2863080445165451,-0.12176225442365762,-0.006496326464833617,0.019640403813948874,-0.005125784176085786,0.00400736344253318,0.013144077349115258,0.014037657597913828,12,0.4340637147773927,False
11044,AtomSegNet,no_n2v,1,272,236.0,208.0,7,-11,-0.40482315323248486,-0.10986607583112118,0.0022681631373471117,0.0020506300284178986,-0.0014640357533021483,-0.0010652051208855386,0.004318793165765011,0.0014680704514147443,12,0.3864803229276063,False
11044,AtomSegNet,no_n2v,1,273,46.0,209.0,-2,7,-0.3381871747891978,0.783068316835994,0.010163927619411726,0.019874072782798013,-0.005344522104357605,0.0023406184818909465,0.03003800040220974,0.007220501803716662,12,0.3950181422725814,False
11044,AtomSegNet,no_n2v,1,274,46.0,221.0,-1,7,-0.33934524522530296,0.6248102667714193,0.02007972446483328,0.013025356451003289,-0.006723850333841699,-0.0032117955404176745,0.03310508091583657,0.007592838094582292,12,0.4677095095118213,False
11044,AtomSegNet,no_n2v,1,275,68.0,221.0,0,5,0.5421396460587715,0.6367064453639557,-0.005609539027118115,0.018113251536318355,-0.005694043502444407,0.001125507700476278,0.01250371250920024,0.0131573108740691,12,0.4564816301549093,False
11044,AtomSegNet,no_n2v,1,276,110.0,221.0,2,1,0.3051094286269347,0.6604988025490286,0.00782081161170528,0.021937248892240805,0.0006824955054899953,-0.008491796799842811,0.029758060503946086,0.007091138871072639,12,0.35341534307010763,False
11044,AtomSegNet,no_n2v,1,277,194.0,221.0,6,-7,-0.16895100623673898,0.7080835169192312,-0.005619423237269861,0.02684551516261575,0.009858473398997647,0.0011807194307470016,0.02122609192534589,0.018991644322855144,12,0.43073681242013084,False
11044,AtomSegNet,no_n2v,1,278,215.0,221.0,7,-9,-0.2874661149526787,0.7199796955117677,-0.005340674381510689,0.029357562407259934,0.00048704186647407187,-0.005861707323898729,0.024016888025749247,0.01735595341207441,12,0.47288283472914466,False
11044,AtomSegNet,no_n2v,1,279,173.0,3.0,-13,-5,-0.02959062967090631,1.5448322394890965,,,,,,,12,,True
11044,AtomSegNet,no_n2v,1,280,194.0,3.0,-12,-7,-0.14810573838681762,1.5567284180816614,,,,,,,12,,True
11950,AtomSegNet,no_n2v,1,0,103.0,15.0,-7,1,0.10537490247898518,0.27389210730882496,,,,,,,12,,True
11950,AtomSegNet,no_n2v,1,1,95.0,29.0,-6,1,0.11668361350999135,0.40069453712499126,-0.018544697292338257,-0.00530052952928339,-0.008435517978855188,0.003991122258300948,-0.023845226821621646,0.010724269602428622,12,0.5764015893246013,False
11950,AtomSegNet,no_n2v,1,2,109.0,36.0,-6,0,0.2569195822098891,-0.5712915746623963,5.26115590378745e-05,-0.015205920665719179,-0.011618555010600568,-0.003445228557430821,-0.015153309106681305,0.013899515169524401,12,0.7446847609842946,False
11950,AtomSegNet,no_n2v,1,3,87.0,43.0,-5,1,0.12799232454099752,0.5274969669411576,-0.018906238897781112,-0.00913596724847496,-0.013587374464392454,0.010351137950543623,-0.02804220614625607,0.014438881426929616,12,0.48568755934568186,False
11950,AtomSegNet,no_n2v,1,4,194.0,49.0,-8,-5,-0.0645179963526914,0.31517300676833315,0.005327701436547606,-0.002219912346508225,0.0016438121008394001,0.002283014277264032,0.003107789090039381,0.004116277040896255,12,0.5319823633471923,False
11950,AtomSegNet,no_n2v,1,5,57.0,62.0,-3,2,0.010373777903154746,-0.24691206163912227,-0.0017782735486533603,0.0024341161797579274,-0.006407161064607905,0.0056646620258463875,0.0006558426311045671,0.006744462151560622,12,0.5733692945032152,False
11950,AtomSegNet,no_n2v,1,6,200.0,71.0,-7,-6,0.08702668337821251,0.46998932479711186,0.0072434220381389315,-0.00027270724274395717,0.00011875879996351216,-0.004879223875050783,0.006970714795394974,0.0037599406237738726,12,0.420185763550647,False
11950,AtomSegNet,no_n2v,1,7,85.0,78.0,-3,0,0.290845715302936,-0.19088428521389744,-0.003831009492559438,0.007737326303656812,0.004823974171190576,-0.007253161965908658,0.003906316811097373,0.0075317544488530935,12,0.4593117490010322,False
11950,AtomSegNet,no_n2v,1,8,192.0,85.0,-6,-6,0.09833539440921868,0.5967917546132782,0.007243422038138739,-0.007173326032158698,0.008162156943117343,0.0031641742681032255,7.009600598004064e-05,0.010889511568233208,12,0.3738935053284919,False
11950,AtomSegNet,no_n2v,1,9,228.0,87.0,-7,-8,0.367498620778008,0.5260171012223367,0.014314808780684488,0.008911407878799238,-0.010844717809344432,0.003439462922521199,0.023226216659483725,0.011176184039775647,12,0.6809216125375341,False
11950,AtomSegNet,no_n2v,1,10,77.0,92.0,-2,0,0.3021544263339422,-0.06408185539773115,0.013566939286211168,0.007737326303656815,0.003106312162079437,-0.0055354999567975224,0.021304265589867984,0.00425972676704436,12,0.5222173632108036,False
11950,AtomSegNet,no_n2v,1,11,206.0,92.0,-6,-7,0.23857136310911642,-0.3751943571741094,0.005593731644656663,-0.009755817631873947,-0.00027557801764710547,0.0008717749269750764,-0.004162085987217284,0.007679720632416954,12,0.616025515077474,False
11950,AtomSegNet,no_n2v,1,12,220.0,101.0,-6,-8,0.37880733180901416,0.652819531038503,-0.0024069429767010044,-0.017046437262347818,-0.00035582670883477956,0.006970689109310825,-0.01945338023904882,0.007328390742966127,12,0.6321020924552512,False
11950,AtomSegNet,no_n2v,1,13,132.0,124.0,-2,-4,-0.13690169886649528,0.04797369745271851,0.007243422038138646,0.007737326303656954,0.0012843974401481632,-0.0037135852348664043,0.0149807483417956,0.0013079228341662398,12,1.0860582978806949e-14,False
11950,AtomSegNet,no_n2v,1,14,39.0,126.0,1,1,0.19584459072710558,0.2883115458381553,0.00027205302155440634,0.0010005177530434432,0.0011833391350719899,-0.0073625853668880595,0.0012725707745978496,0.0012381262960008458,12,0.7576438403791128,False
11950,AtomSegNet,no_n2v,1,15,146.0,132.0,-2,-5,0.003334269833402459,0.07598758566533093,0.007243422038138724,0.00773732630365665,0.001284397440148201,-0.003713585234866558,0.014980748341795375,0.0013079228341662408,12,1.2844843605662153e-14,False
11950,AtomSegNet,no_n2v,1,16,30.0,140.0,2,1,-0.792846698241874,0.4151139756543216,0.0006975038594562876,0.018252047734193734,0.0007143915737872135,-0.005499615914078316,0.01894955159365002,0.008806296496440413,12,0.8073677755868623,False
11950,AtomSegNet,no_n2v,1,17,116.0,152.0,0,-4,-0.11428427680445452,0.3015785570850653,0.007243422038138878,-0.00047385501586575594,0.00363872520449935,-0.0013592574705151759,0.0067695670222731215,0.005303716847261498,12,0.34185464342171445,False
11950,AtomSegNet,no_n2v,1,18,152.0,154.0,-1,-6,0.15487894956430637,0.23080390369409542,0.0024606088486005913,0.007737326303656747,-0.002611246496037789,0.00018205870131966805,0.010197935152257339,0.0037120809579255154,12,0.30787113774883096,False
11950,AtomSegNet,no_n2v,1,19,144.0,168.0,0,-6,0.16618766059531254,0.3576063335102617,-0.0037272669272163605,-0.0028545238533072056,-0.0023695474519253674,0.00601800103637327,-0.0065817907805235665,0.0024093931279868174,12,0.49675995288020186,False
11950,AtomSegNet,no_n2v,1,20,100.0,180.0,2,-4,-0.09166685474241376,0.5551834167173979,0.001118187498852945,0.01446571496878216,0.006279147604791642,-0.0003424536738845076,0.015583902467635104,0.009163340931826632,12,0.557915894623691,False
11950,AtomSegNet,no_n2v,1,21,42.0,183.0,4,-1,-0.4897573387800591,-0.27525338828812096,-0.012622043006976126,-0.016532621300016336,0.0038847669155075842,-0.007996906902477405,-0.029154664306992463,0.004349088368189548,12,0.665288764448956,False
11950,AtomSegNet,no_n2v,1,22,207.0,186.0,-1,-10,-0.2841771756361311,0.3428594565445451,-0.0039891051301088375,0.008149622273347552,-0.007142135637231751,0.0012257313528514484,0.004160517143238714,0.00937268783244548,12,0.5285797307198236,False
11950,AtomSegNet,no_n2v,1,23,92.0,194.0,3,-4,-0.08035814371140759,0.6819858465335642,-0.00011204685680065717,-0.00019842983431894075,0.014146191883046659,7.797704254530226e-05,-0.0003104766911195979,0.014146257819532217,12,0.5369844887313797,False
11950,AtomSegNet,no_n2v,1,24,199.0,200.0,0,-10,-0.2728684646050965,0.4696618863607114,-0.005070402641751111,-0.0017841895214631583,0.0017106405219108976,0.00534888225494309,-0.00685459216321427,0.002371938060572358,12,0.4920755779327209,False
11950,AtomSegNet,no_n2v,1,25,156.0,211.0,2,-8,0.4692770200571488,-0.33276103043215244,-0.01370077954689057,-0.0003797328809833547,-0.0014804241268437388,-0.001438463810116349,-0.014080512427873925,0.006823065781901893,12,0.6895476946332512,False
11950,AtomSegNet,no_n2v,1,26,191.0,214.0,1,-10,-0.26155975357409034,0.5964643161768777,-0.009025382876631847,-0.014677579078707842,0.0027899456461611236,0.006962765709102732,-0.02370296195533969,0.003971224897336335,12,0.5739235290723379,False
11950,AtomSegNet,no_n2v,1,27,112.0,223.0,4,-6,0.21142250471939406,-0.1351839472250731,0.001442085623818106,-0.018367189403039386,0.00534663616876136,-0.0009152118900854463,-0.016925103779221278,0.011255592502997217,12,0.5633113953013581,False
11950,AtomSegNet,no_n2v,1,28,148.0,225.0,3,-8,0.48058573108815494,-0.20595860061598614,-0.013144893494333667,-0.006929718588124281,0.0004310809353240239,0.004215718162947243,-0.02007461208245795,0.0031373445063450633,12,0.6793727703165237,False
11950,AtomSegNet,no_n2v,1,29,161.0,234.0,3,-9,-0.3791783002119473,0.8220552875966121,,,,,,,12,,True
11950,AtomSegNet,no_n2v,1,30,123.89365500626265,8.677389749595614,-8,0,-0.8720428335895036,-0.1475066846991151,,,,,,,12,,True
11950,AtomSegNet,no_n2v,1,31,139.0,17.0,-8,-1,0.37453812884774607,0.2031174539178835,,,,,,,12,,True
11950,AtomSegNet,no_n2v,1,32,117.0,23.0,-7,0,0.2456108711788687,0.3019059955214374,,,,,,,12,,True
11950,AtomSegNet,no_n2v,1,33,152.0,25.0,-8,-2,-0.4852259024523846,0.2311313421304959,0.009452295536387741,-0.00501090279427027,-0.007249829965868548,0.015090961835986884,0.004441392742117471,0.010239924854313763,12,0.6568031917806092,False
11950,AtomSegNet,no_n2v,1,34,131.0,30.0,-7,-1,0.38584683987875223,-0.6700801162659502,-0.012734610848629944,-0.007136466745638934,0.004955759311130395,0.006743466506299388,-0.019871077594268878,0.0056916038775830895,12,0.5695804282492269,False
11950,AtomSegNet,no_n2v,1,35,74.44336036293234,34.71062762377016,-5,2,1.4311167187734526,0.210110702498703,-0.0077434380347145,0.005515917853874147,-0.0023102252838154078,0.018450697339722096,-0.0022275201808403533,0.0070206673833078425,12,0.5755020472739462,False
11950,AtomSegNet,no_n2v,1,36,180.0,41.0,-8,-4,-0.20475396505258914,0.28715911855572074,0.007616753587387789,-0.0070088750235716805,-0.002006052279539882,0.013417816901752883,0.0006078785638161084,0.007582974272320605,12,0.48637450924988596,False
11950,AtomSegNet,no_n2v,1,37,65.0,48.0,-4,2,-0.0009349331278656337,-0.37371449145528857,-0.017907323816677534,-0.009668404168103627,-0.017297250168558362,0.017698711419863157,-0.02757572798478116,0.01778102394795099,12,0.5735973816346184,False
11950,AtomSegNet,no_n2v,1,38,101.0,50.0,-5,0,0.26822829324089525,-0.44448914484623003,-0.004927268190316896,-0.01282659829420358,-0.019255611341545013,0.004350902255912651,-0.017753866484520476,0.019656510935544477,12,0.6786416507906717,False
11950,AtomSegNet,no_n2v,1,39,172.0,55.0,-7,-4,-0.19344525402158297,0.41396154837188703,0.006075539120116478,-0.0038899851097863045,0.003051709531176432,0.00718178750965578,0.0021855540103301735,0.005843017145008899,12,0.5215546265029761,False
11950,AtomSegNet,no_n2v,1,40,79.0,56.0,-4,1,0.1393010355720321,-0.34570060324267615,-0.007693096951134881,-0.01123030017516355,-0.00750602156187464,0.009386043041190527,-0.01892339712629843,0.007711569966572741,12,0.5844104536470068,False
11950,AtomSegNet,no_n2v,1,41,49.0,76.0,-2,2,0.02168248893416802,-0.12010963182295598,1.6793447290352716e-06,0.007737326303656813,-0.0023198861114607817,-0.00010930168325730253,0.007739005648385849,0.004510202882181773,12,0.376126796070948,False
11950,AtomSegNet,no_n2v,1,42,178.0,76.0,-6,-5,-0.04190057429065064,-0.43122213359933426,0.00724342203813862,-0.0017544821255962393,0.007600741661382453,0.0026027589863681397,0.005488939912542381,0.008832431354843025,12,0.44403383355967346,False
11950,AtomSegNet,no_n2v,1,43,214.0,79.0,-7,-7,0.22726265207811025,0.4980032130097243,0.01633827699255778,0.0074809090603212385,-0.0042789737343834405,-0.005784491887226827,0.02381918605287902,0.006158153772949846,12,0.526529060367065,False
11950,AtomSegNet,no_n2v,1,44,120.0,80.0,-4,-2,-0.4399910583283031,-0.2616589386048389,0.000313205725656253,-0.004889640803901756,0.0059081685646439185,-0.000955894566561036,-0.004576435078245502,0.006455529319179028,12,0.3882123490731636,False
11950,AtomSegNet,no_n2v,1,45,156.0,83.0,-5,-4,-0.1708278319595422,0.6675664080042196,0.007243422038138736,-0.00571556807627348,0.0002112391208353875,-0.004786743554179145,0.0015278539618652567,0.00648293746403046,12,0.4482526155244131,False
11950,AtomSegNet,no_n2v,1,46,55.0,98.0,-1,1,0.17322716866507903,0.034706686205822734,0.005597265543011477,0.007737326303656809,-0.003618681066956088,0.0011894932722380067,0.013334591846668286,0.0037735682952823213,12,0.4437185891636947,False
11950,AtomSegNet,no_n2v,1,47,184.0,99.0,-5,-6,0.10964410544022485,0.7235941844294445,0.005185948062500983,-0.007203045420406475,-0.0008845223312292446,0.0017867245380732452,-0.0020170973579054924,0.006257329273286174,12,0.42949514439844066,False
11950,AtomSegNet,no_n2v,1,48,91.0,100.0,-2,-1,0.4423903950338399,-0.03606796718511873,-0.015950407816617183,0.0077373263036568055,-0.005415825527662541,0.0029866377329444567,-0.008213081512960378,0.013023377176611272,12,0.5288232641684457,False
11950,AtomSegNet,no_n2v,1,49,33.0,104.0,0,2,0.044299910996201675,0.13349522780937662,-0.011907885106340383,0.0018465096028078044,-0.002160273405188113,0.003487284273022231,-0.010061375503532578,0.007208510570077841,12,0.6130114778246012,False
11950,AtomSegNet,no_n2v,1,50,69.0,106.0,-1,0,0.31346313736496256,0.06272057441843515,0.017682898416702283,0.006005556854840028,-0.006951657199781353,0.005489224901096119,0.02368845527154231,0.00907830459454687,12,0.5754251327954271,False
11950,AtomSegNet,no_n2v,1,51,140.0,110.0,-3,-4,-0.14821040989750145,-0.07882873236344778,0.007243422038138687,0.007461206530944036,0.0013639046729254387,-0.0036340780020888046,0.014704628569082723,0.0013682446704279423,12,0.28503447192061,False
11950,AtomSegNet,no_n2v,1,52,46.0,112.0,0,1,-0.8154641203039077,0.16150911602198903,-0.005222475192102356,-0.002384037212241578,-0.0037277986096891933,-0.0025464601797860953,-0.0076065124043439335,0.003988817495922785,12,0.5529325214807896,False
11950,AtomSegNet,no_n2v,1,53,118.0,116.0,-2,-3,-0.2771376675663788,0.019959809240106097,0.006964451971000359,0.00773732630365696,0.0012039461650938637,-0.003633133959811881,0.01470177827465732,0.0012644445626298004,12,0.28499953047862064,False
11950,AtomSegNet,no_n2v,1,54,226.0,122.0,-5,-9,0.5303520115399181,-0.1923641509327183,-0.006936719656984814,0.005553791919741971,-0.010791797297310397,0.004303712390077685,-0.001382927737242843,0.01246860492470278,12,0.5157410768817338,False
11950,AtomSegNet,no_n2v,1,55,168.0,126.0,-3,-6,0.13226152750229403,-0.022800955938222955,0.0046616824972786864,0.006873398304613855,0.002077871319858977,-0.003855321959972102,0.011535080801892542,0.002353820495491649,12,0.3849969990879476,False
11950,AtomSegNet,no_n2v,1,56,74.0,128.0,0,-1,-0.5349921829041193,0.21753689244721386,-0.003534413149790995,-0.013318868620279162,0.0037834556842195654,0.006252308268614494,-0.016853281770070158,0.006184531439643976,12,0.6381382274835029,False
11950,AtomSegNet,no_n2v,1,57,17.095986411973158,130.6922254638047,2,2,0.16290374503139304,-0.9206744487536014,,,,,,,12,,True
11950,AtomSegNet,no_n2v,1,58,110.0,130.0,-1,-3,-0.26582895653535843,0.1467622390562724,0.006929484008842305,0.0074346629603216415,0.0012908765554284316,-0.00353590813324132,0.014364146969163947,0.0013153568810817895,12,0.4027023363266143,False
11950,AtomSegNet,no_n2v,1,59,182.0,134.0,-3,-7,0.27249749620216335,0.005212932274389459,-0.010713878943921113,0.007737326303656924,0.006265855614735035,-0.008695043409452716,-0.0029765526402641884,0.011152250461533285,12,0.3676529630615115,False
11950,AtomSegNet,no_n2v,1,60,88.0,136.0,0,-2,-0.3947562142042358,0.24555078065981206,-0.005544877012483617,-0.015447290620463785,0.006829300823281056,0.004073601939822084,-0.020992167632947402,0.008435271101200306,12,0.48093210318793306,False
11950,AtomSegNet,no_n2v,1,61,124.0,138.0,-1,-4,-0.1255929878354749,0.17477612726889902,0.007243422038138877,0.007737326303656953,0.0012843974401481949,-0.0037135852348664394,0.01498074834179583,0.001307922834166249,12,8.854103974248881e-15,False
11950,AtomSegNet,no_n2v,1,62,160.0,140.0,-2,-6,0.1435702385333002,0.10400147387792913,0.007243422038138592,0.007737326303656658,0.001284397440148224,-0.0037135852348661458,0.01498074834179525,0.0013079228341662766,12,1.2615293939592114e-14,False
11950,AtomSegNet,no_n2v,1,63,102.0,144.0,0,-3,-0.25452024550435226,0.2735646688724387,0.007243422038138699,-0.007095283351676396,0.00907076631222872,0.004072783637214248,0.00014813868646230272,0.01156193839955228,12,0.29908476396718153,False
11950,AtomSegNet,no_n2v,1,64,138.0,146.0,-1,-5,0.01464298086443705,0.20279001548149722,0.007243422038138749,0.007461206530943917,0.0013639046729253034,-0.0036340780020891845,0.014704628569082667,0.0013682446704278003,12,0.2850344719206112,False
11950,AtomSegNet,no_n2v,1,65,23.0,155.0,3,1,0.21846201278914634,1.541916405470488,,,,,,,12,,True
11950,AtomSegNet,no_n2v,1,66,188.0,156.0,-2,-8,0.42404217593306726,0.16002925030318238,-0.003937480868871482,0.007737326303656817,-0.005736348542205616,0.0033071607474875297,0.003799845434785335,0.008184190566365988,12,0.426954101268893,False
11950,AtomSegNet,no_n2v,1,67,223.0,157.0,-3,-10,-0.30679459769817186,-0.9107454030877875,-0.013339467196822847,-0.0006022227877295424,-0.0029866830612450554,-0.0017386251582392478,-0.01394168998455239,0.007034175466433347,12,0.5043957250058114,False
11950,AtomSegNet,no_n2v,1,68,130.0,160.0,0,-5,0.02595169189544322,0.3295924452976635,0.005016015535354901,-0.004444463416978577,0.003928998623564798,0.00023843096793080601,0.0005715521183763238,0.006149162193816346,12,0.3929022234851278,False
11950,AtomSegNet,no_n2v,1,69,37.0,162.0,3,0,0.35869798148902987,0.5699302936831145,-0.001642165082122812,-0.016855803281435364,-0.012319799612585804,-0.00953526529653901,-0.018497968363558177,0.01447899027243146,12,0.9159465132251783,False
11950,AtomSegNet,no_n2v,1,70,108.0,166.0,1,-4,-0.10297556577343414,0.4283809869012316,0.007243422038138754,-0.004587318889896678,0.00766734275042397,0.002669360075409407,0.0026561031482420757,0.009683994660213944,12,0.47852326702925463,False
11950,AtomSegNet,no_n2v,1,71,86.0,171.0,2,-3,-0.2319028234423115,-0.4728304714952287,-0.00494195827417253,0.0169530040292839,0.010212910620382206,0.012240713676810209,0.012011045755111369,0.014971669476292889,12,0.6704215062180457,False
11950,AtomSegNet,no_n2v,1,72,122.0,173.0,1,-5,0.03726040292644939,-0.5436051248861702,0.004948992455128469,-0.00028095846083603653,0.0037465082067017624,7.143628317422715e-05,0.0046680339942924325,0.004568853290349029,12,0.514584538437825,False
11950,AtomSegNet,no_n2v,1,73,29.0,175.0,4,0,0.37000669252005025,-0.30326727650071916,,,,,,,12,,True
11950,AtomSegNet,no_n2v,1,74,157.0,176.0,0,-7,-0.6935763707047897,0.38562022172288835,-0.00014361811571565156,-0.004555019234450314,0.0006322575921956786,0.004019936936886041,-0.004698637350165965,0.0022945292808073804,12,0.4750501219315008,False
11950,AtomSegNet,no_n2v,1,75,64.0,177.0,3,-2,-0.36083008111118886,-0.37404192989168905,0.0021240181882649927,-0.001021581875681891,-0.003531835832584953,-0.0016935275776258161,0.0011024363125831016,0.0038662079986605358,12,0.6558769627582818,False
11950,AtomSegNet,no_n2v,1,76,193.0,178.0,-1,-9,-0.42441314433602884,0.3148455683319469,-0.0030837859124085397,0.005223284634713663,-0.007020338746786641,0.00602875185522454,0.002139498722305123,0.008157022213304934,12,0.44140307881561375,False
11950,AtomSegNet,no_n2v,1,77,136.0,182.0,1,-6,0.17749637162634713,0.484408763326428,-0.010666474023629243,-0.007062834531186859,0.0034838367673182486,0.0018351859458910318,-0.017729308554816102,0.003922202572431856,12,0.5343426565072483,False
11950,AtomSegNet,no_n2v,1,78,172.0,184.0,0,-8,0.446659597995108,0.41363410993551497,-0.003918182268586854,-0.006724404442361905,0.004500208241080661,0.0013776086421445485,-0.010642586710948759,0.00471387260490109,12,0.5507269198353929,False
11950,AtomSegNet,no_n2v,1,79,78.0,185.0,3,-3,-0.22059411241129112,-0.3460280416790624,-0.002860217696281653,0.014071834799154116,0.012336479407572418,0.0057147831600137386,0.011211617102872464,0.014962029427871958,12,0.6550438535728715,False
11950,AtomSegNet,no_n2v,1,80,114.0,187.0,2,-5,0.04856911395746977,-0.4168026950700039,0.007243422038138615,0.003907327910670399,-0.001520824437525567,-0.006518807112539885,0.011150749948809014,0.002257274457527692,12,0.4981785342986408,False
11950,AtomSegNet,no_n2v,1,81,185.0,192.0,0,-9,-0.41310443330499425,0.4416479981481132,-0.009229509797240446,-0.005095823776185832,0.0006335693140796528,0.003561887483599868,-0.014325333573426278,0.002161770132532352,12,0.5200763276561226,False
11950,AtomSegNet,no_n2v,1,82,128.0,196.0,2,-6,0.1888050826573533,0.6112111931425943,-0.0010748665273667011,0.0034901477080713614,0.0010447871637269783,-0.006193038399464383,0.0024152811807046605,0.0025102627272711323,12,0.5380926514389455,False
11950,AtomSegNet,no_n2v,1,83,164.0,198.0,1,-8,0.4579683090261142,0.5404365397516813,-0.007200101066652516,-0.015447290620463636,0.009882173464978097,0.0010207292981248978,-0.02264739168711615,0.01070800570956329,12,0.5089724710202554,False
11950,AtomSegNet,no_n2v,1,84,106.0,202.0,3,-5,0.05987782498849015,0.7099997347461624,-0.001840854780482111,-0.00579445571819445,0.0037879407819770613,-0.004761549220864051,-0.007635310498676561,0.004272731615891052,12,0.5333290703345636,False
11950,AtomSegNet,no_n2v,1,85,177.0,205.0,1,-9,-0.4017957222739881,-0.43154957203572053,-0.016369956968300313,-0.013453612646173778,0.002567202617328296,0.009057463862715073,-0.02982356961447409,0.0029524219430354416,12,0.6793650673211077,False
11950,AtomSegNet,no_n2v,1,86,120.0,209.0,3,-6,0.20011379368837368,-0.2619863770412394,0.007243422038138653,-0.010462201060194784,0.002321791344447042,-0.0026761913305674775,-0.003218779022056131,0.009152212157298847,12,0.5017728609516864,False
11950,AtomSegNet,no_n2v,1,87,82.0,20.0,-6,2,0.9764476448100936,-0.6273193510876212,,,,,,,12,,True
11950,AtomSegNet,no_n2v,1,88,167.0,33.0,-8,-3,0.6550100662475131,0.2591452303431083,0.002814119542025136,-0.00599055749683051,0.002950614689832619,0.0037337741435571146,-0.0031764379548053744,0.005299689753890694,12,0.5197451395559886,False
11950,AtomSegNet,no_n2v,1,89,144.0,39.0,-7,-2,-0.47391719142135,0.3579337719466622,-0.005484733332511516,0.005978030500499777,-0.0035432704116244284,0.008683480044056918,0.0004932971679882606,0.006738212217104852,12,0.6593034939533776,False
11950,AtomSegNet,no_n2v,1,90,123.0,44.0,-6,-1,0.3971555509097726,-0.5432776864497839,-0.010152802058363377,0.0074323191929034325,-3.169436236284337e-05,0.02102685055666644,-0.002720482865459945,0.00879261774945576,12,0.5230806746398243,False
11950,AtomSegNet,no_n2v,1,91,158.0,46.0,-7,-3,-0.3336812227214523,-0.6140523398407254,0.010377118069792432,-0.003926083358771276,-0.004247536997999988,0.004474838777334868,0.006451034711021156,0.008317870119561586,12,0.5376642041649508,False
11950,AtomSegNet,no_n2v,1,92,136.0,53.0,-6,-2,-0.46260848039034386,0.4847362017628285,-0.008178119946090665,0.009769235098002461,-0.0007084939394246112,0.010195657312588088,0.0015911151519117962,0.009001602742394555,12,0.5641845237079487,False
11950,AtomSegNet,no_n2v,1,93,208.0,57.0,-8,-6,0.07571797234720634,0.34318689498094557,0.013182943389475905,0.012172465627120174,-0.009213590868116399,-0.012806818320755343,0.02535540901659608,0.009227433175704486,12,0.566258387747104,False
11950,AtomSegNet,no_n2v,1,94,114.0,58.0,-5,-1,-0.591535738059207,-0.4164752566336176,-0.0016441488520511317,0.009715879446826267,-0.0042077925108772295,0.017258039618030407,0.008071730594775135,0.007068810264281984,12,0.6402664814210538,False
11950,AtomSegNet,no_n2v,1,95,150.0,61.0,-6,-3,-0.3223725116904461,0.5127500899754409,0.006978548328957257,-0.002776783952269098,-0.005151572735246008,-0.006551180894140186,0.004201764376688158,0.007094387121225786,12,0.6190924149643037,False
11950,AtomSegNet,no_n2v,1,96,186.0,63.0,-7,-5,-0.05320928532168523,0.44197543658449945,0.006533358602875152,-0.00695432758075665,0.01078148556357241,0.007113970192047072,-0.00042096897788149786,0.012716911991696464,12,0.38527729582229586,False
11950,AtomSegNet,no_n2v,1,97,92.0,64.0,-4,0,-0.7204629957280844,-0.31768671503006374,-0.013700779546890755,-0.0006146809651302291,-0.0023558976488925413,-0.0023139373321650093,-0.014315460512020983,0.006954261122142748,12,0.39441777778675957,False
11950,AtomSegNet,no_n2v,1,98,222.0,64.0,-8,-7,0.21595394104707566,-0.628799216806442,0.029868341645248705,0.012154364280827754,-0.014321640735283848,-0.006495348040450322,0.04202270592607646,0.016839110483257307,12,0.6202526133104732,False
11950,AtomSegNet,no_n2v,1,99,128.0,67.0,-5,-2,-0.45129976935930927,0.6115386315789948,0.0018389594066591712,-0.00703206546386966,0.006944145110373688,0.009635531185943205,-0.005193106057210489,0.008239837490952844,12,0.4232616502831316,False
11950,AtomSegNet,no_n2v,1,100,164.0,68.0,-6,-4,-0.18213654299054838,-0.45923602181194667,0.007243422038138822,-0.006867717339521252,0.0017323344402825137,-0.003265648234732115,0.0003757046986175702,0.007265125342822801,12,0.45096373830246667,False
11950,AtomSegNet,no_n2v,1,101,71.0,70.0,-3,1,0.15060974660303827,-0.21889817342650986,0.0057249636251846545,0.004897573346416294,-0.00022144878645361264,-0.00046987774317620276,0.010622536971600947,0.0004692368627589633,12,0.46098340784134556,False
11950,AtomSegNet,no_n2v,1,102,237.0,72.0,-8,-8,1.3561899097469734,-0.6007853285938296,,,,,,,12,,True
11950,AtomSegNet,no_n2v,1,103,142.0,74.0,-5,-3,-0.31106380065943995,-0.3604474802083928,0.00724342203813868,-0.011257847289465066,0.0032297348977824826,-0.0017682477772320959,-0.004014425251326386,0.009798236024565178,12,0.5007813279832601,False
11950,AtomSegNet,no_n2v,1,104,62.0,84.0,-2,1,-0.8380815423659413,-0.09209574361034356,0.007536492570060061,0.007737326303656808,0.0010798704686812962,-0.0035090582633993785,0.01527381887371687,0.0010845292878791078,12,0.28315396954678235,False
11950,AtomSegNet,no_n2v,1,105,99.0,86.0,-3,-1,0.43108168400281954,-0.16287039700128503,-0.02095522872554575,0.00773732630365681,0.005060809327855473,-0.0074899971225735554,-0.01321790242188894,0.015212740370454735,12,0.23935658877139201,False
11950,AtomSegNet,no_n2v,1,106,134.0,88.0,-4,-3,-0.29975508962840536,-0.2336450503922265,0.007243422038138735,-0.005605538036106216,0.005115151262017137,0.00011716858700257064,0.0016378840020325183,0.008212107901184732,12,0.3149178795747211,False
11950,AtomSegNet,no_n2v,1,107,170.0,90.0,-5,-5,-0.03059186325964447,-0.30441970378316796,0.007243422038138518,0.0018162338804316518,0.006721802309908805,0.0017238196348946739,0.00905965591857017,0.00724887709361138,12,0.4106030985216758,False
11950,AtomSegNet,no_n2v,1,108,112.0,94.0,-3,-2,-0.4286823472972827,-0.1348565087886726,-0.013655331733476439,0.005066848455012622,-0.0005058144617042167,-0.00038496273636561327,-0.008588483278463817,0.009374745651068737,12,0.39502663087392065,False
11950,AtomSegNet,no_n2v,1,109,242.0,95.0,-7,-9,0.5077345894778773,0.5540309894349491,,,,,,,12,,True
11950,AtomSegNet,no_n2v,1,110,148.0,96.0,-4,-4,-0.15951912092850762,-0.20563116217961408,0.007243422038138629,0.0028666348319269677,0.0026873529780339234,-0.002310629696980389,0.010110056870065597,0.003465679239436667,12,0.26630580616707544,False
11950,AtomSegNet,no_n2v,1,111,126.0,102.0,-3,-3,-0.2884463785973992,-0.1068426205760602,0.006964451971000548,0.0077373263036568055,0.0012039461650938362,-0.0036331339598119194,0.014701778274657355,0.0012644445626297217,12,0.28499953047862037,False
11950,AtomSegNet,no_n2v,1,112,162.0,104.0,-4,-5,-0.0192831522286383,-0.17761727396700167,0.004784973647505421,-0.0013299401008638907,0.0033576210096702853,-0.00028083837841405947,0.0034550335466415304,0.004541107946534448,12,0.42928500512006473,False
11950,AtomSegNet,no_n2v,1,113,198.0,106.0,-5,-7,0.2498800741401226,-0.24839192735794313,0.010383081961648404,-0.01192610972437435,-0.007724433410116463,0.004969094556200615,-0.0015430277627259455,0.013568046282654334,12,0.512860702889533,False
11950,AtomSegNet,no_n2v,1,114,233.0,108.0,-6,-9,-0.4809566994911165,-0.3191665807488846,,,,,,,12,,True
11950,AtomSegNet,no_n2v,1,115,176.0,112.0,-4,-6,0.12095281647125944,-0.14960338575438925,-0.005496412687443382,-0.0048862550023529815,0.0013442860255222383,0.0035954138431621447,-0.010382667689796364,0.0013784694478235979,12,0.4142128664012995,False
11950,AtomSegNet,no_n2v,1,116,83.0,114.0,-1,-1,0.4536991060648603,0.09073446263104756,-0.001666431648148844,0.006869584554334846,-0.012332899434735124,0.010459439536751432,0.005203152906186002,0.013050528786970893,12,0.501124665923441,False
11950,AtomSegNet,no_n2v,1,117,212.0,114.0,-5,-8,0.3901160428400203,-0.22037803914533072,0.006131989491168762,0.0012503048198945189,-0.005576567713749779,0.00874660504351767,0.00738229431106328,0.0060873490760325975,12,0.6246457289399135,False
11950,AtomSegNet,no_n2v,1,118,25.0,118.0,1,2,0.055608622027222054,0.2602976576255429,-0.013103340044948,0.004585579716703965,0.012386312423748904,0.016256784295162797,-0.008517760328244035,0.01521989507329984,12,0.8377879779376315,False
11950,AtomSegNet,no_n2v,1,119,154.0,118.0,-3,-5,-0.007974441197632132,-0.05081484415083537,0.007243422038138809,0.007737326303656688,0.0012843974401482285,-0.0037135852348663435,0.014980748341795497,0.0013079228341662634,12,9.324446652219952e-15,False
11950,AtomSegNet,no_n2v,1,120,189.0,120.0,-4,-7,-0.7388112148288428,-0.12158949754177684,-0.004734504829542205,0.0013063436004343816,-0.002116229408465389,-0.00016535289635425418,-0.0034281612291078237,0.003688006148007541,12,0.48484397456154676,False
11950,AtomSegNet,no_n2v,1,121,96.0,122.0,-1,-2,-0.40606492523525617,0.11874835084365998,-0.007669132549515232,0.005070216036275751,-0.005723343745466147,0.0048306265490163655,-0.002598916513239481,0.008563259556170193,12,0.3950665993665514,False
11950,AtomSegNet,no_n2v,1,122,203.0,128.0,-4,-8,-0.5985752461289735,-0.09357560932915021,0.001111314348247619,0.008890317625505264,0.0014717570195363705,0.007055602586770769,0.010001631973752883,0.004158640609796773,12,0.5414564519535561,False
11950,AtomSegNet,no_n2v,1,123,239.0,130.0,-5,-10,-0.3294120197601842,-0.1643502627201201,,,,,,,12,,True
11950,AtomSegNet,no_n2v,1,124,53.0,133.0,1,0,0.3360805594270033,-0.683674565949218,0.0005385418253372879,0.00046519890556722917,0.002404876090868444,-0.017464388808248583,0.001003740730904517,0.0024051556723839705,12,0.570989135142997,False
11950,AtomSegNet,no_n2v,1,125,217.0,137.0,-4,-9,-0.45833927742907576,0.934438278883448,-0.0011079280889445624,-0.0007741645834703031,-0.00604983244502409,0.0005056567308176687,-0.0018820926724148657,0.006052133684268944,12,0.5414169910540548,False
11950,AtomSegNet,no_n2v,1,126,67.0,141.0,1,-1,0.47631652812688685,-0.6556606777366198,-0.01677391163094536,-0.006034000334481688,0.005450740336108504,-0.012128743326959266,-0.02280791196542705,0.007651600739430753,12,0.6594904859761931,False
11950,AtomSegNet,no_n2v,1,127,196.0,142.0,-3,-8,0.4127334649020611,0.033226820487016084,-0.015988043568611103,0.003605942650325697,0.010102409393036535,-0.006179939792991905,-0.012382100918285406,0.014072659646686697,12,0.6753302785529829,False
11950,AtomSegNet,no_n2v,1,128,231.0,144.0,-4,-10,-0.318103308729178,-0.037547832903953804,-0.006159612693429946,-0.014792543678922087,-0.01444487142918786,-0.007644400091099408,-0.020952156372352034,0.015076013563135161,12,0.6484088809618807,False
11950,AtomSegNet,no_n2v,1,129,45.0,148.0,2,0,0.3473892704580166,0.44312786386694825,0.011482660444375882,0.008727344067833575,-0.009274277669466537,-0.014811668899938265,0.02021000451220946,0.009376042255348266,12,0.8322619714574891,False
11950,AtomSegNet,no_n2v,1,130,174.0,148.0,-2,-7,0.2838062072331695,0.13201536209055575,0.006606907109740065,0.007737326303656976,-0.0028872289216769023,0.00045804112695934426,0.01434423341339704,0.0029420320757363454,12,0.44823796782718767,False
11950,AtomSegNet,no_n2v,1,131,80.0,149.0,1,-2,-0.3834475031732154,-0.6276467895240216,-0.01950095647435303,-0.011849118765106897,0.00926012053230426,-0.0007331424752284937,-0.03135007523945993,0.010019355635716461,12,0.5479491579401884,False
11950,AtomSegNet,no_n2v,1,132,209.0,150.0,-3,-9,-0.4470305663980412,0.06124070869961429,-0.016016103707161635,-0.005627640522092116,-0.0001768811340221543,-0.006547005507926385,-0.02164374422925375,0.005197242420020366,12,0.6553846063861507,False
11950,AtomSegNet,no_n2v,1,133,59.0,156.0,2,-1,0.48762523915790723,0.47114175207954645,0.001239165081338292,0.0011885832531264556,-0.01778639667714196,-0.004493590565434798,0.0024277483344647475,0.017786414658018713,12,0.6590251756471937,False
11950,AtomSegNet,no_n2v,1,134,94.0,157.0,1,-3,-0.24321153447333188,-0.599632901311395,-0.005475282157176118,-0.0006811046304669203,0.014484413678969424,0.009783757785656457,-0.006156386787643038,0.014681426162431135,12,0.5032064608981117,False
11950,AtomSegNet,no_n2v,1,135,166.0,162.0,-1,-7,0.2951149182642041,0.25881779190672205,0.000985118352399634,0.005134164408350371,-0.009353716178362288,0.008231689929188508,0.006119282760750005,0.00958100475623285,12,0.43495382473845523,False
11950,AtomSegNet,no_n2v,1,136,73.0,163.0,2,-2,0.6278612078577908,-0.5008443597078553,-0.010256481062429582,-0.0018353193467719998,-0.008543719503711548,-0.0015468650809711544,-0.012091800409201582,0.009524921738177976,12,0.603591760253474,False
11950,AtomSegNet,no_n2v,1,137,202.0,164.0,-2,-9,0.564278144632965,0.18804313851578058,-0.008606305814811779,0.008017717160592786,-0.010451099394017019,0.002302984268613503,-0.0005885886542189925,0.013353464476131938,12,0.4987286674052192,False
11950,AtomSegNet,no_n2v,1,138,50.0,169.0,3,-1,-0.5010660498110724,-0.40205581810428725,0.002402543939316329,-0.018987970494568213,-0.013787774037965253,-0.0015691898297299674,-0.016585426555251883,0.017449677356860913,12,0.6723894890449295,False
11950,AtomSegNet,no_n2v,1,139,179.0,170.0,-1,-8,-0.5646491130358982,0.2868316801193487,-0.0009787043410683152,0.007737326303656792,-0.007893748520591014,0.005464560725872935,0.006758621962588476,0.009016848854022097,12,0.3872641264035122,False
11950,AtomSegNet,no_n2v,1,140,215.0,172.0,-2,-10,-0.29548588666713727,0.2160570267283788,-0.013072945622500618,0.006755151009886422,-0.01601714295076164,-0.007042652217441495,-0.006317794612614196,0.018837123515042124,12,0.6199397552746673,False
11950,AtomSegNet,no_n2v,1,141,149.0,189.0,1,-7,-0.6822676596737551,-0.48757734846094536,-0.0009610255273610546,-0.010211791830450647,0.0059478401108937345,-0.006063155137309073,-0.011172817357811702,0.007534651371055655,12,0.5862928461808815,False
11950,AtomSegNet,no_n2v,1,142,57.0,191.0,4,-2,0.6504786299198315,-0.24723950007552276,0.007258670504083632,0.00024864983309005634,-0.0013480381289135179,0.0016809380183473498,0.007507320337173688,0.0037553034829350294,12,0.6712295879544129,False
11950,AtomSegNet,no_n2v,1,143,70.0,199.0,4,-3,-0.20928540138027074,-0.21922561186289613,-0.010113916813968225,0.0010481725512119968,0.02347643128817794,-0.01081241807874736,-0.009065744262756229,0.024130704212219075,12,0.6331348053622068,False
11950,AtomSegNet,no_n2v,1,144,142.0,203.0,2,-7,0.32904105135725104,-0.36077491864477906,-0.0037678860577631023,-0.0032787064973122367,0.0036831199676468068,-0.011420060434455684,-0.007046592555075339,0.0036912324305940613,12,0.5728573361009335,False
11950,AtomSegNet,no_n2v,1,145,85.0,207.0,4,-4,0.9309505673196128,-0.1912117236502695,0.0014245559890106252,-0.010789617417732806,0.010735001287313365,0.004455280459762446,-0.00936506142872218,0.012350577340396652,12,0.5426936739196521,False
11950,AtomSegNet,no_n2v,1,146,98.0,215.0,4,-5,0.07118653601949632,-0.1631978354376713,-0.010409198585737214,-0.01967184741807667,0.012732206858538726,-0.0032180018559334785,-0.030081046003813883,0.01354836733102666,12,0.5528514019434373,False
11950,AtomSegNet,no_n2v,1,147,134.0,218.0,3,-7,0.3403497623882572,0.7660275111713872,0.0026366205193901816,-0.010580734793549752,7.148638396224562e-05,-0.007956948503647195,-0.00794411427415957,0.0066090642809869355,12,0.6635743000464399,False
11950,AtomSegNet,no_n2v,1,148,106.0,72.0,-4,-1,-0.5802270270282008,-0.2896728268174513,-0.015537239613962245,0.005646509464272611,0.005359051786424068,-0.0015879299365524429,-0.009890730149689634,0.011870435640783326,12,0.4971479173390105,False
11950,AtomSegNet,no_n2v,1,149,41.0,90.0,-1,2,0.032991199965181295,0.00669279799321032,-0.007117083575417514,0.007737326303656815,-0.0036353266409750802,0.0012061388462569962,0.0006202427282393013,0.008269157937811347,12,0.42074029905111276,False
11950,AtomSegNet,no_n2v,1,150,104.0,108.0,-2,-2,-0.41737363626626234,-0.008054078972506318,-0.016501869179145937,0.0077373263036567535,-0.005573146243534011,0.003143958448815958,-0.008764542875489183,0.013339588017071512,12,0.2848595380028199,False
11950,AtomSegNet,no_n2v,1,151,247.0,116.0,-6,-10,-0.3407207307912188,-0.2911526925362722,,,,,,,12,,True
11950,AtomSegNet,no_n2v,1,152,60.0,120.0,0,0,-0.6752281516040171,0.18952300423460144,0.003347550797630338,-0.009337567143231803,0.0015534857942207721,-0.0011982348954007098,-0.005990016345601465,0.006530036171893796,12,0.5486533102218321,False
11950,AtomSegNet,no_n2v,1,153,169.0,219.0,2,-9,-0.3904870112429535,-0.30474714221955423,-0.017919694619607577,0.006253465428067497,-0.004198671780717443,0.005311367573979363,-0.011666229191540079,0.012795087393012274,12,0.6522838515708572,False
11950,AtomSegNet,no_n2v,1,154,183.0,227.0,2,-10,-0.25025104254308417,-0.27673325400695603,,,,,,,12,,True
11950,AtomSegNet,no_n2v,1,155,126.0,231.0,4,-7,0.3516584734192918,-0.10717005901244647,0.004867739690512953,-0.03226693340060693,0.003750114703967415,-0.000671347260295945,-0.027399193710093975,0.018942263504898204,12,0.7232271068335128,False
11950,AtomSegNet,no_n2v,1,156,140.0,238.0,4,-8,0.49189444211918953,-1.0791561707998198,,,,,,,12,,True
13004,HRNet,no_n2v,1,0,63.0,152.0,-2,4,-3.7635518922229494,0.021372961087053,0.0007486710891944045,0.0023580306837595907,0.02968025588554013,-0.0027272336742967113,0.003106701772953995,0.029691161967954273,12,1.762321493994729,False
13004,HRNet,no_n2v,1,1,213.0,181.0,4,-3,1.6033998543710481,1.7108723801059114,-0.03540308714614264,-0.04588866575303136,0.012995691087428912,0.020703398242192226,-0.08129175289917401,0.01401338026745117,12,1.401843454411799,False
13004,HRNet,no_n2v,1,2,154.0,42.0,-5,-4,0.9135939795494323,-3.5104985860748315,-0.05529650363523909,0.011465424917226474,-0.0027834297937426164,0.013931093030846001,-0.04383107871801262,0.03349680966044114,12,2.0926177989990653,False
13004,HRNet,no_n2v,1,3,69.0,191.0,0,5,0.007860502998426,3.015589242108547,,,,,,,12,,True
13004,HRNet,no_n2v,1,4,217.0,160.0,3,-4,-0.1796706151931744,2.749106768392892,-0.00729428627224884,0.01816648258042625,-0.002496102667845195,0.010364790150962807,0.01087219630817741,0.012972787525075767,12,1.2716692427722798,False
13004,HRNet,no_n2v,1,5,112.0,33.0,-7,-2,2.5263672160490955,-0.7167700398826469,,,,,,,12,,True
13004,HRNet,no_n2v,1,6,198.0,56.0,-3,-6,1.3008207430497691,-1.304227132267016,-0.0009927216139775726,0.050412877705071316,-0.029761587733746764,0.01979201451770444,0.04942015609109374,0.03932411492673619,12,1.8945854208326918,False
13004,HRNet,no_n2v,1,7,71.0,96.0,-5,2,0.6819652429914953,2.0653910683525254,0.019681527761124213,0.005625031739452046,-0.015281645318920518,-0.05344025641364599,0.02530655950057626,0.016820373175262988,12,1.2444045440057352,False
13004,HRNet,no_n2v,1,8,72.0,130.0,-3,3,-0.5466223617871293,0.059607349374005025,0.006825931782177439,-0.024091121834838424,-0.01919501419312733,0.02374564279471715,-0.017265190052660986,0.024645783025980694,12,1.702733212014703,False
13004,HRNet,no_n2v,1,9,79.0,145.0,-2,3,-1.5582804361299623,1.0920580186824793,0.06957685475832857,0.004227551162403043,0.000891239179923971,0.010096397176284518,0.07380440592073162,0.032686804331319125,12,1.3256262745546408,False
13004,HRNet,no_n2v,1,10,184.0,195.0,4,-1,0.19285694218507388,-0.4304977350849697,0.009266226802430598,0.001533156708611915,-0.033750422680188415,0.038306844278075465,0.010799383511042513,0.03397118079137602,12,1.6462511564106468,False
13004,HRNet,no_n2v,1,11,96.0,42.0,-7,-1,0.3210957599561084,0.2125449025219126,0.06698407993851463,0.005568552086011044,-0.024215137901393766,0.029994788535562627,0.07255263202452568,0.03910677267346319,12,1.9241252123888273,False
13004,HRNet,no_n2v,1,12,138.0,148.0,0,0,0.034217783463361684,0.36901453008573526,0.025050704819646608,0.008030471469046313,-0.018335196951984774,-0.007659045837140108,0.03308117628869292,0.020213894555361996,12,0.802368488212908,False
13004,HRNet,no_n2v,1,13,75.0,166.0,-1,4,0.22479003343423187,0.05382363039549887,0.05974087876846977,0.047274103592630914,0.007378661174150328,-0.05314716651236826,0.10701498236110069,0.009659180169359172,12,2.097601102929936,False
13004,HRNet,no_n2v,1,14,84.0,181.0,0,4,1.2131319590914131,1.0862742997039732,0.020241620759199205,0.07065747133342552,-0.01033732174577182,-0.06227385889645154,0.09089909209262473,0.027245177888138038,12,1.9515086369909467,False
13004,HRNet,no_n2v,1,15,93.0,195.0,1,4,2.2014738847485944,1.1187249690124474,-0.004944813994607923,0.04735015321927136,-0.012117702717232993,-0.046462113416000345,0.042405339224663434,0.028818910772588423,12,1.417659395616194,False
13004,HRNet,no_n2v,1,16,132.0,36.0,-6,-3,0.7199805977992639,-3.613634312978732,-0.006931543930490252,0.033558930081106476,-0.02549510344737725,0.014298451779148146,0.026627386150616224,0.03255564346182417,12,2.015105304761467,False
13004,HRNet,no_n2v,1,17,141.0,54.0,-5,-3,1.7083225234564452,0.418816356329728,-0.042167805572164416,0.08315861135257288,-0.03566266120846755,0.005633660945265424,0.040990805780408465,0.07210064562310246,12,2.17504507329325,False
13004,HRNet,no_n2v,1,18,218.0,63.0,-2,-7,-0.5055658752000909,-0.20109140536311543,,,,,,,12,,True
13004,HRNet,no_n2v,1,19,97.0,76.0,-5,0,-0.9074918448225304,-1.7932388164565936,0.05756455269899813,-0.014337948639848812,-0.005734978618738271,0.022986352233727577,0.04322660405914931,0.03640580179659702,12,1.7470864100511991,False
13004,HRNet,no_n2v,1,20,119.0,84.0,-4,-1,-0.713878463072362,0.30989691044732126,0.0033511886317774213,-0.02447211054007397,-0.013263655923566497,0.045871486663743494,-0.02112092190829655,0.019221304915648864,12,1.0464902799443176,False
13004,HRNet,no_n2v,1,21,127.0,98.0,-3,-1,-0.7255365374151808,0.34234757975578134,0.0025168807115173745,-0.008445169201936482,-0.0031249016831040853,-0.00794161558747788,-0.0059282884904191075,0.006309250756257051,12,0.9189052859688354,False
13004,HRNet,no_n2v,1,22,219.58898242798708,99.63356983715661,0,-6,-1.145171051991639,0.42669471281499227,0.026062589344728042,0.023705905447042437,-0.002695423977471092,-0.00644985212075723,0.04976849479177048,0.0029417342107554067,12,1.2638829724484395,False
13004,HRNet,no_n2v,1,23,91.30293077800529,98.66506976135237,-4,1,-0.821490597253046,-1.1664034433911894,-0.009802329477777238,0.021863467109641963,-0.005587528119363467,-0.029681278380344886,0.012061137631864725,0.01678991181822078,12,1.3795398921696134,False
13004,HRNet,no_n2v,1,24,185.0,101.0,-1,-4,-0.13303831782187103,-0.3806959088409769,-0.007797687216396504,0.016996395466818384,-0.005718151384901169,0.015050787367019909,0.00919870825042188,0.013652248506607666,12,1.2557629118309528,False
13004,HRNet,no_n2v,1,25,171.0,110.0,-1,-3,-0.33830977391485817,0.5486190335635968,0.004522536132860096,0.007444397749805734,0.0018171697609940243,0.009649031339123128,0.01196693388266583,0.0023316141978072026,12,1.1564273734711314,False
13004,HRNet,no_n2v,1,26,130.0,134.0,-1,0,0.04587585780618042,0.33656386077726097,-0.00578999019801737,0.015424561938846068,-0.00850484409974376,-0.012082360649272969,0.009634571740828698,0.013595833139343485,12,0.7739932768271627,False
13004,HRNet,no_n2v,1,27,94.0,135.0,-2,2,-0.3530089800369751,-0.837256923722066,0.047499542158690455,-0.0011518643208452346,-0.0016954547069653512,0.0009560492873791015,0.04634767783784522,0.024384716622766457,12,1.2980869481320614,False
13004,HRNet,no_n2v,1,28,57.0,136.0,-3,4,-1.7518938178801164,-2.0110777082214213,-0.03881435330794803,-0.02445987961938352,-0.022451960313618246,0.02173330266569357,-0.06327423292733156,0.023571237783434527,12,1.8517263318818218,False
13004,HRNet,no_n2v,1,29,224.0,136.0,2,-5,1.03725891524266,0.7873411566798723,-0.007838480930503275,0.01751674500739568,-0.03209545723145972,0.004356240558428183,0.009678264076892406,0.03450855322216415,12,1.5291722518040718,False
13004,HRNet,no_n2v,1,30,146.0,162.0,1,0,0.022559709120542948,0.40146519939420955,0.03238325545811328,0.0012423603826230644,-0.023299124503408066,-0.015975514165272726,0.033625615840736346,0.028022991259874147,12,0.6886688341192374,False
13004,HRNet,no_n2v,1,31,148.0,198.0,3,1,-0.20602789565808166,0.3956814804157034,-0.01236757943435221,-0.04990144859377315,-0.0014446752158298647,-0.01163347859022066,-0.06226902802812536,0.018822457862839422,12,1.2604199470286925,False
13004,HRNet,no_n2v,1,32,113.0,201.0,2,3,0.3950872664987628,1.221860695916348,-0.02594939676674247,-0.023011098890318986,0.003263813284841228,-0.03350607095295778,-0.048960495657061454,0.0035792283750767815,12,1.3500590887260426,False
13004,HRNet,no_n2v,1,33,167.3515319431092,202.55445369951144,4,0,-2.6608825707987194,-0.9467290931689547,-0.01944181663461097,0.007796830972325615,-0.013789898829099706,0.019557396660789685,-0.011644985662285353,0.019381622496079203,12,1.3506220773353164,False
13004,HRNet,no_n2v,1,34,174.61949526424453,51.399280356912605,-4,-5,-0.2732973744558933,-0.008082502258311308,0.01206220537505102,0.014844914441339804,-0.016237964727161415,-0.005132988581758101,0.026907119816390823,0.016297465015070282,12,2.029636685211697,False
13004,HRNet,no_n2v,1,35,163.0,96.0,-2,-3,-0.32665169957203943,0.5161683642551225,0.021781209535230876,-0.01869856952622413,0.0009019502460930806,0.000866991401127305,0.003082640009006748,0.020259976368754234,12,1.1203414607279436,False
13004,HRNet,no_n2v,1,36,205.94139442589125,108.88671202783031,0,-5,-0.9980305101804561,1.6091518458932512,0.015428854590875795,0.019005921644236628,0.01723794325721223,-0.005800877600577383,0.03443477623511242,0.01733048008322125,12,1.1361037470271005,False
13004,HRNet,no_n2v,1,37,152.0,139.0,0,-1,0.23948923955634882,-0.5603004123188384,0.016841114755841102,0.001947560211227282,-0.005832910633611313,-0.026077643398059687,0.018788674967068385,0.009459246175200362,12,0.9541877224853772,False
13004,HRNet,no_n2v,1,38,116.0,142.0,-1,1,-0.15939559828680672,0.26587880318183466,-0.01847402202467237,-0.004249167188464137,-0.0008682368211343347,0.012486295116335026,-0.02272318921313651,0.007165225673722541,12,0.916838516513951,False
13004,HRNet,no_n2v,1,39,161.0,152.0,1,-1,1.22783116521353,-1.5278497430103641,0.00957867408801707,0.009231071376416933,-0.015329502445194196,-0.008884041104022175,0.018809745464434,0.015330487667667092,12,0.8551644976288794,False
13004,HRNet,no_n2v,1,40,168.0,167.0,2,-1,0.21617309087071135,-0.49539907370188985,-0.019388505795460274,0.01556121438660942,0.003258743091810145,0.013721758528855987,-0.0038272914088508542,0.017776111547232788,12,0.9270767176093498,False
13004,HRNet,no_n2v,1,41,140.0,183.0,2,1,-0.19436982131526293,-0.6367691888927709,-0.00017508723387865956,0.0030982033022640184,-0.006006532058725066,-0.020928357474671856,0.002923116068385359,0.006225514846660659,12,0.7769147460816738,False
13004,HRNet,no_n2v,1,42,127.0,192.0,2,2,0.6003587225917499,0.29254575351177436,-0.017574342178024404,-0.02416598912816319,0.006210008153310666,-0.02714656931720865,-0.041740331306187595,0.007030409208787454,12,1.22810682936741,False
13004,HRNet,no_n2v,1,43,148.0,32.0,-6,-4,2.925252053892251,0.45705074461670847,,,,,,,12,,True
13004,HRNet,no_n2v,1,44,105.0,56.0,-6,-1,1.3094376856132897,0.2449955718303869,0.08510684498195809,-0.016674663914890014,-0.0017742093521643937,0.04213820819397511,0.06843218106706807,0.050921672273749025,12,2.130122109491718,False
13004,HRNet,no_n2v,1,45,199.0,93.0,-1,-5,0.0722331382711161,-0.3100108512455222,-0.008793514015314178,0.03874916075937425,0.005831206334781807,0.016431702393393845,0.029955646744060073,0.024476099536113762,12,1.3537316860821884,False
13004,HRNet,no_n2v,1,46,86.0,121.0,-3,2,-0.34135090569414217,-0.8697075930305402,0.022555188850309583,-0.015512267028670515,-0.002707460194977456,9.481483376600841e-05,0.007042921821639068,0.01922532548442058,12,1.471631264630265,False
13004,HRNet,no_n2v,1,47,52.0,126.0,-4,4,1.2597642564627023,1.9564716224701044,0.0013059378283068498,-0.06495674607323537,-0.002450226824799067,0.0040155649049548395,-0.06365080824492853,0.03322182160797162,12,1.7629869396887743,False
13004,HRNet,no_n2v,1,48,202.0,166.0,3,-3,-1.3849420712861615,0.6784217107974655,0.005850402034183485,-0.02416566246643585,0.04468697292581092,0.0071710670888735124,-0.018315260432252366,0.047139861914291745,12,1.6877454200576711,False
13004,HRNet,no_n2v,1,49,143.0,217.0,4,2,0.5770425739061125,-2.642552907871277,-0.05254060830653606,-0.08306946848679748,-0.001846033288180531,-0.017408039399036564,-0.13561007679333353,0.015375651689523878,12,1.588970557072893,False
13004,HRNet,no_n2v,1,50,119.0,49.0,-6,-2,1.5147091417062768,1.3156806294258274,0.02292826570584731,0.06749040241879681,-0.015782048943960215,-0.002172284830201262,0.09041866812464412,0.02730419520834584,12,2.0241483699696996,False
13004,HRNet,no_n2v,1,51,88.0,62.0,-6,0,-1.8958337704796975,-1.8256894857650536,0.058107518814336165,-0.03195230239417884,-0.027001922947950056,0.013505381092579843,0.026155216420157328,0.05250520633151015,12,1.225234627465663,False
13004,HRNet,no_n2v,1,52,113.0,70.0,-5,-1,1.2977796112704567,0.27744624113884697,0.04931767047471973,-0.032419944286741186,-0.0011200537829012432,0.06248163812850681,0.016897726187978544,0.040884152641333285,12,1.179773824639526,False
13004,HRNet,no_n2v,1,53,203.41977223088165,70.7161166882815,-2,-6,-1.29106510041143,-0.5556597746770535,-0.007110560657232305,0.02818082398655567,-0.00325481671292865,0.017360200797320636,0.021070263329323366,0.01794336337907997,12,1.1683682594111842,False
13004,HRNet,no_n2v,1,54,74.0,73.0,-6,1,-2.1011052265726846,1.1036254566395058,-0.017061469440125945,0.000888361460085225,-0.0416391303336883,-0.041675081556991254,-0.01617310798004072,0.04259537864936084,12,1.7723366931632858,False
13004,HRNet,no_n2v,1,55,227.0,77.0,-1,-7,0.4827760504570904,-0.16864073605464114,0.017268370139027763,0.021055189703331166,0.01043910160037227,0.008665457656083448,0.038323559842358926,0.010609422360620895,12,1.3787001425107095,False
13004,HRNet,no_n2v,1,56,213.0,85.0,-1,-6,0.27750459436410324,-0.23932579365009587,0.014765826903972929,0.025451297481073252,0.0007165631387829204,0.004483559857243677,0.04021712438504618,0.005390573540485428,12,1.3483666063915718,False
13004,HRNet,no_n2v,1,57,178.36576999566353,85.82803010099228,-2,-4,1.2443897521844747,-1.5851164771571575,0.0014187652655816732,0.0017563917958313548,-0.0045134044626364235,-0.007001409851312981,0.003175157061413028,0.0045165603905880074,12,1.0323364851648977,False
13004,HRNet,no_n2v,1,58,105.0,91.0,-4,0,-0.9191499191653492,-0.7607881471481335,0.010113797316507148,0.02353992287954015,0.022245999038306475,0.018032010399995965,0.0336537201960473,0.02323681744819877,12,1.2681345673793796,False
13004,HRNet,no_n2v,1,59,135.0,111.0,-2,-1,-0.7371946117580137,-0.6252017509357586,-0.0011896731936410054,-4.252500970358728e-05,-0.0006873698316926108,-0.024273717361266427,-0.0012321982033445926,0.0008952455107392928,12,0.5501778422357216,False
13004,HRNet,no_n2v,1,60,64.0,115.0,-4,3,-0.5349642874443106,-0.9728433199344408,-0.009934786570736032,-0.05436168112450626,-0.02429141310999717,-0.01802848339328634,-0.06429646769524229,0.03291671294044254,12,1.6441526911661075,False
13004,HRNet,no_n2v,1,61,157.0,117.0,-1,-2,-0.5435812300078453,-0.522066024031858,-0.0028822704393625157,-0.013384733461738846,0.01948460259146818,0.00854578735111618,-0.016267003901101362,0.02017982087461492,12,0.8654636073800147,False
13004,HRNet,no_n2v,1,62,179.0,124.0,0,-3,-0.3499678482576769,0.5810697028720568,0.009404126900813901,-0.01963882964926466,0.03189362286856254,-0.009911932783463837,-0.010234702748450758,0.03504392259685741,12,1.005839033052813,False
13004,HRNet,no_n2v,1,63,144.0,125.0,-1,-1,0.25114731389916756,-0.5927510816272843,-0.005794919995994251,0.009119648632629018,-0.0005730250314945982,-0.02093392809100455,0.0033247286366347665,0.00747926781384366,12,0.7197790652112026,False
13004,HRNet,no_n2v,1,64,202.0,129.0,1,-4,0.8436455334924915,-0.31579457022402835,0.005480954316935318,-0.007126280430562956,0.02141543702679079,0.011193109993145652,-0.0016453261136276385,0.022323900533801747,12,1.4075762930905504,False
13004,HRNet,no_n2v,1,65,165.0,131.0,0,-2,-0.555239304350664,-0.4896153547233837,0.009731438691495878,-0.03100603926006911,0.033727850508871976,-0.009913851476269398,-0.021274600568573235,0.03940118560922218,12,1.0955846710927044,False
13004,HRNet,no_n2v,1,66,208.0,144.0,2,-4,-1.1680125408503272,0.7166560990844175,-0.011329302345212074,0.01732000083367156,-0.013099631807101716,0.04448610306990583,0.005990698488459487,0.0194112337743001,12,1.5737300036134576,False
13004,HRNet,no_n2v,1,67,88.0,157.0,-1,3,-0.569938510472781,-0.8754913120090464,0.04817864357355075,-0.01794867541290115,0.005610120690348861,-0.025875033341397683,0.030229968160649597,0.0335362346312801,12,1.597579155336405,False
13004,HRNet,no_n2v,1,68,181.0,159.0,2,-2,-0.5785554530363015,-0.42471401610646353,-0.040460171862364835,0.007632653407566631,0.0075337904954779905,0.040074409392076134,-0.032827518454798206,0.025198967436004083,12,1.5424500365404825,False
13004,HRNet,no_n2v,1,69,110.0,163.0,0,2,-0.3763251287226126,-0.7723555851051458,-0.020253916809361238,-0.006803498634022705,0.02264959269957612,0.01348439265752836,-0.027057415443383942,0.023626944083600002,12,1.1423179787545967,False
13004,HRNet,no_n2v,1,70,132.0,170.0,1,1,-0.1827117469724442,0.3307801417987548,0.0035747950648901913,-0.002562695318144226,0.0020714077867785537,-0.013689302180609025,0.0010120997467459652,0.003702421811407611,12,0.9558940702403412,False
13004,HRNet,no_n2v,1,71,189.0,174.0,3,-2,-0.5902135273791487,0.6077366532020108,-0.004813162283885261,-0.029639117835236733,0.03026455569436079,0.006133595371541912,-0.03445228011912199,0.03271124193051199,12,1.4948042009616322,False
13004,HRNet,no_n2v,1,72,154.0,175.0,2,0,0.010901634777724212,-0.5660841312973446,0.008420465355954667,0.0028617839133228285,-0.012266104616508781,-0.0071778265827748995,0.011282249269277496,0.01257704485593905,12,1.09413392590378,False
13004,HRNet,no_n2v,1,73,176.0,181.0,3,-1,0.2045150165278642,-0.462948404393444,-0.013356494669646585,-0.004808062229615629,-0.004423477220391702,0.010800843828597162,-0.01816455689926221,0.006151103560725318,12,1.3986602956147784,False
13004,HRNet,no_n2v,1,74,165.0,39.0,-5,-5,-1.8811345643575805,1.560186471520609,-0.007269805823302605,0.03393066265515934,-0.041790141929357344,0.0356891995489453,0.026660856831856733,0.0465916903877399,12,1.6005634239551898,False
13004,HRNet,no_n2v,1,75,81.0,50.0,-7,0,-0.8841756961368787,0.14185984492647208,0.03147264160347285,-0.03264320961692191,-0.04908759820997134,0.01073059394745526,-0.0011705680134490581,0.058628516034882984,12,2.1705192584586843,False
13004,HRNet,no_n2v,1,76,161.0,59.0,-4,-4,-0.09806409479341482,-0.4780479167663714,-0.013918797763302905,0.03416811845495321,-0.02952337141035675,0.0023421200558247403,0.020249320691650308,0.03807515380506382,12,1.9209017168076195,False
13004,HRNet,no_n2v,1,77,183.0,64.0,-3,-5,0.095549286956782,-1.3749121898624566,0.009343754796871849,0.036897308607989635,-0.02824599778545625,0.002557990015423832,0.046241063404861484,0.03142667613352612,12,1.6430877375405584,False
13004,HRNet,no_n2v,1,78,169.0,74.0,-3,-4,-0.10972216913623356,0.5544027525421029,0.021792187466794042,0.013801171683241967,-0.018061420519862,-0.014335871596979247,0.03559335915003601,0.018498080833117166,12,1.6673964580050178,False
13004,HRNet,no_n2v,1,79,133.12390291160733,76.06513796519972,-4,-2,-0.38470409537205796,0.44571993324247217,-0.03138243703001542,-0.03252151225028064,-0.0303768757627322,0.036298889970389374,-0.06390394928029605,0.030382214438612314,12,1.1299181210995637,False
13004,HRNet,no_n2v,1,80,189.52574959142882,81.07761010350842,-2,-5,-1.3903591959572452,1.735148582954423,-0.01832577734575397,0.017688659225363425,0.0027984385591372043,0.003687997440001612,-0.0006371181203905438,0.018223368754240403,12,1.118204303110354,False
13004,HRNet,no_n2v,1,81,153.84612366388654,82.68480742578377,-3,-3,-1.4688699613426763,1.1685251207304361,0.01739462916921676,-0.014959645584663853,-0.014482694300250372,-0.003693390673929658,0.0024349835845529078,0.021712858123860704,12,1.0303093031410633,False
13004,HRNet,no_n2v,1,82,141.0,89.0,-3,-2,-0.5202650813222078,-0.5869673626487781,2.8253491944895006e-05,-0.037182226142144975,-0.0002374956623783773,0.00491380319277086,-0.03715397265020008,0.01860675556993757,12,1.07168455198802,False
13004,HRNet,no_n2v,1,83,149.0,103.0,-2,-2,-0.5319231556650266,-0.5545166933403181,0.003019584253884999,-0.02098203695852004,0.012002692355669527,0.003170833547364564,-0.01796245270463504,0.016973039768727067,12,1.041172739006965,False
13004,HRNet,no_n2v,1,84,113.0,106.0,-3,0,-0.9308079935081679,0.2716625221603408,-0.0015494612705241378,0.016534886550551926,0.022838043722997973,-0.005741394289621504,0.014985425280027788,0.024562922263484485,12,0.6406803817265849,False
13004,HRNet,no_n2v,1,85,229.0,113.0,1,-6,0.25418844567846577,-0.1744244550331473,0.009762356252523243,-0.000736382003582836,-0.010848861255128003,-0.035697183875211855,0.009025974248940407,0.012052122915717957,12,1.4947651904564525,False
13004,HRNet,no_n2v,1,86,100.0,114.0,-3,1,-0.13607944960115503,0.2009774645649003,0.009762142816019146,0.010959359824005949,0.027219399267161774,-0.0007119087846442426,0.020721502640025095,0.02722598076481764,12,1.0558056704054524,False
13004,HRNet,no_n2v,1,87,192.0,116.0,0,-4,-1.1446963921646898,0.6517547604674974,0.006815907180222196,0.01319623001184068,0.027655147095111757,0.0035242496458672487,0.020012137192062875,0.027838539665564106,12,1.3418013407476197,False
13004,HRNet,no_n2v,1,88,122.0,120.0,-2,0,0.057533932148999156,0.3041131914688009,-0.007416461686894129,0.008148361661273971,0.006741034031297905,-0.020605637111403837,0.0007318999743798418,0.010295992971833081,12,0.6853320482781505,False
13004,HRNet,no_n2v,1,89,216.63897743478972,123.65030638987866,1,-5,1.6878944243752017,2.405196877250063,0.007179489545083171,-0.003704834083220672,0.0031351399932453995,-0.020852567507262013,0.0034746554618624993,0.006280623216581305,12,1.1834752912632398,False
13004,HRNet,no_n2v,1,90,109.0,128.0,-2,1,0.852262476056012,0.23342813387336037,0.002222268744508295,0.005714011457933324,0.018601067180769364,0.001973053511537046,0.00793628020244162,0.018682820104515385,12,1.0608444923971172,False
13004,HRNet,no_n2v,1,91,189.0,138.0,1,-3,1.6383740773995044,0.6135203721805169,-0.017799621599674735,-0.01800446822137623,0.019861407274524366,0.015551277846606634,-0.03580408982105096,0.019861671366205185,12,1.2076137278112065,False
13004,HRNet,no_n2v,1,92,175.0,144.0,1,-2,1.4331026213065172,-1.4571646854149094,8.393524465333187e-05,-0.011140956153812427,0.01567792472698454,0.01663462627483105,-0.011057020909159094,0.016652233197737502,12,1.014509055155207,False
13004,HRNet,no_n2v,1,93,104.18875265554567,150.43680202010927,-1,2,1.8240856011658764,0.631995765695649,0.009076718408948333,-0.016679745030085853,0.006505006422706648,0.007466974616860873,-0.0076030266211375205,0.014427888299436992,12,1.1134734565107711,False
13004,HRNet,no_n2v,1,94,195.0,152.0,2,-3,-0.3732839969433144,0.6459710414889912,-0.029137622792756862,0.01452681617113661,0.00412280677759818,0.048151554460247506,-0.014610806621620252,0.022218085948913422,12,1.471839961757666,False
13004,HRNet,no_n2v,1,95,123.0,156.0,0,1,-1.1710536726296255,0.29832947249030894,-0.015904637197073215,-0.004304906772239217,0.0021045401308028267,0.0073436881926880575,-0.020209543969312432,0.006169888624956244,12,0.925060579791812,False
13004,HRNet,no_n2v,1,96,97.0,170.0,0,3,0.4184034151844003,-1.8430406427006005,-0.010156702412156897,0.02532627574098835,0.011359598824006374,-0.027209453935447867,0.015169573328831452,0.02106658301900222,12,1.405652176073998,False
13004,HRNet,no_n2v,1,97,105.0,185.0,1,3,0.40674534084158154,-0.8105899733921262,-0.025717746699347538,0.04605007905045934,0.021805400405620283,-0.02094652073858131,0.0203323323511118,0.04198964979686168,12,1.5873169352424108,False
13004,HRNet,no_n2v,1,98,199.0,185.0,4,-2,1.398128398278061,-2.359812677489515,-0.001306525997727243,-0.018270242709241085,0.002675320497891605,0.03275727438523016,-0.01957676870696833,0.00889377652820007,12,1.3125535911785635,False
13004,HRNet,no_n2v,1,99,163.0,189.0,3,0,0.9992435604349055,-0.5336334619888703,-0.002407618727145048,-0.003503284246766533,-0.02959066034806278,0.017347016938788252,-0.005910902973911581,0.0295957311206724,12,1.1555595414944988,False
13004,HRNet,no_n2v,1,100,204.0,201.0,5,-2,-1.6135296760647861,-0.3273620081810691,-0.01071486291167725,0.013640891404041533,-0.014633969297460511,0.053674199038643455,0.0029260284923642837,0.019038218127517353,12,2.144033272572331,False
13004,HRNet,no_n2v,1,101,234.8042722095074,91.9161097165464,0,-7,0.27539018562166007,0.7799196498002203,,,,,,,12,,True
13004,HRNet,no_n2v,1,102,78.0,110.0,-4,2,-0.32969283135132343,2.0978417376609855,-0.006190427371940288,-0.02368319845227704,-0.019057944404829035,-0.02482565176653215,-0.029873625824217327,0.02096913219365124,12,1.226199869715916,False
13004,HRNet,no_n2v,1,103,119.0,179.0,1,2,0.6120167969345687,1.2600950842033285,-0.014787763304639642,0.018291185012176546,0.023964561272385786,-0.0032670099702193783,0.0035034217075369037,0.02911793952900139,12,1.2570664051869849,False
13004,HRNet,no_n2v,1,104,83.0,85.0,-5,1,-1.1127633009155176,-0.8639238740520341,-0.007594466661248737,0.030301836764073997,-0.030127839950175393,-0.059941985769957636,0.02270737010282526,0.035590998769203096,12,1.8463191951532023,False
13004,HRNet,no_n2v,1,105,190.19948523329356,41.53604116022135,-4,-6,1.5119640506861174,-1.8006366413541386,,,,,,,12,,True
13004,HRNet,no_n2v,1,106,68.0,59.0,-7,1,-0.08944715222986588,1.0711747873310316,,,,,,,12,,True
13004,HRNet,no_n2v,1,107,128.29363653537678,63.43174591513594,-5,-2,2.7966876027402208,1.779877213870229,-0.016034694097046737,0.03117406694279607,-0.02887670652757538,0.020874402465509236,0.015139372845749333,0.03729652744705544,12,1.6947093896755063,False
13004,HRNet,no_n2v,1,108,147.0,69.0,-4,-3,-0.30333555088640196,1.4512670256382023,-0.03517336040930865,0.0426876748998924,-0.03404250860889178,0.0208907620589897,0.007514314490583748,0.05171535165926685,12,1.6497803686619175,False
13004,HRNet,no_n2v,1,109,55.0,104.0,-5,3,-1.5233062131014918,1.9947060107570849,,,,,,,12,,True
13004,HRNet,no_n2v,1,110,230.0,150.0,3,-5,-0.9743991591001873,0.8197918259883181,0.004112364747271265,0.038602652031054646,-0.028987737190187775,0.004711594886464597,0.04271501677832591,0.033729569914792465,12,1.6176899689813335,False
13004,HRNet,no_n2v,1,111,123.0,212.0,3,3,2.38342919215593,-1.745688634775206,-0.026831080818834927,-0.06371352349929131,-0.023818859716266988,-0.04584199120631029,-0.09054460431812623,0.030123358423364652,12,1.2750371000180556,False
13004,HRNet,no_n2v,1,112,237.0,126.0,2,-6,0.24253037133564703,-1.1419737857246872,,,,,,,12,,True
13004,HRNet,no_n2v,1,113,231.0,186.0,5,-4,-2.202986763878812,0.8140081070098404,,,,,,,12,,True
13004,HRNet,no_n2v,1,114,130.0,225.0,4,3,1.3717711178131253,-2.713237965466732,,,,,,,12,,True
13004,HRNet,no_n2v,1,115,190.0,210.0,5,-1,-1.8188011321577733,0.6019529342235046,,,,,,,12,,True
13004,HRNet,no_n2v,1,116,108.0,222.0,3,4,1.1781577360629427,0.1836263076293676,,,,,,,12,,True
13004,HRNet,no_n2v,1,117,45.0,145.0,-3,5,0.04283472602689642,-1.0817627658168476,,,,,,,12,,True
13004,HRNet,no_n2v,1,118,101.0,209.0,2,4,2.1898158104057757,1.1511756383209217,-0.01881615590695444,-0.011389187988324593,-0.012404912766231088,-0.036405770438497916,-0.030205343895279034,0.01294881553864647,12,1.46060643019142,False
13853,HRNet,no_n2v,1,0,33.0,11.0,-4,0,-0.9485032388038803,-0.7151300010331454,,,,,,,12,,True
13853,HRNet,no_n2v,1,1,161.0,11.0,-7,-3,0.1276792375404341,-0.7251430613769259,,,,,,,12,,True
13853,HRNet,no_n2v,1,2,239.0,32.0,-8,-5,0.5717700890285755,0.4712979494036702,,,,,,,12,,True
13853,HRNet,no_n2v,1,3,147.0,170.0,0,-4,0.29949366772402186,-0.10354967341322663,0.0037790010055026363,0.007692376852590515,0.0030862312671117494,-0.0023169652410128267,0.01147137785809315,0.0036542374121341496,12,0.542089667650815,False
13853,HRNet,no_n2v,1,4,232.0,170.0,-2,-6,0.6836153186202409,-0.11022504697575641,,,,,,,12,,True
13853,HRNet,no_n2v,1,5,12.0,190.0,4,-1,-0.7167196080283578,0.10957977127367258,,,,,,,12,,True
13853,HRNet,no_n2v,1,6,246.0,12.0,-9,-5,0.5118008884366532,0.26818156506054436,,,,,,,12,,True
13853,HRNet,no_n2v,1,7,27.0,31.0,-3,0,0.11146596178805623,-0.5120136166900267,,,,,,,12,,True
13853,HRNet,no_n2v,1,8,154.0,32.0,-6,-3,0.18764843813238485,0.4779733229661858,,,,,,,12,,True
13853,HRNet,no_n2v,1,9,19.0,51.0,-2,0,-0.8285648376200108,-0.3088972323469008,,,,,,,12,,True
13853,HRNet,no_n2v,1,10,13.0,71.0,-1,0,0.2314043629719258,-0.10578084800377496,,,,,,,12,,True
13853,HRNet,no_n2v,1,11,98.0,71.0,-3,-2,0.6155260138681342,-0.11245622156630475,-0.0033296078739209027,-0.00013118971079982363,-0.0038685605268590603,-0.0010854035574845377,-0.0034607975847207265,0.004186075756184754,12,0.815702299300651,False
13853,HRNet,no_n2v,1,12,55.0,72.0,-2,-1,-0.07653481157997533,0.8908814652149601,0.009101612089272288,0.01324374258055979,-0.011625885512167781,0.008251179558777423,0.022345354669832077,0.011808917189723454,12,0.9034948206219883,False
13853,HRNet,no_n2v,1,13,225.0,72.0,-6,-5,0.6917084902124486,0.8775307180899006,0.01035935361694545,-0.0007425016885904648,-0.00864576443037805,0.00019143439519413163,0.009616851928354984,0.01027433892724268,12,0.8288693812041804,False
13853,HRNet,no_n2v,1,14,132.0,91.0,-3,-3,-0.6324439600918197,0.08732247599556331,0.00768106732061574,0.003240090390967284,-0.009885986335245952,0.011180506866777126,0.010921157711583024,0.010132289713736335,12,0.719512122529645,False
13853,HRNet,no_n2v,1,15,175.0,91.0,-4,-4,0.05961686535627564,0.08398478921429842,-0.002642277442539522,0.0012596781714282464,0.001616871458455908,0.002652513043138236,-0.0013825992711112758,0.002533887865812728,12,0.668833547697093,False
13853,HRNet,no_n2v,1,16,217.0,91.0,-5,-5,-0.2483223091956006,0.08064710243303352,0.012392278020914884,-0.00453949267430619,0.0024530090580907656,0.00823897138689133,0.007852785346608694,0.008814106203011292,12,0.7322678748124613,False
13853,HRNet,no_n2v,1,17,47.0,92.0,-1,-1,-1.0165656109880388,1.0939978495580789,0.0032586457115341416,-0.0042082695535700515,-0.00988689258047337,0.0067031470134137645,-0.0009496238420359099,0.010568318257503456,12,0.7946947815705964,False
13853,HRNet,no_n2v,1,18,83.0,110.0,-1,-2,-0.2645355849479927,-0.7062234528800531,0.004281484580079326,-0.009931147766385134,-0.0048848604889259566,-0.003460654865034009,-0.005649663186305808,0.008623316737208016,12,0.6018251135054711,False
13853,HRNet,no_n2v,1,19,76.0,130.0,0,-2,-0.20456638435605612,-0.5031070685369343,0.005954472443562734,0.013408877109136913,-0.003963149897992034,-0.01064186802020124,0.019363349552699645,0.005440459019557797,12,0.7502068855828767,False
13853,HRNet,no_n2v,1,20,26.0,150.0,2,-1,-0.8366580092122291,-0.2966529974125365,,,,,,,12,,True
13853,HRNet,no_n2v,1,21,154.0,150.0,-1,-4,0.23952446713209952,-0.30666605775633116,0.0060151014407182025,0.0032716258443822727,0.0039920851366119095,-0.0027978025712859763,0.009286727285100476,0.004221185653922418,12,0.5174736223241625,False
13853,HRNet,no_n2v,1,22,69.0,151.0,1,-2,-0.14459718376411956,0.7000093158061986,0.00999321062156995,0.014796038836188297,6.228984999739721e-05,-0.009906751163577669,0.024789249457758247,0.0024022218340936396,12,0.7552254850269785,False
13853,HRNet,no_n2v,1,23,19.0,169.0,3,-1,-0.7766888086202925,-1.093536613069432,,,,,,,12,,True
13853,HRNet,no_n2v,1,24,62.0,171.0,2,-2,-0.08462798317219011,0.9031257001493032,0.015068114289825683,-0.0013709448043949953,0.004559594652242716,0.001626522469306273,0.013697169485430687,0.00939949835728377,12,0.6570289737595975,False
13853,HRNet,no_n2v,1,25,55.0,190.0,3,-2,-0.024658782580253558,0.1062420844924361,0.014831640324795215,-0.002979539519200464,-0.0007126637029586935,0.008822461743669454,0.011852100805594751,0.008934059626636945,12,0.8095372997148564,False
13853,HRNet,no_n2v,1,26,140.0,190.0,1,-4,0.3594628683159442,0.09956671092990632,0.004716130107632792,0.0011352193143923989,-0.00425958445814455,0.007221172770007483,0.005851349422025191,0.00462058332717342,12,0.6298681891951705,False
13853,HRNet,no_n2v,1,27,183.0,190.0,0,-5,1.051523693764068,0.09622902414866985,-0.001808539950227527,0.006476880409918723,-0.0023617549999088243,-0.0024761211222575244,0.0046683404596911966,0.004768640719919654,12,0.5784027625460847,False
13853,HRNet,no_n2v,1,28,225.0,190.0,-1,-6,0.7435845192121633,0.09289133736740496,-0.005535694583197121,-0.011654792206720992,-0.00957188432280831,0.007074706207738545,-0.01719048678991811,0.010048970515469602,12,0.8766159268156626,False
13853,HRNet,no_n2v,1,29,47.0,210.0,4,-2,-0.964689581988317,0.30935846883556906,0.006283156076199416,0.006442113657220861,-0.0010010387946315152,0.009599988159737081,0.012725269733420277,0.0010041889993912321,12,0.7067458353851064,False
13853,HRNet,no_n2v,1,30,40.0,230.0,5,-2,-0.9047203813963876,0.5124748531786736,,,,,,,12,,True
13853,HRNet,no_n2v,1,31,83.0,230.0,4,-3,-0.212659555948278,0.5091371663974087,,,,,,,12,,True
13853,HRNet,no_n2v,1,32,76.0,11.0,-5,-1,-0.2564424133557708,-0.7184676878143961,,,,,,,12,,True
13853,HRNet,no_n2v,1,33,196.0,32.0,-7,-4,-0.12029073641951982,0.4746356361849422,,,,,,,12,,True
13853,HRNet,no_n2v,1,34,141.0,71.0,-4,-3,1.3075868393162295,-0.11579390834756964,0.006551882354835637,0.003909321784325893,-0.004008512613918062,0.005446173918613988,0.01046120413916153,0.004220658120263167,12,0.55078586694556,False
13853,HRNet,no_n2v,1,35,90.0,91.0,-2,-2,-0.32450478553992923,0.0906601627768282,0.0033005639702898253,-0.008194293358179625,-0.009335408918488716,0.0034907396726393545,-0.0048937293878898,0.010962791429461093,12,0.7728163467924931,False
13853,HRNet,no_n2v,1,36,168.0,111.0,-3,-4,0.1195860659482264,0.28710117355741716,0.007546513539211099,-0.00632962992864614,0.004922861525645316,-0.0006591021121632522,0.001216883610564959,0.008507138472237196,12,0.6604162538366644,False
13853,HRNet,no_n2v,1,37,210.0,111.0,-4,-5,-0.18835310860367827,0.2837634867761665,0.008347420736033204,-0.0016526666917030402,0.005744202284245402,-0.0061197325899890204,0.006694754044330164,0.00761552998962792,12,0.6466141956599027,False
13853,HRNet,no_n2v,1,38,247.0,130.0,-4,-6,1.5636769174363678,-0.5164578156619655,,,,,,,12,,True
13853,HRNet,no_n2v,1,39,98.0,190.0,2,-3,0.6674020428678489,0.10290439771117121,0.003710382681495475,0.0025347851190001334,-0.010752565768762882,0.0005271126362574952,0.006245167800495608,0.010768620061029526,12,0.5565400064832365,False
13853,HRNet,no_n2v,1,40,217.0,209.0,0,-6,-0.19644628019591437,-0.7039922782894905,-0.017198473380099114,-0.009613958252615705,-0.015317857061170462,0.009974997650390366,-0.02681243163271482,0.01578030298746529,12,1.069712978838103,False
13853,HRNet,no_n2v,1,41,175.0,210.0,1,-5,0.1114928943559903,0.2993454084917744,0.0033753240789544878,0.005101749175792796,-0.008169805928216717,0.002662433364774111,0.008477073254747284,0.00821528239371437,12,0.689561510931143,False
13853,HRNet,no_n2v,1,42,125.0,230.0,3,-4,-0.5205987305001685,0.5057994796161438,,,,,,,12,,True
13853,HRNet,no_n2v,1,43,168.0,230.0,2,-5,0.17146209494794107,0.5024617928348789,,,,,,,12,,True
13853,HRNet,no_n2v,1,44,203.0,11.0,-8,-4,-0.18025993701147058,-0.7284807481581907,,,,,,,12,,True
13853,HRNet,no_n2v,1,45,118.0,12.0,-6,-2,-0.5643815879076612,0.2781946254043248,,,,,,,12,,True
13853,HRNet,no_n2v,1,46,69.0,32.0,-4,-1,-0.19647321276383423,0.48464869652871556,,,,,,,12,,True
13853,HRNet,no_n2v,1,47,111.0,32.0,-5,-2,-0.5044123873157389,0.4813110097474578,,,,,,,12,,True
13853,HRNet,no_n2v,1,48,63.0,51.0,-3,-1,0.8634959878280952,-0.3122349191281657,0.004319593112217435,0.013178846594442076,0.00014312085814343657,0.0006283479375360179,0.017498439706659513,0.004431938249300533,12,0.685925776758625,False
13853,HRNet,no_n2v,1,49,104.0,51.0,-4,-2,-0.44444318672380234,-0.3155726059094235,-0.000132440506240368,-0.00587479351050064,0.007192414480612215,-0.007102687925134751,-0.006007234016741008,0.0077443192449242765,12,0.7795022561980268,False
13853,HRNet,no_n2v,1,50,147.0,51.0,-5,-3,0.2476176387243072,-0.3189102926906813,0.0005292343746875466,-0.004677521000318489,0.007869790319289215,-0.004744228184182223,-0.004148286625630942,0.008289220412883639,12,0.7487108506616447,False
13853,HRNet,no_n2v,1,51,232.0,51.0,-7,-5,0.6317392896204979,-0.32558566625319685,,,,,,,12,,True
13853,HRNet,no_n2v,1,52,189.0,52.0,-6,-4,-0.06032153582759747,0.6777520205280467,0.0019362083620243777,0.0002504160823428798,0.003740323724810432,0.0008691497431499999,0.0021866244443672577,0.0038341225161617125,12,0.6611569259398665,False
13853,HRNet,no_n2v,1,53,182.0,71.0,-5,-4,-0.00035233523564670577,-0.11913159512882032,-0.003698335229917166,-0.005860879462443963,0.0039377879178538865,0.004270589482496085,-0.009559214692361128,0.004083542956233566,12,0.6575532629293314,False
13853,HRNet,no_n2v,1,54,40.0,111.0,0,-1,-0.9565964103961022,0.2971142339011976,0.0004056138424343875,-0.008938295366452175,-0.003677115050489405,4.8523951420353494e-05,-0.008532681524017788,0.005945446570318706,12,0.9210643249103863,False
13853,HRNet,no_n2v,1,55,125.0,111.0,-2,-3,-0.5724747594998831,0.29043886033868205,0.0047703357415675674,-0.009684419961096181,0.0017580869701400944,0.002946192254427504,-0.004914084219528614,0.007438135545988586,12,0.6309786296430512,False
13853,HRNet,no_n2v,1,56,118.0,130.0,-1,-3,-0.5125055589079466,-0.5064447553181992,0.003455905811076024,-0.006171967455063849,0.0062549944475509475,-0.0025319941121878624,-0.002716061643987825,0.00789296784778108,12,0.5283311271803591,False
13853,HRNet,no_n2v,1,57,33.0,131.0,1,-1,-0.8966272098041657,0.5002306182443306,0.007703295045725534,-0.010317247540417991,0.006080384080972742,0.00363072461107781,-0.0026139524946924573,0.010869961331435352,12,0.9022442113349881,False
13853,HRNet,no_n2v,1,58,204.0,131.0,-3,-5,0.8716160919882441,0.486879871119271,0.004476767381061995,-0.006073654152352829,0.00624220529172817,0.0012254143054208073,-0.0015968867712908338,0.008172696956162327,12,0.5839043477839642,False
13853,HRNet,no_n2v,1,59,111.0,150.0,0,-3,-0.45253635831602423,-0.30332837097506626,-3.659877999564388e-05,0.006531713555225289,0.006856956393892796,-0.011371666302751321,0.006495114775229645,0.007602863455370033,12,0.49843984466836777,False
13853,HRNet,no_n2v,1,60,196.0,150.0,-2,-5,-0.06841470741980515,-0.31000374453759605,0.00812062588708744,-0.007006959125814435,0.002523390104384778,0.006419766752039578,0.001113666761273004,0.007973609891357262,12,0.6267507164775691,False
13853,HRNet,no_n2v,1,61,239.0,151.0,-3,-6,0.6236461180282902,0.6866585686811391,,,,,,,12,,True
13853,HRNet,no_n2v,1,62,189.0,170.0,-1,-5,-0.00844550682788281,-0.10688736019449152,0.0018442942720340346,0.004417808004933701,0.005403365323539237,-0.003618620153294335,0.0062621022769677355,0.005554466675836852,12,0.6189403063331095,False
13853,HRNet,no_n2v,1,63,132.0,209.0,2,-4,-0.580567931092105,-0.6973169047269607,0.0038317251808898133,0.010231596368219407,-0.008125758199513451,0.008046060707482441,0.01406332154910922,0.008733128541397003,12,0.5282324964962442,False
13853,HRNet,no_n2v,1,64,90.0,210.0,3,-3,-0.27262875654021457,0.30602078205430416,0.005493921262211735,0.006441653131583375,-0.011315752805960446,0.004821885262582586,0.011935574393795109,0.011325670421200563,12,0.7401562368757015,False
13853,HRNet,no_n2v,1,65,210.0,229.0,1,-6,-0.1364770796039636,-0.500875893946386,,,,,,,12,,True
13853,HRNet,no_n2v,1,66,161.0,130.0,-2,-4,0.17955526654014875,-0.5097824420994641,0.008882340310925076,-0.008564901840232833,0.004582338032882424,-0.00015780028950502416,0.0003174384706922436,0.00985390209601689,12,0.40310952470348077,False
13853,HRNet,no_n2v,1,67,105.0,170.0,1,-3,0.6074328422759123,-0.10021198663196174,0.0009177339515668831,0.006416947975327131,0.002460450854455728,-0.012038969578006693,0.007334681926894014,0.003689736728680282,12,0.6280417858814539,False
13853,HRNet,no_n2v,1,68,6.0,91.0,0,0,0.29137356356386057,0.09733553633934378,,,,,,,12,,True
13853,HRNet,no_n2v,1,69,6.0,209.0,5,-1,0.34324959256357523,-0.687303844383166,,,,,,,12,,True
13853,HRNet,no_n2v,1,70,250.0,229.0,0,-7,-2.4444162541558683,-0.5042135807276509,,,,,,,12,,True
11044,HRNet,no_n2v,1,0,131.0,38.0,-5,-3,0.3336943867149671,-0.3185377913821128,-0.0023925283802450287,-0.00893560206873518,0.000695319003303374,-0.0008247960022209323,-0.01132813044898021,0.003344610865199093,12,0.4713997866028728,False
11044,HRNet,no_n2v,1,1,194.0,38.0,-5,-6,0.1825397381825553,-0.3267963266967797,0.008329062352451766,-0.006773824142110662,-0.0037627651706194465,0.002778408860736908,0.0015552382103411035,0.00843698387139242,12,0.5534783462682963,False
11044,HRNet,no_n2v,1,2,15.0,56.0,-4,2,0.09516075887434639,-0.4703328911572413,,,,,,,12,,True
11044,HRNet,no_n2v,1,3,36.0,56.0,-4,1,0.04477587603020794,-0.4730857362621208,0.0007660700975144025,0.006704375414704821,0.00549551764908708,-0.008642251762540697,0.007470445512219224,0.006246325459137603,12,0.46265338415179363,False
11044,HRNet,no_n2v,1,4,89.0,111.0,-1,-3,0.37186221846970113,0.01922490741961269,-0.002393424978916623,-0.00918887600516504,-0.0004944961415559761,0.00036492371009028704,-0.011582300984081664,0.0034335208018226593,12,0.23570226140039305,False
11044,HRNet,no_n2v,1,5,110.0,111.0,-1,-4,0.32147733562555914,0.016472062314718983,-0.0023934249789165068,-0.009188876005165221,-0.00049449614155606,0.00036492371009026444,-0.011582300984081728,0.003433520801822818,12,0.23570226140039305,False
11044,HRNet,no_n2v,1,6,131.0,111.0,-1,-5,0.27109245278143135,0.013719217209825274,-0.002393424978916622,-0.009188876005165221,-0.000494496141555977,0.0003649237100902879,-0.011582300984081844,0.0034335208018227486,12,0.23570226140039474,False
11044,HRNet,no_n2v,1,7,152.0,111.0,-1,-6,0.22070756993727514,0.010966372104945776,-0.002393424978916674,-0.009188876005165006,-0.0004944961415559634,0.00036492371009032185,-0.011582300984081681,0.003433520801822615,12,0.2357022614003939,False
11044,HRNet,no_n2v,1,8,173.0,111.0,-1,-7,0.17032268709314735,0.008213527000052068,-0.0023934249789166165,-0.00918887600516513,-0.0004944961415560539,0.00036492371009020405,-0.011582300984081747,0.0034335208018227183,12,0.23570226140039138,False
11044,HRNet,no_n2v,1,9,194.0,111.0,-1,-8,0.11993780424899114,0.005460681895158359,0.0002680505566788572,-0.009188876005165061,-0.0012633604791107075,0.0011337880476450608,-0.008920825448486205,0.004894327808719609,12,0.3044264199881517,False
11044,HRNet,no_n2v,1,10,215.0,111.0,-1,-9,0.06955292140486335,0.0027078367902788614,0.009675030640033873,-0.009188876005164968,-0.0037734147885197236,0.00364384235705414,0.00048615463486890477,0.010158759897050111,12,0.27677279954175554,False
11044,HRNet,no_n2v,1,11,236.0,111.0,-1,-10,0.019168038560735567,-4.500831461484722e-05,,,,,,,12,,True
11044,HRNet,no_n2v,1,12,57.0,202.0,4,-4,-0.13081287468102687,0.18867543581689006,0.006895934622386052,0.00079317488345443,-0.004265788964929592,-0.00020542666174758195,0.007689109505840482,0.005244795000864788,12,0.4203417514173124,False
11044,HRNet,no_n2v,1,13,247.0,202.0,4,-13,0.41572317972170936,0.1638998298728893,,,,,,,12,,True
11044,HRNet,no_n2v,1,14,57.0,239.0,6,-5,-0.16211384164780895,0.8548039401128449,,,,,,,12,,True
11044,HRNet,no_n2v,1,15,99.0,20.0,-6,-1,-0.07507780553544308,-0.14747277587277097,,,,,,,12,,True
11044,HRNet,no_n2v,1,16,120.0,20.0,-6,-2,-0.12546268837957086,-0.15022562097765046,,,,,,,12,,True
11044,HRNet,no_n2v,1,17,141.0,20.0,-6,-3,-0.17584757122369865,-0.15297846608254417,,,,,,,12,,True
11044,HRNet,no_n2v,1,18,183.0,20.0,-6,-5,-0.27661733691198265,-0.15848415629231738,,,,,,,12,,True
11044,HRNet,no_n2v,1,19,205.0,20.0,-6,-6,0.6729977802438611,-0.1612370013972111,,,,,,,12,,True
11044,HRNet,no_n2v,1,20,89.0,38.0,-5,-1,0.4344641524032511,-0.3130321011723396,0.005579171479704281,0.004150979503586953,0.0064258182247989674,0.0011066277959795481,0.009730150983291233,0.006465374926353462,12,0.5876308583422928,False
11044,HRNet,no_n2v,1,21,110.0,38.0,-5,-2,0.3840792695591091,-0.3157849462772191,-0.002602350051732014,-0.006741236804793633,0.0017463629823125729,0.0003781215619122159,-0.009343586856525646,0.002707836692760275,12,0.5488967764913243,False
11044,HRNet,no_n2v,1,22,152.0,38.0,-5,-4,0.2833095038708393,-0.3212906364870065,-0.0023925283802451332,-0.008935602068735173,0.0006953190033033632,-0.0008247960022207616,-0.011328130448980307,0.003344610865199036,12,0.4713997866028664,False
11044,HRNet,no_n2v,1,23,173.0,38.0,-5,-5,0.2329246210266831,-0.324043481591886,0.0007379632276641842,-0.00876342774691232,-0.0003129646854783315,0.00023312272902300453,-0.008025464519248135,0.004760993016934336,12,0.5294354450218909,False
11044,HRNet,no_n2v,1,24,215.0,38.0,-5,-7,0.13215485533842752,-0.3295491718016734,0.01721003755929659,-0.0024767097358366743,-0.00795107760121272,0.004483465936338582,0.014733327823459916,0.012653522821179713,12,0.5678274097793055,False
11044,HRNet,no_n2v,1,25,57.0,56.0,-4,0,-0.005609006813926953,-0.4758385813670145,0.002922627534198758,0.005417320124442403,0.0066515255939048525,-0.007758269603744646,0.008339947658641161,0.006767471130808424,12,0.5153848399562339,False
11044,HRNet,no_n2v,1,26,226.0,56.0,-4,-8,0.5913119304329655,-0.49786134220612155,,,,,,,12,,True
11044,HRNet,no_n2v,1,27,236.0,74.0,-3,-9,0.05046900552750344,-0.6661735126105839,,,,,,,12,,True
11044,HRNet,no_n2v,1,28,152.0,75.0,-3,-5,0.252008536904043,0.34483786780896253,-0.0023943945133583122,0.014073166323349477,-0.0007160303843687204,0.0005803110590569316,0.011678771809991165,0.008264855684705405,12,0.3400370633801909,False
11044,HRNet,no_n2v,1,29,173.0,75.0,-3,-6,0.20162365405991522,0.34208502270408303,-0.0023943945133584736,0.014073166323349644,-0.0007160303843689577,0.0005803110590569333,0.01167877180999117,0.008264855684705589,12,0.340037063380189,False
11044,HRNet,no_n2v,1,30,194.0,75.0,-3,-7,0.15123877121578744,0.3393321775991893,0.0058998591113312016,0.013519606409905927,-0.0005109128066067592,0.0003592680124514479,0.019419465521237127,0.003843978293316574,12,0.3833998417258241,False
11044,HRNet,no_n2v,1,31,215.0,75.0,-3,-8,0.10085388837163123,0.3365793324942956,0.013445103619194447,0.013223284522503615,-0.003987932102639353,-0.003747931074018047,0.026668388141698064,0.003989474073505895,12,0.3767573056455877,False
11044,HRNet,no_n2v,1,32,15.0,93.0,-2,1,0.0638597919075714,0.19579561313872773,,,,,,,12,,True
11044,HRNet,no_n2v,1,33,36.0,93.0,-2,0,0.01347490906343296,0.19304276803384823,0.005600221582326158,0.006767374455501939,-0.0026524573377256114,-0.001612749708242761,0.012367596037828096,0.0027158960557788396,12,0.4348877266783628,False
11044,HRNet,no_n2v,1,34,57.0,93.0,-2,-1,-0.03690997378070904,0.19028992292896874,-0.00239342497891659,0.008723960408987,-0.0004927492472642166,0.0003666706043820347,0.00633053543007041,0.005580489789119994,12,0.41089045092490667,False
11044,HRNet,no_n2v,1,35,99.0,93.0,-2,-3,-0.13767973946897882,0.18478423271918132,-0.002076110297021767,-0.005054128707518328,0.00036559954476210054,0.0020339505696902018,-0.007130239004540096,0.001533235611523673,12,0.4091434218821303,False
11044,HRNet,no_n2v,1,36,120.0,93.0,-2,-4,-0.18806462231312082,0.18203138761430182,-0.002394160443124105,-0.008283336845058354,-0.0010598243414452256,0.000930640276197892,-0.010677497288182458,0.0031295091161386017,12,0.367635445397203,False
11044,HRNet,no_n2v,1,37,247.0,93.0,-2,-10,0.5096260806220414,0.16551431698495378,,,,,,,12,,True
11044,HRNet,no_n2v,1,38,4.0,111.0,-1,1,-0.42659825015374686,0.030236287839173315,,,,,,,12,,True
11044,HRNet,no_n2v,1,39,26.0,111.0,-1,0,0.5230168670021129,0.027483442734279606,,,,,,,12,,True
11044,HRNet,no_n2v,1,40,47.0,111.0,-1,-1,0.4726319841579709,0.024730597629385898,-0.002392689514709122,-0.00828333684505819,7.12204245518144e-05,-0.00020040448979911487,-0.010676026359767313,0.002946184624477986,12,0.3676354453972028,False
11044,HRNet,no_n2v,1,41,68.0,111.0,-1,-2,0.42224710131384313,0.0219777525245064,-0.002392689514709125,-0.008283336845058158,7.122042455183223e-05,-0.00020040448979913536,-0.010676026359767284,0.0029461846244779686,12,0.3676354453971993,False
11044,HRNet,no_n2v,1,42,15.0,129.0,0,0,0.03255882494079643,-0.13807588256528902,,,,,,,12,,True
11044,HRNet,no_n2v,1,43,36.0,129.0,0,-1,-0.01782605790334202,-0.14082872767016852,0.00589714443815388,-0.005650808126719914,-0.0002972419942139755,0.00016900269176268968,0.00024633631143396607,0.0057816221697087845,12,0.3895499525029033,False
11044,HRNet,no_n2v,1,44,57.0,129.0,0,-2,-0.06821094074747691,-0.14358157277507644,-0.0023926895147089434,-0.008283336845058173,7.122042455177289e-05,-0.00020040448979904426,-0.010676026359767117,0.0029461846244780653,12,0.36763544539720133,False
11044,HRNet,no_n2v,1,45,78.0,129.0,0,-3,-0.11859582359161891,-0.14633441787995594,-0.0023926895147091025,-0.00828333684505825,7.122042455168592e-05,-0.00020040448979884225,-0.010676026359767353,0.0029461846244780224,12,0.36763544539720755,False
11044,HRNet,no_n2v,1,46,99.0,129.0,0,-4,-0.1689807064357609,-0.14908726298483543,-0.0023926895147088467,-0.008283336845058187,7.122042455153087e-05,-0.000200404489799039,-0.010676026359767034,0.002946184624478115,12,0.36763544539720355,False
11044,HRNet,no_n2v,1,47,120.0,129.0,0,-5,-0.2193655892799029,-0.15184010808974335,-0.0023926895147088467,-0.008283336845058047,7.122042455175901e-05,-0.00020040448979908725,-0.010676026359766893,0.0029461846244780506,12,0.3676354453972005,False
11044,HRNet,no_n2v,1,48,141.0,129.0,0,-6,-0.2697504721240307,-0.15459295319462285,-0.0023926895147090765,-0.008283336845058045,7.122042455193721e-05,-0.00020040448979903667,-0.01067602635976712,0.002946184624477939,12,0.36763544539720655,False
11044,HRNet,no_n2v,1,49,162.0,129.0,0,-7,-0.3201353549681869,-0.15734579829950235,-0.002392689514709198,-0.008283336845058062,7.12204245517891e-05,-0.00020040448979923372,-0.01067602635976726,0.0029461846244778836,12,0.3676354453971997,False
11044,HRNet,no_n2v,1,50,183.0,129.0,0,-8,-0.3705202378123147,-0.16009864340441027,-0.002392689514709331,-0.008283336845058,7.122042455187009e-05,-0.0002004044897992089,-0.01067602635976733,0.0029461846244777878,12,0.3676354453972,False
11044,HRNet,no_n2v,1,51,204.0,129.0,0,-9,-0.4209051206564425,-0.16285148850928977,-0.0023926895147090023,-0.008283336845057939,7.122042455194036e-05,-0.00020040448979903982,-0.010676026359766942,0.002946184624477923,12,0.3676354453972031,False
11044,HRNet,no_n2v,1,52,225.0,129.0,0,-10,-0.4712900035005987,-0.16560433361416926,,,,,,,12,,True
11044,HRNet,no_n2v,1,53,247.0,129.0,0,-11,0.4783251136552735,-0.16835717871907718,,,,,,,12,,True
11044,HRNet,no_n2v,1,54,89.0,147.0,1,-4,0.34056125150291905,-0.31464658828440406,-0.002392455444474764,0.014073166323349488,-0.0002791087925894403,0.00014338946727747944,0.011680710878874723,0.008237540699041352,12,0.3400370633801924,False
11044,HRNet,no_n2v,1,55,110.0,147.0,1,-5,0.29017636865877705,-0.317399433389312,-0.0023924554444744767,0.014073166323349713,-0.00027910879258927494,0.0001433894672774199,0.011680710878875237,0.008237540699041316,12,0.34003706338019074,False
11044,HRNet,no_n2v,1,56,131.0,147.0,1,-6,0.23979148581466347,-0.3201522784941915,-0.0023924554444744728,0.014073166323349803,-0.0002791087925892017,0.00014338946727748158,0.01168071087887533,0.008237540699041356,12,0.3400370633801899,False
11044,HRNet,no_n2v,1,57,152.0,147.0,1,-7,0.18940660297050727,-0.322905123599071,-0.002392455444474825,0.014073166323349522,-0.000279108792589267,0.00014338946727733527,0.011680710878874697,0.008237540699041394,12,0.3400370633801938,False
11044,HRNet,no_n2v,1,58,173.0,147.0,1,-8,0.13902172012637948,-0.3256579687039789,-0.0023924554444747044,0.01407316632334984,-0.00027910879258926714,0.00014338946727731163,0.011680710878875136,0.008237540699041491,12,0.3400370633801889,False
11044,HRNet,no_n2v,1,59,194.0,147.0,1,-9,0.08863683728222327,-0.3284108138088584,-0.0023924554444745734,0.014073166323349508,-0.00027910879258938006,0.00014338946727760176,0.011680710878874935,0.008237540699041266,12,0.3400370633801894,False
11044,HRNet,no_n2v,1,60,215.0,147.0,1,-10,0.03825195443809548,-0.3311636589137379,0.005899837226014795,0.013519590538046043,-0.0004926088190329787,0.00037427527829699583,0.01941942776406084,0.0038415912826121755,12,0.3833998012872044,False
11044,HRNet,no_n2v,1,61,15.0,166.0,2,-1,0.001257857974021448,0.5280526217306942,,,,,,,12,,True
11044,HRNet,no_n2v,1,62,36.0,166.0,2,-2,-0.049127024870117,0.5252997766257863,0.0076820619214039865,0.013008182891334494,-0.0026350066738770814,0.0029962713679423216,0.02069024481273848,0.0037463517344157814,12,0.3948069280194294,False
11044,HRNet,no_n2v,1,63,57.0,166.0,2,-3,-0.099511907714259,0.5225469315209068,0.0013470678664357374,0.013523133935655591,-0.0015891628803427179,0.0014314127025558732,0.014870201802091329,0.006292025499849863,12,0.3833843626767815,False
11044,HRNet,no_n2v,1,64,99.0,166.0,2,-5,-0.200281673402543,0.5170412413111194,-0.0023924554444746528,0.014073166323349618,-0.00027910879258927955,0.0001433894672773743,0.011680710878874965,0.008237540699041356,12,0.34003706338019307,False
11044,HRNet,no_n2v,1,65,247.0,166.0,2,-12,0.44702414668850565,0.49777132557690607,,,,,,,12,,True
11044,HRNet,no_n2v,1,66,25.0,184.0,3,-2,-0.5395850669314335,0.3597404513262177,,,,,,,12,,True
11044,HRNet,no_n2v,1,67,47.0,184.0,3,-3,0.41003005022442807,0.3569876062213382,0.007055534329805394,0.001004253376576989,-0.004150442950896681,0.0020296175575247478,0.008059787706382384,0.005136212318661891,12,0.4142494978903983,False
11044,HRNet,no_n2v,1,68,68.0,184.0,3,-4,0.3596451673802932,0.3542347611164587,-0.002392689514709159,-0.008283336845058128,7.12204245518486e-05,-0.000200404489799239,-0.010676026359767287,0.0029461846244779374,12,0.36763544539720094,False
11044,HRNet,no_n2v,1,69,89.0,184.0,3,-5,0.3092602845361512,0.35148191601155077,-0.0023926895147090587,-0.008283336845058215,7.122042455179223e-05,-0.00020040448979917867,-0.010676026359767273,0.0029461846244780297,12,0.36763544539720194,False
11044,HRNet,no_n2v,1,70,110.0,184.0,3,-6,0.2588754016920092,0.34872907090667127,-0.002392689514708892,-0.00828333684505811,7.122042455184198e-05,-0.00020040448979894012,-0.010676026359767003,0.002946184624478062,12,0.36763544539720394,False
11044,HRNet,no_n2v,1,71,131.0,184.0,3,-7,0.20849051884786718,0.34597622580179177,-0.0023926895147089416,-0.008283336845058283,7.122042455153713e-05,-0.0002004044897989315,-0.010676026359767225,0.002946184624478115,12,0.36763544539720655,False
11044,HRNet,no_n2v,1,72,152.0,184.0,3,-8,0.1581056360037394,0.34322338069688385,-0.0023926895147090566,-0.008283336845058234,7.122042455155996e-05,-0.0002004044897989464,-0.01067602635976729,0.0029461846244780345,12,0.3676354453971997,False
11044,HRNet,no_n2v,1,73,173.0,184.0,3,-9,0.10772075315958318,0.34047053559200435,-0.0023926895147092075,-0.00828333684505814,7.122042455174196e-05,-0.0002004044897988401,-0.010676026359767348,0.002946184624477917,12,0.3676354453972075,False
11044,HRNet,no_n2v,1,74,194.0,184.0,3,-10,0.057335870315455395,0.33771769048712486,0.00014114606841945498,-0.007670345243964326,0.0010207429515770394,-0.0011142650304879684,-0.007529199175544871,0.004036925228940465,12,0.40813181281977934,False
11044,HRNet,no_n2v,1,75,215.0,184.0,3,-11,0.006950987471327608,0.33496484538221694,0.00967670688942271,0.0004584679080593026,0.0027729849794446613,-0.002898922332521333,0.010135174797482011,0.005378980217067886,12,0.4091102930214298,False
11044,HRNet,no_n2v,1,76,236.0,184.0,3,-12,-0.0434338953728286,0.33221200027733744,,,,,,,12,,True
11044,HRNet,no_n2v,1,77,36.0,202.0,4,-3,-0.08042799183689198,0.19142828092176956,0.017445385088744776,0.01065185230897283,-0.011753319950585463,0.0016155708091324132,0.028097237397717606,0.012234318606620036,12,0.4135366710917658,False
11044,HRNet,no_n2v,1,78,78.0,202.0,4,-5,-0.18119775752516887,0.18592259071198214,2.316479850408992e-06,-0.004399814820127253,-0.0020627921690581598,-0.00030061497406089406,-0.004397498340276844,0.003016587729254434,12,0.45124524323289256,False
11044,HRNet,no_n2v,1,79,99.0,202.0,4,-6,-0.23158264036931087,0.18316974560710264,-0.0023926895147090973,-0.00828333684505822,7.122042455171255e-05,-0.00020040448979881333,-0.010676026359767318,0.0029461846244780107,12,0.3676354453972075,False
11044,HRNet,no_n2v,1,80,120.0,202.0,4,-7,-0.28196752321345286,0.18041690050222314,-0.0023926895147089646,-0.008283336845058227,7.122042455165585e-05,-0.00020040448979904095,-0.010676026359767192,0.002946184624478079,12,0.3676354453972015,False
11044,HRNet,no_n2v,1,81,141.0,202.0,4,-8,-0.33235240605759486,0.17766405539731522,-0.002392689514709154,-0.008283336845058201,7.12204245516661e-05,-0.0002004044897990565,-0.010676026359767355,0.002946184624477972,12,0.36763544539719994,False
11044,HRNet,no_n2v,1,82,162.0,202.0,4,-9,-0.38273728890172265,0.17491121029243573,-0.002392689514708985,-0.008283336845058251,7.122042455175536e-05,-0.00020040448979885482,-0.010676026359767237,0.0029461846244780835,12,0.3676354453972089,False
11044,HRNet,no_n2v,1,83,183.0,202.0,4,-10,-0.43312217174587886,0.17215836518755623,-0.0026007189643129694,-0.005945068384606915,0.002006680795128606,-1.612249469340986e-05,-0.008545787348919885,0.002612075051523805,12,0.4317819425855969,False
11044,HRNet,no_n2v,1,84,204.0,202.0,4,-11,-0.48350705459000665,0.1694055200826483,0.005373406602212653,0.0024681130466127753,0.005752294901363438,-0.00011497496898598292,0.007841519648825429,0.00593288119662819,12,0.3925526461758312,False
11044,HRNet,no_n2v,1,85,89.0,220.0,5,-6,0.2779593175693691,0.017610420307534014,-0.00226297500499262,0.017528683292368275,-0.0007752044545426639,0.0008261076076347306,0.015265708287375656,0.009926146104416174,12,0.3864627570232803,False
11044,HRNet,no_n2v,1,86,110.0,220.0,5,-7,0.2275744347252271,0.014857575202654516,-0.002262975004992756,0.017528683292368404,-0.0007752044545426446,0.0008261076076345023,0.015265708287375647,0.009926146104416304,12,0.3864627570232902,False
11044,HRNet,no_n2v,1,87,131.0,220.0,5,-8,0.1771895518810993,0.012104730097746597,-0.0022629750049926963,0.01752868329236923,-0.0007752044545423898,0.0008261076076340545,0.015265708287376533,0.009926146104416667,12,0.386462757023306,False
11044,HRNet,no_n2v,1,88,152.0,220.0,5,-9,0.1268046690369431,0.009351884992867099,0.0017289102459131065,0.013300320520440867,-0.00015357709112590842,0.0006043317867243637,0.015029230766353973,0.005787743071204902,12,0.3953872511258421,False
11044,HRNet,no_n2v,1,89,173.0,220.0,5,-10,0.07641978619281531,0.006599039887987601,0.003387577171142039,0.011389008613269065,0.0018861608941941727,-0.003171301785175979,0.014776585784411104,0.004423045240504794,12,0.4203816735712695,False
11044,HRNet,no_n2v,1,90,78.0,239.0,6,-6,-0.21249872449193674,0.8520510950079654,,,,,,,12,,True
11044,HRNet,no_n2v,1,91,99.0,239.0,6,-7,-0.26288360733607874,0.8492982499030859,,,,,,,12,,True
11044,HRNet,no_n2v,1,92,120.0,239.0,6,-8,-0.31326849018022074,0.846545404798178,,,,,,,12,,True
11044,HRNet,no_n2v,1,93,78.0,19.0,-6,0,-0.024692922691301078,-1.1447199307678773,,,,,,,12,,True
11044,HRNet,no_n2v,1,94,162.0,20.0,-6,-4,-0.22623245406785486,-0.15573131118743788,,,,,,,12,,True
11044,HRNet,no_n2v,1,95,46.0,38.0,-5,1,-0.464766081908472,-0.3075264109625522,0.00023350190149933707,0.00692501996671085,0.005681789338328604,-0.007034095684499824,0.007158521868210187,0.006593696504193047,12,0.46396324206578443,False
11044,HRNet,no_n2v,1,96,67.0,38.0,-5,0,-0.5151509647526069,-0.3102792560674459,0.008027171387362347,0.007825368904102044,0.0053481396965062164,-0.0025291084569288224,0.015852540291464393,0.005349091443778851,12,0.3992990139411292,False
11044,HRNet,no_n2v,1,97,78.0,56.0,-4,-1,-0.05599388965806895,-0.4785914264719082,0.004882418258764989,0.008847535905276559,0.007883056578577475,-0.0007274688922612894,0.013729954164041547,0.008128537415102607,12,0.43233476186418907,False
11044,HRNet,no_n2v,1,98,99.0,56.0,-4,-2,-0.10637877250221095,-0.4813442715767877,0.0016920994125421216,0.011266345726118428,0.0026008561569169464,0.0012356605499057125,0.012958445138660549,0.005448027245455934,12,0.41210265220744113,False
11044,HRNet,no_n2v,1,99,120.0,56.0,-4,-3,-0.15676365534635295,-0.4840971166816814,-0.0023943945133584545,0.014073166323349609,-0.0007160303843687951,0.0005803110590569798,0.011678771809991155,0.008264855684705549,12,0.3400370633801902,False
11044,HRNet,no_n2v,1,100,141.0,56.0,-4,-4,-0.20714853819049495,-0.48684996178657514,-0.0023943945133586076,0.014073166323349564,-0.0007160303843689693,0.0005803110590569158,0.011678771809990957,0.008264855684705617,12,0.34003706338018885,False
11044,HRNet,no_n2v,1,101,162.0,56.0,-4,-5,-0.25753342103462273,-0.48960280689145463,-0.0023943945133584575,0.014073166323349758,-0.0007160303843689234,0.0005803110590569732,0.0116787718099913,0.008264855684705634,12,0.3400370633801895,False
11044,HRNet,no_n2v,1,102,183.0,56.0,-4,-6,-0.3079183038787505,-0.49235565199634834,-0.0023943945133583252,0.01407316632334932,-0.0007160303843687717,0.0005803110590569061,0.011678771809990994,0.008264855684705337,12,0.34003706338018974,False
11044,HRNet,no_n2v,1,103,204.0,56.0,-4,-7,-0.35830318672290673,-0.49510849710124205,0.007058064074227451,0.01113132236820491,-0.005921344937951145,0.0010947766738104896,0.01818938644243236,0.006261803586552655,12,0.367887202125924,False
11044,HRNet,no_n2v,1,104,4.0,74.0,-3,2,-0.39529728318697366,-0.6358922164567957,,,,,,,12,,True
11044,HRNet,no_n2v,1,105,26.0,75.0,-3,1,0.5543178339688879,0.36135493843829636,,,,,,,12,,True
11044,HRNet,no_n2v,1,106,89.0,75.0,-3,-2,0.403163185436469,0.35309640312362944,-0.00239342497891662,0.01350732841065248,0.0032718128902633342,0.004131232741909604,0.01111390343173586,0.008597281499280258,12,0.34445477033960603,False
11044,HRNet,no_n2v,1,107,110.0,75.0,-3,-3,0.352778302592327,0.35034355801874995,-0.0023943945133586397,0.014073166323349552,-0.0007160303843687512,0.000580311059056883,0.011678771809990912,0.008264855684705608,12,0.3400370633801923,False
11044,HRNet,no_n2v,1,108,131.0,75.0,-3,-4,0.3023934197481992,0.34759071291387045,-0.0023943945133584896,0.014073166323349644,-0.0007160303843687893,0.00058031105905681,0.011678771809991155,0.008264855684705582,12,0.34003706338018985,False
11044,HRNet,no_n2v,1,109,78.0,93.0,-2,-2,-0.08729485662485104,0.18753707782406082,-0.0023934249789165697,0.004563687003330263,0.0034666464618061817,0.004326066313452352,0.002170262024413693,0.00491100697154198,12,0.3652743092303633,False
11044,HRNet,no_n2v,1,110,141.0,93.0,-2,-5,-0.23844950515726282,0.1792785425093939,-0.0023941604431243755,-0.008283336845058317,-0.0010598243414452412,0.0009306402761978561,-0.010677497288182692,0.003129509116138463,12,0.3676354453972035,False
11044,HRNet,no_n2v,1,111,162.0,93.0,-2,-6,-0.2888343880013906,0.1765256974045144,-0.0023941604431240732,-0.008283336845058302,-0.001059824341445215,0.0009306402761979039,-0.010677497288182375,0.0031295091161385887,12,0.3676354453972049,False
11044,HRNet,no_n2v,1,112,183.0,93.0,-2,-7,-0.3392192708455468,0.1737728522996207,-0.0023941604431240828,-0.008283336845058173,-0.0010598243414454305,0.0009306402761980401,-0.010677497288182257,0.003129509116138597,12,0.367635445397197,False
11044,HRNet,no_n2v,1,113,204.0,93.0,-2,-8,-0.3896041536896746,0.171020007194727,0.005549113520095641,-0.004628189015180257,-0.0027410771642958037,-0.0003353039301150578,0.0009209245049153839,0.005779954648979283,12,0.43273355106609984,False
11044,HRNet,no_n2v,1,114,226.0,93.0,-2,-9,0.5600109634661976,0.1682671620898475,,,,,,,12,,True
11044,HRNet,no_n2v,1,115,26.0,147.0,1,-1,0.49171590003533794,-0.30638805296973715,,,,,,,12,,True
11044,HRNet,no_n2v,1,116,47.0,147.0,1,-2,0.44133101719120305,-0.30914089807464507,-0.002392455444474712,0.014073166323349649,-0.0002791087925893551,0.00014338946727742867,0.011680710878874937,0.008237540699041404,12,0.3400370633801892,False
11044,HRNet,no_n2v,1,117,68.0,147.0,1,-3,0.39094613434706105,-0.31189374317952456,-0.002392455444474689,0.014073166323349623,-0.0002791087925893505,0.00014338946727759333,0.011680710878874933,0.008237540699041378,12,0.340037063380192,False
11044,HRNet,no_n2v,1,118,236.0,147.0,1,-11,-0.012132928406060728,-0.3339165040186458,,,,,,,12,,True
11044,HRNet,no_n2v,1,119,78.0,166.0,2,-4,-0.149896790558401,0.5197940864160273,-0.0023924554444748024,0.014073166323349753,-0.00027910879258922285,0.00014338946727728057,0.01168071087887495,0.008237540699041496,12,0.3400370633801923,False
11044,HRNet,no_n2v,1,120,120.0,166.0,2,-6,-0.2506665562466708,0.5142883962062399,-0.0023924554444743626,0.014073166323349613,-0.0002791087925893019,0.00014338946727763467,0.01168071087887525,0.008237540699041208,12,0.3400370633801901,False
11044,HRNet,no_n2v,1,121,141.0,166.0,2,-7,-0.30105143909079857,0.5115355511013604,-0.0023924554444746914,0.014073166323349704,-0.0002791087925894057,0.00014338946727743957,0.011680710878875013,0.008237540699041423,12,0.3400370633801926,False
11044,HRNet,no_n2v,1,122,162.0,166.0,2,-8,-0.3514363219349548,0.5087827059964525,-0.0023924554444748436,0.014073166323349443,-0.0002791087925894254,0.00014338946727749893,0.011680710878874598,0.00823754069904137,12,0.3400370633801918,False
11044,HRNet,no_n2v,1,123,183.0,166.0,2,-9,-0.40182120477908256,0.506029860891573,-0.002392455444474572,0.014073166323349654,-0.0002791087925893715,0.00014338946727758523,0.011680710878875082,0.008237540699041338,12,0.3400370633801923,False
11044,HRNet,no_n2v,1,124,204.0,166.0,2,-10,-0.4522060876232388,0.5032770157866935,-0.0023924554444747065,0.014073166323349845,-0.00027910879258925727,0.00014338946727729642,0.011680710878875138,0.008237540699041496,12,0.34003706338019063,False
11044,HRNet,no_n2v,1,125,225.0,166.0,2,-11,-0.5025909704673666,0.5005241706817856,,,,,,,12,,True
11044,HRNet,no_n2v,1,126,226.0,202.0,4,-12,0.46610806256586557,0.1666526749777688,,,,,,,12,,True
11044,HRNet,no_n2v,1,127,68.0,220.0,5,-5,0.3283442004135111,0.02036326541241351,0.006348864611267976,0.013573919426115353,-0.007833597072046656,-0.0004788271383570461,0.01992278403738333,0.00862644755137161,12,0.3668507153075964,False
11044,HRNet,no_n2v,1,128,194.0,220.0,5,-11,0.02603490334868752,0.0038461947830796817,0.0033772857400570806,0.015664726944989986,0.010534205583391413,-0.0007818225395187688,0.019042012685047065,0.01219486736763978,12,0.46033072780136064,False
11044,HRNet,no_n2v,1,129,46.0,221.0,5,-4,-0.6212709167423469,1.0231161105173214,0.0076404716039369285,0.010693945146506826,-0.005445570493869747,-0.0009415141831652539,0.018334416750443755,0.005655542694781676,12,0.4163246622405169,False
11044,HRNet,no_n2v,1,130,215.0,221.0,5,-12,-0.024349979495468688,1.0010933496782002,0.013856507558580667,-0.0025580647359777276,0.00776266337625245,-0.007991827793483047,0.01129844282260294,0.011296835335452672,12,0.3626909691675613,False
11044,HRNet,no_n2v,1,131,141.0,239.0,6,-9,-0.36365337302436274,0.8437925596932985,,,,,,,12,,True
11044,HRNet,no_n2v,1,132,162.0,239.0,6,-10,-0.4140382558684905,0.841039714588419,,,,,,,12,,True
11044,HRNet,no_n2v,1,133,184.0,239.0,6,-11,0.5355768612873533,0.838286869483511,,,,,,,12,,True
11044,HRNet,no_n2v,1,134,47.0,74.0,-3,0,0.503932951124753,-0.6413979066665831,-0.002379847632561199,0.013591480957252757,-0.0019203277444734153,-0.005750738551503436,0.011211633324691559,0.008213311931075462,12,0.3499828933876031,False
11044,HRNet,no_n2v,1,135,68.0,74.0,-3,-1,0.453548068280611,-0.6441507517714626,-0.0024035045047676395,0.013589702161248714,0.00561346609150019,0.00178773904543258,0.011186197656481075,0.009770192752750578,12,0.3500094716761078,False
11044,HRNet,no_n2v,1,136,4.0,147.0,1,0,-0.45789921712052184,-0.30363520786485765,,,,,,,12,,True
11044,HRNet,no_n2v,1,137,194.0,3.0,-7,-5,0.21384070514932318,1.0070751690072512,,,,,,,12,,True
11044,HRNet,no_n2v,1,138,109.0,3.0,-7,-1,-0.584619763474123,1.0180865494267977,,,,,,,12,,True
11044,HRNet,no_n2v,1,139,130.0,3.0,-7,-2,-0.635004646318265,1.0153337043219182,,,,,,,12,,True
11044,HRNet,no_n2v,1,140,151.0,3.0,-7,-3,-0.6853895291623928,1.0125808592170245,,,,,,,12,,True
11044,HRNet,no_n2v,1,141,172.0,3.0,-7,-4,-0.735774412006549,1.0098280141121307,,,,,,,12,,True
11950,HRNet,no_n2v,1,0,131.0,31.0,2,-4,-0.20503251542689327,0.32065029041358173,-0.0016107839118764638,-0.015440961808833325,0.005612732121490823,0.006950128380134674,-0.017051745720709787,0.008906245956236746,12,0.38850047677059807,False
11950,HRNet,no_n2v,1,1,187.0,63.0,6,-4,0.41076097935416556,0.48787475104452227,0.0017166633082840693,-0.006926691218999262,-0.003305194222513376,0.00488204092822401,-0.005210027910715192,0.005440698780452113,12,0.6345632018495836,False
11950,HRNet,no_n2v,1,2,107.0,72.0,2,-1,-0.2038170538515942,-0.1895808959794465,-0.0028764576807447273,0.01016607122167438,-0.005759529085776462,0.002935803468779046,0.007289613540929654,0.008700520980522632,12,0.36025141498449964,False
11950,HRNet,no_n2v,1,3,135.0,88.0,4,-1,0.10407969353894941,-0.10596866566397978,0.005672318542155485,0.0101660712216744,0.00136950396518745,-0.004193229582184799,0.015838389763829886,0.0026313483989838754,12,0.2674083470062179,False
11950,HRNet,no_n2v,1,4,56.0,98.0,0,2,0.48950166033318965,0.21657568731204435,0.0007307103274900402,-0.0009490188220313488,0.0041632715953129375,0.009591139277911075,-0.00021830849454130869,0.004247140553393246,12,0.6435652162163331,False
11950,HRNet,no_n2v,1,5,31.0,140.0,0,5,-0.5092828780914971,0.7063445009190161,-0.013707325635058354,0.021992375760839657,0.007166606939477212,-0.004408930560278182,0.008285050125781302,0.019234797242602623,12,0.9147067007693178,False
11950,HRNet,no_n2v,1,6,202.0,164.0,10,1,0.028580243427455798,0.4713805676870777,0.012745274062584012,-0.004447199166021789,-0.005458373223768912,-0.0012711617047259445,0.008298074896562223,0.010182785580529487,12,0.47061605141536467,False
11950,HRNet,no_n2v,1,7,87.0,171.0,4,5,0.10651061668957595,-0.12643103845005044,0.002994731188662745,0.0096717058545979,-0.0009561651672223623,-0.0027247067326261914,0.012666437043260646,0.0034727150040558086,12,0.4579838278851095,False
11950,HRNet,no_n2v,1,8,200.0,200.0,11,3,0.18333892483960312,0.8396992252494329,0.01909948955071798,0.027191648301897353,0.012235212032296189,0.0023314288412126134,0.046291137852615336,0.012886860431804857,12,0.8284010622632846,False
11950,HRNet,no_n2v,1,9,153.0,25.0,3,-5,-0.051489295590073425,0.19920013436899353,-0.0004515844781977872,0.004515605346160058,-0.002488189418751984,-0.008456154203656361,0.00406402086796227,0.0035155839161354644,12,0.5866606638535744,False
11950,HRNet,no_n2v,1,10,145.0,39.0,3,-4,-0.05108414173162146,0.3624564055713222,0.005631808892430747,-0.012369687158216326,0.004554666838497457,0.0011045753700888704,-0.006737878265785579,0.010087539592243193,12,0.45910249162609224,False
11950,HRNet,no_n2v,1,11,159.0,47.0,4,-4,0.10286423196362193,0.40426252072904845,-0.0019427583596188834,-0.005254753297987213,0.005856187189951423,-0.0005600845611401701,-0.0071975116576060965,0.00608582418590083,12,0.5120507647106759,False
11950,HRNet,no_n2v,1,12,102.0,50.0,1,-2,0.6418294185947104,-0.3946432823395085,-0.012739697894093193,0.0043357117041426295,-0.0059393276788738715,0.0019890408226032746,-0.008403986189950564,0.010400385402181897,12,0.5667483549061298,False
11950,HRNet,no_n2v,1,13,173.0,55.0,5,-4,0.25681260565892217,0.4460686358867889,-0.0011948973602202945,-0.002751925428311804,0.002096361628608164,0.0017473976490337596,-0.003946822788532098,0.00223625047324911,12,0.6091723355429757,False
11950,HRNet,no_n2v,1,14,129.0,66.0,3,-2,-0.050273834014774366,-0.3110310520240347,0.007028413165608144,0.009666869047091553,0.0007796766046346277,-0.0033155835461122826,0.016695282212699697,0.0015324026779695275,12,0.4806982603237135,False
11950,HRNet,no_n2v,1,15,71.0,70.0,0,0,-0.5113086473836859,-0.10993685509259876,-0.0011854219797913432,0.00874775928774017,0.0049524757323654925,0.0006317407049886243,0.007562337307948826,0.007013846191860701,12,0.5404984182446998,False
11950,HRNet,no_n2v,1,16,64.0,84.0,0,1,0.4890965064747519,0.0533194161097299,-0.009803030288789082,0.013186358456726206,0.011861022568079051,-0.002792330592749131,0.003383328167937124,0.016517017136383517,12,0.5539892637652899,False
11950,HRNet,no_n2v,1,17,99.0,86.0,2,0,-0.20341189999314224,-0.026324624777132044,0.007607740430064635,0.010166071221674166,-0.0003389825806811538,-0.0024847430363162636,0.017773811651738802,0.0013233190468778181,12,0.2671874882071475,False
11950,HRNet,no_n2v,1,18,42.0,90.0,-1,2,0.33555328663791784,0.1747695721543039,0.006507558472444484,0.016945487316681343,0.016386794140339674,0.008065518965509066,0.023453045789125826,0.017197808344007345,12,0.7354157879309745,False
11950,HRNet,no_n2v,1,19,171.0,90.0,6,-2,0.41157128707104107,-0.18561270655084172,-0.0035449608192118774,0.00829107870633358,0.005210524707008934,-0.006954056586847802,0.004746117887121704,0.007884955652057856,12,0.5393837065145444,False
11950,HRNet,no_n2v,1,20,113.0,94.0,3,0,-0.04946352629788464,0.01548149038060842,0.00833259370058425,0.009887592666800579,0.0010919066846485446,-0.0037552799627427053,0.01822018636738483,0.0013404348750363218,12,0.28501138325428504,False
11950,HRNet,no_n2v,1,21,149.0,96.0,5,-1,0.2580280672342212,-0.06416255050623931,0.0025150162685380357,0.010166071221674492,0.0025146796924296454,-0.005338405309427101,0.012681087490212527,0.0045780207982813416,12,0.4579991216398125,False
11950,HRNet,no_n2v,1,22,127.0,102.0,4,0,0.10448484739738717,0.057287605538334674,0.007841050243553038,0.009161759693645858,-0.00014184615837135222,-0.0022591220791614336,0.017002809937198896,0.0006754174231805327,12,0.38488003005956056,False
11950,HRNet,no_n2v,1,23,70.0,106.0,1,2,0.6434500340284615,0.2583818024697848,-0.006541138575765654,-0.0030494634133289046,-0.002054137214432151,0.008776549295755401,-0.009590601989094559,0.002695816862420276,12,0.523770030332022,False
11950,HRNet,no_n2v,1,24,141.0,110.0,5,0,0.2584332210926732,0.09909372069607514,0.0065263045323394765,0.00727388933296976,-0.007232456624301761,0.0060749332653622715,0.013800193865309236,0.007242109470378073,12,0.5528854618541118,False
11950,HRNet,no_n2v,1,25,155.0,118.0,6,0,0.4123815947879166,0.1408998358538156,-0.000583521298459617,0.0092941458558255,-0.012631921994323758,0.010366889519353597,0.008710624557365883,0.013563094424702316,12,0.5010142992676476,False
11950,HRNet,no_n2v,1,26,190.0,120.0,8,-1,-0.28012681167996334,0.06125579496695366,0.010271416929650614,0.008760647618719546,-0.004415308347274204,0.006819019552795701,0.01903206454837016,0.004479459094491437,12,0.43682324305907116,False
11950,HRNet,no_n2v,1,27,204.0,128.0,9,-1,-0.12617843798469153,0.10306191012469412,0.012826730869399682,-0.010051671643327932,-0.0006006892786607214,0.002353015029499739,0.0027750592260717497,0.011454961937653624,12,0.4711144256810043,False
11950,HRNet,no_n2v,1,28,182.0,134.0,8,0,-0.2797216578215398,0.2245120661692681,0.007455353873609143,0.00881921507813261,0.0005616550782398327,-0.0038067431695330426,0.01627456895174175,0.000883451058754045,12,0.47964610457600765,False
11950,HRNet,no_n2v,1,29,218.0,136.0,10,-1,0.027769935710551863,0.14486802528242038,0.003864097530006009,-0.016927228759596884,-0.005102053492631867,-0.005543259629022908,-0.013063131229590876,0.011580188343108247,12,0.6707761823229733,False
11950,HRNet,no_n2v,1,30,196.0,142.0,9,0,-0.12577328412626798,0.26631818132699436,0.009599959437514757,-0.0030981226620034183,-0.0046834733004492216,-0.00733077562227997,0.006501836775511339,0.007889565539847343,12,0.5123837288247218,False
11950,HRNet,no_n2v,1,31,174.0,148.0,8,1,-0.27931650396311625,0.38776833737159677,0.003728169659830981,-0.012912256194609735,0.007721002707257701,0.0016410378911289993,-0.009184086534778754,0.011350763232477608,12,0.3803803662902045,False
11950,HRNet,no_n2v,1,32,81.0,149.0,3,4,-0.047842910864133614,-0.33149342481010535,0.0033803555193859876,0.001108389746888214,-0.004304443404127993,-0.010483065067113497,0.004488745266274201,0.0044518187448717335,12,0.4101561670167653,False
11950,HRNet,no_n2v,1,33,131.0,159.0,6,3,0.41359705636324406,-0.36933135053922683,-0.007555726048121419,0.00857084967975522,-0.0054851978576268565,0.0035804883459542537,0.0010151236316338005,0.009752128317144379,12,0.47186330018561107,False
11950,HRNet,no_n2v,1,34,166.0,161.0,8,2,-0.2789113501046643,-0.44897539142607457,-0.008199231480015091,-0.013067835589628292,0.002917876358465178,0.007607159076108209,-0.021267067069643382,0.0037999774916867134,12,0.42380559779026544,False
11950,HRNet,no_n2v,1,35,38.0,162.0,1,6,0.6450706494622125,0.911406887279071,0.004223892222816373,-0.009058538871721188,-0.009964326178914996,-0.010546110451718618,-0.004834646648904815,0.011974704177769708,12,0.8952441541005361,False
11950,HRNet,no_n2v,1,36,73.0,163.0,3,5,-0.04743775700569586,-0.1682371536077767,0.0032834290915610773,0.00816839769786508,-0.002175690122898427,-0.004108342827411593,0.011451826789426158,0.003270987172402499,12,0.4519684245447689,False
11950,HRNet,no_n2v,1,37,109.0,165.0,5,4,0.26005383652641,-0.24788119449465285,0.009319542354322993,0.010166071221674294,-0.0032813745247007088,0.0004576489077034269,0.019485613575997287,0.003308560344344587,12,0.35079282880514967,False
11950,HRNet,no_n2v,1,38,51.0,169.0,2,6,-0.2009809768425228,-0.046786997563202704,0.002116925712374721,-0.0077987382750353,-0.011630659108105752,-0.00257844298515737,-0.005681812562660579,0.012643272098897828,12,0.6630033071385799,False
11950,HRNet,no_n2v,1,39,123.0,173.0,6,4,0.4140022102216676,-0.20607507933689817,-0.010055928992740043,0.010166071221674273,-0.006495821598721483,0.003672095981724219,0.00011014222893422979,0.01201782099260759,12,0.3903193378568513,False
11950,HRNet,no_n2v,1,40,158.0,175.0,8,3,-0.2785061962462123,-0.2857191202237459,0.004608467669579171,0.00866661622450068,-0.0022466214537085203,9.226318813151772e-05,0.013275083894079852,0.0030272843242279486,12,0.41734232416858286,False
11950,HRNet,no_n2v,1,41,65.0,177.0,3,6,-0.0470326031472581,-0.004980882405448028,0.004509103939367568,0.0033464968229833534,-0.004309801564756795,-0.002337413813457193,0.007855600762350921,0.0043488278138306335,12,0.4726711653053985,False
11950,HRNet,no_n2v,1,42,43.0,183.0,2,7,-0.20057582298408505,0.11646927363912596,0.006939059653517489,-0.009129318393770418,-0.008805496833842932,0.0027609410347593315,-0.002190258740252929,0.01191993992260275,12,0.6616291247919539,False
11950,HRNet,no_n2v,1,43,172.0,183.0,9,3,-0.12455782255096892,-0.24391300506601965,-0.002141630275125868,0.008805940645424056,-8.88620306753815e-05,0.0010677801580667675,0.006664310370298188,0.005474506710710412,12,0.4977836114450522,False
11950,HRNet,no_n2v,1,44,79.0,185.0,4,6,0.10691577054801371,0.036825232752278225,0.005647304609484772,0.010166071221674134,0.001535182900113768,-0.004358908517111239,0.015813375831158907,0.0027315928431340293,12,0.26749854958663055,False
11950,HRNet,no_n2v,1,45,115.0,187.0,6,5,0.41440736408010537,-0.04281880813459793,-0.006504448254674734,0.010166071221674271,0.0002523532836703256,-0.0030760789006676155,0.0036616229669995375,0.00833907891092368,12,0.40455909577258015,False
11950,HRNet,no_n2v,1,46,93.0,193.0,5,6,0.2608641442432855,0.07863134791000448,0.005141915026402121,0.010166071221674367,0.0033881242974138663,-0.0062118499144116915,0.015307986248076489,0.0042178101691931705,12,0.2680343435458539,False
11950,HRNet,no_n2v,1,47,107.0,201.0,6,6,0.4148125179385431,0.12043746306773073,-0.0029510029719921763,0.010166071221674334,0.0014319586424630737,-0.004255684259460735,0.007215068249682158,0.006713040622867008,12,0.43632914326711103,False
11950,HRNet,no_n2v,1,48,85.0,207.0,5,7,0.2612692981017233,0.24188761911233314,0.006732544905079085,0.01016607122167411,0.0012390308418687129,-0.004062756458866109,0.016898616126753196,0.002117185199454583,12,0.3905403619750513,False
11950,HRNet,no_n2v,1,49,156.0,211.0,9,5,-0.12374751483406499,0.08259953733860925,-0.003077333226930051,-0.008816437850623367,0.0016844163918050981,-0.008085873669460328,-0.011893771077553418,0.003327399743253913,12,0.6877070578243696,False
11950,HRNet,no_n2v,1,50,192.0,214.0,11,4,0.18374407869802667,1.0029554964517615,,,,,,,12,,True
11950,HRNet,no_n2v,1,51,99.0,215.0,6,7,0.4152176717969809,0.2836937342700594,0.0013335043517267108,0.010166071221674343,-0.006476358238585511,0.003652632621587785,0.011499575573401054,0.00783879936039433,12,0.5128231026628315,False
11950,HRNet,no_n2v,1,52,134.0,217.0,8,6,-0.27729073467091325,0.20404969338321166,-0.013245020487773075,-0.005753478878377447,0.004350183455481891,-0.016916277146751972,-0.01899849936615052,0.005740635419330761,12,0.6952702461897978,False
11950,HRNet,no_n2v,1,53,139.0,17.0,2,-5,-0.20543766928534524,0.15739401921126017,,,,,,,12,,True
11950,HRNet,no_n2v,1,54,118.0,23.0,1,-4,0.6410191108778349,0.27884417525584837,,,,,,,12,,True
11950,HRNet,no_n2v,1,55,75.0,35.0,-1,-2,1.3339326712041668,0.5217444873450248,0.025460428118498954,0.008357001750262922,-0.004855397387466124,0.004216874082835886,0.03381742986876188,0.009833955571062477,12,0.5825001328988991,False
11950,HRNet,no_n2v,1,56,109.0,36.0,1,-3,-0.3585757352637273,-0.5578995535418301,-0.017113212904820783,-0.013067835589628346,0.002918861873236522,0.007606173561337029,-0.03018104849444913,0.0035512003661582114,12,0.40546122561594455,False
11950,HRNet,no_n2v,1,57,180.0,41.0,5,-5,-0.7435925481995298,0.28281236468446735,0.007764611529961386,0.029683215379788,-0.007266793265158159,-0.006258112617129749,0.037447826909749383,0.013149622923869585,12,0.7231751876313387,False
11950,HRNet,no_n2v,1,58,88.0,42.0,0,-2,0.4878810448994386,-0.4364493974972419,0.0039982412541380375,0.0013973644998774113,-0.012137041212071277,0.0024674119703860676,0.0053956057540154485,0.012206510941142433,12,0.629822229565191,False
11950,HRNet,no_n2v,1,59,123.0,44.0,2,-3,-0.20462736156846972,-0.5160934383840967,-0.006137794081045934,-0.013067835589628273,0.0034942271954501196,0.007030808239123527,-0.019205629670674206,0.004920974753145128,12,0.41817935490490615,False
11950,HRNet,no_n2v,1,60,137.0,52.0,3,-3,-0.05067898787319791,-0.47428732322636336,0.008332593700584322,-0.013640010500201142,0.00785092763355619,0.0030037409861652024,-0.0053074167996168195,0.01350318105293823,12,0.2849971443368694,False
11950,HRNet,no_n2v,1,61,79.0,56.0,0,-1,-0.5117138012421236,-0.2731931262949203,0.015269602967922936,0.003457017808364295,-0.010836418458395855,0.005615293211269827,0.018726620776287232,0.012341485204116183,12,0.60102131953073,False
11950,HRNet,no_n2v,1,62,115.0,58.0,2,-2,-0.20422220771001776,-0.35283716718177516,-0.01257988519638742,0.007481050282876355,-0.0007792167078546168,-0.0004976532398538755,-0.0050988349135110645,0.01006068893036634,12,0.3949527340632467,False
11950,HRNet,no_n2v,1,63,151.0,60.0,4,-3,0.1032693858220739,-0.4324812080686229,0.002588755017276185,-0.012071967798145249,0.0022098721268104197,0.007982459365506504,-0.009483212780869063,0.007656221860977401,12,0.5208733995379594,False
11950,HRNet,no_n2v,1,64,58.0,62.0,-1,0,0.3347429789210423,-0.15174297025033212,0.011178691002634505,0.007588659258201331,0.014420606352330684,0.0025445247661011897,0.018767350260835834,0.01453189490570275,12,0.8601104393701126,False
11950,HRNet,no_n2v,1,65,94.0,64.0,1,-1,0.6422345724531482,-0.23138701113718696,0.011246934132334924,0.010166071221674436,-0.007654947975130579,0.004831222358133129,0.021413005354009362,0.007674001215784769,12,0.3602933777968518,False
11950,HRNet,no_n2v,1,66,223.0,65.0,8,-5,0.7182525728862572,0.40823071015766743,0.027279527998824195,-0.015951434457730937,6.729759455082612e-06,0.029531219979605706,0.011328093541093258,0.0216154822758985,12,0.7942199495873511,False
11950,HRNet,no_n2v,1,67,165.0,68.0,5,-3,0.2572177595173457,-0.39067509291089664,-0.0008291643353066548,-0.013347131941720852,0.001109500924860815,0.009576438709528682,-0.014176296277027507,0.006356561220587418,12,0.5311894949123795,False
11950,HRNet,no_n2v,1,68,200.0,71.0,7,-4,-0.43529064695056263,0.5296808662022556,0.010960863344408317,-0.010448207232040943,-0.0034488914380663986,0.007668681018100466,0.0005126561123673743,0.01124641844715081,12,0.6670542060008248,False
11950,HRNet,no_n2v,1,69,143.0,74.0,4,-2,0.10367453968052587,-0.26922493686630844,0.002776606340014452,0.008365584392859228,0.00011416251159971074,-0.0018100686606872507,0.01114219073287368,0.0027968199795213675,12,0.3774415217110083,False
11950,HRNet,no_n2v,1,70,49.0,75.0,-1,1,-0.6648518672205199,-0.9884866990480106,-0.014388809020398982,0.0076540210717965735,0.004841633396604877,-0.00352804853990444,-0.006734787948602408,0.012037981706476804,12,0.5635432904020321,False
11950,HRNet,no_n2v,1,71,178.0,76.0,6,-3,-0.5888338667874109,-0.3488689777531562,-0.0014444903205001853,-0.010949534724083089,0.004950078908425627,0.004406561362909193,-0.012394025044583274,0.006862197059117504,12,0.6080144959080183,False
11950,HRNet,no_n2v,1,72,85.0,78.0,1,0,-0.35736027368841405,-0.0681307399348583,0.0011418561219312404,0.010166071221674313,-0.003360802631338731,0.0005370770143412501,0.011307927343605553,0.005626198438414793,12,0.4558627333196473,False
11950,HRNet,no_n2v,1,73,121.0,80.0,3,-1,-0.0498686801563224,-0.14777478082172024,0.008053035405074436,0.010166071221674332,0.0009310569983203437,-0.0037547826153178252,0.01821910662674877,0.0014082248487652055,12,0.28499674461823427,False
11950,HRNet,no_n2v,1,74,156.0,82.0,5,-2,-0.7423770866242307,-0.22741882170856798,0.005752208621240692,0.009298143421556342,0.0018062544892268346,-0.00397515268160415,0.015050352042797033,0.002531001517556734,12,0.3849973789255149,False
11950,HRNet,no_n2v,1,75,192.0,84.0,7,-3,-0.43488549309211066,-0.3070628625954157,0.0006089617434591845,-0.0085984102872616,0.006148008001339637,1.5408036044402013e-05,-0.007989448543802416,0.007680620242699221,12,0.6086247507632891,False
11950,HRNet,no_n2v,1,76,228.0,87.0,9,-4,-0.127393899560019,0.6132930965177223,0.005145351338319007,-0.004232247119229928,-0.005597837346910851,0.0190978181435528,0.000913104219089079,0.007302097039222771,12,0.8783071260204706,False
11950,HRNet,no_n2v,1,77,77.0,92.0,1,1,-0.3569551198299763,0.09512553126745615,-0.015639207367146017,0.009015007742979931,0.0047807437780944834,-0.004304765990403945,-0.006624199624166086,0.013221690200041741,12,0.6625425444460212,False
11950,HRNet,no_n2v,1,78,207.0,92.0,8,-3,0.7190628806031611,-0.26525674743768946,0.00029938917374677137,0.01143009812729465,0.01507718815862569,0.005238053906178156,0.011729487301041421,0.016071551674395054,12,0.6461212345126113,False
11950,HRNet,no_n2v,1,79,185.0,98.0,7,-2,0.5655196607663129,-0.14380659139310126,0.0012595327713894014,0.00815691661530756,0.0007955051269116495,0.0001586630143929555,0.009416449386696961,0.003539251951970717,12,0.6273504904844879,False
11950,HRNet,no_n2v,1,80,91.0,100.0,2,1,-0.2030067461347187,0.1369316464251824,-0.002535207088158517,0.004423337547365719,0.00020805129244389669,-0.00446326555895421,0.0018881304592072018,0.0034854872258313265,12,0.3918915115470829,False
11950,HRNet,no_n2v,1,81,220.0,101.0,9,-3,-0.12698874570159546,0.7765493677200368,-0.018647373240635232,0.01226344348359138,0.004862218951270375,0.006291297159297769,-0.006383929757043853,0.016202185678783423,12,0.8683687697957778,False
11950,HRNet,no_n2v,1,82,34.0,103.0,-1,3,0.3359584404963556,-0.6619741566433675,-0.01349627505869677,0.0022317945717126664,-0.01844855942783387,0.0021406114400444615,-0.011264480486984103,0.020054734815924888,12,0.8556586018234028,False
11950,HRNet,no_n2v,1,83,163.0,104.0,6,-1,0.41197644092949304,-0.02235643534851306,-0.004300992569463167,0.010166071221674438,-0.0026321444689219953,-0.0001915811480757111,0.005865078652211271,0.007697542996923618,12,0.4560963175971988,False
11950,HRNet,no_n2v,1,84,198.0,106.0,8,-2,-0.2805319655384153,-0.10200047623536079,0.009454010996577007,0.012971338083322277,0.004059485189648304,0.010174101058396449,0.022425349079899286,0.004424061195752373,12,0.5894974698448338,False
11950,HRNet,no_n2v,1,85,105.0,108.0,3,1,-0.049058372439446885,0.17873776158292287,0.006173484402655649,-0.011370593483380213,0.002432368322972576,-0.0011693248927785614,-0.005197109080724563,0.009103026028548065,12,0.4003783560718793,False
11950,HRNet,no_n2v,1,86,47.0,111.0,0,3,-0.5100931858083726,-0.6201680414856412,0.0015787177162783369,0.009766989691359612,-0.012541917076548371,0.01012879308794943,0.01134570740763795,0.0131932419609242,12,0.5018451495798777,False
11950,HRNet,no_n2v,1,87,176.0,112.0,7,-1,-0.4340751853752636,0.019449679809213194,-0.00884080191206027,0.010166071221674344,-0.010935114386944398,0.008111388769946914,0.0013252693096140744,0.014487651059989988,12,0.3403932535387398,False
11950,HRNet,no_n2v,1,88,83.0,114.0,2,2,-0.20260159227626673,0.30018791762751107,-0.004673839865296506,-0.011470241525408167,-0.005021093374398551,-0.0026807719900218256,-0.016144081390704675,0.006062932257235039,12,0.43034198105951865,False
11950,HRNet,no_n2v,1,89,213.0,115.0,9,-2,0.8734164081568565,0.9398056389223655,-0.003183090957260563,-0.006554250192704044,0.004476964139768232,0.006449182313859745,-0.009737341149964607,0.004783762803113222,12,0.6267427109602719,False
11950,HRNet,no_n2v,1,90,119.0,116.0,4,1,0.10489000125582493,0.22054387674066334,-0.0035944159313563108,-0.013293996529889709,0.004050003050941762,0.006082973962012427,-0.01688841246124602,0.006318464264320798,12,0.40604461273496656,False
11950,HRNet,no_n2v,1,91,61.0,119.0,1,3,-0.3561448121131008,-0.5783619263279007,0.007218598668499639,0.002943683007251703,-0.004302539512294764,0.010206529556817744,0.010162281675751342,0.00480422441529883,12,0.5794602032449636,False
11950,HRNet,no_n2v,1,92,97.0,121.0,3,2,-0.04865321858100913,-0.6580059672147485,0.006209030156967593,-0.018419446098175682,-0.003667103701045177,-0.007289301670103939,-0.01221041594120809,0.012848661806459,12,0.35770790769538424,False
11950,HRNet,no_n2v,1,93,226.0,122.0,10,-2,0.027364781852128317,-0.018388245919894075,-0.021560573828870763,-0.020811274593853686,-0.0006520164800162907,-0.00903773975006996,-0.04237184842272445,0.0007519892460082978,12,0.847005919813958,False
11950,HRNet,no_n2v,1,94,39.0,126.0,0,4,-0.5096880319499348,0.5430882297166875,-0.009667719506242135,0.020134487084092264,-0.007197472616869184,0.00040784075036724493,0.010466767577850129,0.01654830781330298,12,0.879687727846744,False
11950,HRNet,no_n2v,1,95,75.0,128.0,2,3,-0.20219643841784318,0.46344418882983973,0.004846193959070603,-0.006480193631337569,-0.004358057546955486,-0.002982245943488546,-0.0016339996722669657,0.007145937975144601,12,0.6248637438022828,False
11950,HRNet,no_n2v,1,96,240.0,129.0,11,-2,0.18131315554740013,-0.9765821307621536,,,,,,,12,,True
11950,HRNet,no_n2v,1,97,146.0,132.0,6,1,-0.5872132513536599,0.30415610705614426,-0.008313629881000565,-0.01295710841154065,0.008054740680626124,0.004600825293690389,-0.021270738292541218,0.008382679801115516,12,0.49926311545168417,False
11950,HRNet,no_n2v,1,98,53.0,134.0,1,4,-0.355739658254663,0.5848943448744137,0.005760134810684475,0.012379049768249483,-0.000643688663863236,-0.013215542327876494,0.01813918457893396,0.0033714750332540628,12,0.6955548539193644,False
11950,HRNet,no_n2v,1,99,89.0,135.0,3,3,-0.04824806472257137,-0.494749696012434,0.00833259370058426,-0.007860884070458658,-0.003989471575259156,-0.008836658222650241,0.0004717096301256017,0.009026243073954747,12,0.36761817453902496,False
11950,HRNet,no_n2v,1,100,125.0,137.0,5,2,0.2592435288095345,-0.5743937368992817,-0.005405975040491724,-0.01362003518391708,0.013468842660236268,-0.0027461139368484423,-0.019026010224408803,0.014081101470274002,12,0.4604578083412506,False
11950,HRNet,no_n2v,1,101,67.0,141.0,2,4,-0.20179128455939122,-0.3732995399678316,0.0049254608592708285,-0.004633742387946354,-0.0006776876293865313,-0.011476497316211438,0.00029171847132447495,0.004827406364024622,12,0.4900463803310685,False
11950,HRNet,no_n2v,1,102,103.0,143.0,4,3,0.10570030897270044,-0.45294358085470776,0.008332593700584465,0.008974186805229718,0.0008505329693489676,-0.003996653678042231,0.017306780505814183,0.0009090196697165886,12,0.39246434357067983,False
11950,HRNet,no_n2v,1,103,45.0,147.0,1,5,-0.35533450439622527,-0.2518493839232576,0.0013629087558859822,0.006072641194017966,-0.0022363027333120837,-0.023678239513939187,0.0074355499499039485,0.0032475290336988916,12,0.963526007294961,False
11950,HRNet,no_n2v,1,104,210.0,149.0,10,0,0.02817508956900383,-0.691875703515251,0.00897600126635514,0.004626768827455098,-0.0028393613020367653,-0.0064266962141437695,0.013602770093810237,0.003576440731425451,12,0.44282115678835265,False
11950,HRNet,no_n2v,1,105,153.0,153.0,7,2,0.5671402762000639,-0.4907815065838008,-0.012972339112159462,-0.013853276122363587,0.00567500282888154,0.005247537823001589,-0.02682561523452305,0.005692070766584014,12,0.4150139287640497,False
11950,HRNet,no_n2v,1,106,188.0,156.0,9,1,-0.125368130267816,0.429574452529323,0.006192485508102618,-0.011374290528237926,0.001756157549199441,0.0033905775794824985,-0.005181805020135308,0.008957231403472128,12,0.4634454678068606,False
11950,HRNet,no_n2v,1,107,95.0,157.0,4,4,0.1061054628311382,-0.2896873096523791,0.00760774043006486,0.010166071221674535,-0.00033898258068130755,-0.0024847430363164206,0.017773811651739396,0.0013233190468779274,12,0.26718748820714505,False
11950,HRNet,no_n2v,1,108,224.0,157.0,11,0,0.18212346326427564,-0.6500695883575247,0.009427074200023498,0.009338672907977054,0.0028410734177320793,-0.0013155196317765731,0.018765747108000552,0.0028414172277320886,12,0.5571687161068916,False
11950,HRNet,no_n2v,1,109,144.0,167.0,7,3,-0.43245456994151255,-0.3275252353815006,-0.008448911536914714,0.008798794401697162,-0.010881386699136443,0.008845356950691954,0.00034988286478244805,0.013884358700795307,12,0.44085311776323005,False
11950,HRNet,no_n2v,1,110,180.0,169.0,9,2,-0.12496297640939247,-0.4071692762683483,-0.0036856486793624284,-0.012950431607868362,0.004321480308784336,0.006407079305196094,-0.01663608028723079,0.006335159251139194,12,0.44979505909105855,False
11950,HRNet,no_n2v,1,111,216.0,172.0,11,1,0.1825286171226992,0.513186682844804,0.01659497846109962,-0.001864189248316541,-0.006478471402165725,-0.009197867172919975,0.014730789212783079,0.011276338494376939,12,0.5786002150944207,False
11950,HRNet,no_n2v,1,112,29.0,175.0,1,7,-0.35452419667934976,0.07466315848137128,,,,,,,12,,True
11950,HRNet,no_n2v,1,113,193.0,177.0,10,2,-0.9710146027141207,-0.36536316111062206,0.010431730315746885,-0.0018255976602512519,0.007037418769349815,0.005883174424056156,0.008606132655495634,0.009331976490165077,12,0.5270914877792595,False
11950,HRNet,no_n2v,1,114,100.0,179.0,5,5,-0.7395410096151522,-0.08462492329232418,0.008053035405074155,0.010166071221674415,0.0009310569983200763,-0.003754782615317859,0.01821910662674857,0.0014082248487651656,12,0.2849967446182259,False
11950,HRNet,no_n2v,1,115,136.0,181.0,7,4,-0.4320494160830606,-0.16426896417917192,-0.014873141440540541,0.01016607122167427,-0.005699668616055509,0.0028759429990582496,-0.004707070218866271,0.013755971976518153,12,0.3440204456095652,False
11950,HRNet,no_n2v,1,116,150.0,189.0,8,4,-0.27810104238778877,-0.12246284902144566,0.005573640417997493,0.010166071221674296,0.00021597223770726797,-0.0030396978547045112,0.015739711639671788,0.002306349752119174,12,0.36847586711502955,False
11950,HRNet,no_n2v,1,117,186.0,191.0,10,3,0.02939055114433131,-0.2021068899082934,0.006849856977057642,0.018540812055826267,0.008868804549920234,0.005734000007183707,0.02539066903288391,0.010621925522622174,12,0.6352259342865633,False
11950,HRNet,no_n2v,1,118,128.0,195.0,7,5,-0.4316442622246086,-0.0010126929768432547,-0.020019296211205195,0.010166071221674275,-0.0005499962415191861,-0.0022737293754780843,-0.00985322498953092,0.015102701666594966,12,0.4954382716341073,False
11950,HRNet,no_n2v,1,119,164.0,197.0,9,4,-0.12415266869251695,-0.08065673386369099,-0.0005578325215657274,7.259803643538998e-05,-0.001390562346836006,-0.00039936604303521315,-0.00048523448513033746,0.0014258416155216753,12,0.5433399146134804,False
11950,HRNet,no_n2v,1,120,71.0,199.0,4,7,0.10732092440645147,0.20008150395457847,0.007832188828391507,0.010166071221674174,0.0012667236916356617,-0.004090449308632983,0.017998260050065683,0.0017223067866584591,12,0.28269258700573874,False
11950,HRNet,no_n2v,1,121,177.0,205.0,10,4,-0.9702042949972451,-0.038850618705964735,0.007256816724865808,0.013433206655797515,0.013926816332817147,0.007425371604507606,0.020690023380663322,0.014265102919809274,12,0.5159388710364176,False
11950,HRNet,no_n2v,1,122,121.0,209.0,7,6,0.5687608916338149,0.16224357822545699,-0.013589599042450114,0.006813058152269562,-0.0015873647149518117,-0.005565145594052932,-0.006776540890180552,0.01032408988190173,12,0.8038967962199669,False
11950,HRNet,no_n2v,1,123,170.0,218.0,10,5,0.030200858861178403,-0.8755943475036361,0.0006490717022367963,0.009061653883861445,0.013660513415259326,0.005424304114253624,0.009710725586098241,0.014293442955045057,12,0.4996808611417865,False
11950,HRNet,no_n2v,1,124,127.0,231.0,8,7,0.7231144191875245,0.3673059645855119,0.0009072355122925073,-0.03067349745917855,0.013438178897742396,-0.027787036078519012,-0.029766261946886044,0.020734520149778456,12,0.9523308514927208,False
11950,HRNet,no_n2v,1,125,82.0,20.0,-1,-3,0.33352751734572905,-0.6415117838572968,,,,,,,12,,True
11950,HRNet,no_n2v,1,126,96.0,28.0,0,-3,0.48747589104100086,-0.5997056686995634,-0.014422017555969098,-0.010330530001097325,-0.002001615935890829,0.004715761825819797,-0.02475254755706642,0.002862085595807674,12,0.5816127038449204,False
11950,HRNet,no_n2v,1,127,167.0,32.0,4,-5,0.10245907810519839,-0.758993750473266,-0.01085692907710395,-0.005306417612689751,0.009381755286487747,-0.006448187954837185,-0.0161633466897937,0.00978362798938559,12,0.5319317617054299,False
11950,HRNet,no_n2v,1,128,65.0,48.0,-1,-1,-0.6656621749373954,-0.3149992414526537,-0.011461740449033869,-0.009151454550058198,-0.019627454067864314,0.011868621504712983,-0.020613194999092067,0.019661416744982414,12,0.7350549811945035,False
11950,HRNet,no_n2v,1,129,195.0,48.0,6,-5,0.410355825495742,-0.6753815201577993,0.010068532232123974,-0.0035992847547324596,0.004538621952926286,0.0020443309097657996,0.006469247477391514,0.008203742714647671,12,0.6720905012323308,False
11950,HRNet,no_n2v,1,130,209.0,57.0,7,-5,0.5643041991910138,0.3664245949999341,0.020911355118935365,0.004975894366736898,-0.0057724978617509385,0.014736664801649531,0.02588724948567226,0.009839027335572029,12,0.743109837621928,False
11950,HRNet,no_n2v,1,131,214.0,78.0,8,-4,-0.2813422732552908,-0.4285130186400181,0.014432470397554272,-0.01033688005993927,0.0022698297003072394,0.01714617106505248,0.004095590337615002,0.012590961337004047,12,0.6660576696232029,False
11950,HRNet,no_n2v,1,132,233.0,109.0,10,-3,-0.9730403720062952,0.8183554828777915,,,,,,,12,,True
11950,HRNet,no_n2v,1,133,26.0,118.0,-1,4,0.33636359435479335,0.5012821145589612,-0.01473566314005779,0.023898264667731952,0.010417375330802116,0.026402883744953823,0.009162601527674162,0.021946908740120598,12,0.9982663090252135,False
11950,HRNet,no_n2v,1,134,132.0,124.0,5,1,-0.7411616250489033,0.2623499918983896,-0.0035944159313549672,-0.0132939965298901,0.004050003050941757,0.006082973962011692,-0.01688841246124507,0.00631846426432146,12,0.4060446127349678,False
11950,HRNet,no_n2v,1,135,168.0,126.0,7,0,-0.4336700315168116,0.18270595101154186,-0.005301636774185912,0.008300418389805102,-0.0073636153338741605,0.005614702809840061,0.00299878161561919,0.01002381199725585,12,0.48512247089942184,False
11950,HRNet,no_n2v,1,136,111.0,129.0,4,2,0.10529515511426268,-0.6161998520570364,0.0011422409027530766,-0.015198164526486993,0.006483398346217242,-0.0002969520827255487,-0.014055923623733917,0.010430084683918777,12,0.3858683284582329,False
11950,HRNet,no_n2v,1,137,17.577948046656786,130.13034462515392,-1,5,-0.08528320512998278,-1.2051169890848143,,,,,,,12,,True
11950,HRNet,no_n2v,1,138,160.0,140.0,7,1,-0.43326487765835964,0.3459622222138705,-0.0074752309258736185,-0.013128722670337226,0.009065469651322787,0.0017450246544128624,-0.020603953596210846,0.009495958731230568,12,0.5034613366015419,False
11950,HRNet,no_n2v,1,139,232.0,144.0,11,-1,0.1817183094058521,0.18667414044014663,-0.0035931752186646702,-0.017886053333760383,-0.009373456168898064,-0.016015450999617237,-0.021479228552425053,0.011786995874840148,12,0.771495898333085,False
11950,HRNet,no_n2v,1,140,139.0,145.0,6,2,0.4131919025047921,-0.5325876217415555,-0.009975298005504157,-0.01345011936927698,0.013084289142625036,-0.0022856173197437863,-0.023425417374781137,0.013199137026538833,12,0.524177107793143,False
11950,HRNet,no_n2v,1,141,117.0,151.0,5,3,0.25964868266797225,-0.4111374656969531,0.007311114335700544,0.009425130403201221,0.0007420170477333589,-0.003117650579262379,0.016736244738901764,0.0012914547156364742,12,0.5579334179363484,False
11950,HRNet,no_n2v,1,142,60.0,156.0,2,5,0.7986138692990394,0.7899567312344971,0.00310287298765815,-0.0027721278422869005,-0.003161579462772929,-0.009414803748944075,0.00033074514537124967,0.004315610430447971,12,0.43683264731058113,False
11950,HRNet,no_n2v,1,143,208.0,185.0,11,2,0.18293377098115116,-0.3235570459528958,0.020004242779766125,0.022978791499331085,0.01655497665512316,0.007866868756876352,0.04298303427909721,0.016621649649566653,12,0.6373560873075229,False
11950,HRNet,no_n2v,1,144,57.0,191.0,3,7,-0.046627449288820344,0.1582753887968522,0.008311161400609425,0.00831822524207192,7.709137540865539e-05,-0.0029222492923806007,0.016629386642681345,7.717223999891446e-05,12,0.546010446085799,False
11950,HRNet,no_n2v,1,145,142.0,203.0,8,5,-0.2776958885293652,0.040793422180883,-0.00613016238307123,-0.0004557670339725237,-0.00012241497380709957,-0.008847252715997272,-0.006585929417043754,0.0028398373316583557,12,0.4262757804347173,False
11950,HRNet,no_n2v,1,146,112.0,223.0,7,7,-0.4308339545077473,0.32549984942778565,-0.007596020727027688,0.00839802959402336,0.006823285867318297,-0.011612157803305692,0.0008020088669956713,0.010512356607593937,12,0.6927123012653665,False
11950,HRNet,no_n2v,1,147,148.0,224.0,9,6,-0.12334236097564144,-0.7541441914590621,-0.009212852357740433,-0.011334812483216071,0.01303907657657604,-0.020547442059067396,-0.020547664840956506,0.013082170946113688,12,0.6839592079253798,False
11950,HRNet,no_n2v,1,148,125.0,9.0,1,-5,-0.35938604298060284,0.11558790405352681,,,,,,,12,,True
11950,HRNet,no_n2v,1,149,24.0,155.0,0,6,0.4911222757669407,1.8696007721213164,,,,,,,12,,True
11950,HRNet,no_n2v,1,150,162.0,233.0,10,6,0.03060601271963037,0.2876619236986926,,,,,,,12,,True
11950,HRNet,no_n2v,1,151,141.93050643230916,237.3433236286404,9,7,1.8075692251919406,-1.247564291616328,,,,,,,12,,True
11950,HRNet,no_n2v,1,152,104.0,15.0,0,-4,0.4870707371825631,0.237038060098115,,,,,,,12,,True
11950,HRNet,no_n2v,1,153,242.0,94.0,10,-4,0.026554474135252804,-0.3449007883245372,,,,,,,12,,True
11950,HRNet,no_n2v,1,154,246.59079629075103,116.68297398032152,11,-3,-1.2282957075600223,0.5431355783570382,,,,,,,12,,True
11950,HRNet,no_n2v,1,155,237.26607383644017,73.85091361969722,9,-5,1.1382747830217284,1.3009504450126315,,,,,,,12,,True
13004,UNetPP,no_n2v,1,0,219.0,157.0,7,2,1.5202012301311072,1.5460965338774884,-0.002340593799530237,-0.03419691520373285,-0.016987469138819673,-0.049884666717991105,-0.03653750900326309,0.023286915018832257,12,2.0986016728893726,False
13004,UNetPP,no_n2v,1,1,135.0,204.0,7,8,0.787671810434972,-0.2202042827464652,0.026965831378322914,0.035989504750048605,-0.018326611137202027,-0.012467556678077356,0.06295533612837152,0.018873827011343387,12,1.7464657101758452,False
13004,UNetPP,no_n2v,1,2,158.0,209.0,8,7,1.8627511532445737,-1.0317168304068218,,,,,,,12,,True
13004,UNetPP,no_n2v,1,3,167.0,203.0,8,6,-3.015160610139418,1.0959999723638134,-0.04077232716952007,-0.015677983787618345,0.003642344295092436,-0.01455977211675365,-0.056450310957138414,0.013065151717687443,12,1.233213220046201,False
13004,UNetPP,no_n2v,1,4,64.0,149.0,2,10,-2.2214601937648837,-1.779491136132691,0.015363912264270797,0.040168012122889486,0.017734706189873665,-0.002935884161404158,0.055531924387160286,0.02164094836392863,12,1.6049115218597483,False
13004,UNetPP,no_n2v,1,5,215.0,179.0,8,3,3.3511040997086354,1.4791503806758328,0.047712838866419194,-0.02639496420484289,-0.027595157132157426,-0.0059310936870890524,0.021317874661576305,0.04620047960963933,12,1.8726782593206055,False
13004,UNetPP,no_n2v,1,6,111.0,200.0,6,9,-1.2874075323746155,1.5913082649138914,0.00612100933832491,0.0047333924645729785,0.02288337336731889,0.0053900903196114295,0.010854401802897888,0.022893888853036736,12,1.3903295514688343,False
13004,UNetPP,no_n2v,1,7,74.0,165.0,3,10,-0.2684690875713187,0.28127951343628865,0.026008399506739877,0.05469342795773032,0.011380423614731253,-0.050088693185168835,0.0807018274644702,0.018309062126697414,12,1.6969264689151973,False
13004,UNetPP,no_n2v,1,8,227.0,167.0,8,2,1.4731923363246437,-2.393132816553532,-0.00973937832106457,-0.01805972183131574,-0.011719194311589043,-0.038330518787717115,-0.02779910015238031,0.012435696375552342,12,2.2776249981784975,False
13004,UNetPP,no_n2v,1,9,112.0,30.0,-3,4,2.7461136949634266,-2.317043567353579,,,,,,,12,,True
13004,UNetPP,no_n2v,1,10,96.0,40.0,-3,5,0.6240254583474041,-0.44476037012424285,0.0660779036941485,0.07703911062035394,-0.04288056609547608,0.020610771037878853,0.14311701431450244,0.04322938772395772,12,1.799964650694701,False
13004,UNetPP,no_n2v,1,11,120.0,46.0,-2,4,2.6991048011569916,-0.2562729177845995,0.020469202208508137,0.05421809612739775,-0.02828495749977282,0.026703511924519266,0.07468729833590589,0.03293608630288473,12,1.4642823099036626,False
13004,UNetPP,no_n2v,1,12,227.0,75.0,3,-1,0.07450151520490067,-0.31383565608641106,0.029536711348462266,0.014069134074174603,-0.006778244582499187,-0.04052928610355219,0.04360584542263687,0.01028377782258031,12,1.7300746968969754,False
13004,UNetPP,no_n2v,1,13,64.0,114.0,0,9,-0.005354169535991105,-0.7733156324999726,0.003495173658589495,-0.051582704555075014,-0.002228889617232709,0.028190606245694562,-0.04808753089648552,0.027628990500118217,12,1.7964327941640494,False
13004,UNetPP,no_n2v,1,14,72.0,129.0,1,9,-0.05236306334242613,0.2874550170690213,0.02383195400556173,-0.04159818397439587,0.007098059908176,0.04017580547205318,-0.017766229968834143,0.033476233263005084,12,1.5308981086577869,False
13004,UNetPP,no_n2v,1,15,57.0,134.0,1,10,-1.1744512999584344,-2.8402617857016708,0.046362445223111295,-0.03642771354883352,0.013644986718019114,0.05301492353099195,0.009934731674277775,0.04358598696721087,12,1.979554210573204,False
13004,UNetPP,no_n2v,1,16,79.0,144.0,2,9,-1.0993719571488612,1.3482256666379726,0.03430764356566437,-0.02103150157936423,0.0027307615099297945,0.02190577200406714,0.013276141986300137,0.027803997999743663,12,0.9703001269880916,False
13004,UNetPP,no_n2v,1,17,219.0,61.0,2,-1,0.1215104090113357,-0.37460630565539077,0.0037756739087250837,0.0439905139106854,-0.006763965188332045,-0.02361942226496702,0.04776618781941048,0.021214607329969243,12,1.796541851490762,False
13004,UNetPP,no_n2v,1,18,204.0,70.0,2,0,-1.0005778276046726,0.49767689157394557,0.016122790408175717,0.03130053507237767,-0.00702259320622151,0.007924637953404482,0.04742332548055339,0.010339622750032819,12,1.7361585533878365,False
13004,UNetPP,no_n2v,1,19,74.0,72.0,-2,7,-1.667159908691076,1.3605766739034095,-0.04788612376394993,-0.01109966266731741,-0.0316548771313727,-0.03512384114656163,-0.05898578643126734,0.03661068390792252,12,1.646797266445304,False
13004,UNetPP,no_n2v,1,20,211.86044737851188,85.70655171074604,3,0,-1.1871393428992292,2.264999251888966,0.03912246896351672,-0.001019695438527803,-0.0008573159594150743,-0.01787659482475784,0.03810277352498891,0.020089383548891202,12,1.7575881628043761,False
13004,UNetPP,no_n2v,1,21,238.0,89.0,4,-1,3.0274926213984656,-0.25306500651743136,,,,,,,12,,True
13004,UNetPP,no_n2v,1,22,71.17949185133568,93.72272164465772,-1,8,1.3432348122221498,1.01635216535945,-0.0432328024627112,-0.015422987942178954,-0.015446936835529803,-0.03152309133597696,-0.058655790404890155,0.020783510375233755,12,1.1752905322794867,False
13004,UNetPP,no_n2v,1,23,186.24277044327692,97.84685797054178,3,2,0.951007248633772,-1.8501280938566254,-0.023067059499577207,0.019433608098720006,0.017082781411745532,0.01572318619410641,-0.003633451400857201,0.027265327933782793,12,0.9937884305770018,False
13004,UNetPP,no_n2v,1,24,94.0,134.0,2,8,0.02271627946716137,-0.5240575305913637,0.022349821308712204,-0.022144480364950193,-0.020140443554479782,-0.007711872460452461,0.00020534094376201129,0.030009551594915664,12,1.070313261852811,False
13004,UNetPP,no_n2v,1,25,209.0,143.0,6,2,-0.4327898760624578,1.4853258843085086,0.004845905815441792,-0.016975763731709656,-0.006022913882864559,0.0018961100251324078,-0.012129857916267864,0.012462816980790173,12,1.907286648341145,False
13004,UNetPP,no_n2v,1,26,196.0,151.0,6,3,0.4451218873215055,1.3576090815378734,0.013397225405712776,-0.0040711674329401894,0.013638086642931412,0.04357663013369962,0.009326057972772587,0.016195171946338814,12,1.6013518999370486,False
13004,UNetPP,no_n2v,1,27,110.0,162.0,4,8,-0.07130150814572289,-0.40251623145343274,-0.007487977761177988,0.00030820290439149983,0.02542420113486699,0.015746854362015467,-0.007179774856786488,0.02572129684889006,12,1.0045576854797569,False
13004,UNetPP,no_n2v,1,28,84.0,179.0,4,10,1.6845220186222463,0.34205016300523994,-0.008584100647031412,0.02124413498690684,-0.008510994217126512,-0.04008114604938922,0.012660034339875427,0.01717171898274593,12,1.7618570106467717,False
13004,UNetPP,no_n2v,1,29,176.0,179.0,7,5,0.1539365202830254,-0.8370538744345026,-0.030618322784171557,0.02167170107735766,-0.011690560974105365,0.00925197433646172,-0.008946621706813897,0.028639672916238045,12,2.0221329477730543,False
13004,UNetPP,no_n2v,1,30,140.76455477614377,180.43945500836796,6,7,0.7213237170012121,-1.7138031211768237,0.017240957853636465,0.02997869137391707,-0.0012914241157728394,-0.013683894823038011,0.047219649227553534,0.006498479826484014,12,1.122894043774222,False
13004,UNetPP,no_n2v,1,31,183.03393858401373,193.3557381131258,8,5,-0.8591337895096842,-0.420545111739699,-0.005438437187247187,0.027835964206192432,-0.03400505311136493,0.027011722776999224,0.022397527018945245,0.03785683668942354,12,2.047871759032917,False
13004,UNetPP,no_n2v,1,32,104.70984155704235,55.58753818599109,-2,5,1.2868581215833217,1.20354846543583,0.06273928325965798,0.022407656727844626,-0.04335466346490731,0.032006018682986734,0.08514693998750261,0.04781513221597098,12,1.120238148023514,False
13004,UNetPP,no_n2v,1,33,206.0,107.0,4,1,-1.2166838518335794,1.4915013879412413,0.027099734573992295,0.023708873112589023,0.011518434688341798,-0.012749687594713007,0.05080860768658132,0.011642543666750969,12,1.6079913210718486,False
13004,UNetPP,no_n2v,1,34,168.0,166.0,6,5,0.20094541408946043,0.10217547599654608,-0.03425412956777577,0.03513994095214157,0.010612856188419636,0.003144471945581007,0.0008858113843657964,0.03628383899626515,12,1.300930080634188,False
13004,UNetPP,no_n2v,1,35,163.0,188.0,7,6,1.031848283667017,0.03522932279486213,-0.04198748418966819,0.025440502882223978,-0.018167798300444963,0.015881172615691674,-0.01654698130744421,0.03829754894542816,12,1.5617846268564004,False
13004,UNetPP,no_n2v,1,36,127.0,192.0,6,8,0.8346807042414071,1.7190250676845267,0.03230929303374072,0.0358752450837622,-0.013579245480676664,-0.002239817120246285,0.06818453811750291,0.013695799039495311,12,1.1751056352972966,False
13004,UNetPP,no_n2v,1,37,204.0,200.0,9,4,-1.817993030713808,0.41220422747414887,,,,,,,12,,True
13004,UNetPP,no_n2v,1,38,147.0,29.0,-2,2,1.9432812743890224,-1.0008393122432757,,,,,,,12,,True
13004,UNetPP,no_n2v,1,39,189.0,41.0,0,0,0.09343996000819743,-0.6238644075639996,,,,,,,12,,True
13004,UNetPP,no_n2v,1,40,141.0,52.0,-1,3,1.774184143966579,-0.06778546544496322,-0.046048759854183996,0.04289662713822518,-0.025553833388856383,0.027782663485842525,-0.003152132715958815,0.051291508728763174,12,1.6025881388050551,False
13004,UNetPP,no_n2v,1,41,183.0,63.0,1,1,-0.07565717041427433,-0.6908105607656907,-0.008544006245297307,0.021504960308380727,-0.014855664326818719,0.017764701203471383,0.01296095406308342,0.02112879221174579,12,1.6454386366613742,False
13004,UNetPP,no_n2v,1,42,168.0,72.0,1,2,-1.1977454070302826,0.18147263646363854,0.01116924073984193,0.006901773128569186,-0.02164365536684896,-0.008744173375179248,0.018071013868411114,0.021748577829187942,12,1.3981337168307373,False
13004,UNetPP,no_n2v,1,43,189.0,78.0,2,1,-2.1226660642207094,0.3699600888032819,-0.01966507306596038,0.001034979443238503,0.022793491727038758,0.013559718934622173,-0.018630093622721878,0.02503330398851662,12,1.325784853322938,False
13004,UNetPP,no_n2v,1,44,198.79713292520094,91.96630127427443,3,1,-0.37254203282620324,0.3970320126466902,-0.020063829163384502,0.006786170102041726,0.030768653259386748,0.015389234422885688,-0.013277659061342775,0.03356993652860723,12,1.6399237868415681,False
13004,UNetPP,no_n2v,1,45,171.0,108.0,3,3,-0.413851431259161,0.1752971328309343,-0.004578757051764724,0.02011302738757561,0.006915258169231592,0.015338560237820917,0.015534270335810885,0.01415068373778584,12,1.227068646640735,False
13004,UNetPP,no_n2v,1,46,158.0,116.0,3,4,0.46406033212480224,0.047580330060270626,-0.025968165820715903,-0.0033982714459167623,0.02450791750982525,0.013723805152181738,-0.029366437266632666,0.026981253745717533,12,1.2654112335942083,False
13004,UNetPP,no_n2v,1,47,178.74127284129287,122.46053596171592,4,3,-0.7195874837727558,0.6966037441158193,-0.0019880967191218475,-0.0008575490747632917,0.029795074866689943,0.0026535107822343064,-0.002845645793885139,0.02980043658750153,12,1.2478409813093787,False
13004,UNetPP,no_n2v,1,48,108.0,126.0,2,7,0.1448045160831839,-0.39634072782070007,0.020874707239287693,-0.003126884730061711,-0.005175240065383294,-0.008515800637897931,0.01774782250922598,0.013069132105848993,12,0.9335224232869653,False
13004,UNetPP,no_n2v,1,49,225.0,135.0,6,1,1.6892983605535505,1.6130426870792007,-0.04616402089884594,-0.018465831325152594,-0.03712756171492575,-0.016626236846898505,-0.06462985222399853,0.03962642130335117,12,1.4400972098006912,False
13004,UNetPP,no_n2v,1,50,188.28769002913683,136.9839387716665,5,3,0.7798208102647664,1.2807772036353526,0.006078035754556037,-0.023540006467064882,0.03688036736822374,0.02292889551314281,-0.017461970712508844,0.03974252890136173,12,0.9959105173194577,False
13004,UNetPP,no_n2v,1,51,181.0,157.0,6,4,-0.6769663492945028,-0.7701077212328187,-0.01848282585962871,-0.00032535667913054814,0.020440390767280915,0.04531567423474387,-0.01880818253875926,0.0223658891278511,12,1.3056914240629625,False
13004,UNetPP,no_n2v,1,52,203.0,165.0,7,3,-0.6018870064849295,1.4183797311068247,0.05717892518122166,-0.03488733937112707,0.009733141655697804,-0.008060714324455457,0.02229158581009459,0.04705085879817334,12,2.0675085321487807,False
13004,UNetPP,no_n2v,1,53,188.0,172.0,7,4,-1.7239752431009379,0.29066292833618945,0.013581657350035034,-0.01814578714203717,0.020001733556536304,0.025265074984856785,-0.004564129792002136,0.025528944920737543,12,1.521173816131423,False
13004,UNetPP,no_n2v,1,54,198.0,185.0,8,4,0.22901586309262711,-0.6485664220948593,0.03727770474314208,-0.00995135319041449,-0.011413710763951708,0.02387360772776373,0.027326351552727588,0.026228205652044857,12,1.8973912471616765,False
13004,UNetPP,no_n2v,1,55,163.0,94.0,2,3,-0.366842537452726,0.11452648326195458,0.015617092212287034,-0.022117634175728554,0.007713631469424428,-0.01773873204160635,-0.00650054196344152,0.020383265301239024,12,1.3466270634289712,False
13004,UNetPP,no_n2v,1,56,149.0,101.0,2,4,-0.48893077406876273,-1.013190319508709,-0.017467341855119063,-0.020334649850314072,0.028749513117602016,-0.004691255256925491,-0.037801991705433136,0.02878523698502407,12,0.9645986649375784,False
13004,UNetPP,no_n2v,1,57,202.0,128.0,5,2,0.6142190177439772,0.42455523473954315,0.024278738202657003,0.004069613758445996,0.026928488732590176,-0.01027058043350345,0.028348351961103,0.028761878991499106,12,1.5219297427063092,False
13004,UNetPP,no_n2v,1,58,116.0,140.0,3,7,0.09779562227673466,-0.33557007825172036,-0.0018329177167448907,0.012617946620205203,-0.007597227677250909,0.013314760885830279,0.010785028903460312,0.010484499911832765,12,0.7535935064224275,False
13004,UNetPP,no_n2v,1,59,102.0,148.0,3,8,-0.024292614339287866,-0.463286881022384,0.007572316475351367,-0.01150210460412987,-0.0009397006804158716,0.004876551962740035,-0.0039297881287785035,0.00958339304464309,12,1.0483451517344031,False
13004,UNetPP,no_n2v,1,60,159.62916000007547,149.30038895718607,5,5,-0.12288569202863187,-2.6582062163863895,0.006889148751903391,0.010946554071087619,0.000679997048190677,-0.010133916917692526,0.01783570282299101,0.002139633255159433,12,1.0051129328527868,False
13004,UNetPP,no_n2v,1,61,88.0,155.0,3,9,-0.14638085095529618,-1.5910036837930477,0.021365702441344857,-0.008782980286215127,-0.0007638596471649731,-0.02370996230065017,0.01258272215512973,0.015093682423859838,12,1.2617446143198208,False
13004,UNetPP,no_n2v,1,62,145.8969590851269,159.34118291792552,5,6,0.022825156406781844,-0.7451290584175752,0.020303618285874916,0.010721257283423451,-0.0005521609811477233,-0.028847868826644245,0.031024875569298366,0.0048228925288075495,12,1.1543020053913677,False
13004,UNetPP,no_n2v,1,63,155.0,174.0,6,6,1.0788571774734521,-0.025541326774146,-0.00480358798507203,0.043551667829096675,0.005682397427586378,-0.008415895221355853,0.03874807984402465,0.02483641141023526,12,1.4819224010569383,False
13004,UNetPP,no_n2v,1,64,164.0,37.0,-1,1,-2.981639382801376,1.187648140096364,-0.02509474414695638,0.020355837829554847,-0.028781358270402582,0.023375448467788572,-0.004738906317401533,0.03667158892644499,12,0.9718975421034409,False
13004,UNetPP,no_n2v,1,65,176.0,49.0,0,1,0.9713517233921891,-0.7515812103346633,0.004279885647672455,-0.008657896455432487,0.001262371510829214,-0.021011840774156562,-0.0043780108077600315,0.006590912931317548,12,1.8893034962616524,False
13004,UNetPP,no_n2v,1,66,147.0,68.0,0,3,-0.27282474983985594,1.9929851841240094,-0.03194584822607319,0.014864711046970631,-0.04229733973162474,0.03625380554565636,-0.017081137179102555,0.04834120461093485,12,0.93282156155654,False
13004,UNetPP,no_n2v,1,67,119.0,82.0,0,5,-0.517001223071901,-0.26244842141731795,0.015704640665918434,-0.01574676633392731,-0.005337556658557691,0.015950922199712354,-4.2125668008877876e-05,0.01660684381966664,12,1.2275268315159054,False
13004,UNetPP,no_n2v,1,68,128.0,96.0,1,5,0.435989883121664,-0.20167777184835245,-0.0013544016290236696,-0.00991056910161847,0.002883829763831551,-0.021301904374083993,-0.01126497073064214,0.005159309504336124,12,0.9074494615725551,False
13004,UNetPP,no_n2v,1,69,220.97916102412583,95.7126268101355,4,0,-0.11543459109171295,-1.6681549991525912,0.051446585003765,0.015089094164673605,-0.016364195257301376,-0.015495184149940628,0.06653567916843861,0.024459224669799707,12,1.755196016569052,False
13004,UNetPP,no_n2v,1,70,91.0,98.0,0,7,-0.761177696303946,-0.5178820269586453,-0.014805165375441248,0.023679179109585963,0.007049914455813655,-0.04020639946729633,0.008874013734144716,0.02049298627445135,12,1.332654632952659,False
13004,UNetPP,no_n2v,1,71,136.66568189331835,108.82921994815852,2,5,1.054662882633579,-1.3116871741208485,-0.0036280471986043805,-0.013573444932624908,0.007014455603982044,-0.020088106954269713,-0.01720149213122929,0.008598274329317498,12,0.6909467693484291,False
13004,UNetPP,no_n2v,1,72,100.0,112.0,1,7,0.19181340988961892,-0.45711137738966556,0.007182260863053203,-0.005288341829454507,0.008956575623829625,-0.013810652364873617,0.0018939190335986959,0.010913259356579691,12,0.9211415670957911,False
13004,UNetPP,no_n2v,1,73,151.54958831755232,137.47252916087902,4,5,-0.15544848074534912,-0.5468366622623932,-0.0010621449129815138,-0.01629108593059663,-0.011863440517829787,0.002054500219751624,-0.017353230843578146,0.014096857169226958,12,1.2655473850548944,False
13004,UNetPP,no_n2v,1,74,174.61250333808914,141.8478050060221,5,4,0.9825458826010731,-1.9830733647796706,0.0070282576376792865,-0.02739604956004339,0.022973079187639897,0.03037451309846146,-0.0203677919223641,0.028705758984433224,12,1.0780691283972486,False
13004,UNetPP,no_n2v,1,75,132.0,168.0,5,7,0.0037778346638788207,-0.21402877911378937,0.012467482485584902,0.010749063936003696,0.0034620476648217734,-0.029323187967941613,0.0232165464215886,0.0035670736761923053,12,1.2622502279868928,False
13004,UNetPP,no_n2v,1,76,70.0,189.0,4,11,1.5624337820062237,2.2143333602346047,0.02504331896942026,-0.04756692043770235,-0.02294324575912308,-0.04632597033415771,-0.02252360146828209,0.0429471098288748,12,2.5103574300174927,False
13004,UNetPP,no_n2v,1,77,148.0,198.0,7,7,-0.09023995294899123,1.90751252002417,-0.008132883466543561,0.0011577613243052398,-0.0006934905038181614,-0.011840353869958992,-0.006975122142238321,0.00469680202226126,12,1.6854087630666785,False
13004,UNetPP,no_n2v,1,78,161.0,57.0,0,2,-0.15073651322384762,-0.879298013105327,-0.017637089640871618,0.02032610343480687,-0.03168002025931513,0.001615803967356522,0.0026890137939352514,0.036931351055112076,12,1.6353063826820655,False
13004,UNetPP,no_n2v,1,79,112.0,68.0,-1,5,0.530007670734534,-0.32321907098628344,0.04302570742409038,-0.022645692696370644,-0.03318330849974152,0.036710881474388654,0.020380014727719734,0.04668313572838097,12,1.0723659386006943,False
13004,UNetPP,no_n2v,1,80,95.5950754446037,75.56727289841626,-1,6,-1.9970051212777946,-0.8836629753406839,0.03201630920667172,-0.027382996106356167,-0.024296230786397196,0.009745236002414597,0.0046333131003155545,0.038371554546870405,12,1.552708769924087,False
13004,UNetPP,no_n2v,1,81,133.0,74.0,0,4,-0.3949129864558927,-0.13473161864665428,-0.0295630380723571,-0.023912532328048085,-0.014340950887611234,0.0408145013452293,-0.05347557040040518,0.014616597625729961,12,1.1830209718939488,False
13004,UNetPP,no_n2v,1,82,82.0,84.0,-1,7,-1.714168802497511,-0.5786526765276108,-0.03983817407059184,0.00278459339651113,-0.010309346138757978,-0.04934007035368103,-0.03705358067408071,0.023673987717480274,12,1.3685436328933973,False
13004,UNetPP,no_n2v,1,83,178.0,85.0,2,2,0.7552456991632823,-0.7577567139673818,-0.00025550315739455374,-0.008181515406481873,0.009407929905255043,-0.014085536341852532,-0.008437018563876426,0.01020855340610817,12,1.2428122846124139,False
13004,UNetPP,no_n2v,1,84,105.0,90.0,0,6,-0.6390894596879235,-0.3901652241879816,0.029842900864503336,0.01658163914269918,0.015693378792232617,-0.00546510683427541,0.04642454000720252,0.017036648835086186,12,1.457561090954094,False
13004,UNetPP,no_n2v,1,85,113.0,105.0,1,6,-0.6860983534943585,0.6706054253809839,0.025082337728475724,-0.004474540693502116,0.01073050691019864,-0.017842701043040664,0.020607797034973608,0.018263242977705672,12,0.9942039938394679,False
13004,UNetPP,no_n2v,1,86,229.0,112.0,5,0,-0.1416045090239777,0.6799888402808705,0.04057788793726818,0.03886124980525986,-0.002785617421032921,-0.02346395362088184,0.07943913774252803,0.0029148543763674296,12,1.4429070888314743,False
13004,UNetPP,no_n2v,1,87,192.0,115.0,4,2,-1.3387720884495877,1.3637845851705634,0.011465962200739118,0.025665985471578803,0.016138846535299966,0.007462198072961603,0.03713194767231792,0.01763157771480082,12,1.2130304460064936,False
13004,UNetPP,no_n2v,1,88,122.0,118.0,2,6,0.2668927526991922,-0.2686239250500364,0.019545048658533338,-0.014959494471074407,-0.005606487000442872,-0.019730220828439105,0.004585554187458931,0.01814038507396894,12,0.913617254913174,False
13004,UNetPP,no_n2v,1,89,216.0,121.0,5,1,0.7363072543599856,1.5522720375102068,0.026278736673872944,0.022535431463878947,0.01463257712238578,-0.02436272989570133,0.04881416813775189,0.014751793000051206,12,1.6878420730450903,False
13004,UNetPP,no_n2v,1,90,131.0,131.0,3,6,1.2198838588927572,-1.2078532754810567,0.00017234326476345732,0.017453656914760116,-0.02018588917358983,0.009084479996182643,0.017626000179523572,0.02195748328237645,12,0.8459184208698495,False
13004,UNetPP,no_n2v,1,91,229.0,146.0,7,1,-2.3577105332528845,-1.326186663351848,,,,,,,12,,True
13004,UNetPP,no_n2v,1,92,123.0,155.0,4,7,-0.9492132715297004,0.7252005713172593,-0.0032114306620613974,0.005153192688906942,-0.00113827961811483,-0.0020132699820940452,0.0019417620268455445,0.004334444767199929,12,0.793617905868918,False
13004,UNetPP,no_n2v,1,93,96.0,169.0,4,9,-0.1933897447617312,-1.530233034224068,-0.020885792875928785,0.027423601226833256,0.006155973962512852,-0.013996141562701635,0.006537808350904471,0.02492680093937309,12,1.2753911231842128,False
13004,UNetPP,no_n2v,1,94,118.4659313399801,176.49773577746015,5,8,0.34762093802794425,0.15599019557572547,0.020145981801889163,0.02698631685451901,0.006760898503695385,-0.0009925862868114918,0.047132298656408174,0.007576760157569306,12,1.137279349199834,False
13004,UNetPP,no_n2v,1,95,104.0,184.0,5,9,-0.24039863856816623,-0.4694623846551167,-0.011350489088589447,0.05468953417841925,0.003030719571363973,0.011585009938875188,0.0433390450898298,0.03315880621187999,12,1.6360288846059052,False
13004,UNetPP,no_n2v,1,96,154.0,81.0,1,3,-1.319833643646291,1.0537558336929749,0.0043241364338437735,-0.019713730857377113,-0.006872598579620353,-0.003026494300121263,-0.01538959442353334,0.01384512106173819,12,1.1325714639931286,False
13004,UNetPP,no_n2v,1,97,140.35453820179342,87.60133252049245,1,4,-1.0873836784689104,-0.47262844858524033,-0.022944607631287212,-0.04569392810225911,0.02074961103620905,-0.002322065058334268,-0.06863853573354632,0.02366282429522549,12,1.1760218410539074,False
13004,UNetPP,no_n2v,1,98,78.0,109.0,0,8,0.11673406708003142,2.354401170270691,-0.020952177455803668,-0.01896194958605112,-0.010097307962268163,-0.012766862249587207,-0.03991412704185479,0.010146224905267426,12,1.0473932852101764,False
13004,UNetPP,no_n2v,1,99,165.14015367557664,129.72494418523658,4,4,-0.4427948861049913,-0.16670483513419754,-0.002920167014537852,-0.04572173540010209,0.023478623917983197,0.01162824101235969,-0.04864190241463994,0.03176852758860765,12,1.179777570607024,False
13004,UNetPP,no_n2v,1,100,60.0,175.0,3,11,-0.39055732418734124,2.1535627106656534,,,,,,,12,,True
13004,UNetPP,no_n2v,1,101,127.0,61.0,-1,4,1.6520959073505423,0.8044977317843731,-0.007063833050433987,0.002851365376339149,-0.03702720127792157,0.052383322804698304,-0.004212467674094838,0.037357615347292816,12,1.2447116265734455,False
13004,UNetPP,no_n2v,1,102,144.0,123.0,3,5,0.3419720955087655,-1.080136472710393,-0.02131407187692859,0.004478394025582158,0.0007775231464542962,0.013589207344803629,-0.01683567785134643,0.012919650404570437,12,1.0043838344495437,False
13004,UNetPP,no_n2v,1,103,137.0,146.0,4,6,-0.8271250349136778,-0.1470826259121054,0.00012246046119612913,0.012803030416393989,-0.021092380358647186,-0.007432067118661703,0.012925490877590118,0.022024707098869944,12,0.9780838005754926,False
13004,UNetPP,no_n2v,1,104,81.0,49.0,-3,6,-0.49806277826861844,0.4275228271050935,0.03547819677874398,0.02003152214245302,-0.04138138524388211,0.005515342604804414,0.05550971892119701,0.0420959497342968,12,1.847823450428732,False
13004,UNetPP,no_n2v,1,105,67.0,58.0,-3,7,-0.620151014884641,1.2998060243344298,,,,,,,12,,True
13004,UNetPP,no_n2v,1,106,63.0,81.0,-2,8,1.2107518546929015,2.232859871132746,-0.047457708011213504,-0.013183802259274452,-0.010612870912634036,-0.03788681538216551,-0.060641510270487954,0.02015708765872277,12,1.6941271635422073,False
13004,UNetPP,no_n2v,1,107,56.0,102.0,-1,9,0.04165472427044392,1.165913717931062,,,,,,,12,,True
13004,UNetPP,no_n2v,1,108,77.0,199.0,5,11,0.5154248881997887,-1.724895990196444,,,,,,,12,,True
13004,UNetPP,no_n2v,1,109,239.0,66.0,3,-2,-1.803410248179091,-1.1861188533157474,,,,,,,12,,True
13004,UNetPP,no_n2v,1,110,220.0,191.0,9,3,0.3040952059022004,-0.4600789697552159,,,,,,,12,,True
13004,UNetPP,no_n2v,1,111,243.0,103.0,5,-1,-0.01951627240796938,-0.19229435694846586,,,,,,,12,,True
13853,UNetPP,no_n2v,1,0,33.0,12.0,-2,1,-0.9855688727293881,0.18658605709518383,,,,,,,12,,True
13853,UNetPP,no_n2v,1,1,118.0,12.0,-4,-1,-0.35149565222945967,0.07714891179807637,,,,,,,12,,True
13853,UNetPP,no_n2v,1,2,246.0,12.0,-7,-4,1.0996141785204259,-0.08700680614758483,,,,,,,12,,True
13853,UNetPP,no_n2v,1,3,69.0,32.0,-2,0,-0.12585532668849453,0.35971103900464385,0.00672564614030576,0.005446277354274769,0.001286538073413708,-0.0029167083051921685,0.012171923494580529,0.001436793769825948,12,0.6051077247496492,False
13853,UNetPP,no_n2v,1,4,154.0,32.0,-4,-2,0.5082178938114339,0.2502738937075364,0.006797701263040487,0.007459882436755829,0.0022164207333564448,-0.0019462548944950996,0.014257583699796315,0.002241013575139177,12,0.5791709707553896,False
13853,UNetPP,no_n2v,1,5,19.0,51.0,0,1,-0.9002150011475436,-0.35772683378878867,,,,,,,12,,True
13853,UNetPP,no_n2v,1,6,62.0,52.0,-1,0,-0.08317839089757229,0.5875545935626576,0.008851942927272703,0.008700263350203694,-0.00031180502798098815,-0.001130762531512326,0.017552206277476397,0.00032089569800666253,12,0.5988890318934208,False
13853,UNetPP,no_n2v,1,7,55.0,72.0,0,0,-0.04050145510665004,0.8153981481206642,0.011888685674430213,0.011642784268897944,-0.005616678134803108,0.003951683015360939,0.023531469943328158,0.005618023686785773,12,0.9911676746064839,False
13853,UNetPP,no_n2v,1,8,132.0,91.0,-1,-2,-0.36375129881577095,-0.06619544261843657,0.007711596956773223,0.006951290878609526,-0.005435758410112097,0.006473540006295238,0.014662887835382749,0.005449035311523276,12,0.49169251403094594,False
13853,UNetPP,no_n2v,1,9,175.0,91.0,-2,-3,0.45328531143417194,-0.1209140152669903,0.006570061287130161,0.006730305655421621,-0.005313034970860853,0.0063853064782197835,0.013300366942551782,0.005313639069976683,12,0.5302827147401505,False
13853,UNetPP,no_n2v,1,10,217.0,91.0,-3,-4,0.2703219216841717,-0.17563258791554404,0.0066284075857798,-0.007361125936762151,-0.0046949276895557005,0.008398975386599786,-0.0007327183509823511,0.00842431647403741,12,0.9800693802617862,False
13853,UNetPP,no_n2v,1,11,47.0,92.0,1,0,-0.9978245193157278,1.043241702678671,0.005852279784316093,0.0023534232630906347,-0.0049502425944326165,0.0031729387032460037,0.008205703047406728,0.005250276276803483,12,1.4656212256873633,False
13853,UNetPP,no_n2v,1,12,76.0,130.0,2,-1,-0.095434037483912,-0.5557897608538553,0.0075094805162362515,0.005623245753178172,-0.0025983651999453537,-0.007431615497457791,0.013132726269414424,0.002764230834722247,12,0.7882935958904734,False
13853,UNetPP,no_n2v,1,13,118.0,130.0,1,-2,-0.2783974272339407,-0.6105083335024233,0.005247496068185189,0.009614272257904647,0.004726953709112107,-5.6908038139940036e-05,0.014861768326089837,0.0052068488494351264,12,0.5883602296839804,False
13853,UNetPP,no_n2v,1,14,33.0,131.0,3,0,-0.9124706477338762,0.4989288117947126,-0.013089159566927832,-0.019901836196176866,-0.0008218919828209658,0.0047086624435115606,-0.0329909957631047,0.0035040900595025193,12,1.4466824470119142,False
13853,UNetPP,no_n2v,1,15,26.0,150.0,4,0,-0.869793711942954,-0.2732276336473092,,,,,,,12,,True
13853,UNetPP,no_n2v,1,16,154.0,150.0,1,-3,0.5813161188069671,-0.43738335159295616,0.007065134489029071,-0.005730355038156816,0.0036978337794490355,-0.007319306347995011,0.0013347794508722557,0.007389527232544398,12,0.5184041831878416,False
13853,UNetPP,no_n2v,1,17,19.0,169.0,5,0,-0.8271167761520317,-1.045384079089274,,,,,,,12,,True
13853,UNetPP,no_n2v,1,18,147.0,170.0,2,-3,0.6239930545978609,-0.20953979703494952,0.011719768129307853,0.0017770651206872245,-0.0014791769059592733,-0.006653847174011872,0.013496833249995076,0.005186742725307635,12,0.6539673860392707,False
13853,UNetPP,no_n2v,1,19,189.0,170.0,1,-4,0.44102966484786066,-0.26425836968348904,0.0036549759244657023,0.002794010924508693,0.006184483381497245,-0.007148923282044135,0.006448986848974395,0.00619944754625792,12,0.6238861739130711,False
13853,UNetPP,no_n2v,1,20,98.0,190.0,4,-2,0.8496333801388403,0.07302233017162507,0.002931014345825303,-0.008327861362019398,-0.002447241393556007,-0.0020581155610217045,-0.005396847016194094,0.006138367941848047,12,0.6981474049302376,False
13853,UNetPP,no_n2v,1,21,140.0,190.0,3,-3,0.6666699903888116,0.01830375752308555,0.013098746015077432,-0.003536304247552586,-0.006062446799573037,0.002176523546678565,0.009562441767524845,0.010292447984212022,12,0.6903762636328581,False
13853,UNetPP,no_n2v,1,22,183.0,190.0,2,-4,1.4837066006387545,-0.03641481512548239,0.0011995054151254165,0.00728956247097866,-0.002882620079143307,-0.0031700076820439724,0.008489067886104077,0.004193053452624607,12,0.5775859501295548,False
13853,UNetPP,no_n2v,1,23,217.0,209.0,2,-5,0.34342014667964804,-0.8632898332160437,-0.014162537576117818,-0.004624840816982236,-0.012045513109928399,0.012849852801815343,-0.018787378393100053,0.012955165029777246,12,1.2035566230012007,False
13853,UNetPP,no_n2v,1,24,40.0,230.0,7,-1,-0.8820493585292866,0.5834280119362063,,,,,,,12,,True
13853,UNetPP,no_n2v,1,25,83.0,230.0,6,-2,-0.06501274827931525,0.5287094392876384,,,,,,,12,,True
13853,UNetPP,no_n2v,1,26,125.0,230.0,5,-3,-0.24797613802935814,0.4739908666390704,,,,,,,12,,True
13853,UNetPP,no_n2v,1,27,168.0,230.0,4,-4,0.569060472220599,0.4192722939905309,,,,,,,12,,True
13853,UNetPP,no_n2v,1,28,196.0,32.0,-5,-3,0.32525450406143364,0.19555532105898976,0.00826182630222061,0.008733741234114833,0.005502345778165027,0.001031763906377341,0.016995567536335444,0.005507402744327554,12,0.5565654360916247,False
13853,UNetPP,no_n2v,1,29,90.0,91.0,0,-1,-0.18078790906575648,-0.011476869969882841,0.0029990487449635967,-0.00903966397236049,-0.0051471727879398455,-0.004703124175432496,-0.006040615227396894,0.007919977189454122,12,0.6731586550525702,False
13853,UNetPP,no_n2v,1,30,246.0,130.0,-2,-5,1.172712403515959,-0.7746640514480703,,,,,,,12,,True
13853,UNetPP,no_n2v,1,31,196.0,150.0,0,-4,0.39835272905691,-0.4921019242415241,0.007295232755401515,-0.007489240265469753,0.006943652839266917,-0.004398742078195882,-0.00019400751006823803,0.01014196605094284,12,0.49278834805608135,False
13853,UNetPP,no_n2v,1,32,62.0,171.0,4,-1,-0.0100801659020604,0.899897348262158,0.013260580830142114,0.004373505714318801,0.006037719061461129,0.0028638502677284577,0.017634086544460914,0.007496604397572447,12,0.631206380963487,False
13853,UNetPP,no_n2v,1,33,161.0,11.0,-5,-2,0.4655409580205401,-0.9775696608504703,,,,,,,12,,True
13853,UNetPP,no_n2v,1,34,76.0,12.0,-3,0,-0.16853226247943098,0.1318674844466301,,,,,,,12,,True
13853,UNetPP,no_n2v,1,35,203.0,12.0,-6,-3,0.28257756827048297,-0.032288233499031094,,,,,,,12,,True
13853,UNetPP,no_n2v,1,36,239.0,32.0,-6,-4,1.1422911143113765,0.14083674841042182,,,,,,,12,,True
13853,UNetPP,no_n2v,1,37,104.0,51.0,-2,-1,-0.26614178064760097,-0.46716397908589613,0.0059577546507373425,-0.0073414230327580356,-0.002201363409588564,-0.004854727125822997,-0.001383668382020693,0.007004500883387106,12,0.43080833383685724,False
13853,UNetPP,no_n2v,1,38,147.0,51.0,-3,-2,0.5508948296023846,-0.521882551734457,0.008820695027001876,-0.007224840234128546,0.00197604154426023,0.0010863119216722988,0.0015958547928733302,0.008262538389543935,12,0.520658865696434,False
13853,UNetPP,no_n2v,1,39,189.0,52.0,-4,-3,0.36793143985232746,0.4233988756169964,0.005991984630965563,-0.00319762061092603,0.005867515508104857,0.003166065028457197,0.0027943640200395335,0.007452512956265246,12,0.4735149135541074,False
13853,UNetPP,no_n2v,1,40,140.0,71.0,-2,-2,0.5935717653932784,-0.2940389971764432,0.010417390542661843,0.004861650057513964,-0.005689008032230675,0.005809188918841071,0.015279040600175807,0.006330985347903037,12,0.476094647104793,False
13853,UNetPP,no_n2v,1,41,83.0,110.0,1,-1,-0.13811097327483424,-0.783633315411862,0.006079257083524215,-0.011563023137089777,-0.00477083151510963,-0.007700345618191433,-0.005483766053565563,0.010028626336205281,12,0.662742214857595,False
13853,UNetPP,no_n2v,1,42,210.0,111.0,-2,-4,0.3129988574750655,0.05221096664246261,0.005333818722517315,-3.378647529574816e-05,-0.0023753938439802025,-0.0032948140687089787,0.005300032247221567,0.003584032966354592,12,0.9493929568286332,False
13853,UNetPP,no_n2v,1,43,232.0,170.0,0,-5,1.2580662750978036,-0.318976942332057,,,,,,,12,,True
13853,UNetPP,no_n2v,1,44,55.0,190.0,5,-1,0.03259676988886184,0.1277409028201646,0.016752894854478683,-0.006312899943359595,0.0021000821002625895,0.010631295015051742,0.010439994911119087,0.011722545254416345,12,0.8053355602271458,False
13853,UNetPP,no_n2v,1,45,225.0,190.0,1,-5,1.3007432108887542,-0.09113338777405033,-0.0027716310913933197,-0.0087359175650644,-0.00806887157298137,0.007507084929827666,-0.011507548656457721,0.008602317521823454,12,0.9900359259510728,False
13853,UNetPP,no_n2v,1,46,132.0,209.0,4,-3,-0.2906530738202946,-0.7538526879189362,0.008031302175286198,0.008953161546020934,-0.008379001968216256,0.005795641356383367,0.01698446372130713,0.008391670284170176,12,0.6433653614541976,False
13853,UNetPP,no_n2v,1,47,175.0,210.0,3,-4,0.5263835364297051,0.19142873943252425,0.006369277082842696,0.005907878448889948,-0.00870470738710358,0.001971985806084922,0.012277155531732644,0.008707763942020306,12,0.6892233616735188,False
13853,UNetPP,no_n2v,1,48,210.0,229.0,3,-5,0.3860970824705987,-0.6354462786580086,,,,,,,12,,True
13853,UNetPP,no_n2v,1,49,111.0,32.0,-3,-1,-0.3088187164385374,0.304992466356083,0.00815180641625688,-0.008606716746607634,5.3006907765178104e-05,-0.004347049805224592,-0.00045491033035075304,0.008379429239652151,12,0.5458301958770001,False
13853,UNetPP,no_n2v,1,50,232.0,52.0,-5,-4,1.1849680501023272,0.3686803029684427,,,,,,,12,,True
13853,UNetPP,no_n2v,1,51,12.0,71.0,1,1,-0.8575380653566214,-0.12988327923078202,,,,,,,12,,True
13853,UNetPP,no_n2v,1,52,97.0,71.0,-1,-1,-0.22346484485667872,-0.23932042452788949,0.002927072905164875,-0.0016779914149095043,-0.005224374863864458,-0.00482723963208475,0.0012490814902553708,0.005709268522865631,12,0.5543898090557254,False
13853,UNetPP,no_n2v,1,53,182.0,71.0,-3,-3,0.4106083756432781,-0.34875756982499695,0.004559791208584665,-0.0052001733121985645,0.001461005218668497,0.006147082427448081,-0.0006403821036138997,0.0050939928455695175,12,0.44989638327997555,False
13853,UNetPP,no_n2v,1,54,225.0,72.0,-4,-4,1.227644985893221,0.5965238575264493,0.007870525999875824,-0.007922204737410472,-0.005877959159427263,0.0067536221233494165,-5.1678737534647384e-05,0.009843931628927625,12,0.8995317674214028,False
13853,UNetPP,no_n2v,1,55,125.0,111.0,0,-2,-0.3210743630248629,0.16164811193957007,0.004528059215556272,-0.002056699041632197,0.003577093593312806,0.0029736428351341392,0.0024713601739240745,0.004861621015846716,12,0.5382085090153537,False
13853,UNetPP,no_n2v,1,56,167.0,111.0,-1,-3,-0.5040377527748774,0.10692953929103055,0.00577912034042669,0.0043793223426504225,0.0013470956182754107,-0.0014844650386394863,0.010158442683077112,0.001518066274383771,12,0.47604221754787235,False
13853,UNetPP,no_n2v,1,57,40.0,112.0,2,0,-0.9551475835248056,1.2710852572366775,-0.0020087998660457585,-0.009636312249675158,-0.0012379421792717488,0.0007638775181500865,-0.011645112115720916,0.0040096430177542055,12,1.3484881644245748,False
13853,UNetPP,no_n2v,1,58,161.0,131.0,0,-3,0.5386391830160164,0.3347730938490372,0.0025285448827028745,-0.008939398928658844,0.010747105576076717,-0.0072223798208870815,-0.006410854045955969,0.012181080086694966,12,0.5814059473202354,False
13853,UNetPP,no_n2v,1,59,203.0,131.0,-1,-4,0.35567579326601617,0.2800545212004977,0.010508590156886162,-0.005208694643999274,0.0031530846267669556,-0.004761915555020196,0.005299895512886888,0.008467597241342446,12,0.9385800145938257,False
13853,UNetPP,no_n2v,1,60,69.0,150.0,3,-1,-0.05275710169297554,-0.3279462062958487,0.008335517370047086,0.019292803924144224,0.002672686734722141,-0.004068464542172979,0.027628321294191308,0.006095800729937715,12,0.9182085396449025,False
13853,UNetPP,no_n2v,1,61,111.0,151.0,2,-2,-0.23572049144301843,0.6173352210556118,0.006588954705342274,0.02120236126835486,0.00036857435028269303,-0.006207566433723661,0.027791315973697134,0.007315993431903908,12,0.67028845087607,False
13853,UNetPP,no_n2v,1,62,239.0,151.0,-1,-5,1.2153893393069097,0.4531795031099364,,,,,,,12,,True
13853,UNetPP,no_n2v,1,63,104.0,171.0,3,-2,-0.19304355565208198,0.8451787756136184,0.003569888468417029,0.0001939317441896011,0.004804223735419512,-0.008320731437729633,0.00376382021260663,0.0050921347832645104,12,0.6844037580488599,False
13853,UNetPP,no_n2v,1,64,47.0,209.0,6,-1,-0.9247262943202088,-0.6444155426218003,0.0074315389506849775,0.007682835454113046,-0.0009299132844658338,0.008426815468161295,0.015114374404798023,0.0009383635754785178,12,1.3874813938553394,False
13853,UNetPP,no_n2v,1,65,90.0,210.0,5,-2,-0.10768968407023749,0.3008658847296317,0.006892479489452044,0.0019651989369328707,-0.006037966961924776,0.004690056197065755,0.008857678426384914,0.006521239793482795,12,0.7747308543894201,False
13853,UNetPP,no_n2v,1,66,26.0,31.0,-1,1,-0.9428919369384658,-0.5855703883468024,,,,,,,12,,True
13853,UNetPP,no_n2v,1,67,12.0,190.0,6,0,-0.7844398403611024,0.18245947546873253,,,,,,,12,,True
13853,UNetPP,no_n2v,1,68,6.0,90.0,2,1,0.18513887043430088,-0.9020397246727754,,,,,,,12,,True
13853,UNetPP,no_n2v,1,69,6.0,209.0,7,0,0.2582370954298199,-0.5896969699732608,,,,,,,12,,True
13853,UNetPP,no_n2v,1,70,250.0,230.0,2,-6,-1.7968663072794584,0.30983514869342343,,,,,,,12,,True
13853,UNetPP,no_n2v,1,71,250.0,110.0,-3,-5,-1.8699645322749348,-1.0025076060060911,,,,,,,12,,True
13853,UNetPP,no_n2v,1,72,2.0,111.0,3,1,3.2278158062252302,0.3258038298852455,,,,,,,12,,True
13853,UNetPP,no_n2v,1,73,2.0,229.0,8,0,3.300914031220742,-0.3618534154152542,,,,,,,12,,True
11044,UNetPP,no_n2v,1,0,110.0,26.0,-9,2,0.2620442442493385,0.051819573000926766,-0.0011965906439803532,0.006248248576605164,0.004557032331981058,-0.004614781696954982,0.005051657932624811,0.005884127074580631,12,0.3842655047518262,False
11044,UNetPP,no_n2v,1,1,131.0,26.0,-10,0,0.2317925570948205,0.046336232612958383,-0.0011965906439806025,0.006248248576604793,0.004557032331981326,-0.0046147816969548455,0.005051657932624191,0.0058841270745808,12,0.3842655047518272,False
11044,UNetPP,no_n2v,1,2,152.0,26.0,-11,-2,0.2015408699402883,0.04085289222499,-0.0014882183604620748,-0.010271554895701319,0.0049702505843438605,-0.004207617464513803,-0.011759773256163394,0.0066325063923065785,12,0.49076694242447305,False
11044,UNetPP,no_n2v,1,3,173.0,26.0,-12,-4,0.1712891827857561,0.035369551836978985,-0.001441567892005592,-0.01248164392393761,0.004812811762048429,-0.005070512398875905,-0.013923211815943201,0.0073235221549894725,12,0.3926663592914018,False
11044,UNetPP,no_n2v,1,4,194.0,26.0,-13,-6,0.14103749563122392,0.02988621144899639,0.013367538071656894,-0.016493228584875952,-0.002095991739468554,0.0034607368104585833,-0.003125690513219058,0.015076787711608077,12,0.3903858703646504,False
11044,UNetPP,no_n2v,1,5,68.0,38.0,-6,6,0.32166843402285394,-0.07566056630614071,0.006421295155980863,-0.006011604201499277,0.00541212688379604,-0.008170328945981704,0.00040969095448158653,0.008242291187201246,12,0.40160730018421115,False
11044,UNetPP,no_n2v,1,6,89.0,38.0,-7,4,0.29141674686833596,-0.0811439066941233,0.002414481533629253,-0.0066942375236636025,-0.0012259310085368208,0.0038288024809216125,-0.004279755990034349,0.0047164708791494325,12,0.4025421114209417,False
11044,UNetPP,no_n2v,1,7,110.0,38.0,-8,2,0.261165059713818,-0.0866272470821059,-0.001435755386052812,-0.011405626725952935,-0.003885632865608157,0.003627870878973304,-0.012841382112005747,0.006320421378344543,12,0.2621106833100712,False
11044,UNetPP,no_n2v,1,8,131.0,38.0,-9,0,0.2309133725592858,-0.0921105874701027,-0.0014357553860529504,-0.011405626725953267,-0.0038856328656078957,0.0036278708789735316,-0.012841382112006217,0.006320421378344458,12,0.26211068331007076,False
11044,UNetPP,no_n2v,1,9,152.0,38.0,-10,-2,0.2006616854047536,-0.09759392785807108,-0.0014357553860528808,-0.011405626725953476,-0.0038856328656080128,0.0036278708789733104,-0.012841382112006357,0.00632042137834464,12,0.26211068331007287,False
11044,UNetPP,no_n2v,1,10,173.0,38.0,-11,-4,0.17040999825024983,-0.10307726824605368,-0.001435755386053003,-0.011405626725952932,-0.0038856328656080986,0.0036278708789734284,-0.012841382112005934,0.00632042137834443,12,0.26211068331007015,False
11044,UNetPP,no_n2v,1,11,194.0,38.0,-12,-6,0.14015831109571764,-0.10856060863406469,0.001434849565665764,-0.01190001661251847,-0.008286779543099561,0.008742729932375905,-0.010465167046852705,0.01063604151897941,12,0.29979525974273596,False
11044,UNetPP,no_n2v,1,12,215.0,38.0,-13,-8,0.10990662394118544,-0.11404394902203308,0.010629815327108313,-0.01322668018526008,-5.722069434565755e-05,0.011749806798919977,-0.0025968648581517657,0.01192838500136438,12,0.33819729828944883,False
11044,UNetPP,no_n2v,1,13,78.0,44.0,-6,5,-0.1938970018221653,-0.14762564654166965,-0.0005329862294911133,-0.009676418868261254,-0.003068008453051427,0.0029678768304151454,-0.010209405097752366,0.005505748448024736,12,0.4533666496480546,False
11044,UNetPP,no_n2v,1,14,225.51279928461923,44.40296547298777,-13,-9,0.10714047271540039,0.2169564437302256,0.02252774253151261,-0.013182900516861313,-0.0019372430580616214,0.002618105282284234,0.009344842014651298,0.017960106274688414,12,0.4665363512315367,False
11044,UNetPP,no_n2v,1,15,15.01501666018326,56.38623919354785,-2,11,-0.08900446471085743,0.11661674808709677,,,,,,,12,,True
11044,UNetPP,no_n2v,1,16,36.0,56.0,-3,9,-0.13427281204864983,-0.27510578584875134,-0.0008393177181366422,-0.01851893126902896,0.0038845322516129206,-0.010188875640859752,-0.019358248987165604,0.009655660238484201,12,0.49711968107823185,False
11044,UNetPP,no_n2v,1,17,215.0,62.0,-11,-8,0.10814825487011603,-0.3909375891881268,0.013228582372666572,-0.004575288035413336,5.832709932475426e-05,0.0009204881243992454,0.008653294337253236,0.008902126286873351,12,0.46909497381093274,False
11044,UNetPP,no_n2v,1,18,246.74892410428978,80.70368757141064,-11,-11,0.31037605162484283,0.09685474151595486,,,,,,,12,,True
11044,UNetPP,no_n2v,1,19,15.0,93.0,1,11,-0.10665867850070754,0.31503709429009064,,,,,,,12,,True
11044,UNetPP,no_n2v,1,20,36.0,93.0,0,9,-0.13691036565523973,0.30955375390209383,-0.00144113833497425,0.006365327645045307,0.005767446906092187,-0.0008575789091528107,0.004924189310071056,0.006964098763579752,12,0.41156176302185243,False
11044,UNetPP,no_n2v,1,21,78.0,93.0,-2,5,-0.1974137399642757,0.29858707312612864,-0.002464760222626916,-0.008124434834717044,0.0031225644565633253,-0.005275086642882459,-0.010589195057343959,0.004214070237202627,12,0.37243465506130347,False
11044,UNetPP,no_n2v,1,22,247.0,93.0,-10,-11,0.5605727627995236,0.2547203500222537,,,,,,,12,,True
11044,UNetPP,no_n2v,1,23,68.0,99.0,-1,6,0.31727251134520884,0.2321053332785965,-0.0014411755246108884,-0.011405626725953038,0.0035555453276110726,-0.0038133073142456422,-0.012846802250563926,0.006120823025760439,12,0.262110683310073,False
11044,UNetPP,no_n2v,1,24,89.0,99.0,-2,4,0.28702082419069086,0.2266219928906139,-0.0014415678920056115,-0.010329609527968473,0.004812750412241507,-0.005070573748683595,-0.011771177419974084,0.006550716568527686,12,0.392666359291401,False
11044,UNetPP,no_n2v,1,25,110.0,99.0,-3,2,0.2567691370361729,0.2211386525026171,-0.0014415678920057108,-0.010329609527968589,0.0048127504122416525,-0.00507057374868355,-0.011771177419974299,0.0065507165685277985,12,0.3926663592913987,False
11044,UNetPP,no_n2v,1,26,131.0,99.0,-4,0,0.2265174498816407,0.21565531211464872,-0.0014415678920055703,-0.010329609527968608,0.004812750412241563,-0.00507057374868345,-0.011771177419974178,0.006550716568527787,12,0.3926663592914013,False
11044,UNetPP,no_n2v,1,27,152.0,99.0,-5,-2,0.1962657627271085,0.21017197172665192,-0.0014415678920053358,-0.010329609527968438,0.004812750412241625,-0.0050705737486838,-0.011771177419973773,0.006550716568527854,12,0.3926663592913992,False
11044,UNetPP,no_n2v,1,28,173.0,99.0,-6,-4,0.16601407557260472,0.20468863133866932,-0.0013556526601730236,-0.004593473481576732,0.003004446979414643,-0.005596678369421207,-0.005949126141749756,0.003412854021195841,12,0.42725602655602285,False
11044,UNetPP,no_n2v,1,29,194.0,99.0,-7,-6,0.13576238841807253,0.19920529095068673,-0.0015267759481427503,-0.0045973022109889764,0.005337360838229207,-0.0032637604147005657,-0.006124078159131727,0.0055537783175213145,12,0.4272839283061977,False
11044,UNetPP,no_n2v,1,30,215.0,99.0,-8,-8,0.10551070126354034,0.19372195056270414,-0.0014415678920056685,-0.010329609527968093,0.004812750412240581,-0.005070573748682354,-0.011771177419973761,0.006550716568526857,12,0.39266635929139343,False
11044,UNetPP,no_n2v,1,31,236.0,99.0,-9,-10,0.07525901410900815,0.18823861017472154,0.026896128291980716,-0.005349898404754871,0.00042355340796559806,-0.002968306841503604,0.021546229887225845,0.016128575787125322,12,0.37079024884932005,False
11044,UNetPP,no_n2v,1,32,47.0,111.0,1,8,0.3466450139642063,0.09914185358351801,-0.0014357553860528225,-0.011405626725953166,-0.0038856328656080475,0.0036278708789732558,-0.012841382112005988,0.006320421378344563,12,0.26211068331007137,False
11044,UNetPP,no_n2v,1,33,68.0,111.0,0,6,0.31639332680968835,0.09365851319554963,-0.0014357553860528099,-0.011405626725953341,-0.003885632865607943,0.0036278708789734375,-0.012841382112006151,0.006320421378344572,12,0.26211068331007176,False
11044,UNetPP,no_n2v,1,34,89.0,111.0,-1,4,0.28614163965517037,0.08817517280755283,-0.0014357553860527515,-0.011405626725953223,-0.003885632865608087,0.0036278708789732684,-0.012841382112005974,0.006320421378344637,12,0.2621106833100703,False
11044,UNetPP,no_n2v,1,35,131.0,111.0,-3,0,0.22563826534610598,0.07720849203158764,-0.0014357553860529413,-0.011405626725953176,-0.0038856328656080275,0.0036278708789733963,-0.012841382112006118,0.0063204213783445064,12,0.2621106833100715,False
11044,UNetPP,no_n2v,1,36,152.0,111.0,-4,-2,0.1953865781916022,0.07172515164360505,-0.0014357553860527435,-0.011405626725952989,-0.003885632865608048,0.003627870878973403,-0.012841382112005733,0.006320421378344524,12,0.2621106833100707,False
11044,UNetPP,no_n2v,1,37,173.0,111.0,-5,-4,0.16513489103707002,0.06624181125562245,-0.0014357553860527687,-0.011405626725953025,-0.003885632865607983,0.003627870878973297,-0.012841382112005794,0.006320421378344488,12,0.26211068331007004,False
11044,UNetPP,no_n2v,1,38,194.0,111.0,-6,-6,0.13488320388253783,0.06075847086762565,-0.0014357553860529996,-0.011405626725953058,-0.003885632865607918,0.003627870878973186,-0.012841382112006057,0.00632042137834437,12,0.2621106833100753,False
11044,UNetPP,no_n2v,1,39,215.0,111.0,-7,-8,0.10463151672803406,0.055275130479657264,-0.001435755386053018,-0.011405626725952881,-0.00388563286560778,0.003627870878973309,-0.0128413821120059,0.006320421378344208,12,0.2621106833100752,False
11044,UNetPP,no_n2v,1,40,236.0,111.0,-8,-10,0.07437982957350187,0.04979179009166046,0.027300866523574857,-0.01091874856961387,-0.0008495761304531214,0.0002782416782416711,0.016382117953960988,0.019128683281117668,12,0.3215700548490972,False
11044,UNetPP,no_n2v,1,41,15.0,117.0,3,11,-0.10841704757176274,0.03814345412398268,,,,,,,12,,True
11044,UNetPP,no_n2v,1,42,36.0,117.0,2,9,-0.13866873472629493,0.032660113736000085,-0.0014357553860529849,-0.011405626725953162,-0.003885632865608188,0.0036278708789732523,-0.012841382112006148,0.006320421378344583,12,0.26211068331007265,False
11044,UNetPP,no_n2v,1,43,78.0,117.0,0,5,-0.1991721090353451,0.021693432960020687,-0.0014357553860527505,-0.011405626725953253,-0.003885632865608015,0.0036278708789733473,-0.012841382112006004,0.0063204213783446045,12,0.2621106833100703,False
11044,UNetPP,no_n2v,1,44,120.0,117.0,-2,1,-0.25967548334438106,0.010726752184055499,-0.0014357553860530603,-0.011405626725953043,-0.0038856328656078883,0.0036278708789734375,-0.012841382112006102,0.0063204213783443226,12,0.2621106833100712,False
11044,UNetPP,no_n2v,1,45,247.0,117.0,-8,-11,0.5588143937284826,-0.022173290143854274,,,,,,,12,,True
11044,UNetPP,no_n2v,1,46,15.0,129.0,4,11,-0.10929623210729744,-0.1003033659590642,,,,,,,12,,True
11044,UNetPP,no_n2v,1,47,36.0,129.0,3,9,-0.13954791926181542,-0.105786706347061,-0.0014411755246110658,-0.011405626725953218,0.0035555453276109347,-0.0038133073142457767,-0.012846802250564284,0.00612082302576036,12,0.2621106833100713,False
11044,UNetPP,no_n2v,1,48,173.0,135.0,-3,-4,0.1633765219660006,-0.21065182891049972,-0.0014411755246108119,-0.01140562672595325,0.0035555453276107014,-0.003813307314245369,-0.012846802250564062,0.00612082302576034,12,0.2621106833100696,False
11044,UNetPP,no_n2v,1,49,215.0,135.0,-5,-8,0.10287314765696465,-0.22161850968643648,-0.0014411755246110658,-0.011405626725953143,0.003555545327611161,-0.0038133073142457698,-0.01284680225056421,0.0061208230257604615,12,0.26211068331008003,False
11044,UNetPP,no_n2v,1,50,236.0,135.0,-6,-10,0.07262146050243246,-0.2271018500744333,0.030202420346940786,-0.01003999763650261,0.0009136759238823495,-0.0008816931317493245,0.020162422710438176,0.02014194268144025,12,0.48247700726499304,False
11044,UNetPP,no_n2v,1,51,15.0,166.0,7,11,-0.11193378571387314,0.48435617379175255,,,,,,,12,,True
11044,UNetPP,no_n2v,1,52,25.0,184.0,8,10,-0.6283784060944271,0.27394427347320516,0.023215432721818682,-0.007331243196074823,-0.0018847647049337083,0.0005063220331439374,0.015884189525743858,0.015389190700006534,12,0.5532538078525316,False
11044,UNetPP,no_n2v,1,53,131.0,184.0,3,0,0.2203631581329546,0.24652757153327798,-0.0014357553860528613,-0.011405626725953397,-0.0038856328656078224,0.0036278708789731755,-0.012841382112006259,0.0063204213783444995,12,0.2621106833100711,False
11044,UNetPP,no_n2v,1,54,152.0,184.0,2,-2,0.1901114709784224,0.24104423114528117,-0.0014357553860527698,-0.011405626725953147,-0.0038856328656079408,0.003627870878973332,-0.012841382112005917,0.00632042137834451,12,0.26211068331007,False
11044,UNetPP,no_n2v,1,55,173.0,184.0,1,-4,0.1598597838238902,0.2355608907573128,-0.00143575538605313,-0.011405626725953313,-0.0038856328656081017,0.0036278708789735754,-0.012841382112006444,0.006320421378344532,12,0.26211068331007226,False
11044,UNetPP,no_n2v,1,56,194.0,184.0,0,-6,0.12960809666935802,0.230077550369316,-0.0014357553860527184,-0.011405626725953275,-0.0038856328656081663,0.003627870878973288,-0.012841382112005993,0.00632042137834472,12,0.2621106833100707,False
11044,UNetPP,no_n2v,1,57,215.0,184.0,-1,-8,0.09935640951485425,0.2245942099813476,0.000628586749354719,-0.011405626725953173,-0.0017257971624205443,0.0014680351757861317,-0.010777039976598454,0.00625970840679814,12,0.3353289790739025,False
11044,UNetPP,no_n2v,1,58,36.0,190.0,8,9,-0.14394384193946053,0.201979193237662,0.025475894452085257,-0.011405626725952973,-0.0007957775013141382,0.0005380155146792761,0.014070267726132284,0.01845792276864107,12,0.3653787342726744,False
11044,UNetPP,no_n2v,1,59,78.0,190.0,6,5,-0.2044472162485107,0.19101251246172524,-0.0014357553860529402,-0.011405626725953275,-0.003885632865608076,0.0036278708789734926,-0.012841382112006215,0.006320421378344577,12,0.26211068331007153,False
11044,UNetPP,no_n2v,1,60,247.0,190.0,-2,-11,0.5535392865153028,0.14714578935783607,,,,,,,12,,True
11044,UNetPP,no_n2v,1,61,36.0,202.0,9,9,-0.14482302647498102,0.06353237315462934,0.01909336374753273,-0.011405626725952852,-0.002837047114283459,0.002579285127648716,0.007687737021579877,0.015511155382630435,12,0.30504698182770823,False
11044,UNetPP,no_n2v,1,62,57.0,202.0,8,7,-0.1750747136295132,0.058049032766632536,0.0006251016373570733,-0.01140562672595304,0.0013947627570402342,-0.0016525247436747054,-0.010780525088595967,0.006174946913647524,12,0.3353169074611256,False
11044,UNetPP,no_n2v,1,63,78.0,202.0,7,5,-0.2053264007840312,0.05256569237866415,-0.0014411755246109023,-0.011405626725953508,0.003555545327611019,-0.003813307314245636,-0.01284680225056441,0.006120823025760593,12,0.26211068331007215,False
11044,UNetPP,no_n2v,1,64,120.0,202.0,5,1,-0.26582977509308137,0.041599011602670544,-0.0014411755246110166,-0.011405626725953147,0.003555545327611045,-0.003813307314245697,-0.012846802250564164,0.0061208230257604156,12,0.2621106833100726,False
11044,UNetPP,no_n2v,1,65,246.34249569338587,202.17876072415115,-1,-11,-0.10484420463436095,0.18745969342592161,,,,,,,12,,True
11044,UNetPP,no_n2v,1,66,131.0,208.0,5,0,0.21860478906188519,-0.030366068632815768,-0.001441175524611013,-0.011405626725952932,0.0035555453276112673,-0.0038133073142455533,-0.012846802250563946,0.006120823025760458,12,0.2621106833100728,False
11044,UNetPP,no_n2v,1,67,152.0,208.0,4,-2,0.188353101907353,-0.03584940902081257,-0.0014411755246108119,-0.011405626725953176,0.0035555453276109737,-0.0038133073142457403,-0.012846802250563989,0.006120823025760469,12,0.2621106833100733,False
11044,UNetPP,no_n2v,1,68,173.0,208.0,3,-4,0.15810141475284922,-0.04133274940880938,0.001777926534588962,-0.011405626725953117,0.008085732142755684,-0.008343494129390311,-0.009627700191364155,0.010432189771461209,12,0.2954440309688138,False
11044,UNetPP,no_n2v,1,69,215.0,208.0,1,-8,0.09759804044378484,-0.052299430184774565,0.01184933259321332,0.0004921179072566367,0.006075068382308733,-0.0036020196478864825,0.012341450500469956,0.008315830518081449,12,0.31291971611098207,False
11044,UNetPP,no_n2v,1,70,173.0,220.0,4,-4,0.15722223021731452,-0.17977956949184204,0.012819326888289576,-0.0012761031787129646,0.003667470147988211,-0.0009577805476811169,0.011543223709576611,0.00794484892743874,12,0.39241784206733993,False
11044,UNetPP,no_n2v,1,71,78.0,226.0,9,5,-0.2070847698551006,-0.22432794778745802,-0.0013938867273037834,0.002863188414019783,-0.006161975456476964,0.0016833968570561853,0.0014693016867159995,0.006519249474896881,12,0.39648051900732023,False
11044,UNetPP,no_n2v,1,72,110.0,245.0,9,2,0.24621892260982747,0.5597768115059978,,,,,,,12,,True
11044,UNetPP,no_n2v,1,73,131.0,245.0,8,0,0.2159672354553095,0.554293471118001,,,,,,,12,,True
11044,UNetPP,no_n2v,1,74,152.0,245.0,7,-2,0.1857155483007773,0.5488101307300326,,,,,,,12,,True
11044,UNetPP,no_n2v,1,75,173.0,245.0,6,-4,0.1554638611462451,0.5433267903420642,,,,,,,12,,True
11044,UNetPP,no_n2v,1,76,99.0,7.0,-10,3,-0.22151113537010758,-0.7377685266804974,,,,,,,12,,True
11044,UNetPP,no_n2v,1,77,120.0,7.0,-11,1,-0.25176282252462556,-0.7432518670684658,,,,,,,12,,True
11044,UNetPP,no_n2v,1,78,141.0,7.0,-12,-1,-0.28201450967915775,-0.7487352074564626,,,,,,,12,,True
11044,UNetPP,no_n2v,1,79,204.72652660443774,8.110831696221739,-15,-7,0.35375703329501107,0.34564646760131446,,,,,,,12,,True
11044,UNetPP,no_n2v,1,80,78.0,19.0,-8,5,-0.1921386327511101,-0.8707320063755617,0.021449278783721923,0.00278572793766312,0.011417064918651288,-0.013970709084609356,0.024235006721385042,0.014745555394848765,12,0.5067070831636643,False
11044,UNetPP,no_n2v,1,81,99.0,20.0,-9,3,-0.22239031990562808,0.12378465323645571,-0.000735347398342257,0.023324887989058882,0.010511106400638083,-0.002032879260966484,0.022589540590716627,0.01597520233016854,12,0.4972698107248703,False
11044,UNetPP,no_n2v,1,82,120.0,20.0,-10,1,-0.25264200706016027,0.11830131284847312,-0.001596730409264743,0.027188838398394196,0.009206429256442043,-0.00980463591854211,0.025592107989129455,0.01708539091004326,12,0.45929107538381614,False
11044,UNetPP,no_n2v,1,83,141.0,20.0,-11,-1,-0.28289369421469246,0.11281797246050473,-9.185522264923819e-05,0.010829783072091106,0.009933063333697272,-0.0019438407022493928,0.010737927849441869,0.011335179440640799,12,0.5974561003385106,False
11044,UNetPP,no_n2v,1,84,162.0,20.0,-12,-3,-0.31314538136919623,0.10733463207249372,-0.0017902829690671983,-0.023432027095726858,0.004586036599680361,-0.0025356386337296952,-0.025222310064794057,0.011752574352224272,12,0.5333422916753147,False
11044,UNetPP,no_n2v,1,85,183.0,20.0,-13,-5,-0.3433970685237284,0.10185129168452534,0.011374154620830156,-0.02359899701633774,0.0033943585939642806,-0.0025318725460339187,-0.012224842395507585,0.017812972916487133,12,0.39809329237167285,False
11044,UNetPP,no_n2v,1,86,67.0,26.0,-7,6,-0.6774523814416114,0.06278625377692038,0.004084160345115344,0.027219241893576926,0.0070900812763975895,-0.0007980184226466418,0.03130340223869227,0.013567507216486585,12,0.48904628658549915,False
11044,UNetPP,no_n2v,1,87,89.0,26.0,-8,4,0.29229593140385646,0.05730291338892357,0.007801472160053352,0.013773608073067505,0.010872039475823454,9.246942400336581e-05,0.021575080233120856,0.01127465494836724,12,0.44774498034670035,False
11044,UNetPP,no_n2v,1,88,215.01186161194653,26.134676093908656,-14,-8,0.12264742042324883,0.15907896496968377,0.011766694816783232,-0.013658711383327787,-0.006291609908101049,0.013960912334248832,-0.0018920165665445542,0.0141843990125023,12,0.4588893318967274,False
11044,UNetPP,no_n2v,1,89,36.08774995842673,44.315381957967354,-4,9,-0.04564366908638817,0.17872299220166354,5.161628538293569e-05,-0.014464832508160125,0.001400820276552796,-0.007197700096947756,-0.01441321622277719,0.007392166045286787,12,0.4083130403375686,False
11044,UNetPP,no_n2v,1,90,57.0,44.0,-5,7,-0.1636453146676473,-0.14214230615367285,-0.0002577425290655966,-0.01325449974085297,0.0001468913391698837,-0.004298325587860387,-0.013512242269918567,0.006500038582274716,12,0.3981426517661141,False
11044,UNetPP,no_n2v,1,91,99.0,44.0,-7,3,-0.22414868897669749,-0.15310898692963804,-0.001435755386052827,-0.011405626725953154,-0.0038856328656081056,0.003627870878973417,-0.012841382112005981,0.0063204213783445914,12,0.2621106833100719,False
11044,UNetPP,no_n2v,1,92,120.0,44.0,-8,1,-0.25440037613121547,-0.15859232731763484,-0.0014357553860528671,-0.011405626725953055,-0.003885632865608272,0.003627870878973543,-0.012841382112005922,0.006320421378344638,12,0.26211068331007237,False
11044,UNetPP,no_n2v,1,93,141.0,44.0,-9,-1,-0.28465206328573345,-0.16407566770561743,-0.0014357553860529346,-0.011405626725953381,-0.0038856328656080245,0.003627870878973544,-0.012841382112006316,0.006320421378344589,12,0.26211068331007364,False
11044,UNetPP,no_n2v,1,94,183.0,44.0,-11,-5,-0.34515543759479783,-0.1750423484815684,-0.0014357553860528671,-0.011405626725952992,-0.003885632865608399,0.003627870878973455,-0.01284138211200586,0.006320421378344692,12,0.2621106833100726,False
11044,UNetPP,no_n2v,1,95,57.0,56.0,-4,7,-0.1645244992031678,-0.28058912623673393,-0.0003803423863737982,-0.003695874618406549,0.005903126885531855,-0.004876345767378433,-0.004076217004780347,0.006131483957583273,12,0.4168348613312999,False
11044,UNetPP,no_n2v,1,96,78.0,56.0,-5,5,-0.1947761863577,-0.2860724666247165,-0.0013556526601729516,-0.004593473481577639,0.0030044469794147997,-0.005596678369421196,-0.00594912614175059,0.0034128540211962105,12,0.4272560265560318,False
11044,UNetPP,no_n2v,1,97,99.0,56.0,-6,3,-0.22502787351221798,-0.2915558070126991,-0.0014415678920057578,-0.010329609527968667,0.004812750412241448,-0.005070573748683443,-0.011771177419974424,0.006550716568527659,12,0.39266635929140026,False
11044,UNetPP,no_n2v,1,98,120.0,56.0,-7,1,-0.25527956066675017,-0.2970391474006817,-0.0014415678920055165,-0.010329609527968447,0.004812750412241508,-0.005070573748683423,-0.011771177419973963,0.00655071656852771,12,0.3926663592913992,False
11044,UNetPP,no_n2v,1,99,141.0,56.0,-8,-1,-0.28553124782126815,-0.3025224877886643,-0.0014415678920053484,-0.010329609527968558,0.004812750412242038,-0.005070573748684098,-0.011771177419973907,0.006550716568528193,12,0.392666359291405,False
11044,UNetPP,no_n2v,1,100,162.0,56.0,-9,-3,-0.31578293497580034,-0.3080058281766611,-0.0014415678920061729,-0.010329609527968566,0.0048127504122413,-0.005070573748683189,-0.01177117741997474,0.006550716568527375,12,0.39266635929139926,False
11044,UNetPP,no_n2v,1,101,183.0,56.0,-10,-5,-0.34603462213033254,-0.3134891685646295,-0.0014411755246108234,-0.01140562672595342,0.003555545327611007,-0.0038133073142457095,-0.012846802250564242,0.006120823025760584,12,0.2621106833100734,False
11044,UNetPP,no_n2v,1,102,226.0,56.0,-12,-9,0.5934620035606315,-0.3244558493406089,0.007411201980088318,-0.017875944170190696,0.0014597910220137107,0.0023726509305926897,-0.010464742190102377,0.012727565750541011,12,0.5063621715927329,False
11044,UNetPP,no_n2v,1,103,4.0,62.0,-1,12,-0.5893348735846189,-0.3361041853083009,,,,,,,12,,True
11044,UNetPP,no_n2v,1,104,26.0,62.0,-2,10,0.3804134392608489,-0.3415875256962835,0.010693231064969097,-0.017885808784234923,0.004741029916477051,-0.00940271539508145,-0.007192577719265826,0.01505548884442243,12,0.5197402978481558,False
11044,UNetPP,no_n2v,1,105,68.0,62.0,-4,6,0.31991006495179874,-0.35255420647224867,-0.0014411383349743438,0.01677815014209788,0.0031817022581232127,-0.003443323557122082,0.015337011807123537,0.009649292586093582,12,0.43507672435768346,False
11044,UNetPP,no_n2v,1,106,89.0,62.0,-5,4,0.28965837779728076,-0.35803754686023126,-0.001441138334974178,0.006367171942523486,0.0005929705582113673,-0.0060320552570338245,0.0049260336075493075,0.00394892914982333,12,0.41154465254248784,False
11044,UNetPP,no_n2v,1,107,110.0,62.0,-6,2,0.25940669064274857,-0.36352088724822806,-0.0014411383349743926,0.0033789850807009673,0.003181702103498654,-0.0034433237117465878,0.0019378467457265747,0.003991444063367697,12,0.4025329974704234,False
11044,UNetPP,no_n2v,1,108,131.0,62.0,-7,0,0.22915500348821638,-0.36900422763619645,-0.0014411383349740515,0.0033789850807010285,0.003181702103498647,-0.0034433237117465227,0.001937846745726977,0.003991444063367607,12,0.4025329974704234,False
11044,UNetPP,no_n2v,1,109,152.0,62.0,-8,-2,0.1989033163337126,-0.37448756802419325,-0.0014411383349742456,0.0033789850807011772,0.003181702103498528,-0.0034433237117466858,0.0019378467457269316,0.003991444063367616,12,0.4025329974704222,False
11044,UNetPP,no_n2v,1,110,173.0,62.0,-9,-4,0.16865162917918042,-0.37997090841217585,-0.0024647602226272602,-0.00812443483471766,0.0031225644565636987,-0.005275086642882448,-0.01058919505734492,0.0042140702372029945,12,0.3724346550613081,False
11044,UNetPP,no_n2v,1,111,194.0,62.0,-10,-6,0.13839994202464823,-0.38545424880015844,-0.00041834201722052745,-0.008128049459321812,0.005015553012726619,-0.0033810536044727962,-0.008546391476542339,0.006325793960774335,12,0.3724454110498893,False
11044,UNetPP,no_n2v,1,112,26.0,74.0,-1,10,0.3795342547253284,-0.48003434577933035,0.0036716303361932633,0.013201942390769777,0.0028976927568236535,0.006791996735518012,0.01687357272696304,0.005577036424244499,12,0.436241737343873,False
11044,UNetPP,no_n2v,1,113,110.0,74.0,-5,2,0.2585275061072281,-0.5019677073312607,-0.0014353472126676136,0.022840607984682685,-0.0035784303698523008,0.003310450983034461,0.021405260772015072,0.01265447209874126,12,0.37607666496556436,False
11044,UNetPP,no_n2v,1,114,131.0,74.0,-6,0,0.2282758189527101,-0.5074510477192575,-0.0014353472126674284,0.02284060798468277,-0.0035784303698524387,0.0033104509830344845,0.021405260772015343,0.012654472098741251,12,0.3760766649655639,False
11044,UNetPP,no_n2v,1,115,152.0,74.0,-7,-2,0.1980241317981779,-0.5129343881072259,-0.0014353472126671632,0.022840607984682706,-0.0035784303698526906,0.003310450983034242,0.021405260772015544,0.012654472098741164,12,0.376076664965564,False
11044,UNetPP,no_n2v,1,116,173.0,74.0,-8,-4,0.1677724446436457,-0.5184177284952227,-0.00034091501244572757,0.01604768329561081,-0.010399451034179951,-0.003721688932445012,0.01570676828316508,0.013239906360621093,12,0.3899581150945814,False
11044,UNetPP,no_n2v,1,117,194.0,74.0,-9,-6,0.13752075748914194,-0.5239010688832195,-0.0025301089319100913,0.01605005347477697,0.0034559723900837312,0.010134164404181937,0.013519944542866879,0.009912081210610506,12,0.38994871241656553,False
11044,UNetPP,no_n2v,1,118,215.0,74.0,-10,-8,0.10726907033460975,-0.5293844092711879,0.0028344413610254405,0.022752953801446756,-0.007215893847856778,0.006948627530727739,0.025587395162472194,0.012298614087910149,12,0.39163183575118826,False
11044,UNetPP,no_n2v,1,119,236.0,74.0,-11,-10,0.07701738318007756,-0.5348677496591563,0.01761368510048404,0.019787295701142297,-0.004677270078623458,0.004911064759400677,0.037400980801626335,0.00480187475359466,12,0.4483736028311494,False
11044,UNetPP,no_n2v,1,120,68.0,75.0,-3,6,0.31903088041627825,0.5089989734447045,-0.001435347212667672,0.022840607984682633,-0.0035784303698524495,0.003310450983034536,0.02140526077201496,0.012654472098741305,12,0.3760766649655629,False
11044,UNetPP,no_n2v,1,121,15.0,80.0,0,11,-0.10577949396517283,-0.5465160856268625,,,,,,,12,,True
11044,UNetPP,no_n2v,1,122,36.0,81.0,-1,9,-0.13603118111970502,0.4480005739851549,-0.0015086864304458246,0.024228517539356575,7.091016289699579e-05,0.008010775624712814,0.02271983110891075,0.012868797352394868,12,0.3677211494815404,False
11044,UNetPP,no_n2v,1,123,57.0,81.0,-2,7,-0.166282868274223,0.4425172335971581,-0.0025301089319099157,0.016050053474777008,0.003455972390083608,0.010134164404181994,0.013519944542867092,0.009912081210610399,12,0.38994871241656603,False
11044,UNetPP,no_n2v,1,124,78.0,81.0,-3,5,-0.1965345554287552,0.4370338932091755,-0.0003409150124458116,0.0160476832956107,-0.010399451034179961,-0.003721688932444701,0.015706768283164887,0.013239906360621093,12,0.38995811509457734,False
11044,UNetPP,no_n2v,1,125,99.0,81.0,-4,3,-0.22678624258327318,0.4315505528211929,-0.0014353472126674032,0.02284060798468273,-0.003578430369852455,0.003310450983034533,0.021405260772015326,0.012654472098741223,12,0.3760766649655641,False
11044,UNetPP,no_n2v,1,126,120.0,81.0,-5,1,-0.25703792973780537,0.42606721243321033,-0.001435347212667417,0.02284060798468277,-0.003578430369852539,0.0033104509830343878,0.021405260772015353,0.012654472098741274,12,0.3760766649655654,False
11044,UNetPP,no_n2v,1,127,141.0,81.0,-6,-1,-0.28728961689233756,0.42058387204522774,-0.0014353472126674444,0.022840607984682647,-0.003578430369852439,0.003310450983034517,0.021405260772015204,0.012654472098741197,12,0.3760766649655612,False
11044,UNetPP,no_n2v,1,128,57.0,93.0,-1,7,-0.1671620528097577,0.30407041351411124,-0.0004183420172207195,-0.008128049459321643,0.0050155530127264265,-0.0033810536044726024,-0.008546391476542363,0.006325793960774072,12,0.37244541104988776,False
11044,UNetPP,no_n2v,1,129,99.0,93.0,-3,3,-0.22766542711880788,0.29310373273814605,-0.0014411383349741847,0.0033789850807009526,0.0031817021034986053,-0.00344332371174658,0.001937846745726768,0.003991444063367591,12,0.4025329974704222,False
11044,UNetPP,no_n2v,1,130,120.0,93.0,-4,1,-0.25791711427332586,0.28762039235016346,-0.0014411383349742886,0.003378985080700955,0.003181702103498671,-0.003443323711746444,0.0019378467457266666,0.003991444063367675,12,0.4025329974704223,False
11044,UNetPP,no_n2v,1,131,141.0,93.0,-5,-1,-0.28816880142784385,0.28213705196218086,-0.0014411383349742114,0.0033789850807009443,0.003181702103498519,-0.0034433237117466116,0.001937846745726733,0.0039914440633675285,12,0.4025329974704217,False
11044,UNetPP,no_n2v,1,132,162.0,93.0,-6,-3,-0.31842048858237604,0.27665371157418406,-0.0014411383349741199,0.006367171942523471,0.0005929705582113478,-0.006032055257033812,0.004926033607549351,0.003948929149823292,12,0.41154465254248657,False
11044,UNetPP,no_n2v,1,133,183.0,93.0,-7,-5,-0.34867217573690823,0.2711703711862157,-0.0014411383349744768,0.016778150142097895,0.003181702258123138,-0.0034433235571220662,0.015337011807123418,0.009649292586093625,12,0.43507672435768246,False
11044,UNetPP,no_n2v,1,134,204.0,93.0,-8,-7,-0.3789238628914404,0.26568703079821887,-0.0014411383349743352,0.0063653276450454785,0.0057674469060923885,-0.0008575789091527525,0.004924189310071143,0.006964098763579989,12,0.41156176302185526,False
11044,UNetPP,no_n2v,1,135,26.0,99.0,1,10,0.377775885654259,0.2430720140545617,0.002566507280459208,-0.0021956157741845296,0.004333801392762984,-0.0013947009278005701,0.00037089150627467836,0.004944824416377868,12,0.44236264710164414,False
11044,UNetPP,no_n2v,1,136,47.0,99.0,0,8,0.34752419849974103,0.2375886736665791,-0.0014415678920055085,-0.010329609527968497,0.0048127504122413775,-0.005070573748683386,-0.011771177419974006,0.006550716568527634,12,0.39266635929139776,False
11044,UNetPP,no_n2v,1,137,4.0,111.0,3,12,-0.5928516117267435,0.11010853435949741,,,,,,,12,,True
11044,UNetPP,no_n2v,1,138,26.0,111.0,2,10,0.3768967011187385,0.10462519397151482,0.00676308887922047,-0.011405626725953015,-0.003924078756610704,0.003666316769975889,-0.004642537846732545,0.009895653125160666,12,0.2945814877821792,False
11044,UNetPP,no_n2v,1,139,110.0,111.0,-2,2,0.2558899525006382,0.08269183241957023,-0.0014357553860529517,-0.01140562672595314,-0.003885632865607993,0.003627870878973483,-0.012841382112006092,0.006320421378344467,12,0.2621106833100711,False
11044,UNetPP,no_n2v,1,140,57.0,117.0,1,7,-0.1689204218808129,0.02717677334800328,-0.001435755386052828,-0.011405626725953353,-0.0038856328656079386,0.0036278708789733508,-0.01284138211200618,0.006320421378344567,12,0.26211068331007137,False
11044,UNetPP,no_n2v,1,141,99.0,117.0,-1,3,-0.22942379618986308,0.016210092572038093,-0.001435755386052812,-0.011405626725953147,-0.003885632865608042,0.003627870878973349,-0.012841382112005958,0.006320421378344555,12,0.2621106833100718,False
11044,UNetPP,no_n2v,1,142,141.0,117.0,-3,-1,-0.28992717049891326,0.005243411796072905,-0.0014357553860527732,-0.011405626725953149,-0.003885632865607981,0.0036278708789732952,-0.012841382112005922,0.006320421378344533,12,0.26211068331007,False
11044,UNetPP,no_n2v,1,143,162.0,117.0,-4,-3,-0.32017885765344545,-0.0002399285919096883,-0.00143575538605274,-0.011405626725953076,-0.0038856328656080414,0.00362787087897341,-0.012841382112005816,0.006320421378344555,12,0.2621106833100707,False
11044,UNetPP,no_n2v,1,144,183.0,117.0,-5,-5,-0.3504305448079492,-0.005723268979892282,-0.001435755386052875,-0.011405626725953147,-0.003885632865608063,0.003627870878973274,-0.012841382112006021,0.006320421378344544,12,0.26211068331007287,False
11044,UNetPP,no_n2v,1,145,204.0,117.0,-6,-7,-0.3806822319624814,-0.011206609367889087,-0.0014357553860529207,-0.011405626725952763,-0.003885632865608026,0.0036278708789736812,-0.012841382112005684,0.006320421378344351,12,0.2621106833100781,False
11044,UNetPP,no_n2v,1,146,225.0,117.0,-7,-9,-0.4109339191170136,-0.01668994975585747,0.01226712963599374,-0.011405626725952854,-0.0020255641372593437,0.0017678021506245501,0.0008615029100408865,0.0120084452997535,12,0.25894470335531594,False
11044,UNetPP,no_n2v,1,147,57.0,129.0,2,7,-0.16979960641634761,-0.1112700467350578,-0.0014411755246109069,-0.01140562672595309,0.0035555453276110848,-0.0038133073142457732,-0.012846802250563996,0.006120823025760461,12,0.26211068331007265,False
11044,UNetPP,no_n2v,1,148,78.0,129.0,1,5,-0.2000512935708656,-0.11675338712302619,-0.0014411755246108817,-0.011405626725952989,0.003555545327611117,-0.0038133073142456475,-0.012846802250563871,0.006120823025760448,12,0.2621106833100722,False
11044,UNetPP,no_n2v,1,149,99.0,129.0,0,3,-0.23030298072538358,-0.12223672751102299,-0.0014411755246108268,-0.01140562672595295,0.003555545327611065,-0.003813307314245742,-0.012846802250563777,0.006120823025760424,12,0.26211068331007376,False
11044,UNetPP,no_n2v,1,150,120.0,129.0,-1,1,-0.26055466787991577,-0.12772006789899137,-0.0014411755246110875,-0.011405626725953017,0.0035555453276111706,-0.003813307314245637,-0.012846802250564105,0.006120823025760406,12,0.26211068331007187,False
11044,UNetPP,no_n2v,1,151,141.0,129.0,-2,-1,-0.29080635503444796,-0.13320340828698818,-0.001441175524610973,-0.011405626725953159,0.003555545327611012,-0.0038133073142458053,-0.012846802250564133,0.006120823025760418,12,0.26211068331007115,False
11044,UNetPP,no_n2v,1,152,162.0,129.0,-3,-3,-0.32105804218895173,-0.13868674867495656,-0.0014411755246109366,-0.011405626725953435,0.0035555453276109256,-0.0038133073142455976,-0.012846802250564372,0.006120823025760496,12,0.2621106833100717,False
11044,UNetPP,no_n2v,1,153,183.0,129.0,-4,-5,-0.3513097293434839,-0.14417008906295337,-0.0014411755246107204,-0.011405626725953223,0.003555545327611025,-0.0038133073142456284,-0.012846802250563944,0.006120823025760555,12,0.2621106833100722,False
11044,UNetPP,no_n2v,1,154,204.0,129.0,-5,-7,-0.3815614164980161,-0.14965342945092175,-0.001441175524611204,-0.011405626725952939,0.0035555453276111515,-0.00381330731424544,-0.012846802250564143,0.006120823025760316,12,0.2621106833100768,False
11044,UNetPP,no_n2v,1,155,225.0,129.0,-6,-9,-0.4118131036525483,-0.15513676983891855,0.012267427654058163,-0.011405626725952973,0.0016967937849215286,-0.001954555771556382,0.0008618009281051893,0.011957528384590582,12,0.2589573526546568,False
11044,UNetPP,no_n2v,1,156,247.0,129.0,-7,-11,0.5579352091929195,-0.16062011022688694,,,,,,,12,,True
11044,UNetPP,no_n2v,1,157,26.0,135.0,4,10,0.3751383320476833,-0.17226844619460735,-0.001441175524610916,-0.011405626725953166,0.0035555453276110214,-0.0038133073142458357,-0.012846802250564083,0.00612082302576045,12,0.2621106833100727,False
11044,UNetPP,no_n2v,1,158,47.0,135.0,3,8,0.34488664489315113,-0.17775178658257573,-0.001441175524611068,-0.011405626725952979,0.003555545327610936,-0.003813307314245785,-0.012846802250564046,0.006120823025760263,12,0.26211068331007137,False
11044,UNetPP,no_n2v,1,159,68.0,135.0,2,6,0.31463495773863315,-0.18323512697057254,-0.0014411755246109069,-0.011405626725952824,0.0035555453276112543,-0.0038133073142456,-0.01284680225056373,0.00612082302576045,12,0.2621106833100727,False
11044,UNetPP,no_n2v,1,160,89.0,135.0,1,4,0.28438327058410096,-0.18871846735854092,-0.00144117552461083,-0.011405626725952864,0.0035555453276110097,-0.0038133073142458014,-0.012846802250563694,0.006120823025760356,12,0.26211068331007376,False
11044,UNetPP,no_n2v,1,161,110.0,135.0,0,2,0.254131583429583,-0.19420180774653772,-0.001441175524610885,-0.011405626725952966,0.0035555453276111433,-0.0038133073142456123,-0.012846802250563852,0.006120823025760453,12,0.2621106833100722,False
11044,UNetPP,no_n2v,1,162,131.0,135.0,-1,0,0.223879896275065,-0.1996851481345061,-0.0014411755246111504,-0.011405626725953156,0.003555545327610975,-0.003813307314245796,-0.012846802250564306,0.006120823025760324,12,0.2621106833100703,False
11044,UNetPP,no_n2v,1,163,152.0,135.0,-2,-2,0.1936282091205328,-0.2051684885225029,-0.0014411755246109936,-0.011405626725953355,0.003555545327610935,-0.003813307314245642,-0.012846802250564348,0.006120823025760446,12,0.262110683310071,False
11044,UNetPP,no_n2v,1,164,194.0,135.0,-4,-6,0.13312483481149684,-0.2161351692984681,-0.0014411755246109387,-0.01140562672595318,0.0035555453276111125,-0.003813307314245403,-0.012846802250564119,0.0061208230257605,12,0.2621106833100717,False
11044,UNetPP,no_n2v,1,165,26.0,147.0,5,10,0.3742591475121486,-0.31071526627764,-0.0014354936260926464,0.009357702258540103,-0.006505760404542315,0.006243182500958487,0.007922208632447457,0.008452702987348125,12,0.3715030646301075,False
11044,UNetPP,no_n2v,1,166,47.0,147.0,4,8,0.34400746035763063,-0.3161986066656368,-0.0014357602592359761,0.008888084500842018,-0.0038392950207111567,0.003576740596938801,0.007452324241606042,0.006433166320996601,12,0.37705200033834635,False
11044,UNetPP,no_n2v,1,167,68.0,147.0,3,6,0.31375577320309844,-0.3216819470536052,-0.0014357602592358102,0.008888084500842153,-0.003839295020710812,0.003576740596939028,0.007452324241606343,0.006433166320996384,12,0.37705200033834607,False
11044,UNetPP,no_n2v,1,168,89.0,147.0,2,4,0.28350408604858046,-0.327165287441602,-0.001435760259235793,0.008888084500841952,-0.0038392950207112417,0.0035767405969388834,0.007452324241606159,0.006433166320996553,12,0.3770520003383467,False
11044,UNetPP,no_n2v,1,169,110.0,147.0,1,2,0.2532523988940625,-0.3326486278295704,-0.0014357602592357942,0.008888084500841978,-0.003839295020711034,0.0035767405969389264,0.0074523242416061845,0.006433166320996438,12,0.3770520003383491,False
11044,UNetPP,no_n2v,1,170,131.0,147.0,0,0,0.2230007117395303,-0.3381319682175672,-0.0014357602592359338,0.008888084500842003,-0.0038392950207110452,0.003576740596938772,0.007452324241606068,0.006433166320996512,12,0.37705200033834874,False
11044,UNetPP,no_n2v,1,171,152.0,147.0,-1,-2,0.1927490245849981,-0.343615308605564,-0.001435760259236103,0.008888084500841798,-0.0038392950207112296,0.0035767405969389754,0.007452324241605695,0.0064331663209966075,12,0.3770520003383505,False
11044,UNetPP,no_n2v,1,172,173.0,147.0,-2,-4,0.1624973374304659,-0.3490986489935324,-0.001435760259235713,0.008888084500842183,-0.0038392950207110695,0.00357674059693904,0.00745232424160647,0.0064331663209965095,12,0.3770520003383515,False
11044,UNetPP,no_n2v,1,173,194.0,147.0,-3,-6,0.13224565027596213,-0.3545819893815292,-0.0014357602592358514,0.008888084500842207,-0.003839295020710929,0.0035767405969389663,0.007452324241606356,0.006433166320996491,12,0.3770520003383474,False
11044,UNetPP,no_n2v,1,174,215.0,147.0,-4,-8,0.10199396312142994,-0.36006532976949757,-0.0014357602592356593,0.008888084500841708,-0.003839295020710976,0.0035767405969389394,0.007452324241606048,0.006433166320996242,12,0.37705200033835523,False
11044,UNetPP,no_n2v,1,175,236.0,147.0,-5,-10,0.07174227596692617,-0.36554867015749437,0.027794488142712882,0.009421623278513593,-0.00040662470236832937,0.0015911805893738633,0.037216111421226473,0.009195427367888255,12,0.43551390915327287,False
11044,UNetPP,no_n2v,1,176,15.0,153.0,6,11,-0.11105460117835264,-0.37719700612518636,,,,,,,12,,True
11044,UNetPP,no_n2v,1,177,36.0,153.0,5,9,-0.14130628833287062,-0.38268034651315475,0.0028248419207858974,0.02520670202765712,-0.008442294478119066,0.009688014778500594,0.028031543948443018,0.014018175755645528,12,0.40845053990033375,False
11044,UNetPP,no_n2v,1,178,57.0,153.0,4,7,-0.17155797548740281,-0.38816368690115155,-0.0014355778925259062,0.02500836156624095,-0.004761712938287309,0.004493910922863571,0.023572783673715042,0.014053269855495713,12,0.38466493206531044,False
11044,UNetPP,no_n2v,1,179,78.0,153.0,3,5,-0.2018096626419208,-0.39364702728911993,-0.001435577892525683,0.025008361566241036,-0.004761712938287392,0.004493910922863576,0.023572783673715354,0.014053269855495674,12,0.38466493206531416,False
11044,UNetPP,no_n2v,1,180,99.0,153.0,2,3,-0.232061349796453,-0.39913036767711674,-0.001435577892525514,0.025008361566240818,-0.00476171293828727,0.0044939109228636,0.023572783673715306,0.01405326985549545,12,0.38466493206531116,False
11044,UNetPP,no_n2v,1,181,120.0,153.0,1,1,-0.26231303695097097,-0.40461370806511354,-0.0014355778925259084,0.025008361566241095,-0.004761712938287656,0.0044939109228637085,0.023572783673715188,0.014053269855495898,12,0.3846649320653149,False
11044,UNetPP,no_n2v,1,182,141.0,153.0,0,-1,-0.29256472410548895,-0.4100970484530819,-0.001435577892525914,0.025008361566241324,-0.004761712938287706,0.004493910922863465,0.02357278367371541,0.014053269855496025,12,0.3846649320653203,False
11044,UNetPP,no_n2v,1,183,183.0,153.0,-2,-5,-0.35306809841455333,-0.4210637292290471,-0.001435577892525299,0.025008361566241498,-0.00476171293828739,0.004493910922863515,0.023572783673716197,0.014053269855495711,12,0.38466493206531677,False
11044,UNetPP,no_n2v,1,184,247.0,153.0,-5,-11,0.5561768401218785,-0.4375137503930091,,,,,,,12,,True
11044,UNetPP,no_n2v,1,185,36.0,166.0,6,9,-0.14218547286840533,0.47887283340378417,0.014120317299269415,0.022373991821082923,-0.003677043687405815,0.003448921257363801,0.03649430912035234,0.00552733534871002,12,0.4104449231572555,False
11044,UNetPP,no_n2v,1,186,57.0,166.0,5,7,-0.1724371600229233,0.47338949301578737,-0.001441353018138214,0.025008361566241033,0.004421585371501271,-0.0046893873869251045,0.02356700854810282,0.013944435004554867,12,0.38466493206531416,False
11044,UNetPP,no_n2v,1,187,78.0,166.0,4,5,-0.2026888471774555,0.467906152627819,-0.001441353018137998,0.025008361566240974,0.004421585371501282,-0.004689387386925002,0.023567008548102977,0.01394443500455474,12,0.3846649320653105,False
11044,UNetPP,no_n2v,1,188,99.0,166.0,3,3,-0.23294053433197348,0.4624228122398222,-0.0014413530181380803,0.02500836156624113,0.004421585371501091,-0.0046893873869251895,0.02356700854810305,0.013944435004554792,12,0.38466493206531643,False
11044,UNetPP,no_n2v,1,189,141.0,166.0,1,-1,-0.29344390864102365,0.451456131463857,-0.001441353018137727,0.025008361566241453,0.004421585371501143,-0.004689387386925453,0.023567008548103726,0.013944435004554794,12,0.3846649320653226,False
11044,UNetPP,no_n2v,1,190,183.0,166.0,-1,-5,-0.3539472829500596,0.4404894506878918,-0.001441353018138125,0.025008361566241276,0.004421585371501096,-0.004689387386925273,0.02356700854810315,0.013944435004554886,12,0.38466493206531777,False
11044,UNetPP,no_n2v,1,191,247.0,166.0,-4,-11,0.5552976555863438,0.4240394295239298,,,,,,,12,,True
11044,UNetPP,no_n2v,1,192,25.0,172.0,7,10,-0.6274992215589066,0.4123910935562378,0.013091354101289322,0.011416121397231858,-0.006936370982943587,0.0059779273204661615,0.02450747549852118,0.006986762023012355,12,0.4184757036583854,False
11044,UNetPP,no_n2v,1,193,47.0,172.0,6,8,0.34224909128657544,0.40690775316826944,0.012189916271678385,0.009153647125864417,0.0019179736162194946,-0.0020683996690484914,0.0213435633975428,0.0024460898131445532,12,0.37560603398712744,False
11044,UNetPP,no_n2v,1,194,68.0,172.0,5,6,0.31199740413204324,0.40142441278027263,-0.0014411706514280823,0.008888084500842167,0.0035044150455767397,-0.003766969469348516,0.007446913849414085,0.00624133822283651,12,0.37705200033834596,False
11044,UNetPP,no_n2v,1,195,89.0,172.0,4,4,0.28174571697752526,0.39594107239230425,-0.0014411706514279269,0.008888084500841999,0.0035044150455765086,-0.003766969469348865,0.007446913849414072,0.006241338222836246,12,0.3770520003383464,False
11044,UNetPP,no_n2v,1,196,110.0,172.0,3,2,0.25149402982299307,0.39045773200430745,-0.0014411706514281327,0.008888084500841968,0.003504415045576745,-0.003766969469348776,0.007446913849413836,0.006241338222836451,12,0.3770520003383524,False
11044,UNetPP,no_n2v,1,197,131.0,172.0,2,0,0.22124234266846088,0.38497439161633906,-0.001441170651427801,0.00888808450084211,0.00350441504557643,-0.003766969469348681,0.007446913849414309,0.006241338222836196,12,0.37705200033835073,False
11044,UNetPP,no_n2v,1,198,152.0,172.0,1,-2,0.1909906555139571,0.37949105122834226,-0.0014411706514279806,0.008888084500841957,0.0035044150455765507,-0.003766969469348583,0.007446913849413977,0.0062413382228362745,12,0.3770520003383504,False
11044,UNetPP,no_n2v,1,199,173.0,172.0,0,-4,0.16073896835942492,0.3740077108403739,-0.001441170651428015,0.008888084500842063,0.003504415045576491,-0.003766969469348601,0.007446913849414048,0.006241338222836299,12,0.37705200033834574,False
11044,UNetPP,no_n2v,1,200,194.0,172.0,-1,-6,0.13048728120489272,0.36852437045237707,-0.0014411706514279418,0.008888084500841734,0.003504415045576472,-0.0037669694693487454,0.007446913849413792,0.006241338222836122,12,0.37705200033835207,False
11044,UNetPP,no_n2v,1,201,215.0,172.0,-2,-8,0.10023559405038895,0.36304103006438027,-0.0014411706514278458,0.008888084500841957,0.003504415045576501,-0.0037669694693486097,0.007446913849414111,0.006241338222836191,12,0.3770520003383503,False
11044,UNetPP,no_n2v,1,202,236.0,172.0,-3,-10,0.06998390689585676,0.3575576896764119,0.027573168201430007,0.009146743557418256,0.00020786188902840194,-0.0018235452307269187,0.03671991175884826,0.009215556839131934,12,0.4768193936347828,False
11044,UNetPP,no_n2v,1,203,47.0,184.0,7,8,0.34136990675104073,0.26846093308520835,0.01226712963599393,-0.011405626725953159,-0.0020255641372590623,0.0017678021506245365,0.0008615029100407703,0.012008445299753695,12,0.25894470335530856,False
11044,UNetPP,no_n2v,1,204,68.0,184.0,6,6,0.31111821959652275,0.26297759269723997,-0.0014357553860529961,-0.011405626725952935,-0.0038856328656078323,0.0036278708789735463,-0.01284138211200593,0.0063204213783442705,12,0.2621106833100702,False
11044,UNetPP,no_n2v,1,205,89.0,184.0,5,4,0.28086653244199056,0.25749425230924317,-0.001435755386052826,-0.01140562672595288,-0.003885632865608021,0.003627870878973289,-0.012841382112005705,0.006320421378344432,12,0.2621106833100715,False
11044,UNetPP,no_n2v,1,206,110.0,184.0,4,2,0.2506148452874726,0.2520109119212748,-0.0014357553860529346,-0.011405626725953147,-0.0038856328656080314,0.0036278708789731825,-0.012841382112006082,0.0063204213783445,12,0.26211068331007187,False
11044,UNetPP,no_n2v,1,207,236.0,184.0,-2,-10,0.06910472236032206,0.2191108695933508,0.01808131612351179,-0.008832229727381,0.0009337006476391758,-0.00033001098806522056,0.009249086396130791,0.01348912652718585,12,0.43479211637553666,False
11044,UNetPP,no_n2v,1,208,57.0,190.0,7,7,-0.1741955290939785,0.19649585284969362,-0.0014357553860528944,-0.011405626725953176,-0.00388563286560784,0.00362787087897355,-0.012841382112006071,0.00632042137834441,12,0.26211068331007004,False
11044,UNetPP,no_n2v,1,209,99.0,190.0,5,3,-0.23469890340302868,0.18552917207372843,-0.00143575538605282,-0.011405626725953095,-0.0038856328656080522,0.003627870878973259,-0.012841382112005915,0.006320421378344538,12,0.26211068331007137,False
11044,UNetPP,no_n2v,1,210,120.0,190.0,4,1,-0.26495059055756087,0.18004583168573163,-0.001435755386052931,-0.011405626725953431,-0.003885632865607915,0.0036278708789731513,-0.012841382112006363,0.006320421378344543,12,0.26211068331007187,False
11044,UNetPP,no_n2v,1,211,141.0,190.0,3,-1,-0.29520227771209306,0.17456249129776324,-0.0014357553860528144,-0.011405626725953055,-0.0038856328656080483,0.0036278708789733416,-0.01284138211200587,0.006320421378344522,12,0.2621106833100696,False
11044,UNetPP,no_n2v,1,212,162.0,190.0,2,-3,-0.32545396486659683,0.16907915090976644,-0.0014357553860528875,-0.011405626725953145,-0.0038856328656078666,0.003627870878973459,-0.012841382112006033,0.006320421378344416,12,0.26211068331007287,False
11044,UNetPP,no_n2v,1,213,183.0,190.0,1,-5,-0.355705652021129,0.16359581052179806,-0.0014357553860530935,-0.011405626725953273,-0.003885632865607937,0.003627870878973063,-0.012841382112006368,0.006320421378344429,12,0.2621106833100665,False
11044,UNetPP,no_n2v,1,214,204.0,190.0,0,-7,-0.3859573391756612,0.15811247013380125,0.002774591657198835,-0.011405626725953327,-0.0028280908646953168,0.0025703288780607515,-0.008631035068754492,0.007633331270647485,12,0.31177431411874207,False
11044,UNetPP,no_n2v,1,215,225.0,190.0,-1,-9,-0.4162090263301934,0.15262912974583287,0.009334599956978027,-0.010076433329466401,0.004651788647422455,-0.0035591385540295587,-0.0007418333724883742,0.010762722282589652,12,0.29202087162025225,False
11044,UNetPP,no_n2v,1,216,99.0,202.0,6,3,-0.23557808793856339,0.04708235199069577,-0.001441175524610917,-0.011405626725953471,0.0035555453276110275,-0.003813307314245819,-0.012846802250564388,0.006120823025760578,12,0.26211068331007265,False
11044,UNetPP,no_n2v,1,217,141.0,202.0,4,-1,-0.29608146224759935,0.03611567121470216,-0.001441175524610933,-0.011405626725952975,0.0035555453276111555,-0.003813307314245771,-0.012846802250563907,0.006120823025760444,12,0.26211068331007326,False
11044,UNetPP,no_n2v,1,218,162.0,202.0,3,-3,-0.32633314940213154,0.030632330826733778,-0.0014411755246108507,-0.011405626725953147,0.0035555453276111424,-0.003813307314245751,-0.012846802250563998,0.00612082302576054,12,0.26211068331007414,False
11044,UNetPP,no_n2v,1,219,183.0,202.0,2,-5,-0.35658483655666373,0.025148990438736973,-0.0014414372845712657,-0.01140562672595316,0.00617326490807081,-0.006431026894705572,-0.012847064010524427,0.007932872583822024,12,0.25625030780283914,False
11044,UNetPP,no_n2v,1,220,204.0,202.0,1,-7,-0.3868365237111675,0.01966565005074017,0.006416253999843665,-0.006061869270813338,0.005393078775854267,-0.004030382355251345,0.0003543847290303267,0.008246889642283187,12,0.28461592139173414,False
11044,UNetPP,no_n2v,1,221,226.0,202.0,0,-9,0.5829117891343003,0.014182309662771786,0.007344198709648552,-0.0045957153393100586,0.004664512220935748,-0.00284457514062263,0.0027484833703384937,0.007576150812476528,12,0.2759722057182555,False
11044,UNetPP,no_n2v,1,222,68.0,208.0,8,6,0.30935985052545334,-0.013916047468882198,0.002774734524107471,-0.011405626725953147,0.002497082000070579,-0.002754843986705224,-0.008630892201845677,0.007517052601294716,12,0.31175921708825516,False
11044,UNetPP,no_n2v,1,223,89.0,208.0,7,4,0.27910816337093536,-0.019399387856879002,-0.0014411755246108964,-0.011405626725953476,0.0035555453276111077,-0.003813307314245659,-0.012846802250564372,0.006120823025760636,12,0.26211068331007226,False
11044,UNetPP,no_n2v,1,224,110.0,208.0,6,2,0.24885647621641738,-0.024882728244847385,-0.0014411755246109869,-0.01140562672595331,0.0035555453276108874,-0.003813307314245823,-0.012846802250564296,0.006120823025760403,12,0.26211068331007115,False
11044,UNetPP,no_n2v,1,225,194.0,208.0,2,-6,0.12784972759831703,-0.04681608979677776,-0.0036996140343550214,-0.006897756342378444,0.012211781500726394,-0.008695048264113324,-0.010597370376733466,0.012316031665153987,12,0.28488395699501246,False
11044,UNetPP,no_n2v,1,226,236.05827400896933,208.11152458881799,0,-10,0.12562036225861561,0.05374181824524271,-0.0015359790112367132,-0.0014664007764192018,0.0021754313675978595,0.0018569586062780789,-0.0030023797876559148,0.002175709520551577,12,0.3727465926136921,False
11044,UNetPP,no_n2v,1,227,46.0,220.0,10,8,-0.6612676468555492,-0.14687952716394648,0.0052848107129598925,0.0026573657518781124,-0.007346224309929778,0.000863025496102194,0.007942176464838005,0.0074627661337926,12,0.3644460424499169,False
11044,UNetPP,no_n2v,1,228,68.0,220.0,9,6,0.30848066598993285,-0.15236286755191486,0.007248339160352319,-0.003070781369762893,-0.00561354179264941,0.0025217705735746344,0.004177557790589426,0.007624494316778187,12,0.3874700703507204,False
11044,UNetPP,no_n2v,1,229,89.0,220.0,8,4,0.27822897883541486,-0.15784620793991166,-0.0014353630186579498,-0.010329609527968816,-0.005142899300046524,0.004885075963604665,-0.011764972546626767,0.0067989939294366315,12,0.3926663592914086,False
11044,UNetPP,no_n2v,1,230,110.0,220.0,7,2,0.24797729168088267,-0.16332954832790847,-0.0014353630186585294,-0.010329609527968416,-0.00514289930004605,0.004885075963604038,-0.011764972546626945,0.0067989939294359515,12,0.3926663592913997,False
11044,UNetPP,no_n2v,1,231,131.0,220.0,6,0,0.21772560452635048,-0.16881288871587685,-0.001435363018658367,-0.010329609527968403,-0.005142899300045518,0.004885075963603782,-0.01176497254662677,0.0067989939294355985,12,0.3926663592913951,False
11044,UNetPP,no_n2v,1,232,152.0,220.0,5,-2,0.1874739173718467,-0.17429622910387366,-0.001435363018657896,-0.010329609527968795,-0.005142899300046314,0.0048850759636041,-0.011764972546626692,0.006798993929436482,12,0.39266635929140303,False
11044,UNetPP,no_n2v,1,233,194.0,220.0,3,-6,0.12697054306278233,-0.18526290987983884,-0.005478000333299163,0.003407103611221937,0.013221944237750402,-0.00581468467142991,-0.0020708967220772257,0.013948336010163261,12,0.3543627024015205,False
11044,UNetPP,no_n2v,1,234,214.84212240592154,220.37987994389732,2,-8,-0.06115873817020656,0.1891336936295147,0.009752544800441968,0.005439542262563045,0.009938256303794513,-0.005704732928762644,0.015192087063005014,0.010169534703360272,12,0.35289929041727935,False
11044,UNetPP,no_n2v,1,235,57.0,226.0,10,7,-0.1768330827005684,-0.2188446073994612,0.01827186406700285,0.015871429608595784,-0.009183675957496147,-0.0012189337367595034,0.03414329367559864,0.009261772265045702,12,0.44236380001617187,False
11044,UNetPP,no_n2v,1,236,99.0,226.0,8,3,-0.23733645700961858,-0.2298112881754264,-0.0014357925756895403,0.0033789850807010944,-0.0035156492631088915,0.0032540276548609897,0.0019431925050115541,0.004260904916953407,12,0.4025329974704265,False
11044,UNetPP,no_n2v,1,237,120.0,226.0,7,1,-0.26758814416413657,-0.2352946285634232,-0.0014357925756897975,0.003378985080701126,-0.0035156492631087575,0.003254027654861042,0.0019431925050113286,0.004260904916953377,12,0.40253299747041943,False
11044,UNetPP,no_n2v,1,238,141.0,226.0,6,-1,-0.29783983131866876,-0.24077796895139159,-0.001435792575689491,0.0033789850807008285,-0.0035156492631090424,0.0032540276548608596,0.0019431925050113375,0.004260904916953442,12,0.40253299747042176,False
11044,UNetPP,no_n2v,1,239,204.6629384421606,226.42423890346606,3,-7,0.2743435493783579,0.16701091335070828,-0.0076056631356854155,0.008770314693660984,0.008842910362093781,0.0005291577788739763,0.0011646515579755686,0.012051565298285395,12,0.4226488699555213,False
11044,UNetPP,no_n2v,1,240,57.0,239.0,11,7,-0.17771226723610312,0.6427085725174777,,,,,,,12,,True
11044,UNetPP,no_n2v,1,241,183.59656034808017,238.69348703407397,5,-5,0.23733795791693524,0.30329556426355,,,,,,,12,,True
11044,UNetPP,no_n2v,1,242,67.92236784104087,244.65062754701728,11,6,0.2290901379597443,0.2213710392992425,,,,,,,12,,True
11044,UNetPP,no_n2v,1,243,89.0,245.0,10,4,0.27647060976434545,0.5652601518939946,,,,,,,12,,True
11044,UNetPP,no_n2v,1,244,162.0,8.0,-13,-3,-0.31226619683368995,0.245781452155569,,,,,,,12,,True
11044,UNetPP,no_n2v,1,245,183.0,8.0,-14,-5,-0.3425178839881937,0.2402981117675722,,,,,,,12,,True
11044,UNetPP,no_n2v,1,246,205.0,20.0,-14,-7,0.6263512443217394,0.09636795129654274,0.010242167764769728,-0.020243291508770654,-0.0023043081772036378,0.005623529323282079,-0.010001123744000926,0.015415921735504495,12,0.3397582334984704,False
11044,UNetPP,no_n2v,1,247,46.64366029395853,38.03305892738643,-5,8,-0.004419584864081116,-0.03711829853173043,0.00096027795401139,-0.0188638759163596,0.0011284643668483833,-0.011205634012023211,-0.017903597962348212,0.009976106504858638,12,0.3920106932273842,False
11044,UNetPP,no_n2v,1,248,162.0,44.0,-10,-3,-0.31490375044026564,-0.16955900809360003,-0.001435755386052914,-0.011405626725953508,-0.0038856328656080748,0.003627870878973512,-0.012841382112006422,0.006320421378344677,12,0.2621106833100731,False
11044,UNetPP,no_n2v,1,249,204.0,44.0,-12,-7,-0.3754071247493016,-0.18052568886957943,0.007070578946199622,-0.012270710457482015,-0.0032494222093887013,0.0072301443488443275,-0.0052001315112823925,0.0102019661656031,12,0.2751448300858677,False
11044,UNetPP,no_n2v,1,250,204.0,56.0,-11,-7,-0.3762863092848363,-0.3189725089526121,0.009744845359899262,-0.01057066279114567,0.0046536157140218744,-0.0028251407878166646,-0.0008258174312464079,0.011173007968876804,12,0.39157435561085224,False
11044,UNetPP,no_n2v,1,251,47.0,62.0,-3,8,0.35016175210633094,-0.34707086608426607,-0.0018155902028237656,0.0038371467352944885,0.005835845999184815,-0.002271401991592388,0.0020215565324707228,0.006484246852880683,12,0.4157692992160665,False
11044,UNetPP,no_n2v,1,252,236.0,62.0,-12,-10,0.07789656771561226,-0.3964209295761236,0.013203516288278754,-0.002432519601450259,-0.004790121211198341,0.009983283567434324,0.010770996686828495,0.009168787586382166,12,0.4752721876834512,False
11044,UNetPP,no_n2v,1,253,47.0,74.0,-2,8,0.34928256757079623,-0.48551768616731295,-0.0015086864304456554,0.024228517539356467,7.091016289716406e-05,0.008010775624712696,0.02271983110891081,0.012868797352394731,12,0.3677211494815412,False
11044,UNetPP,no_n2v,1,254,89.0,74.0,-4,4,0.28877919326174606,-0.49648436694329234,-0.00136280245933195,0.024223996497753718,-0.008277891118945285,-0.00033915807222513125,0.022861194038421767,0.01523793134236709,12,0.3676973029706032,False
11044,UNetPP,no_n2v,1,255,183.0,80.0,-8,-5,-0.3477929912013735,-0.5903828087307375,-0.0014353472126674319,0.022840607984682872,-0.003578430369852671,0.0033104509830343327,0.02140526077201544,0.012654472098741367,12,0.37607666496556824,False
11044,UNetPP,no_n2v,1,256,162.0,81.0,-7,-3,-0.31754130404684133,0.41510053165724514,-0.001362802459332006,0.02422399649775345,-0.008277891118945283,-0.00033915807222526396,0.022861194038421444,0.015237931342366999,12,0.36769730297060194,False
11044,UNetPP,no_n2v,1,257,204.0,81.0,-9,-7,-0.3780446783559057,0.40413385088126574,-0.0015086864304458738,0.024228517539356308,7.091016289722564e-05,0.008010775624712954,0.022719831108910432,0.01286879735239476,12,0.3677211494815433,False
11044,UNetPP,no_n2v,1,258,225.0,81.0,-10,-9,-0.4082963655104095,0.39865051049329736,0.010125391071926879,0.022752521287299127,-0.006278371415811028,0.003483135753951819,0.032877912359226005,0.008903878480969104,12,0.3384824153041663,False
11044,UNetPP,no_n2v,1,259,5.0,99.0,2,12,0.4080275728087912,0.24855535444254429,,,,,,,12,,True
11044,UNetPP,no_n2v,1,260,5.0,135.0,5,12,0.4053900192022013,-0.16678510580661055,,,,,,,12,,True
11044,UNetPP,no_n2v,1,261,162.0,153.0,-1,-3,-0.32281641126002114,-0.41558038884107873,-0.0014355778925258592,0.02500836156624171,-0.0047617129382871905,0.004493910922863732,0.02357278367371585,0.014053269855496006,12,0.3846649320653142,False
11044,UNetPP,no_n2v,1,262,204.0,153.0,-3,-7,-0.3833197855690855,-0.4265470696170439,-0.0014355778925258752,0.025008361566241196,-0.004761712938287361,0.004493910922863738,0.02357278367371532,0.01405326985549583,12,0.38466493206531865,False
11044,UNetPP,no_n2v,1,263,120.0,166.0,2,1,-0.2631922214865057,0.4569394718518538,-0.0014413530181381386,0.02500836156624129,0.004421585371501174,-0.0046893873869248755,0.02356700854810315,0.013944435004554922,12,0.38466493206531405,False
11044,UNetPP,no_n2v,1,264,162.0,166.0,0,-3,-0.32369559579555585,0.4459727910758886,-0.0014413530181385103,0.025008361566241533,0.004421585371501829,-0.004689387386925,0.02356700854810302,0.013944435004555422,12,0.3846649320653171,False
11044,UNetPP,no_n2v,1,265,204.0,166.0,-2,-7,-0.3841989701045918,0.4350061102999234,-0.0014413530181375488,0.025008361566240988,0.004421585371501154,-0.004689387386925185,0.023567008548103438,0.013944435004554494,12,0.3846649320653144,False
11044,UNetPP,no_n2v,1,266,47.0,208.0,9,8,0.33961153767998553,-0.008432707080885393,0.013082079981088032,-0.010637936271826423,-0.006682645861022768,0.006456542279422384,0.002444143709261609,0.013613138817461469,12,0.39223710441695836,False
11044,UNetPP,no_n2v,1,267,162.0,226.0,5,-3,-0.32809151847320095,-0.2462613093393884,0.010440510243658841,0.004662803472660568,-0.0008286118692437112,0.004607912028800912,0.01510331371631941,0.0030053404986392774,12,0.3856682640465851,False
11044,UNetPP,no_n2v,1,268,78.0,238.0,10,5,-0.2079639543906211,-0.3627747678705191,,,,,,,12,,True
11044,UNetPP,no_n2v,1,269,99.0,238.0,9,3,-0.23821564154513908,-0.3682581082584875,,,,,,,12,,True
11044,UNetPP,no_n2v,1,270,120.0,238.0,8,1,-0.26846732869967127,-0.37374144864645586,,,,,,,12,,True
11044,UNetPP,no_n2v,1,271,141.0,238.0,7,-1,-0.29871901585420346,-0.37922478903445267,,,,,,,12,,True
11044,UNetPP,no_n2v,1,272,162.0,238.0,6,-3,-0.32897070300870723,-0.3847081294224495,,,,,,,12,,True
11044,UNetPP,no_n2v,1,273,5.0,74.0,0,12,0.4097859418798464,-0.47455100539134776,,,,,,,12,,True
11044,UNetPP,no_n2v,1,274,225.0,93.0,-9,-9,-0.4091755500459726,0.2602036904102363,0.011503225190472689,0.001815169949119086,0.001688522769991591,-0.004174509433378108,0.013318395139591774,0.005129884280825429,12,0.39092096745628485,False
11044,UNetPP,no_n2v,1,275,5.0,147.0,6,12,0.4045108346666808,-0.3052319258896432,,,,,,,12,,True
11044,UNetPP,no_n2v,1,276,225.0,153.0,-4,-9,-0.4135714727235893,-0.4320304100050123,0.012215550153039463,0.02398848810779017,-0.0027134917630062846,0.0024551370169550346,0.03620403826082964,0.006481786371788675,12,0.3751700521456341,False
11044,UNetPP,no_n2v,1,277,225.0,166.0,-3,-9,-0.414450657259124,0.4295227699119266,0.0122156400163772,0.02398913252150846,0.0023743925080528805,-0.002651389065501242,0.03620477253788566,0.006347560257641762,12,0.37518117549676105,False
11044,UNetPP,no_n2v,1,278,184.0,226.0,4,-5,0.6416567943722953,-0.2517446497273568,0.007380706406014808,0.01318335663144089,0.005958123945341825,0.0005809673384132509,0.0205640630374557,0.006626984861738781,12,0.33938608927185315,False
11044,UNetPP,no_n2v,1,279,152.0,3.0,-13,-2,0.2032992390113577,1.3177465323910837,,,,,,,12,,True
11044,UNetPP,no_n2v,1,280,173.0,3.0,-14,-4,0.17304755185682552,1.3122631920031154,,,,,,,12,,True
11044,UNetPP,no_n2v,1,281,194.0,3.0,-15,-6,0.14279586470229333,1.3067798516150901,,,,,,,12,,True
11950,UNetPP,no_n2v,1,0,82.0,20.0,-2,2,0.22018263545763261,-0.9230634922539345,,,,,,,12,,True
11950,UNetPP,no_n2v,1,1,222.41078855680476,64.66923988538429,7,0,0.1495739181807778,-0.29070882062839587,0.027414595706967804,-0.015881806343470122,0.0059466429457202055,0.026329862615005757,0.011532789363497681,0.022450104007602622,12,0.8517058408665252,False
11950,UNetPP,no_n2v,1,2,63.0,84.0,-1,6,-0.5318645311964474,-0.29109870943131,0.0025867267992993126,-0.004121762465465846,0.017208286639955654,-0.007595449047651689,-0.001535035666166533,0.01753214436789589,12,0.7155010880586354,False
11950,UNetPP,no_n2v,1,3,127.0,102.0,3,5,0.14098529794216574,-0.3242306414502849,0.012793488480581917,-0.011561700694495879,0.0006296126207372826,0.013357368262766487,0.001231787786086038,0.012193860011934217,12,0.5853862810092032,False
11950,UNetPP,no_n2v,1,4,140.0,17.0,1,0,0.7013669555288402,-0.1362206076879815,,,,,,,12,,True
11950,UNetPP,no_n2v,1,5,153.05575292374812,25.242574900258386,2,0,-0.06997705308182844,0.13573294284962145,0.007042333692796765,0.023533023099606268,-0.014179714949879879,0.004366846347212479,0.030575356792403034,0.01640274444529975,12,0.7775568598490646,False
11950,UNetPP,no_n2v,1,6,74.0,35.0,-2,3,0.23894507688380884,0.2275830408819175,0.009180219202632749,0.02412460544488564,0.00464691247805254,0.0121259971109206,0.03330482464751839,0.008799287790389047,12,0.7491078508220504,False
11950,UNetPP,no_n2v,1,7,144.0,40.0,2,1,-1.1069675354037827,1.043804575727087,0.0027033102858095687,-3.034172623617226e-05,-0.0014607405128099437,-0.0032685018942625057,0.0026729685595733963,0.002000493983121341,12,0.47578491357316,False
11950,UNetPP,no_n2v,1,8,87.45557845130449,43.06009329670282,-1,3,-0.13257340417050045,0.3170549878639548,0.01612061395611058,0.0044979890708500975,-0.008597528105675933,-0.0005167464136615835,0.020618603026960676,0.010377323442668474,12,0.6236599883030167,False
11950,UNetPP,no_n2v,1,9,123.0,45.0,1,2,-0.2611081616187789,0.16507245858372244,-0.015988360278127056,-0.024302021194317815,0.009215181025091855,0.007244369010916317,-0.040290381472444875,0.010109342252716662,12,0.6320726400850429,False
11950,UNetPP,no_n2v,1,10,137.55061343453238,52.98507385567204,2,2,0.46240834055478786,0.17952496453497702,-0.0025059309641023296,-0.023073657046293786,0.013087495423002552,-0.0014264988466807758,-0.025579588010396115,0.016644529897090136,12,0.6155683047917233,False
11950,UNetPP,no_n2v,1,11,173.0,55.0,4,1,0.2388385998786191,0.10256187628552027,0.0010924570776918291,0.0074472861612369596,-0.0007865041389114253,-0.00010614621633962747,0.008539743238928789,0.003273309018530417,12,0.664582402983702,False
11950,UNetPP,no_n2v,1,12,151.0,61.0,3,2,0.08469797366359444,0.22382975914215564,-0.001170176334907961,-0.00667088225664977,0.002922456866955964,0.006177218895768223,-0.007841058591557731,0.004013127900851083,12,0.653889965467184,False
11950,UNetPP,no_n2v,1,13,58.0,62.0,-2,5,0.2764699597361755,-0.47112389284637857,0.006478280014977862,-0.0010723234191818431,0.009317848783323817,0.00597570865654752,0.005405956595796019,0.010053616712600258,12,0.685508884619218,False
11950,UNetPP,no_n2v,1,14,165.0,69.0,4,2,0.25760104130480954,0.2532084094213758,-0.0007412060584795139,-0.006707746615771957,0.0004444947683361041,0.008740945998852126,-0.0074489526742514715,0.0030162024392490754,12,0.6131746472555193,False
11950,UNetPP,no_n2v,1,15,135.0,89.0,3,4,0.12222285651597531,0.5251228254138596,0.0021393496778726526,0.005312304122834399,0.008539893786856063,0.0027704458075173536,0.007451653800707052,0.008686005748802692,12,0.5365172505489599,False
11950,UNetPP,no_n2v,1,16,113.0,94.0,2,5,-0.03191776969903515,-0.35360929172951217,-0.00015332579947519907,-0.001986180779396113,0.005831355964406956,0.004748004085950711,-0.0021395065788713118,0.005902927386304172,12,0.5224357827720736,False
11950,UNetPP,no_n2v,1,17,56.0,98.0,-1,7,0.48689791022974305,-0.14045217629545448,0.003142814670309617,0.021159705167166264,0.009107669479701508,0.003937194625997939,0.024302519837475882,0.01281021971495482,12,0.6849904206989607,False
11950,UNetPP,no_n2v,1,18,33.93151714628839,103.42517310255445,-2,8,0.2642744303031108,-0.5940111908843733,-0.011446215149851845,0.02728154092665707,-0.0066146306680398195,0.0008401407011368912,0.015835325776805225,0.020462480581663754,12,0.7253826510220289,False
11950,UNetPP,no_n2v,1,19,105.0,108.0,2,6,-0.013155328272858924,-0.20296275859365664,-0.01649966478128418,0.007448042489420522,-0.008690267591201095,-0.0005169919000768512,-0.009051622291863659,0.0147950640987973,12,0.5123532051922484,False
11950,UNetPP,no_n2v,1,20,176.0,113.0,6,4,-0.3590679405604362,0.6132587762515129,-0.0002702464796706294,-0.006104018872695654,-0.010984786629885258,0.010943952463166224,-0.006374265352366283,0.011365463579965015,12,0.5865971993807036,False
11950,UNetPP,no_n2v,1,21,155.0,119.0,5,5,0.4867914332245675,0.7345266591081554,0.001190742122310814,-0.0167597572912755,-0.005028203855115847,0.016812841655104074,-0.015569015168964686,0.010287756864734533,12,0.6119997021629505,False
11950,UNetPP,no_n2v,1,22,111.0,130.0,3,7,0.1785101807945182,-0.022937575178588077,-0.0047226106735347075,0.004705451616012245,0.0033295714948576444,-0.014002505699704421,-1.7159057522462585e-05,0.005771320123963226,12,0.4744816505213704,False
11950,UNetPP,no_n2v,1,23,182.0,134.0,7,5,-0.1674024314930591,-0.2067160403334185,0.00596741888910387,-0.014298758070554992,0.0018531925137478822,-0.001072980429997918,-0.008331339181451122,0.01030115549989724,12,0.4577210110342225,False
11950,UNetPP,no_n2v,1,24,31.0,140.0,-1,10,-0.45681476549171407,0.3114874231121121,-0.01783307982379036,-0.010609542534741211,-7.024257047075124e-05,-0.00503000000301808,-0.028442622358531573,0.003612451627396168,12,0.607569151111969,False
11950,UNetPP,no_n2v,1,25,232.5034865145479,143.57415221490018,10,4,0.8360308445522548,-0.6950744077314255,-0.018013618351092033,-0.02176219482170588,-0.0023680007400157022,-0.0036425335278144504,-0.03977581317279791,0.0030199973333969775,12,0.6154539099528187,False
11950,UNetPP,no_n2v,1,26,45.11084384234724,147.62333294269416,0,10,-0.17306785550326964,-0.035800983914498374,-0.0013746997328057799,-0.012991886525683392,0.00305588855233586,-0.006370775341706262,-0.014366586258489172,0.006563399430893252,12,0.4594148213290968,False
11950,UNetPP,no_n2v,1,27,117.0,152.0,4,8,0.3701756898619095,0.1570876082365089,-0.007415266407673427,0.010803744862483082,-0.0030882339806529674,-0.006424287788620453,0.0033884784548096547,0.009618746385822954,12,0.4261470220846768,False
11950,UNetPP,no_n2v,1,28,166.0,162.0,7,7,-0.12987754864067824,0.09457702593829254,0.0059623357375852256,0.005985493775998757,0.0004488089359353576,-0.004037951940905157,0.011947829513583983,0.0004489582771942384,12,0.5387792083858354,False
11950,UNetPP,no_n2v,1,29,42.002979811734164,182.32086977041334,1,12,-1.0705039356227815,-1.0075924396444123,0.005627626682344947,-0.007883852072443645,0.001032128143633484,-0.0011500475615287603,-0.002256225390098698,0.006834127818541016,12,0.4775937737086022,False
11950,UNetPP,no_n2v,1,30,79.0,185.0,3,11,0.2535599464992515,-0.4203514426351944,0.006405419086748276,-0.005418016134884948,0.012016068983495533,0.007228970810247002,0.0009874029518633278,0.013391576416768962,12,0.5071626227205074,False
11950,UNetPP,no_n2v,1,31,186.0,192.0,9,8,0.23469102806791398,0.30398085963258836,-0.004634913640712062,-0.004006903921265565,0.008648225025652864,0.0055321928995993915,-0.008641817561977627,0.00865392368502625,12,0.7401672891051256,False
11950,UNetPP,no_n2v,1,32,70.67103600480733,198.48025770434555,3,12,-0.056641607267224,-0.7894472051537491,0.0007676866466573428,0.004664166674030978,0.00876993162626305,-0.002543638332651887,0.00543185332068832,0.008983726391662832,12,0.6152042133621876,False
11950,UNetPP,no_n2v,1,33,189.91842476892668,213.3082487129548,10,9,-1.655218693938025,-0.20774524399755023,,,,,,,12,,True
11950,UNetPP,no_n2v,1,34,118.0,24.0,0,1,0.547226329313844,0.9850472751686503,,,,,,,12,,True
11950,UNetPP,no_n2v,1,35,96.0,29.0,-1,2,0.3930857030988193,0.10631515802528213,-0.0008358160377353946,0.021085441625498132,0.007254841867679457,-0.002533545750218749,0.020249625587762738,0.013144128533664886,12,0.7439578318547241,False
11950,UNetPP,no_n2v,1,36,130.8997501366732,31.29950470642167,1,1,-0.3801204663717783,0.3139306318695354,-0.007860676897627311,0.014270671816759095,0.0015463760699827977,0.006151903411184148,0.006409994919131783,0.011173201328592387,12,0.8100967136613199,False
11950,UNetPP,no_n2v,1,37,167.0,33.0,3,0,0.04717309081124199,-0.0774633071295483,-0.002532279005488256,0.0015143098224548878,0.002723607005211565,-0.006603811865277427,-0.001017969183033368,0.003392897788682423,12,0.6214886105415597,False
11950,UNetPP,no_n2v,1,38,159.0,47.0,3,1,0.06593553223743243,0.07318322600630722,0.006342416188799862,-0.0017242635621480807,0.004925768590058176,-0.007058841705863856,0.004618152626651781,0.006366398255991538,12,0.6755352244084939,False
11950,UNetPP,no_n2v,1,39,65.3937067471355,48.26682988278953,-2,4,-0.34858573455451847,-0.3549405431927042,-0.006057902380763772,0.0017283073195580412,-0.0021349600198705,0.012700589737383111,-0.00432959506120573,0.004440081042142342,12,0.6689062122544494,False
11950,UNetPP,no_n2v,1,40,194.5553054548691,48.49090763124986,5,0,-0.05171531903724258,-0.5277983753212467,0.002359882569726671,0.0004672548963702728,-0.0011414166880615872,0.0009570628289128139,0.0028271374660969436,0.0014826806578876301,12,0.5932442301220993,False
11950,UNetPP,no_n2v,1,41,101.9184802963273,50.24224744566319,0,3,0.5032315084934993,-0.4714122128964604,0.005048149639368724,-0.016433480368565147,-0.00802427459715143,0.0005966671385390213,-0.011385330729196425,0.013407240199233061,12,0.43141822981861455,False
11950,UNetPP,no_n2v,1,42,79.0,57.0,-1,4,-0.569389414048814,0.40760822429698607,0.012799009287130963,-0.007251287964294753,-0.007350895198243314,0.0011314679265037805,0.00554772132283621,0.012431382271621648,12,0.4565098127376785,False
11950,UNetPP,no_n2v,1,43,94.0,64.0,0,4,0.6035136535923868,-0.5630131254237938,0.015876495704872137,-0.00769103472721662,-0.011684117611442859,-0.00352160447591939,0.008185460977655518,0.01659444868095613,12,0.6089437593798585,False
11950,UNetPP,no_n2v,1,44,187.0,64.0,5,1,0.4117416675198342,1.1319405265647475,-0.004701659082987268,-0.0013249849533442746,-0.0056070797270457344,0.00018198248861472314,-0.006026644036331542,0.005855751455611596,12,0.4845303147486084,False
11950,UNetPP,no_n2v,1,45,129.0,66.0,2,3,-0.0694426525514018,-0.654902358001209,-0.0006975835051665252,0.0012999246472212875,0.001623084027778613,0.0061193149047749605,0.0006023411420547622,0.0019057574520237324,12,0.649428885391942,False
11950,UNetPP,no_n2v,1,46,71.0,71.0,-1,5,-0.5506269726226236,0.5582547574328487,0.007885797732421635,-0.006419714019840629,0.004848795173663035,-0.0020674845000693293,0.0014660837125810063,0.008641338510882812,12,0.5363638436050322,False
11950,UNetPP,no_n2v,1,47,200.0,71.0,6,1,-0.4153552648389791,0.16131917684396058,9.422115839918615e-05,-0.006179230700695193,-0.010463558923624414,-0.0026336045460565597,-0.0060850095422960064,0.010923603567745115,12,0.7501947209125003,False
11950,UNetPP,no_n2v,1,48,107.0,72.0,1,4,-0.22358327876641226,-0.5336344751445665,-0.0033626353774989645,0.00601230306319712,0.0016998608552530855,0.009761143047073217,0.002649667685698156,0.004986170335932382,12,0.6242339530023684,False
11950,UNetPP,no_n2v,1,49,49.0,76.0,-2,6,-0.7047675988376341,-0.32047735971052305,-0.019048016815343127,0.003063545516755569,0.012414437340954291,0.008551786564206748,-0.015984471298587558,0.01662373458895599,12,0.5917002495838819,False
11950,UNetPP,no_n2v,1,50,178.0,77.0,5,2,-0.5694958910539754,0.28258705970058884,-0.0019506892521498956,-0.010228636445505264,0.0008897005911087943,-0.0016389493219750222,-0.012179325697655159,0.004233517399965937,12,0.6461419540172116,False
11950,UNetPP,no_n2v,1,51,213.95871883718473,78.16549195773791,7,1,-0.28373336001305915,-0.6438102151389131,0.010925472625660348,-0.003921926464171278,0.005203913582993153,0.009222365990720212,0.007003546161489071,0.009065982104132122,12,0.7739178860427766,False
11950,UNetPP,no_n2v,1,52,121.0,81.0,2,4,-0.05068021112521137,0.4957441751346465,0.005002187968111006,0.009270300775850707,0.004367922684024868,0.006484135345547315,0.014272488743961713,0.004861372780246021,12,0.41669491397444713,False
11950,UNetPP,no_n2v,1,53,99.0,86.0,1,5,-0.20482083734023604,-0.3829879420087252,-0.006873740376926823,0.006565997812065591,0.004400835766187812,-0.0028104619480023045,-0.0003077425648612322,0.008032682994375113,12,0.6420699413100749,False
11950,UNetPP,no_n2v,1,54,42.20701224352205,89.4976490499424,-2,7,0.5210070861105933,-0.6721817766322857,0.004610793274200353,0.014500803229570192,0.0132088954856104,-0.0018200163987925717,0.019111596503770544,0.014104183570101018,12,0.6831647725424673,False
11950,UNetPP,no_n2v,1,55,171.0,90.0,5,3,0.44926655037218666,-0.5667664071635556,0.004195225508547819,0.010636693507974805,0.004940628727185262,-0.009668517796567397,0.014831919016522624,0.005897706309812209,12,0.6618378981453539,False
11950,UNetPP,no_n2v,1,56,206.0,93.0,7,2,-0.223689755771602,0.34134436025902914,-0.0066131399489242635,0.015488578982931985,0.000518522227934211,-0.014917902725632887,0.008875439034007723,0.011063017682194812,12,0.707567420744547,False
11950,UNetPP,no_n2v,1,57,149.0,97.0,4,4,0.295125924157162,0.5545014756930726,0.001179409570687815,0.005195080249599574,0.008430691146578281,-0.0019919139880895604,0.006374489820287389,0.008666484636769474,12,0.6502000229359376,False
11950,UNetPP,no_n2v,1,58,185.0,99.0,6,3,0.6221696180133733,0.4626122431156574,0.0020195320599981146,0.017049273085495777,0.004963450383041796,-0.0010134925384284051,0.019068805145493892,0.009006060100193626,12,0.6086234006285262,False
11950,UNetPP,no_n2v,1,59,220.27604813541055,100.01408230057883,8,2,0.22526144728013264,-0.615194688882923,-0.009656849836133567,0.0006037086834068471,0.0030738201463027404,0.004616695615681655,-0.00905314115272672,0.005980646752237164,12,0.682806896946027,False
11950,UNetPP,no_n2v,1,60,163.0,105.0,5,4,0.4680289917983771,0.5838801259722999,-0.0038548601525454237,0.0033401734323213832,-0.00034330582045183583,0.0005212712167253419,-0.0005146867202240404,0.003613860257148363,12,0.6248708361069658,False
11950,UNetPP,no_n2v,1,61,199.0,107.0,7,3,0.7950726856545884,0.49199089339488467,-0.004942623936477305,0.013711046755383535,-0.0073521756323651904,-0.0011603914104368913,0.008768422818906229,0.011876209163670094,12,0.5719970225869874,False
11950,UNetPP,no_n2v,1,62,233.59401789604132,108.35963613477446,9,2,-0.28386572444787816,-0.24026220440806867,,,,,,,12,,True
11950,UNetPP,no_n2v,1,63,141.0,110.0,4,5,0.3138883655833524,-0.29485199117107186,0.017603055245423858,-0.010063592372141413,0.0025678750137554766,0.01864637974480753,0.007539462873282445,0.01406964213066211,12,0.6775907602366501,False
11950,UNetPP,no_n2v,1,64,47.0,112.0,-1,8,-0.49433964834408073,0.010194356840401042,-0.004398924357557323,0.027313380474719613,-0.0058067055134300586,0.008601366115500381,0.02291445611716229,0.016885952693393193,12,0.6100451606644252,False
11950,UNetPP,no_n2v,1,65,190.0,121.0,7,4,-0.18616487291922112,0.642637426530726,0.005797641781345472,-0.020941026174178517,-0.007847146389287768,0.008190053899352498,-0.015143384392833045,0.015502154607145853,12,0.42856908583791575,False
11950,UNetPP,no_n2v,1,66,97.0,122.0,2,7,0.005607113153331511,-0.052316225457801124,-0.005490704993989538,0.004056688292808631,-0.006785917389943178,-0.004913066952966714,-0.0014340167011809074,0.008296797844128356,12,0.4826627012649676,False
11950,UNetPP,no_n2v,1,67,75.0,128.0,1,8,-0.14853351306167895,0.06895165739882714,0.007627067110482821,-0.004458057729332816,-0.005366968653737335,-0.0015861969547262553,0.003169009381150005,0.008081887968085264,12,0.530226622199358,False
11950,UNetPP,no_n2v,1,68,146.0,132.0,5,6,-0.49444612534927046,-0.11482680775600329,0.0005305845750136022,-0.012236151244578858,0.0028627842544157794,0.006375141065017975,-0.011705566669565256,0.006995921637579083,12,0.6095068650564603,False
11950,UNetPP,no_n2v,1,69,89.0,136.0,2,8,0.024369554579521946,0.0983303076780544,0.008789944476193136,-0.0046980809244607635,-0.000490186237837054,-0.006934307854606778,0.004091863551732373,0.006761803742340948,12,0.37712723965466893,False
11950,UNetPP,no_n2v,1,70,217.74497940894761,136.02740466507797,9,4,-0.09537932868923349,-0.27120060783286704,0.006516839210963693,-0.02385092404133815,-5.575627682104581e-05,-0.007315407170613418,-0.017334084830374456,0.01518398399628268,12,0.5747733781241835,False
11950,UNetPP,no_n2v,1,71,125.0,138.0,4,7,0.3514132484357333,0.00644107510061076,-0.011422172838142255,0.005488502848399954,0.003253692574326667,-0.012722812312855379,-0.005933669989742301,0.009059760118903862,12,0.5169658663646213,False
11950,UNetPP,no_n2v,1,72,196.0,142.0,8,5,0.005500636148155991,-0.17733739005421967,0.0033774704751477953,-0.006583751922905544,0.0018675508925955987,-0.005619259332068291,-0.003206281447757749,0.005319232487145538,12,0.3654177262294551,False
11950,UNetPP,no_n2v,1,73,103.0,144.0,3,8,0.19727262222070863,0.12770895795728165,0.0076064332127891866,0.009077861940343412,0.0018227130308179863,-0.004930925124979186,0.0166842951531326,0.001965593655306623,12,0.39257806552943375,False
11950,UNetPP,no_n2v,1,74,174.0,148.0,7,6,-0.14863999006686868,-0.056069507197548774,0.00878994447619376,0.008802369045666673,0.0017474670942826509,-0.004696654522487222,0.017592313521860435,0.0017474781366535884,12,0.28504532272073585,False
11950,UNetPP,no_n2v,1,75,81.0,150.0,2,9,0.04313199600569817,0.2489768408138957,0.005503352039933318,-0.0013048619098357248,0.005503096942671017,-0.0020566223672579226,0.004198490130097593,0.00647085931363776,12,0.32901746378546864,False
11950,UNetPP,no_n2v,1,76,210.0,150.0,9,5,0.17840370378934267,-0.1479587397749924,0.005712895833542776,-0.002514753676476994,-0.005798137878747081,-0.008387618523996835,0.0031981421570657824,0.007109286671382287,12,0.5684135771072234,False
11950,UNetPP,no_n2v,1,77,152.0,154.0,6,7,-0.30278061628189334,0.06519837565906528,-0.00019586536108822584,0.011938294602713687,0.0015454773413374387,0.00029515493227530204,0.011742429241625461,0.0062608273989442275,12,0.4024666060928323,False
11950,UNetPP,no_n2v,1,78,95.0,158.0,3,9,0.21603506364689906,0.27835549109312296,0.008789944476193273,0.004362252118811183,0.005518194419366497,-0.0009259271974031069,0.013152196595004457,0.00594571985152618,12,0.30863298179237375,False
11950,UNetPP,no_n2v,1,79,223.25413894636839,157.28158161480815,10,5,-0.3945542822010566,-0.8369984746876185,0.024766187753195258,0.005938295665857024,-0.006809616521355937,-0.008207402905883654,0.030704483419052284,0.011618659874574052,12,0.6324752950330782,False
11950,UNetPP,no_n2v,1,80,109.0,166.0,4,9,0.38893813128808574,0.3077341413723502,-0.005014211627156028,0.0040464881067617964,-0.001956510772325614,-0.002494881873015644,-0.0009677235203942314,0.004934775001890239,12,0.40990017405715856,False
11950,UNetPP,no_n2v,1,81,144.0,168.0,6,8,-0.2840181748557029,0.2158449087949066,-0.005707122086367849,0.012841583478428635,-0.0017346014193097966,-0.001916036000013163,0.0071344613920607865,0.009435171520234785,12,0.5003281385871134,False
11950,UNetPP,no_n2v,1,82,180.0,170.0,8,7,0.04302551900050844,0.1239556762175198,-0.0017419449848654095,0.00020158029694190442,-0.0012531246639532765,0.0032705070116235795,-0.001540364687923505,0.0015857629247980488,12,0.45107032528038216,False
11950,UNetPP,no_n2v,1,83,87.0,172.0,3,10,0.23479750507307529,0.4290020242289643,0.006709053430755623,-0.002751650361532186,0.013253906157758753,0.009777417427219114,0.003957403069223438,0.014072748754242281,12,0.5882554299944819,False
11950,UNetPP,no_n2v,1,84,158.0,176.0,7,8,-0.11111510721451623,0.24522355907413385,0.006932225890672367,0.00507160124500925,-0.003286546098181684,-0.005209631310671974,0.012003827135681617,0.0034156794746412465,12,0.371976887118969,False
11950,UNetPP,no_n2v,1,85,193.0,178.0,9,7,-0.7840714133582765,0.15333432649674705,-0.00010218041817243017,0.005630615481299204,0.005637729206672944,0.002845353757263139,0.005528435063126774,0.006324573330590992,12,0.43397355273691357,False
11950,UNetPP,no_n2v,1,86,101.0,180.0,4,10,0.4077005727142762,0.45838067450819153,-0.0038548601525452532,-0.00819080381534008,-0.00024268173459985636,0.000621895302577285,-0.012045663967885333,0.002181512385030406,12,0.5109003897464941,False
11950,UNetPP,no_n2v,1,87,136.0,182.0,6,9,-0.2652557334295125,0.3664914419307479,-0.008387660303197046,0.0032145741725622275,0.0018095020558838333,0.004759914961356286,-0.0051730861306348176,0.006076780306862516,12,0.43288541700400635,False
11950,UNetPP,no_n2v,1,88,150.0,190.0,7,9,-0.0923526657883258,0.39587009220997516,-0.0031524353941020686,0.004439234783678967,-0.006169471306952822,-0.007265704276836914,0.001286799389576898,0.007243668975689505,12,0.493812339340081,False
11950,UNetPP,no_n2v,1,89,93.0,194.0,4,11,0.4264630141404666,0.6090272076440328,-0.000587767498294193,-0.0059457192939631875,0.007689671095361897,0.0021312223827569523,-0.00653348679225738,0.008142969569881886,12,0.5546551141044049,False
11950,UNetPP,no_n2v,1,90,128.0,196.0,6,10,-0.24649329200332204,0.517137975066646,-0.005033581792669002,-0.005960667711447103,0.011692742802685742,0.008559643248746652,-0.010994249504116104,0.01170192746195935,12,0.4539888527104786,False
11950,UNetPP,no_n2v,1,91,200.17422627981315,200.31396049544261,10,8,0.5818203755222555,0.6473200053544304,-0.03115373032427261,-0.007706491344239685,-0.011364960160356066,0.019052596769300094,-0.038860221668512294,0.01632806091956955,12,0.7584530473445412,False
11950,UNetPP,no_n2v,1,92,142.0,204.0,7,10,-0.07359022436213536,0.5465166253458733,-0.002255035552529791,-0.01971302335701517,0.007488355684719292,-0.0013127535447315167,-0.021968058909544962,0.011500904547306607,12,0.46518202501659217,False
11950,UNetPP,no_n2v,1,93,85.0,207.0,4,12,0.44522545556664284,-0.24032625922012585,0.006256910023860327,0.0009438985395794109,0.008612658516218683,0.007459995841213445,0.007200808563439738,0.009013041078072341,12,0.7192306897972685,False
11950,UNetPP,no_n2v,1,94,112.24672529600396,223.02828748887384,6,12,0.03775688685298917,-0.15328146978782797,-0.016620496497614715,-0.0060703776989807215,-0.005927728730343927,-0.008575473241007683,-0.022690874196595438,0.007934999657647593,12,0.5765471698253049,False
11950,UNetPP,no_n2v,1,95,103.0,14.0,-1,1,-0.6256767383273569,-1.044331375110568,,,,,,,12,,True
11950,UNetPP,no_n2v,1,96,109.73616525451138,36.782820442225365,0,2,0.30215402525139723,-0.08148574947013287,-0.0116656749242558,-0.008652139496878946,0.011199441114486808,0.0017406356056354575,-0.020317814421134745,0.011300346464594409,12,0.7695978176998879,False
11950,UNetPP,no_n2v,1,97,180.531424841851,41.33197897155157,4,0,-0.24849899969655098,0.28389431470124293,0.00041305812648781534,0.020450624561548243,-0.0027532291309247782,-0.006263380764581552,0.020863682688036057,0.010390201528711457,12,0.6400335625813126,False
11950,UNetPP,no_n2v,1,98,208.73890017436506,57.5218212089965,6,0,0.3047824680998872,0.5324938527046044,0.006946739459344979,0.012645549117888732,-0.010311566576399537,-0.0012870019906035986,0.01959228857723371,0.010698014448513236,12,0.7750887518771185,False
11950,UNetPP,no_n2v,1,99,115.49905797603134,58.39531881715649,1,3,0.25671225583873536,-0.28896219112393595,-0.007173673632202408,-0.01266125760289576,0.0014106362971603808,0.005427674558844379,-0.019834931235098167,0.0030851724784392532,12,0.5139141925679349,False
11950,UNetPP,no_n2v,1,100,143.0,74.0,3,3,0.10346041508978487,-0.625523707721996,-0.0037841358742314248,0.010186796541686135,0.0014130807140800613,0.006134019941682536,0.0064026606674547105,0.007126958344696496,12,0.5544378028360669,False
11950,UNetPP,no_n2v,1,101,85.0,78.0,0,5,-0.3777239049814227,-0.41236659228793826,0.007994409806294282,-0.006029279483000121,-0.0006780775174681768,-0.014160651661734776,0.0019651303232941612,0.0070445549497724445,12,0.6119088550072181,False
11950,UNetPP,no_n2v,1,102,156.0,83.0,4,3,-0.723636517269,0.4038549425572313,0.001361043599629597,0.00843240661051704,0.006253124534408284,-0.0019079410305985378,0.009793450210146637,0.00718349567764578,12,0.49887229242640746,False
11950,UNetPP,no_n2v,1,103,192.32427208682725,84.24816017114328,6,2,-0.07232073658553873,-0.43987411887690087,-0.006103102374615792,-0.0039019854193483032,0.003185006776267457,-0.00983082747246274,-0.010005087793964095,0.0033697918522604814,12,0.6809349139495333,False
11950,UNetPP,no_n2v,1,104,78.0,92.0,0,6,0.6410385364447535,-0.26172005915209695,0.006391349372027163,0.012943223388140183,0.006630101987379152,-0.011970360781774091,0.019334572760167347,0.007395269815483626,12,0.665860773239306,False
11950,UNetPP,no_n2v,1,105,70.0,106.0,0,7,0.6598009778709297,-0.11107352601624143,0.007754892664371288,0.024270635595441223,-0.007819535519108047,0.009279297082797136,0.03202552825981251,0.011372667975276909,12,0.6433054697869625,False
11950,UNetPP,no_n2v,1,106,83.0,115.0,1,7,-0.16729595448786938,0.9183051242629858,-0.002413947646824594,0.00986756799417051,-0.013072893405658285,0.007043919568354621,0.007453620347345917,0.014443318476226498,12,0.46532664420656783,False
11950,UNetPP,no_n2v,1,107,118.0,116.0,3,6,-0.840252260631658,-0.1735841083144436,-0.00513328329114511,0.0079291158843689,-0.0016319690298577127,-0.000696757091410134,0.0027958325932237894,0.006732004973968156,12,0.42876792811299735,False
11950,UNetPP,no_n2v,1,108,25.881692980922775,118.61579274298933,-2,9,0.23321270636368396,0.747254982686357,,,,,,,12,,True
11950,UNetPP,no_n2v,1,109,61.0,121.0,0,8,-0.32143658070287984,1.039573007119614,0.0042118685947113,0.0081741067741371,-0.005953895163448621,0.008702380406467779,0.0123859753688484,0.006274846648720728,12,0.47500438354315744,False
11950,UNetPP,no_n2v,1,110,225.5165291492086,123.20117072446588,9,3,-0.3425920298544156,0.751918918419193,-0.008129483943605112,-0.010461498004204014,-0.000992178145809197,-0.006913645728124721,-0.018590981947809126,0.0015310094277074587,12,0.5751298230173733,False
11950,UNetPP,no_n2v,1,111,132.0,124.0,4,6,-0.6673491929904571,-0.14420545803521634,0.00492509563269645,-0.005396484603107546,0.004711956665740707,0.0005017181629871979,-0.00047138897041109577,0.006988296663769591,12,0.5689792289309767,False
11950,UNetPP,no_n2v,1,112,168.0,126.0,6,5,-0.3403054991342458,-0.23609469061263155,-0.0038576503204523307,-0.019874193417858864,-0.006370212169768489,0.006512922424311772,-0.023731843738311196,0.01023288895110451,12,0.44075844024298144,False
11950,UNetPP,no_n2v,1,113,39.82732110372288,126.64608692009614,-1,9,0.3517438968049902,0.8069278100723807,-0.006576300304873414,0.00447992461108981,-0.0017945624065351478,0.0016919615418778285,-0.0020963756937836036,0.005812097863856108,12,0.5812111678701805,False
11950,UNetPP,no_n2v,1,114,203.79626429313424,128.24580481627723,8,4,-0.21699751214379148,-0.08217910691283237,0.0026476216124375384,-0.022167861749726427,-0.001638375889899609,-0.0010976943571484555,-0.01952024013728889,0.01251544362701792,12,0.6021068041489266,False
11950,UNetPP,no_n2v,1,115,53.0,134.0,0,9,-0.3026741392766894,0.1902195402554696,-0.002246509158583534,-0.009579287643908897,0.002440437468290777,-0.005033211238871751,-0.011825796802492431,0.00440433253914258,12,0.5462572939830033,False
11950,UNetPP,no_n2v,1,116,160.0,140.0,6,6,-0.3215430577080838,-0.08544815747677603,0.0031505097829099497,-0.0006038998087273531,0.0024683186026578973,-0.0004944525191394348,0.0025466099741825966,0.0031010473343165176,12,0.5357485800221203,False
11950,UNetPP,no_n2v,1,117,67.0,142.0,1,9,-0.12977107163550272,0.21959819053466845,0.0024949522016663654,-0.014644766240137167,0.0029629292415926825,-0.00689838123880848,-0.012149814038470801,0.009067603694293217,12,0.39569352393037627,False
11950,UNetPP,no_n2v,1,118,139.0,145.0,5,7,0.52431631607692,-0.964180274620162,-0.01343198175833012,0.007228149372329813,0.0007443413312645643,-0.002784439902389693,-0.006203832386000307,0.010356847908579358,12,0.4853358282759799,False
11950,UNetPP,no_n2v,1,119,188.0,156.0,8,6,0.024263077574346426,-0.026690856918321515,0.007691092584984985,0.00660756223875254,0.0010319150394840822,-0.0029777545652829446,0.014298654823737525,0.0011654862296548532,12,0.38270151344447506,False
11950,UNetPP,no_n2v,1,120,130.0,160.0,5,8,-0.4569212424968896,0.18646625851573617,-0.016340522469886404,0.01361117966049648,-0.004699508622500303,-0.0010264604382568235,-0.002729342809389924,0.015695906995766454,12,0.5356655775363646,False
11950,UNetPP,no_n2v,1,121,37.934592668794814,161.75162148896445,0,11,0.6694434123704767,0.24313409549162657,0.015422668979800776,-0.018200616875950724,0.00039833878708534637,0.005349026617621111,-0.0027779478961499487,0.01681636142938452,12,0.546661477754665,False
11950,UNetPP,no_n2v,1,122,202.0,164.0,9,6,0.1971661452155331,0.0026877933608489,0.002381921286514323,0.010133000739829257,-0.00944240535044667,-0.00045669861508581665,0.01251492202634358,0.010206802975224128,12,0.39176972124510206,False
11950,UNetPP,no_n2v,1,123,51.04031152284134,169.61075033709204,1,11,-0.05193466594179341,0.13164159389845054,0.009527874879910282,-0.018341519183964157,-0.004614189780414701,0.004355701368934817,-0.008813644304053875,0.014678778174683457,12,0.5861045431893291,False
11950,UNetPP,no_n2v,1,124,216.0,172.0,10,6,0.3700692128567198,0.03206644364007616,-0.008719940139860978,0.010346550500164182,-0.018471576925686246,-0.0019733271761349005,0.0016266103603032045,0.020786580297227495,12,0.5805672636443063,False
11950,UNetPP,no_n2v,1,125,123.0,174.0,5,9,0.5618411989293008,0.3371127916515775,-0.01539836860954525,-0.0018388210501835776,-0.001054510243452494,0.0042501190404488865,-0.017237189659728827,0.006861291741151517,12,0.5749926899398768,False
11950,UNetPP,no_n2v,1,126,65.0,177.0,2,11,0.08065687885806483,-0.44973009291436483,0.00679196390379331,-0.010253460501706937,0.0008285173977838448,0.0010276310939277252,-0.003461496597913627,0.008562888786463151,12,0.6357236616476516,False
11950,UNetPP,no_n2v,1,127,172.0,183.0,8,8,0.061787960426698874,-0.7253977906466389,0.006369647781146921,0.0023771443966084005,-0.0016972396986313061,-0.0017639101400069527,0.00874679217775532,0.002620237281907494,12,0.4770260733422338,False
11950,UNetPP,no_n2v,1,128,207.0,186.0,10,7,-0.6111683457170898,0.1827129767759743,0.013935171492905005,0.014201101580940092,0.006787654308641044,-0.003333857177862177,0.028136273073845097,0.006788956526340695,12,0.8338168758975933,False
11950,UNetPP,no_n2v,1,129,57.4887744480443,191.49617205443104,2,12,0.5881937683285585,0.19708849465251888,0.02565606302797306,-0.024649802453683107,-0.0006050928836781469,0.015338270417138759,0.0010062605742899543,0.025160209912925988,12,0.6352486513746364,False
11950,UNetPP,no_n2v,1,130,163.0,198.0,8,9,-0.9194495981471107,0.4252487424892024,0.007503699621809166,-0.004162690149483443,-0.008760860505689262,-0.013436435113102248,0.0033410094723257226,0.010525152700748627,12,0.7503579639743708,False
11950,UNetPP,no_n2v,1,131,107.0,201.0,5,11,0.5993660817816533,-0.3615941420767399,-0.01742505703627328,-0.0010129713762989853,-0.002436571561992601,-0.006527702046175293,-0.018438028412572267,0.008560141348382896,12,0.5847281351365574,False
11950,UNetPP,no_n2v,1,132,120.0,209.0,6,11,-0.22773085057716003,-0.33221549179751264,-0.013421032636675987,-0.012178986035020215,0.002616421149253353,-0.0023649550517701643,-0.0256000186716962,0.002689113156866293,12,0.5306725277119925,False
11950,UNetPP,no_n2v,1,133,99.0,216.0,5,12,0.6181285232078437,0.7890523910591014,-0.009186734973428656,-0.010555441927135667,0.0002102847036126133,0.0025277407027481315,-0.019742176900564325,0.0007159324953198636,12,0.5097105761596632,False
11950,UNetPP,no_n2v,1,134,125.89777559532685,230.5680994930242,7,12,-0.13828974618292023,-0.5840908153582518,,,,,,,12,,True
11950,UNetPP,no_n2v,1,135,125.0,8.0,0,0,-0.4715361121123465,-1.1655992579672017,,,,,,,12,,True
11950,UNetPP,no_n2v,1,136,228.0,88.0,8,1,-0.06954912955657733,1.2200764774024009,0.021111853332629313,-0.010870533742762766,0.004961770988444701,0.017561397108586854,0.010241319589866547,0.016743280505976812,12,0.732622205382661,False
11950,UNetPP,no_n2v,1,137,92.0,100.0,1,6,0.8139416040859544,-0.2323414088728697,-0.012192037724966248,0.017809941258976492,-0.0033921972349563725,-0.004759645945303378,0.0056179035340102445,0.015379749276860175,12,0.4888122829823006,False
11950,UNetPP,no_n2v,1,138,212.0,115.0,8,3,-0.03202424670422488,0.5213695436740977,-0.011094723679921963,-0.0043214846328222456,-0.008916978189387956,-0.0005130681873116941,-0.01541620831274421,0.009538432356908004,12,0.6844411164784462,False
11950,UNetPP,no_n2v,1,139,59.51997685792524,156.06473933602595,1,10,0.4089682277159312,0.43498405969646114,0.002543005047353134,-0.011774152170740312,0.0012388510528684514,-0.005723656900680689,-0.009231147123387178,0.007264984489528838,12,0.5495660682695758,False
11950,UNetPP,no_n2v,1,140,73.0,163.0,2,10,0.061894437431874394,-0.600376626050263,0.002410975504891814,-0.010684618613315107,0.005292888052968399,-2.9891362352766487e-05,-0.008273643108423294,0.008419519598436691,12,0.33835527001558724,False
11950,UNetPP,no_n2v,1,141,114.0,187.0,5,10,-0.41939635964452293,-0.5122406752125812,-0.016326527830240467,-0.009101513798387372,-0.0016205256271930554,0.002005801069441352,-0.02542804162862784,0.003959332045750643,12,0.4721131158994544,False
11950,UNetPP,no_n2v,1,142,178.0,205.0,9,9,0.253453469494076,-0.5453726072315703,-0.006057248468305214,-0.0024520633640214666,-0.006402571942891864,0.00439917468911493,-0.008509311832326682,0.006651486104093088,12,0.7342922148894253,False
11950,UNetPP,no_n2v,1,143,155.9605129803627,211.77445575722425,8,10,0.059825823641745046,0.35035103284928937,-0.006322029235641636,-0.011422757520693185,-0.003252339344854049,-0.006238182879396609,-0.01774478675633482,0.00413304590750779,12,0.7237583540674383,False
11950,UNetPP,no_n2v,1,144,134.36371931788636,217.26367505813272,7,11,0.3088915349504191,-0.039161783385566196,-0.0032659044826710893,-0.027260229785778262,0.0029818173586841886,0.004386806086213227,-0.030526134268449353,0.012362165928686712,12,0.70405530973496,False
11950,UNetPP,no_n2v,1,145,170.0,219.0,9,10,0.2722159109202664,-0.394726074095729,-0.016493819068199054,0.005176131060984866,-0.011300829412726315,0.006403194846473078,-0.011317688007214187,0.015655843320175052,12,0.8065190739823872,False
11950,UNetPP,no_n2v,1,146,247.0,117.0,10,2,-0.7049805528479851,0.4294803110966967,,,,,,,12,,True
11950,UNetPP,no_n2v,1,147,29.0,175.0,0,12,-0.24638681499814652,-0.35784086033697804,,,,,,,12,,True
11950,UNetPP,no_n2v,1,148,147.71471323636922,224.42502388382536,8,11,-0.16721147892553745,-0.8484343074136973,-0.005421823158945766,-0.004706144523961249,0.0010786050271388778,0.009277657740900091,-0.010127967682907016,0.0011364144409996666,12,0.6148514703521902,False
11950,UNetPP,no_n2v,1,149,161.0,234.0,9,11,-0.7090216476535431,0.7559204590401123,,,,,,,12,,True
11950,UNetPP,no_n2v,1,150,237.0,74.0,8,0,0.9116884290172322,1.0694299442665454,,,,,,,12,,True
