condition,arch,fold,image,frac_pos,p_mean,p_frac_undecided,corr,polarity,fft_peak_raw_k,fft_peak_raw_strength,fft_peak_den_k,fft_peak_den_strength,fft_peak_kept
no_n2v,AtomSegNet,1,Diamante-0001.tif,0.2712554931640625,0.2861669063568115,0.2636871337890625,0.28351659590710754,bright,4,1.0636267863507558,4,2.25616442884515,True
no_n2v,AtomSegNet,1,Diamante-0004.tif,0.494476318359375,0.4741208851337433,0.3559112548828125,0.41516148888750465,bright,22,1.0997777962379605,14,1.8288895218107888,False
no_n2v,AtomSegNet,1,Diamante-0005.tif,0.465057373046875,0.4563857913017273,0.25531005859375,0.5416397942980922,bright,4,2.008806506632607,4,1.9806338764685927,True
no_n2v,AtomSegNet,1,Diamante-0006.tif,0.5099029541015625,0.49023330211639404,0.2989959716796875,0.44475366593957943,bright,10,1.7341791093841026,10,1.9912068352670262,True
no_n2v,AtomSegNet,1,Diamante-0007.tif,0.4574737548828125,0.43111366033554077,0.3162384033203125,0.3884028511330638,bright,11,1.6892554376480646,11,2.2261577156918486,True
no_n2v,AtomSegNet,1,Diamante-0008.tif,0.58160400390625,0.5749498009681702,0.2657928466796875,0.3939781391660732,bright,4,2.9196661099296617,4,3.7466396808734115,True
no_n2v,AtomSegNet,1,Diamante-0009.tif,0.5488128662109375,0.5317776203155518,0.2589569091796875,0.5887905740789734,bright,5,4.602917836345904,5,4.874323553818822,True
no_n2v,AtomSegNet,1,Diamante-0010.tif,0.52618408203125,0.5318236947059631,0.228271484375,0.5061233790453054,bright,6,3.6188744396964765,5,4.755526262974599,True
no_n2v,AtomSegNet,1,Diamante-0011.tif,0.5853424072265625,0.5421199798583984,0.286865234375,0.4047605397451917,bright,4,2.2089435076127715,4,2.196679759265757,True
no_n2v,AtomSegNet,1,Diamante-0012.tif,0.4747314453125,0.488277405500412,0.26312255859375,0.41088785732242405,bright,4,4.004886455654313,6,4.231993941178629,True
no_n2v,AtomSegNet,1,Diamante-0013.tif,0.489532470703125,0.4863589107990265,0.222320556640625,0.6462906446638662,bright,5,1.7782758408144923,5,2.2480122011920556,True
no_n2v,AtomSegNet,1,Diamante-0014.tif,0.48504638671875,0.46106311678886414,0.2292938232421875,0.7310994893741036,bright,4,2.7391087067256894,4,2.7885889012634903,True
no_n2v,AtomSegNet,1,Diamante-0015.tif,0.62078857421875,0.600247859954834,0.3292236328125,0.3167046997704571,bright,4,3.241301324307807,4,3.76651045364859,True
no_n2v,AtomSegNet,1,Diamante-0016.tif,0.6622772216796875,0.6205617189407349,0.3025970458984375,0.42139610451303033,bright,4,3.99144447816608,4,4.420972895930505,True
no_n2v,AtomSegNet,1,Diamante-0017.tif,0.60321044921875,0.5774195790290833,0.27142333984375,0.38895537403516073,bright,4,2.0251612215754444,4,1.7388433855509697,True
no_n2v,AtomSegNet,1,Diamante-0018.tif,0.445098876953125,0.4432278871536255,0.3278961181640625,0.3094305846287044,bright,10,1.7295321276475093,7,1.9907761134994353,False
no_n2v,AtomSegNet,1,Diamante-0019.tif,0.49761962890625,0.47910046577453613,0.349456787109375,0.34492215250884045,bright,10,1.5113006354175216,10,1.7401891054903922,True
no_n2v,AtomSegNet,1,Diamante-0020.tif,0.5339813232421875,0.49761664867401123,0.365936279296875,0.2714269876172396,bright,5,3.1304747497018677,5,6.60665854001347,True
no_n2v,AtomSegNet,1,Diamante-0021.tif,0.5684356689453125,0.5027724504470825,0.4986114501953125,0.20496655177114476,bright,5,1.9617316779774752,5,2.227539286232555,True
no_n2v,AtomSegNet,1,Diamante-0022.tif,0.534088134765625,0.5194159746170044,0.27294921875,0.5580218022051583,bright,6,3.016556123992835,6,3.950219806014519,True
no_n2v,AtomSegNet,1,Diamante-0023.tif,0.4652862548828125,0.47122132778167725,0.2484283447265625,0.4754287271352916,bright,4,2.8146013470792237,5,3.6173793440127437,True
no_n2v,AtomSegNet,1,Diamante-0024.tif,0.50921630859375,0.49252447485923767,0.3417510986328125,0.45655863307805267,bright,4,1.7054447598806237,4,1.9457645811760493,True
no_n2v,AtomSegNet,1,Diamante-0025.tif,0.3960418701171875,0.38900837302207947,0.40185546875,0.22879596316642445,bright,20,1.2920749671087166,14,2.836002034942419,False
no_n2v,AtomSegNet,1,Diamante-0026.tif,0.38079833984375,0.3728371262550354,0.3204193115234375,0.479965685443276,bright,6,2.494206284744049,6,2.5746090912973276,True
no_n2v,AtomSegNet,1,Diamante-0027.tif,0.3629150390625,0.37574344873428345,0.2783660888671875,0.2898862712630834,bright,20,1.1968350048236347,15,2.9137868325803833,False
no_n2v,AtomSegNet,1,Diamante-0028.tif,0.33551025390625,0.3402809202671051,0.2036895751953125,0.558471205728427,bright,4,1.834623862914087,4,1.6902845812735672,True
no_n2v,AtomSegNet,1,Diamante-0029.tif,0.6420440673828125,0.6018515229225159,0.2779541015625,0.47220781162292047,bright,5,1.4941464491865726,5,1.4033378306046191,True
no_n2v,AtomSegNet,1,Diamante-0030.tif,0.5146026611328125,0.5146589279174805,0.2139739990234375,0.38724630571588553,bright,4,1.6927351084550966,4,1.5902083604150854,True
no_n2v,AtomSegNet,2,Diamante-0001.tif,0.267425537109375,0.3035489320755005,0.296051025390625,0.30935024702936903,bright,4,1.0636267863507558,4,1.7854474696877372,True
no_n2v,AtomSegNet,2,Diamante-0004.tif,0.448089599609375,0.47653692960739136,0.34600830078125,0.38880155147837964,bright,22,1.0997777962379605,9,1.3401744579184238,False
no_n2v,AtomSegNet,2,Diamante-0005.tif,0.4466094970703125,0.46933144330978394,0.3585357666015625,0.45777205454092923,bright,4,2.008806506632607,4,2.090166472568811,True
no_n2v,AtomSegNet,2,Diamante-0006.tif,0.425872802734375,0.426355242729187,0.28411865234375,0.40831495798740736,bright,10,1.7341791093841026,4,1.2703758426555516,False
no_n2v,AtomSegNet,2,Diamante-0007.tif,0.37652587890625,0.37542420625686646,0.258575439453125,0.3986356666583258,bright,11,1.6892554376480646,11,2.127286640874627,True
no_n2v,AtomSegNet,2,Diamante-0008.tif,0.49884033203125,0.47792184352874756,0.3152618408203125,0.5254952019960333,bright,4,2.9196661099296617,4,2.5862530784098943,True
no_n2v,AtomSegNet,2,Diamante-0009.tif,0.4903717041015625,0.47484999895095825,0.278411865234375,0.6006554961292088,bright,5,4.602917836345904,5,4.852100668836934,True
no_n2v,AtomSegNet,2,Diamante-0010.tif,0.5108795166015625,0.4826886057853699,0.33343505859375,0.5597854507326397,bright,6,3.6188744396964765,6,3.99600857190269,True
no_n2v,AtomSegNet,2,Diamante-0011.tif,0.486297607421875,0.4763668179512024,0.2660064697265625,0.4736186113309347,bright,4,2.2089435076127715,4,2.6186270196527146,True
no_n2v,AtomSegNet,2,Diamante-0012.tif,0.4620208740234375,0.4435362219810486,0.406097412109375,0.4376478051069685,bright,4,4.004886455654313,5,4.865834042165664,True
no_n2v,AtomSegNet,2,Diamante-0013.tif,0.4627227783203125,0.466234415769577,0.1862640380859375,0.6182328939690377,bright,5,1.7782758408144923,5,1.8568438177199678,True
no_n2v,AtomSegNet,2,Diamante-0014.tif,0.4626922607421875,0.4444319009780884,0.232635498046875,0.7267678182982472,bright,4,2.7391087067256894,4,2.8475897426410626,True
no_n2v,AtomSegNet,2,Diamante-0015.tif,0.5244293212890625,0.511875569820404,0.308624267578125,0.3897568898994102,bright,4,3.241301324307807,4,3.38323399546362,True
no_n2v,AtomSegNet,2,Diamante-0016.tif,0.568878173828125,0.5411166548728943,0.328369140625,0.5189868753300577,bright,4,3.99144447816608,4,4.618950185014701,True
no_n2v,AtomSegNet,2,Diamante-0017.tif,0.5430755615234375,0.5328276753425598,0.227996826171875,0.45432667876193483,bright,4,2.0251612215754444,4,1.9069778127548158,True
no_n2v,AtomSegNet,2,Diamante-0018.tif,0.3933563232421875,0.39671218395233154,0.2854461669921875,0.2791649607744665,bright,10,1.7295321276475093,10,2.117053360520841,True
no_n2v,AtomSegNet,2,Diamante-0019.tif,0.4808502197265625,0.4701784551143646,0.286163330078125,0.3135917249969363,bright,10,1.5113006354175216,4,1.4484935290110867,False
no_n2v,AtomSegNet,2,Diamante-0020.tif,0.5185699462890625,0.4976727366447449,0.3382568359375,0.26108057480779095,bright,5,3.1304747497018677,5,5.601114367899411,True
no_n2v,AtomSegNet,2,Diamante-0021.tif,0.5612945556640625,0.5107041001319885,0.5382232666015625,0.1633909011656839,bright,5,1.9617316779774752,5,2.1905056357660873,True
no_n2v,AtomSegNet,2,Diamante-0022.tif,0.526123046875,0.5124071836471558,0.2492523193359375,0.5782198160774689,bright,6,3.016556123992835,6,3.698327473329207,True
no_n2v,AtomSegNet,2,Diamante-0023.tif,0.3466796875,0.3609663248062134,0.260162353515625,0.5180760065961963,bright,4,2.8146013470792237,5,3.471799270155515,True
no_n2v,AtomSegNet,2,Diamante-0024.tif,0.4405670166015625,0.4627763032913208,0.374786376953125,0.529877641024914,bright,4,1.7054447598806237,4,1.9080634190455978,True
no_n2v,AtomSegNet,2,Diamante-0025.tif,0.456695556640625,0.4656279683113098,0.4321746826171875,0.25342650180990617,bright,20,1.2920749671087166,15,1.5748856015360952,False
no_n2v,AtomSegNet,2,Diamante-0026.tif,0.330047607421875,0.34829869866371155,0.3058319091796875,0.48758527893911646,bright,6,2.494206284744049,6,2.756880491445218,True
no_n2v,AtomSegNet,2,Diamante-0027.tif,0.7158660888671875,0.6518388390541077,0.35711669921875,0.28244863838813966,bright,20,1.1968350048236347,10,1.2537375566042097,False
no_n2v,AtomSegNet,2,Diamante-0028.tif,0.2599334716796875,0.2977152466773987,0.2227630615234375,0.42489112838209775,bright,4,1.834623862914087,4,1.7455792059374988,True
no_n2v,AtomSegNet,2,Diamante-0029.tif,0.51953125,0.5093557238578796,0.2630767822265625,0.5065246073854132,bright,5,1.4941464491865726,5,1.6575551311555798,True
no_n2v,AtomSegNet,2,Diamante-0030.tif,0.5052947998046875,0.489533394575119,0.2466583251953125,0.47480905121638844,bright,4,1.6927351084550966,4,1.6281680803026815,True
no_n2v,AtomSegNet,3,Diamante-0001.tif,0.360015869140625,0.35504427552223206,0.310302734375,0.32707409771114104,bright,4,1.0636267863507558,16,1.7764537875887276,False
no_n2v,AtomSegNet,3,Diamante-0004.tif,0.60125732421875,0.5597086548805237,0.4118499755859375,0.4521894753403653,bright,22,1.0997777962379605,7,1.1941156682670462,False
no_n2v,AtomSegNet,3,Diamante-0005.tif,0.5427093505859375,0.5061023831367493,0.339935302734375,0.5905479758573104,bright,4,2.008806506632607,4,1.908997369737293,True
no_n2v,AtomSegNet,3,Diamante-0006.tif,0.3551025390625,0.34295356273651123,0.204345703125,0.43509602013810084,bright,10,1.7341791093841026,10,1.8033407200015337,True
no_n2v,AtomSegNet,3,Diamante-0007.tif,0.3287200927734375,0.3205990195274353,0.196441650390625,0.39316590265598106,bright,11,1.6892554376480646,11,2.1079943938689967,True
no_n2v,AtomSegNet,3,Diamante-0008.tif,0.426483154296875,0.41479867696762085,0.28582763671875,0.5210572022850168,bright,4,2.9196661099296617,4,3.0177403150295325,True
no_n2v,AtomSegNet,3,Diamante-0009.tif,0.473541259765625,0.4494013488292694,0.2386322021484375,0.6102778535457862,bright,5,4.602917836345904,5,4.703290985463056,True
no_n2v,AtomSegNet,3,Diamante-0010.tif,0.45458984375,0.4389307498931885,0.26751708984375,0.619263118599518,bright,6,3.6188744396964765,4,3.7324229562180142,True
no_n2v,AtomSegNet,3,Diamante-0011.tif,0.409912109375,0.38463258743286133,0.2292327880859375,0.45561802067900975,bright,4,2.2089435076127715,4,2.074118542167497,True
no_n2v,AtomSegNet,3,Diamante-0012.tif,0.4175872802734375,0.40268072485923767,0.2600250244140625,0.5318799704246528,bright,4,4.004886455654313,4,4.412847203468427,True
no_n2v,AtomSegNet,3,Diamante-0013.tif,0.4500885009765625,0.42970433831214905,0.217498779296875,0.6476272277939642,bright,5,1.7782758408144923,5,2.1187409668641664,True
no_n2v,AtomSegNet,3,Diamante-0014.tif,0.4144287109375,0.3987273573875427,0.1802825927734375,0.7324434135581195,bright,4,2.7391087067256894,4,2.9894640191883814,True
no_n2v,AtomSegNet,3,Diamante-0015.tif,0.4861602783203125,0.4712909460067749,0.34259033203125,0.37142673629823236,bright,4,3.241301324307807,4,3.841528069055314,True
no_n2v,AtomSegNet,3,Diamante-0016.tif,0.4460601806640625,0.4198397397994995,0.27386474609375,0.5025437508459478,bright,4,3.99144447816608,4,4.352379477117275,True
no_n2v,AtomSegNet,3,Diamante-0017.tif,0.4684295654296875,0.4369659423828125,0.2589111328125,0.41918731519132485,bright,4,2.0251612215754444,4,1.7641502636675388,True
no_n2v,AtomSegNet,3,Diamante-0018.tif,0.339935302734375,0.34608277678489685,0.2756195068359375,0.32232721541815695,bright,10,1.7295321276475093,10,2.4254514802865836,True
no_n2v,AtomSegNet,3,Diamante-0019.tif,0.3975830078125,0.38895946741104126,0.2816619873046875,0.3376152893607141,bright,10,1.5113006354175216,10,2.122269681887975,True
no_n2v,AtomSegNet,3,Diamante-0020.tif,0.4189605712890625,0.4250187277793884,0.35882568359375,0.2917982680955753,bright,5,3.1304747497018677,5,6.758359841883774,True
no_n2v,AtomSegNet,3,Diamante-0021.tif,0.4021759033203125,0.41280248761177063,0.468231201171875,0.2062351445454131,bright,5,1.9617316779774752,5,2.436768910449662,True
no_n2v,AtomSegNet,3,Diamante-0022.tif,0.4446868896484375,0.43002864718437195,0.253326416015625,0.5850169665870057,bright,6,3.016556123992835,6,4.352353336722733,True
no_n2v,AtomSegNet,3,Diamante-0023.tif,0.3161163330078125,0.3327924907207489,0.236846923828125,0.5771820451428756,bright,4,2.8146013470792237,4,2.578645407509511,True
no_n2v,AtomSegNet,3,Diamante-0024.tif,0.503692626953125,0.4763393998146057,0.333343505859375,0.5280692824223309,bright,4,1.7054447598806237,4,1.7878104594830282,True
no_n2v,AtomSegNet,3,Diamante-0025.tif,0.7997283935546875,0.6797136068344116,0.4005889892578125,0.26339631645595707,bright,20,1.2920749671087166,4,1.2382515622229697,False
no_n2v,AtomSegNet,3,Diamante-0026.tif,0.36181640625,0.35059136152267456,0.2378692626953125,0.5423876836936046,bright,6,2.494206284744049,6,2.8009201493639653,True
no_n2v,AtomSegNet,3,Diamante-0027.tif,0.8472442626953125,0.7482630014419556,0.2865142822265625,0.2379045590781821,bright,20,1.1968350048236347,5,1.8640572298722784,False
no_n2v,AtomSegNet,3,Diamante-0028.tif,0.3602752685546875,0.3625948429107666,0.2494659423828125,0.5139043651265716,bright,4,1.834623862914087,4,1.8241541024318657,True
no_n2v,AtomSegNet,3,Diamante-0029.tif,0.5407257080078125,0.49784743785858154,0.2875518798828125,0.5358857947798282,bright,5,1.4941464491865726,5,1.575403990642712,True
no_n2v,AtomSegNet,3,Diamante-0030.tif,0.4545745849609375,0.4219641089439392,0.237640380859375,0.47007355027809655,bright,4,1.6927351084550966,4,1.6516713078786718,True
no_n2v,AtomSegNet,4,Diamante-0001.tif,0.2220916748046875,0.23543675243854523,0.31866455078125,0.21061630284684094,bright,4,1.0636267863507558,4,2.836995325427893,True
no_n2v,AtomSegNet,4,Diamante-0004.tif,0.5825653076171875,0.49722567200660706,0.635162353515625,0.3838606904595388,bright,22,1.0997777962379605,4,1.6389644580513685,False
no_n2v,AtomSegNet,4,Diamante-0005.tif,0.4989471435546875,0.44038644433021545,0.5095977783203125,0.5805236628486412,bright,4,2.008806506632607,4,1.8731740080471833,True
no_n2v,AtomSegNet,4,Diamante-0006.tif,0.4229888916015625,0.3849942088127136,0.44805908203125,0.4552666835449389,bright,10,1.7341791093841026,4,1.146051128443739,False
no_n2v,AtomSegNet,4,Diamante-0007.tif,0.359375,0.3283993601799011,0.398895263671875,0.4233222818794051,bright,11,1.6892554376480646,11,2.507559492066859,True
no_n2v,AtomSegNet,4,Diamante-0008.tif,0.578338623046875,0.5073621273040771,0.372100830078125,0.4579916856974332,bright,4,2.9196661099296617,4,3.055066045182989,True
no_n2v,AtomSegNet,4,Diamante-0009.tif,0.5284271240234375,0.4748985767364502,0.3308563232421875,0.617614250528149,bright,5,4.602917836345904,5,4.342365688045213,True
no_n2v,AtomSegNet,4,Diamante-0010.tif,0.506378173828125,0.45022448897361755,0.367523193359375,0.5961508566729374,bright,6,3.6188744396964765,4,3.5388675475769302,True
no_n2v,AtomSegNet,4,Diamante-0011.tif,0.499359130859375,0.45052286982536316,0.3482666015625,0.46507950226634326,bright,4,2.2089435076127715,4,2.2081710194854107,True
no_n2v,AtomSegNet,4,Diamante-0012.tif,0.534912109375,0.4663768410682678,0.436431884765625,0.4844098189575492,bright,4,4.004886455654313,4,3.8866091280531205,True
no_n2v,AtomSegNet,4,Diamante-0013.tif,0.524566650390625,0.49646857380867004,0.255859375,0.6279955199991899,bright,5,1.7782758408144923,5,2.111427473699066,True
no_n2v,AtomSegNet,4,Diamante-0014.tif,0.5103607177734375,0.4700247049331665,0.248931884765625,0.7209164430913673,bright,4,2.7391087067256894,4,2.976514257742138,True
no_n2v,AtomSegNet,4,Diamante-0015.tif,0.5460205078125,0.5040290355682373,0.384735107421875,0.35972059088732267,bright,4,3.241301324307807,4,3.721730031559652,True
no_n2v,AtomSegNet,4,Diamante-0016.tif,0.6447601318359375,0.5740886926651001,0.3404083251953125,0.45617188756071725,bright,4,3.99144447816608,4,4.944788988478983,True
no_n2v,AtomSegNet,4,Diamante-0017.tif,0.5077056884765625,0.462420254945755,0.34075927734375,0.4432848583037756,bright,4,2.0251612215754444,4,1.739493904084328,True
no_n2v,AtomSegNet,4,Diamante-0018.tif,0.39068603515625,0.36525100469589233,0.457427978515625,0.3405057142964099,bright,10,1.7295321276475093,10,2.4352714310802996,True
no_n2v,AtomSegNet,4,Diamante-0019.tif,0.413604736328125,0.38148659467697144,0.4643402099609375,0.3434590035248316,bright,10,1.5113006354175216,10,1.7526651738765013,True
no_n2v,AtomSegNet,4,Diamante-0020.tif,0.5033111572265625,0.4482406973838806,0.4620208740234375,0.26512954936538813,bright,5,3.1304747497018677,5,4.906870633352483,True
no_n2v,AtomSegNet,4,Diamante-0021.tif,0.4228057861328125,0.4116482436656952,0.60650634765625,0.18108962037017104,bright,5,1.9617316779774752,4,2.080150935724396,True
no_n2v,AtomSegNet,4,Diamante-0022.tif,0.5296173095703125,0.48560526967048645,0.31982421875,0.5660440173544679,bright,6,3.016556123992835,6,3.6096195421840593,True
no_n2v,AtomSegNet,4,Diamante-0023.tif,0.42938232421875,0.3932800889015198,0.33917236328125,0.5504899035056046,bright,4,2.8146013470792237,5,3.648396419490773,True
no_n2v,AtomSegNet,4,Diamante-0024.tif,0.471832275390625,0.4431339204311371,0.47369384765625,0.4535737557736676,bright,4,1.7054447598806237,4,1.7471023581021081,True
no_n2v,AtomSegNet,4,Diamante-0025.tif,0.55078125,0.47058331966400146,0.6987762451171875,0.09317583707011348,unclear,20,1.2920749671087166,7,2.2193015614311276,False
no_n2v,AtomSegNet,4,Diamante-0026.tif,0.3384552001953125,0.3266081213951111,0.4149169921875,0.5550194656854338,bright,6,2.494206284744049,6,2.675741087602345,True
no_n2v,AtomSegNet,4,Diamante-0027.tif,0.3179473876953125,0.340090274810791,0.464141845703125,0.1940235500773313,bright,20,1.1968350048236347,14,2.0990969330811393,False
no_n2v,AtomSegNet,4,Diamante-0028.tif,0.372772216796875,0.34596264362335205,0.3707275390625,0.5705263390043269,bright,4,1.834623862914087,4,1.5764512990652286,True
no_n2v,AtomSegNet,4,Diamante-0029.tif,0.5684814453125,0.5125496983528137,0.3574066162109375,0.5396842485794391,bright,5,1.4941464491865726,5,1.523961975040511,True
no_n2v,AtomSegNet,4,Diamante-0030.tif,0.4981231689453125,0.4375661313533783,0.3364715576171875,0.5011313815494531,bright,4,1.6927351084550966,4,1.4046763445620825,True
no_n2v,AtomSegNet,5,Diamante-0001.tif,0.3329010009765625,0.35799646377563477,0.3538818359375,0.236193679202745,bright,4,1.0636267863507558,4,1.355455456430795,True
no_n2v,AtomSegNet,5,Diamante-0004.tif,0.5926055908203125,0.5824849605560303,0.4343719482421875,0.4247521136703506,bright,22,1.0997777962379605,6,1.8202512506155666,False
no_n2v,AtomSegNet,5,Diamante-0005.tif,0.5211181640625,0.5264281034469604,0.3717498779296875,0.5418784641816597,bright,4,2.008806506632607,4,2.099514998346968,True
no_n2v,AtomSegNet,5,Diamante-0006.tif,0.436981201171875,0.4430519640445709,0.252532958984375,0.3818323470397905,bright,10,1.7341791093841026,4,1.2164825300277957,False
no_n2v,AtomSegNet,5,Diamante-0007.tif,0.431793212890625,0.42582982778549194,0.310821533203125,0.4079224506383337,bright,11,1.6892554376480646,11,2.063881673039976,True
no_n2v,AtomSegNet,5,Diamante-0008.tif,0.624359130859375,0.5997015237808228,0.3366546630859375,0.4730961406668819,bright,4,2.9196661099296617,4,3.6309120291868915,True
no_n2v,AtomSegNet,5,Diamante-0009.tif,0.5545501708984375,0.5301939249038696,0.270111083984375,0.6239679005660166,bright,5,4.602917836345904,5,5.015968553851151,True
no_n2v,AtomSegNet,5,Diamante-0010.tif,0.558990478515625,0.542057454586029,0.2694549560546875,0.5909939808763698,bright,6,3.6188744396964765,6,5.077010666339918,True
no_n2v,AtomSegNet,5,Diamante-0011.tif,0.45172119140625,0.4631100296974182,0.2193756103515625,0.4490405833724852,bright,4,2.2089435076127715,4,2.1565971648110476,True
no_n2v,AtomSegNet,5,Diamante-0012.tif,0.522216796875,0.532683253288269,0.308563232421875,0.5072889149448132,bright,4,4.004886455654313,4,4.5041072566207445,True
no_n2v,AtomSegNet,5,Diamante-0013.tif,0.5000762939453125,0.4873477816581726,0.2024383544921875,0.6616382609997803,bright,5,1.7782758408144923,5,2.1010364214849306,True
no_n2v,AtomSegNet,5,Diamante-0014.tif,0.4812774658203125,0.4572376608848572,0.2060699462890625,0.7391890223447929,bright,4,2.7391087067256894,4,3.0525314235234284,True
no_n2v,AtomSegNet,5,Diamante-0015.tif,0.4822235107421875,0.4895256757736206,0.3444976806640625,0.3236190151135557,bright,4,3.241301324307807,4,3.910819851924661,True
no_n2v,AtomSegNet,5,Diamante-0016.tif,0.6436767578125,0.6063053607940674,0.318878173828125,0.4993399876498982,bright,4,3.99144447816608,4,5.116165154788785,True
no_n2v,AtomSegNet,5,Diamante-0017.tif,0.5197906494140625,0.5234374403953552,0.2192230224609375,0.42980592526244826,bright,4,2.0251612215754444,4,1.9890163874596032,True
no_n2v,AtomSegNet,5,Diamante-0018.tif,0.4086151123046875,0.42736297845840454,0.3071746826171875,0.26628058927493575,bright,10,1.7295321276475093,7,2.408697976721927,False
no_n2v,AtomSegNet,5,Diamante-0019.tif,0.4722137451171875,0.4665709137916565,0.3572235107421875,0.3264973454136752,bright,10,1.5113006354175216,4,1.1669096524795879,False
no_n2v,AtomSegNet,5,Diamante-0020.tif,0.5049896240234375,0.4685934782028198,0.34930419921875,0.26866747496832755,bright,5,3.1304747497018677,5,6.506643071100174,True
no_n2v,AtomSegNet,5,Diamante-0021.tif,0.3885040283203125,0.4226413071155548,0.55963134765625,0.2125341499069166,bright,5,1.9617316779774752,5,2.802940806016763,True
no_n2v,AtomSegNet,5,Diamante-0022.tif,0.5916595458984375,0.5694370269775391,0.2730865478515625,0.5512273502995303,bright,6,3.016556123992835,6,4.542330877623843,True
no_n2v,AtomSegNet,5,Diamante-0023.tif,0.4582672119140625,0.46092671155929565,0.2763519287109375,0.5354870120998063,bright,4,2.8146013470792237,4,3.429907944621667,True
no_n2v,AtomSegNet,5,Diamante-0024.tif,0.4674835205078125,0.4736994206905365,0.3574371337890625,0.5173083149774723,bright,4,1.7054447598806237,4,1.8027524432647337,True
no_n2v,AtomSegNet,5,Diamante-0025.tif,0.637908935546875,0.5602561831474304,0.5738372802734375,0.23976193276594868,bright,20,1.2920749671087166,5,2.369873656285739,False
no_n2v,AtomSegNet,5,Diamante-0026.tif,0.442230224609375,0.4364320635795593,0.3401031494140625,0.42073547373838177,bright,6,2.494206284744049,6,2.8718253135827903,True
no_n2v,AtomSegNet,5,Diamante-0027.tif,0.5444183349609375,0.5340076684951782,0.4970245361328125,0.3529173958126305,bright,20,1.1968350048236347,4,2.042620610901109,False
no_n2v,AtomSegNet,5,Diamante-0028.tif,0.38775634765625,0.39325758814811707,0.300537109375,0.5134797549296894,bright,4,1.834623862914087,4,2.2555163650650933,True
no_n2v,AtomSegNet,5,Diamante-0029.tif,0.6060028076171875,0.5894943475723267,0.2820281982421875,0.5202327154914395,bright,5,1.4941464491865726,5,1.5907609927528539,True
no_n2v,AtomSegNet,5,Diamante-0030.tif,0.5125274658203125,0.4991104006767273,0.2650299072265625,0.4667379519622508,bright,4,1.6927351084550966,4,1.8062998696237365,True
no_n2v,HRNet,1,Diamante-0001.tif,0.397247314453125,0.4390273094177246,0.541412353515625,0.425437899731716,bright,4,1.0636267863507558,4,1.7881303435673293,True
no_n2v,HRNet,1,Diamante-0004.tif,0.4403076171875,0.45089876651763916,0.4904632568359375,0.48404114474335164,bright,22,1.0997777962379605,14,1.7862315993464408,False
no_n2v,HRNet,1,Diamante-0005.tif,0.421966552734375,0.4253019690513611,0.459564208984375,0.6281482766890456,bright,4,2.008806506632607,4,2.120037281751364,True
no_n2v,HRNet,1,Diamante-0006.tif,0.43048095703125,0.4191836714744568,0.3985595703125,0.4708754609293038,bright,10,1.7341791093841026,10,2.0713200788606243,True
no_n2v,HRNet,1,Diamante-0007.tif,0.345733642578125,0.3611113131046295,0.3858184814453125,0.44766642594497585,bright,11,1.6892554376480646,11,2.062916114974008,True
no_n2v,HRNet,1,Diamante-0008.tif,0.4570465087890625,0.4565049409866333,0.379425048828125,0.49859270322071597,bright,4,2.9196661099296617,4,3.394778445643723,True
no_n2v,HRNet,1,Diamante-0009.tif,0.456512451171875,0.4494156837463379,0.38397216796875,0.6143142800969251,bright,5,4.602917836345904,5,4.284792442741179,True
no_n2v,HRNet,1,Diamante-0010.tif,0.4528961181640625,0.4543949365615845,0.4174041748046875,0.5677322716591061,bright,6,3.6188744396964765,6,3.808977063096427,True
no_n2v,HRNet,1,Diamante-0011.tif,0.4767608642578125,0.45501306653022766,0.3740692138671875,0.4886811677463608,bright,4,2.2089435076127715,4,1.9873320020538563,True
no_n2v,HRNet,1,Diamante-0012.tif,0.4381561279296875,0.44422876834869385,0.4253082275390625,0.5181650240679652,bright,4,4.004886455654313,4,3.581912161769395,True
no_n2v,HRNet,1,Diamante-0013.tif,0.4189453125,0.42188209295272827,0.3377532958984375,0.6713838281383838,bright,5,1.7782758408144923,5,1.9061158297484704,True
no_n2v,HRNet,1,Diamante-0014.tif,0.3849029541015625,0.38631153106689453,0.3455352783203125,0.7346626625891014,bright,4,2.7391087067256894,4,2.832739140064714,True
no_n2v,HRNet,1,Diamante-0015.tif,0.501983642578125,0.4834210276603699,0.437225341796875,0.3959456268480772,bright,4,3.241301324307807,4,2.968032166249108,True
no_n2v,HRNet,1,Diamante-0016.tif,0.5760498046875,0.5533902645111084,0.4007110595703125,0.5060928723275718,bright,4,3.99144447816608,4,4.505853656384339,True
no_n2v,HRNet,1,Diamante-0017.tif,0.5353546142578125,0.5021722316741943,0.391571044921875,0.4560909653056282,bright,4,2.0251612215754444,4,1.6979401076116818,True
no_n2v,HRNet,1,Diamante-0018.tif,0.4171600341796875,0.41929692029953003,0.4457550048828125,0.34755338285470616,bright,10,1.7295321276475093,10,2.1652555646850935,True
no_n2v,HRNet,1,Diamante-0019.tif,0.435089111328125,0.43199849128723145,0.4530487060546875,0.37255270010516184,bright,10,1.5113006354175216,10,1.9103914786203438,True
no_n2v,HRNet,1,Diamante-0020.tif,0.4568328857421875,0.4594230055809021,0.410552978515625,0.28470788917861817,bright,5,3.1304747497018677,5,4.49158591887013,True
no_n2v,HRNet,1,Diamante-0021.tif,0.46075439453125,0.46976786851882935,0.5323638916015625,0.23791248040500096,bright,5,1.9617316779774752,5,2.0037993010723527,True
no_n2v,HRNet,1,Diamante-0022.tif,0.485198974609375,0.4790650010108948,0.40167236328125,0.5872732275310037,bright,6,3.016556123992835,6,3.5777884615104956,True
no_n2v,HRNet,1,Diamante-0023.tif,0.3731231689453125,0.3941039443016052,0.3915557861328125,0.53195150771525,bright,4,2.8146013470792237,4,2.7105588424179965,True
no_n2v,HRNet,1,Diamante-0024.tif,0.4351043701171875,0.4388512372970581,0.4427032470703125,0.5599611753652995,bright,4,1.7054447598806237,4,1.671452575990783,True
no_n2v,HRNet,1,Diamante-0025.tif,0.43975830078125,0.453488290309906,0.50848388671875,0.2943635603531125,bright,20,1.2920749671087166,15,2.103953711791388,False
no_n2v,HRNet,1,Diamante-0026.tif,0.329437255859375,0.3530186414718628,0.3946533203125,0.5380824146501674,bright,6,2.494206284744049,6,2.401946346540418,True
no_n2v,HRNet,1,Diamante-0027.tif,0.500396728515625,0.4868698716163635,0.5387725830078125,0.3185381232027408,bright,20,1.1968350048236347,16,2.4941915593570805,False
no_n2v,HRNet,1,Diamante-0028.tif,0.315704345703125,0.33298566937446594,0.3778839111328125,0.5633100065546959,bright,4,1.834623862914087,4,1.8144225385440964,True
no_n2v,HRNet,1,Diamante-0029.tif,0.5500946044921875,0.5152695178985596,0.3919525146484375,0.5502539047598736,bright,5,1.4941464491865726,5,1.4532138024407806,True
no_n2v,HRNet,1,Diamante-0030.tif,0.465057373046875,0.4491610825061798,0.35955810546875,0.4971905391252147,bright,4,1.6927351084550966,4,1.4996847204449884,True
no_n2v,HRNet,2,Diamante-0001.tif,0.4950408935546875,0.4985160529613495,0.583770751953125,0.34603003169771884,bright,4,1.0636267863507558,4,2.0211385030283955,True
no_n2v,HRNet,2,Diamante-0004.tif,0.7232818603515625,0.612244725227356,0.5755157470703125,0.4414762505469321,bright,22,1.0997777962379605,14,1.9449714949140404,False
no_n2v,HRNet,2,Diamante-0005.tif,0.5745697021484375,0.5186641216278076,0.49346923828125,0.6313117212840043,bright,4,2.008806506632607,4,2.2258655630616047,True
no_n2v,HRNet,2,Diamante-0006.tif,0.480621337890625,0.47396284341812134,0.3363494873046875,0.4576228873604532,bright,10,1.7341791093841026,10,2.1570875875866977,True
no_n2v,HRNet,2,Diamante-0007.tif,0.4525299072265625,0.4418056607246399,0.399749755859375,0.4342786321157492,bright,11,1.6892554376480646,11,2.107026656346593,True
no_n2v,HRNet,2,Diamante-0008.tif,0.638092041015625,0.5887452363967896,0.4036712646484375,0.43697612243817247,bright,4,2.9196661099296617,4,3.1423255201987716,True
no_n2v,HRNet,2,Diamante-0009.tif,0.56072998046875,0.5311933159828186,0.3691253662109375,0.5845592340330567,bright,5,4.602917836345904,5,4.750523420365619,True
no_n2v,HRNet,2,Diamante-0010.tif,0.58233642578125,0.5490953326225281,0.3892059326171875,0.5646236649821363,bright,6,3.6188744396964765,5,3.894498116967429,True
no_n2v,HRNet,2,Diamante-0011.tif,0.5438690185546875,0.5176593661308289,0.341644287109375,0.5024578424361819,bright,4,2.2089435076127715,4,2.3016602975482896,True
no_n2v,HRNet,2,Diamante-0012.tif,0.538360595703125,0.516823410987854,0.407135009765625,0.47535300100715844,bright,4,4.004886455654313,4,3.329976338700372,True
no_n2v,HRNet,2,Diamante-0013.tif,0.4833221435546875,0.4657817780971527,0.30364990234375,0.6845417030301449,bright,5,1.7782758408144923,5,2.1056841293606157,True
no_n2v,HRNet,2,Diamante-0014.tif,0.42822265625,0.4132685661315918,0.328521728515625,0.7280295159955682,bright,4,2.7391087067256894,4,3.025090623119332,True
no_n2v,HRNet,2,Diamante-0015.tif,0.5980072021484375,0.5625223517417908,0.394622802734375,0.4130397755727735,bright,4,3.241301324307807,4,3.128323139419162,True
no_n2v,HRNet,2,Diamante-0016.tif,0.66558837890625,0.6081026792526245,0.384002685546875,0.48629572906784946,bright,4,3.99144447816608,4,4.552264642652627,True
no_n2v,HRNet,2,Diamante-0017.tif,0.62261962890625,0.5809077620506287,0.3531646728515625,0.4705445872406491,bright,4,2.0251612215754444,4,1.707101994171848,True
no_n2v,HRNet,2,Diamante-0018.tif,0.5250701904296875,0.5086569786071777,0.404693603515625,0.3632164184384503,bright,10,1.7295321276475093,10,2.163151861022712,True
no_n2v,HRNet,2,Diamante-0019.tif,0.529815673828125,0.5187056064605713,0.4109649658203125,0.38642683891965984,bright,10,1.5113006354175216,10,2.0176389107893904,True
no_n2v,HRNet,2,Diamante-0020.tif,0.5592498779296875,0.5275061726570129,0.4474639892578125,0.2704836853097922,bright,5,3.1304747497018677,5,4.2892823485174905,True
no_n2v,HRNet,2,Diamante-0021.tif,0.579986572265625,0.5454506874084473,0.5571441650390625,0.22206606283443317,bright,5,1.9617316779774752,5,1.8685824149450836,True
no_n2v,HRNet,2,Diamante-0022.tif,0.5860137939453125,0.5470376014709473,0.378326416015625,0.5815279867558059,bright,6,3.016556123992835,6,3.9207812858044244,True
no_n2v,HRNet,2,Diamante-0023.tif,0.47955322265625,0.47778967022895813,0.3609161376953125,0.521603346765863,bright,4,2.8146013470792237,5,3.3563216369527202,True
no_n2v,HRNet,2,Diamante-0024.tif,0.5895538330078125,0.5329403877258301,0.4648895263671875,0.609662736647931,bright,4,1.7054447598806237,4,1.8767214636729959,True
no_n2v,HRNet,2,Diamante-0025.tif,0.7055206298828125,0.5972961783409119,0.6476898193359375,0.22082827172822914,bright,20,1.2920749671087166,14,1.957656540136674,False
no_n2v,HRNet,2,Diamante-0026.tif,0.4046173095703125,0.40507644414901733,0.43011474609375,0.48862452530313233,bright,6,2.494206284744049,6,2.423154755933566,True
no_n2v,HRNet,2,Diamante-0027.tif,0.8736114501953125,0.7117241621017456,0.42095947265625,0.3412052440128877,bright,20,1.1968350048236347,14,2.527881904759901,False
no_n2v,HRNet,2,Diamante-0028.tif,0.390289306640625,0.3818856477737427,0.4084014892578125,0.6421744305580257,bright,4,1.834623862914087,4,1.788708560023055,True
no_n2v,HRNet,2,Diamante-0029.tif,0.6421356201171875,0.5863487720489502,0.3697509765625,0.5592078680722206,bright,5,1.4941464491865726,5,1.5011035592257604,True
no_n2v,HRNet,2,Diamante-0030.tif,0.5460662841796875,0.5169309377670288,0.355712890625,0.48501802145492506,bright,4,1.6927351084550966,4,1.511326899164118,True
no_n2v,HRNet,3,Diamante-0001.tif,0.483917236328125,0.4906109869480133,0.4809722900390625,0.43717197014161346,bright,4,1.0636267863507558,4,1.614493844455005,True
no_n2v,HRNet,3,Diamante-0004.tif,0.6079864501953125,0.5665788650512695,0.4667205810546875,0.47676441348426757,bright,22,1.0997777962379605,14,1.7072058122932463,False
no_n2v,HRNet,3,Diamante-0005.tif,0.531402587890625,0.5075390934944153,0.3939666748046875,0.6214328940481354,bright,4,2.008806506632607,4,2.173985971494309,True
no_n2v,HRNet,3,Diamante-0006.tif,0.4932861328125,0.48108696937561035,0.3359222412109375,0.45247894478243034,bright,10,1.7341791093841026,10,1.9612381369798264,True
no_n2v,HRNet,3,Diamante-0007.tif,0.4365997314453125,0.43265634775161743,0.387451171875,0.4490126549091116,bright,11,1.6892554376480646,11,1.946056327493671,True
no_n2v,HRNet,3,Diamante-0008.tif,0.5446929931640625,0.5282151699066162,0.3379974365234375,0.47199282279617466,bright,4,2.9196661099296617,4,3.4293782551454988,True
no_n2v,HRNet,3,Diamante-0009.tif,0.5392303466796875,0.5217746496200562,0.3101806640625,0.5988246402103585,bright,5,4.602917836345904,5,4.558013605426353,True
no_n2v,HRNet,3,Diamante-0010.tif,0.57568359375,0.5491774082183838,0.321502685546875,0.5559592753793164,bright,6,3.6188744396964765,6,4.026914701816329,True
no_n2v,HRNet,3,Diamante-0011.tif,0.512725830078125,0.4944749176502228,0.31719970703125,0.4920483218975969,bright,4,2.2089435076127715,4,2.603230624813476,True
no_n2v,HRNet,3,Diamante-0012.tif,0.553680419921875,0.537046492099762,0.3570404052734375,0.4748715996487696,bright,4,4.004886455654313,4,4.076951693402415,True
no_n2v,HRNet,3,Diamante-0013.tif,0.5101470947265625,0.4920809268951416,0.27362060546875,0.6693537462876544,bright,5,1.7782758408144923,5,1.9349967636607046,True
no_n2v,HRNet,3,Diamante-0014.tif,0.4554595947265625,0.4391581416130066,0.295562744140625,0.7541646103687389,bright,4,2.7391087067256894,4,2.8788300828937183,True
no_n2v,HRNet,3,Diamante-0015.tif,0.5467071533203125,0.5291858911514282,0.345428466796875,0.37988582927813475,bright,4,3.241301324307807,4,3.559418361758824,True
no_n2v,HRNet,3,Diamante-0016.tif,0.65948486328125,0.6217907071113586,0.3152923583984375,0.47754978857396696,bright,4,3.99144447816608,4,4.5845644484324035,True
no_n2v,HRNet,3,Diamante-0017.tif,0.6106109619140625,0.5763206481933594,0.3477935791015625,0.43643756185888893,bright,4,2.0251612215754444,4,1.9805141210511283,True
no_n2v,HRNet,3,Diamante-0018.tif,0.5137176513671875,0.4984763264656067,0.389862060546875,0.34355696128716096,bright,10,1.7295321276475093,10,1.879503816988472,True
no_n2v,HRNet,3,Diamante-0019.tif,0.4951629638671875,0.4881652295589447,0.366729736328125,0.36078178843703773,bright,10,1.5113006354175216,10,1.9005008781838535,True
no_n2v,HRNet,3,Diamante-0020.tif,0.5550689697265625,0.5361732840538025,0.40869140625,0.288550205454335,bright,5,3.1304747497018677,5,4.715277548839115,True
no_n2v,HRNet,3,Diamante-0021.tif,0.6028594970703125,0.5649041533470154,0.5125274658203125,0.24638307460009495,bright,5,1.9617316779774752,5,2.204153548037019,True
no_n2v,HRNet,3,Diamante-0022.tif,0.604827880859375,0.5671197175979614,0.319549560546875,0.5766814400515886,bright,6,3.016556123992835,6,3.6411729911698307,True
no_n2v,HRNet,3,Diamante-0023.tif,0.4833526611328125,0.4795399308204651,0.325653076171875,0.5091391670287385,bright,4,2.8146013470792237,4,3.2074961812919076,True
no_n2v,HRNet,3,Diamante-0024.tif,0.5321807861328125,0.5048630833625793,0.3865814208984375,0.5474932317195182,bright,4,1.7054447598806237,4,1.8314011182528653,True
no_n2v,HRNet,3,Diamante-0025.tif,0.5386505126953125,0.5260442495346069,0.5461883544921875,0.30641577416196814,bright,20,1.2920749671087166,15,2.0426028531228746,False
no_n2v,HRNet,3,Diamante-0026.tif,0.4409637451171875,0.4284229278564453,0.34759521484375,0.5545687510584308,bright,6,2.494206284744049,6,2.7177576202739737,True
no_n2v,HRNet,3,Diamante-0027.tif,0.7539520263671875,0.6415865421295166,0.5102691650390625,0.3410914075498781,bright,20,1.1968350048236347,14,2.237170303498087,False
no_n2v,HRNet,3,Diamante-0028.tif,0.3899078369140625,0.3854162395000458,0.3576507568359375,0.596942344991234,bright,4,1.834623862914087,4,1.886466982305108,True
no_n2v,HRNet,3,Diamante-0029.tif,0.633636474609375,0.5890840291976929,0.3118896484375,0.5190685986884948,bright,5,1.4941464491865726,5,1.5300361339501116,True
no_n2v,HRNet,3,Diamante-0030.tif,0.5221405029296875,0.5018091201782227,0.32391357421875,0.5003941971797832,bright,4,1.6927351084550966,4,1.687355804118118,True
no_n2v,HRNet,4,Diamante-0001.tif,0.362152099609375,0.3843534588813782,0.3455047607421875,0.31956553715453556,bright,4,1.0636267863507558,4,2.0244344166547275,True
no_n2v,HRNet,4,Diamante-0004.tif,0.730682373046875,0.6504773497581482,0.38739013671875,0.4248855358917778,bright,22,1.0997777962379605,14,1.7431999265829354,False
no_n2v,HRNet,4,Diamante-0005.tif,0.538848876953125,0.5179659128189087,0.3612823486328125,0.595786147254474,bright,4,2.008806506632607,4,1.940606352496482,True
no_n2v,HRNet,4,Diamante-0006.tif,0.473052978515625,0.4615313410758972,0.3218536376953125,0.47040588447834497,bright,10,1.7341791093841026,10,2.0771709853550764,True
no_n2v,HRNet,4,Diamante-0007.tif,0.4318389892578125,0.4327723979949951,0.3344573974609375,0.4358323824346531,bright,11,1.6892554376480646,11,2.176606259014302,True
no_n2v,HRNet,4,Diamante-0008.tif,0.5255126953125,0.5178759098052979,0.3246612548828125,0.5042776704663682,bright,4,2.9196661099296617,4,3.3614187472756067,True
no_n2v,HRNet,4,Diamante-0009.tif,0.477874755859375,0.47452259063720703,0.298980712890625,0.5987839066805416,bright,5,4.602917836345904,5,3.9662573328146395,True
no_n2v,HRNet,4,Diamante-0010.tif,0.490478515625,0.4896029829978943,0.3043975830078125,0.5598508418120389,bright,6,3.6188744396964765,6,3.609505605473501,True
no_n2v,HRNet,4,Diamante-0011.tif,0.490325927734375,0.4826740026473999,0.288330078125,0.49130370951623636,bright,4,2.2089435076127715,4,2.2584015913470212,True
no_n2v,HRNet,4,Diamante-0012.tif,0.4802093505859375,0.488263875246048,0.3340911865234375,0.49062516170908294,bright,4,4.004886455654313,4,3.310617123480789,True
no_n2v,HRNet,4,Diamante-0013.tif,0.4716796875,0.46857762336730957,0.2794647216796875,0.6689946977614979,bright,5,1.7782758408144923,5,2.0047667330365613,True
no_n2v,HRNet,4,Diamante-0014.tif,0.40863037109375,0.4108104109764099,0.2851409912109375,0.7237990776258709,bright,4,2.7391087067256894,4,2.8302529467497877,True
no_n2v,HRNet,4,Diamante-0015.tif,0.4992218017578125,0.4946783185005188,0.3531646728515625,0.39967617685736084,bright,4,3.241301324307807,4,3.20759161228188,True
no_n2v,HRNet,4,Diamante-0016.tif,0.6136016845703125,0.5915595293045044,0.3231964111328125,0.49498264348998067,bright,4,3.99144447816608,4,4.922226722573988,True
no_n2v,HRNet,4,Diamante-0017.tif,0.55657958984375,0.5339018702507019,0.3211212158203125,0.4676156095383594,bright,4,2.0251612215754444,4,1.7379592482968702,True
no_n2v,HRNet,4,Diamante-0018.tif,0.4785003662109375,0.4732505679130554,0.383209228515625,0.3579464096636181,bright,10,1.7295321276475093,10,2.248742165089044,True
no_n2v,HRNet,4,Diamante-0019.tif,0.477569580078125,0.4748973846435547,0.34979248046875,0.37938485532207306,bright,10,1.5113006354175216,10,1.869713360481321,True
no_n2v,HRNet,4,Diamante-0020.tif,0.533050537109375,0.5158321261405945,0.39324951171875,0.2870665277320628,bright,5,3.1304747497018677,5,3.8721597425111294,True
no_n2v,HRNet,4,Diamante-0021.tif,0.4775848388671875,0.4897424876689911,0.4619903564453125,0.2474577855130665,bright,5,1.9617316779774752,5,1.9248667918533586,True
no_n2v,HRNet,4,Diamante-0022.tif,0.5242919921875,0.5191894173622131,0.326629638671875,0.5760780673157668,bright,6,3.016556123992835,6,3.478088708547425,True
no_n2v,HRNet,4,Diamante-0023.tif,0.41314697265625,0.4280657470226288,0.30548095703125,0.5285072125916123,bright,4,2.8146013470792237,5,2.9404919296255505,True
no_n2v,HRNet,4,Diamante-0024.tif,0.5382232666015625,0.5201978087425232,0.358245849609375,0.504034831639002,bright,4,1.7054447598806237,4,1.7427302257212185,True
no_n2v,HRNet,4,Diamante-0025.tif,0.620086669921875,0.5703315734863281,0.4581451416015625,0.23364313027455186,bright,20,1.2920749671087166,15,2.4679479577077195,False
no_n2v,HRNet,4,Diamante-0026.tif,0.4147796630859375,0.412896990776062,0.3213043212890625,0.4712698471629474,bright,6,2.494206284744049,6,2.1255985759760043,True
no_n2v,HRNet,4,Diamante-0027.tif,0.6445159912109375,0.6083773970603943,0.406463623046875,0.2955316730363061,bright,20,1.1968350048236347,14,2.7068721638775672,False
no_n2v,HRNet,4,Diamante-0028.tif,0.3862457275390625,0.3878738284111023,0.30291748046875,0.5829291347185913,bright,4,1.834623862914087,4,1.602756258736827,True
no_n2v,HRNet,4,Diamante-0029.tif,0.6078948974609375,0.5744184851646423,0.301544189453125,0.5589902053229585,bright,5,1.4941464491865726,5,1.4396482553190058,True
no_n2v,HRNet,4,Diamante-0030.tif,0.526885986328125,0.5089219808578491,0.303802490234375,0.48560058953543406,bright,4,1.6927351084550966,4,1.4963597279620242,True
no_n2v,UNetPP,1,Diamante-0001.tif,0.21771240234375,0.3186573386192322,0.406768798828125,0.38678438813429333,bright,4,1.0636267863507558,4,1.7819296978400068,True
no_n2v,UNetPP,1,Diamante-0004.tif,0.51995849609375,0.5144010782241821,0.5115814208984375,0.5372700216779094,bright,22,1.0997777962379605,14,1.3272509996085722,False
no_n2v,UNetPP,1,Diamante-0005.tif,0.3845672607421875,0.4128003716468811,0.368988037109375,0.6618858678145848,bright,4,2.008806506632607,4,1.5174668969009484,True
no_n2v,UNetPP,1,Diamante-0006.tif,0.3970794677734375,0.4263480305671692,0.418853759765625,0.5134470834551772,bright,10,1.7341791093841026,10,1.5369885064175262,True
no_n2v,UNetPP,1,Diamante-0007.tif,0.37109375,0.4017312824726105,0.435577392578125,0.4178676381991946,bright,11,1.6892554376480646,6,1.36137920443019,False
no_n2v,UNetPP,1,Diamante-0008.tif,0.372528076171875,0.3952745199203491,0.391021728515625,0.5591439494840309,bright,4,2.9196661099296617,4,3.6249768728086504,True
no_n2v,UNetPP,1,Diamante-0009.tif,0.5021820068359375,0.4863148629665375,0.3537445068359375,0.6867809633218659,bright,5,4.602917836345904,5,2.6700967054369276,True
no_n2v,UNetPP,1,Diamante-0010.tif,0.480926513671875,0.4670376777648926,0.37603759765625,0.6491173265449789,bright,6,3.6188744396964765,4,3.603528459585694,True
no_n2v,UNetPP,1,Diamante-0011.tif,0.4970703125,0.4813914895057678,0.3729248046875,0.5248496583960761,bright,4,2.2089435076127715,4,2.03006701937395,True
no_n2v,UNetPP,1,Diamante-0012.tif,0.433258056640625,0.441609263420105,0.4444580078125,0.5753298800255997,bright,4,4.004886455654313,4,2.847460423777242,True
no_n2v,UNetPP,1,Diamante-0013.tif,0.4745635986328125,0.4635137915611267,0.2367401123046875,0.715493604379818,bright,5,1.7782758408144923,4,1.1700035394225228,True
no_n2v,UNetPP,1,Diamante-0014.tif,0.4422149658203125,0.42741265892982483,0.2312469482421875,0.7737160088166125,bright,4,2.7391087067256894,4,1.809987558455515,True
no_n2v,UNetPP,1,Diamante-0015.tif,0.5185699462890625,0.5065040588378906,0.4778289794921875,0.435165022131249,bright,4,3.241301324307807,4,2.0574860882255646,True
no_n2v,UNetPP,1,Diamante-0016.tif,0.7140045166015625,0.6336166858673096,0.346405029296875,0.5567523122138854,bright,4,3.99144447816608,4,4.016336005142897,True
no_n2v,UNetPP,1,Diamante-0017.tif,0.533660888671875,0.5121985673904419,0.3950653076171875,0.47455664366082645,bright,4,2.0251612215754444,4,1.7343700426021895,True
no_n2v,UNetPP,1,Diamante-0018.tif,0.410858154296875,0.4392980933189392,0.50579833984375,0.3798727438262599,bright,10,1.7295321276475093,4,1.5085345077807328,False
no_n2v,UNetPP,1,Diamante-0019.tif,0.46331787109375,0.47513723373413086,0.540374755859375,0.39204000889180557,bright,10,1.5113006354175216,4,1.3609062791699187,False
no_n2v,UNetPP,1,Diamante-0020.tif,0.604278564453125,0.5587939620018005,0.331878662109375,0.2854889291233962,bright,5,3.1304747497018677,5,3.55624013716709,True
no_n2v,UNetPP,1,Diamante-0021.tif,0.6777191162109375,0.5765146017074585,0.5702056884765625,0.23768521118787808,bright,5,1.9617316779774752,5,2.8375386875837063,True
no_n2v,UNetPP,1,Diamante-0022.tif,0.536285400390625,0.5092849731445312,0.3190155029296875,0.6250525238445684,bright,6,3.016556123992835,4,2.2537479509693052,True
no_n2v,UNetPP,1,Diamante-0023.tif,0.363525390625,0.37793678045272827,0.3444671630859375,0.5759839473442534,bright,4,2.8146013470792237,4,2.6641448911803187,True
no_n2v,UNetPP,1,Diamante-0024.tif,0.463958740234375,0.4650208055973053,0.4096832275390625,0.5621997572864416,bright,4,1.7054447598806237,4,2.129510755758504,True
no_n2v,UNetPP,1,Diamante-0025.tif,0.5995330810546875,0.5528912544250488,0.644927978515625,0.3308335164899188,bright,20,1.2920749671087166,16,1.9979755885866497,False
no_n2v,UNetPP,1,Diamante-0026.tif,0.374603271484375,0.3899906873703003,0.3665008544921875,0.5340705101707129,bright,6,2.494206284744049,4,2.003774574967199,True
no_n2v,UNetPP,1,Diamante-0027.tif,0.574798583984375,0.5385890603065491,0.604736328125,0.40111852939940423,bright,20,1.1968350048236347,16,1.7640565148973668,False
no_n2v,UNetPP,1,Diamante-0028.tif,0.28851318359375,0.31962713599205017,0.2596435546875,0.6267110523044673,bright,4,1.834623862914087,4,1.6048697915596561,True
no_n2v,UNetPP,1,Diamante-0029.tif,0.4998016357421875,0.4902969002723694,0.34033203125,0.6318261742839247,bright,5,1.4941464491865726,5,1.54930872673697,True
no_n2v,UNetPP,1,Diamante-0030.tif,0.5370330810546875,0.5095078349113464,0.3870849609375,0.49885170633977793,bright,4,1.6927351084550966,4,1.389531217147546,True
no_n2v,UNetPP,2,Diamante-0001.tif,0.1023406982421875,0.17312133312225342,0.1824188232421875,0.27307205152598857,bright,4,1.0636267863507558,4,2.3752336861730967,True
no_n2v,UNetPP,2,Diamante-0004.tif,0.8809356689453125,0.7197294235229492,0.395172119140625,0.4050193802727092,bright,22,1.0997777962379605,6,1.9646870047660514,False
no_n2v,UNetPP,2,Diamante-0005.tif,0.3753662109375,0.4200946092605591,0.5243377685546875,0.6542445763634257,bright,4,2.008806506632607,4,1.8968175029822514,True
no_n2v,UNetPP,2,Diamante-0006.tif,0.243927001953125,0.34780389070510864,0.4144287109375,0.4964007627858091,bright,10,1.7341791093841026,10,1.8596309032709275,True
no_n2v,UNetPP,2,Diamante-0007.tif,0.199493408203125,0.31433382630348206,0.3796539306640625,0.4782773239996672,bright,11,1.6892554376480646,11,1.7046624506611718,True
no_n2v,UNetPP,2,Diamante-0008.tif,0.47869873046875,0.4538578987121582,0.4742889404296875,0.5186529283652846,bright,4,2.9196661099296617,4,4.012795143958415,True
no_n2v,UNetPP,2,Diamante-0009.tif,0.3395538330078125,0.36422649025917053,0.4167327880859375,0.6665978279909194,bright,5,4.602917836345904,5,4.123631371628925,True
no_n2v,UNetPP,2,Diamante-0010.tif,0.359405517578125,0.3802521228790283,0.4522247314453125,0.6645537634169877,bright,6,3.6188744396964765,6,3.73274660808947,True
no_n2v,UNetPP,2,Diamante-0011.tif,0.411834716796875,0.419940710067749,0.4562225341796875,0.503882872642335,bright,4,2.2089435076127715,4,1.8873445089851086,True
no_n2v,UNetPP,2,Diamante-0012.tif,0.351348876953125,0.387206494808197,0.484283447265625,0.5514396213360069,bright,4,4.004886455654313,4,3.8045156544971275,True
no_n2v,UNetPP,2,Diamante-0013.tif,0.47894287109375,0.4435664713382721,0.3946990966796875,0.689632730718742,bright,5,1.7782758408144923,5,1.9337629558122655,True
no_n2v,UNetPP,2,Diamante-0014.tif,0.3840179443359375,0.371944785118103,0.40167236328125,0.7372012623270002,bright,4,2.7391087067256894,4,2.7255327803208367,True
no_n2v,UNetPP,2,Diamante-0015.tif,0.448974609375,0.4623067378997803,0.510040283203125,0.4230732780653793,bright,4,3.241301324307807,4,3.03189401671948,True
no_n2v,UNetPP,2,Diamante-0016.tif,0.536865234375,0.4816820025444031,0.46722412109375,0.5500235891215896,bright,4,3.99144447816608,4,4.80979785706963,True
no_n2v,UNetPP,2,Diamante-0017.tif,0.4412841796875,0.45363616943359375,0.49945068359375,0.49027037989446764,bright,4,2.0251612215754444,4,1.676574400995938,True
no_n2v,UNetPP,2,Diamante-0018.tif,0.3029327392578125,0.3951708674430847,0.5205230712890625,0.35283401895973304,bright,10,1.7295321276475093,10,2.0278701992890036,True
no_n2v,UNetPP,2,Diamante-0019.tif,0.327423095703125,0.4164804220199585,0.5308685302734375,0.39219233434560813,bright,10,1.5113006354175216,10,1.7990328765091064,True
no_n2v,UNetPP,2,Diamante-0020.tif,0.548187255859375,0.475124716758728,0.5429229736328125,0.290699077390323,bright,5,3.1304747497018677,5,5.093943828293422,True
no_n2v,UNetPP,2,Diamante-0021.tif,0.604766845703125,0.5402384400367737,0.613006591796875,0.21082983068975422,bright,5,1.9617316779774752,4,2.216527063412719,True
no_n2v,UNetPP,2,Diamante-0022.tif,0.477783203125,0.45610058307647705,0.4750823974609375,0.6085033078715251,bright,6,3.016556123992835,6,3.7299370605269115,True
no_n2v,UNetPP,2,Diamante-0023.tif,0.250396728515625,0.3075374960899353,0.3794708251953125,0.5578517106707315,bright,4,2.8146013470792237,7,3.0902259725804435,False
no_n2v,UNetPP,2,Diamante-0024.tif,0.583770751953125,0.5305600166320801,0.4837646484375,0.54256584267525,bright,4,1.7054447598806237,4,2.075475382055284,True
no_n2v,UNetPP,2,Diamante-0025.tif,0.9383392333984375,0.7274153828620911,0.39501953125,0.18694337243918832,bright,20,1.2920749671087166,5,2.003086946637295,False
no_n2v,UNetPP,2,Diamante-0026.tif,0.1900634765625,0.2841016948223114,0.346527099609375,0.5214719427142773,bright,6,2.494206284744049,6,2.7152378261722543,True
no_n2v,UNetPP,2,Diamante-0027.tif,0.505584716796875,0.5097323656082153,0.654876708984375,0.27313002915633433,bright,20,1.1968350048236347,4,1.696531579471278,False
no_n2v,UNetPP,2,Diamante-0028.tif,0.344329833984375,0.370296835899353,0.46771240234375,0.6450982126819425,bright,4,1.834623862914087,4,1.7100288784425355,True
no_n2v,UNetPP,2,Diamante-0029.tif,0.5471649169921875,0.4939008951187134,0.42742919921875,0.6399588287766703,bright,5,1.4941464491865726,5,1.3735314595926789,True
no_n2v,UNetPP,2,Diamante-0030.tif,0.4449462890625,0.4396957457065582,0.45721435546875,0.5181891817141013,bright,4,1.6927351084550966,4,1.5240155014386882,True
no_n2v,UNetPP,3,Diamante-0001.tif,0.36444091796875,0.4001097083091736,0.4622650146484375,0.5115540863031122,bright,4,1.0636267863507558,5,1.5077143012964964,True
no_n2v,UNetPP,3,Diamante-0004.tif,0.5820159912109375,0.5530469417572021,0.4277801513671875,0.5441265974619156,bright,22,1.0997777962379605,14,1.2500512203157605,False
no_n2v,UNetPP,3,Diamante-0005.tif,0.4045257568359375,0.4142577052116394,0.3199310302734375,0.6751798009477878,bright,4,2.008806506632607,4,1.9344913992016863,True
no_n2v,UNetPP,3,Diamante-0006.tif,0.3488922119140625,0.36566680669784546,0.30633544921875,0.5116481371930229,bright,10,1.7341791093841026,10,1.9822707867478866,True
no_n2v,UNetPP,3,Diamante-0007.tif,0.3096160888671875,0.34093350172042847,0.34539794921875,0.48104636511447824,bright,11,1.6892554376480646,11,1.988232215330358,True
no_n2v,UNetPP,3,Diamante-0008.tif,0.53857421875,0.5187546014785767,0.394287109375,0.56070825970947,bright,4,2.9196661099296617,4,2.4491456778303373,True
no_n2v,UNetPP,3,Diamante-0009.tif,0.4744110107421875,0.47316765785217285,0.3060760498046875,0.676588221701714,bright,5,4.602917836345904,5,4.338672244849269,True
no_n2v,UNetPP,3,Diamante-0010.tif,0.4892578125,0.4836951792240143,0.324798583984375,0.6574825561049847,bright,6,3.6188744396964765,6,3.998359873011421,True
no_n2v,UNetPP,3,Diamante-0011.tif,0.4405059814453125,0.4288961589336395,0.293701171875,0.545701895904675,bright,4,2.2089435076127715,4,2.161499375456281,True
no_n2v,UNetPP,3,Diamante-0012.tif,0.50726318359375,0.49527692794799805,0.3934783935546875,0.5807871935712455,bright,4,4.004886455654313,4,3.800279157591003,True
no_n2v,UNetPP,3,Diamante-0013.tif,0.479522705078125,0.47522151470184326,0.216278076171875,0.7090938793259138,bright,5,1.7782758408144923,5,1.9762468495281635,True
no_n2v,UNetPP,3,Diamante-0014.tif,0.452362060546875,0.4453763961791992,0.1986846923828125,0.7675765813666539,bright,4,2.7391087067256894,4,2.8565394071448993,True
no_n2v,UNetPP,3,Diamante-0015.tif,0.4170379638671875,0.4302222430706024,0.365631103515625,0.47737243851032696,bright,4,3.241301324307807,4,3.5845364020436348,True
no_n2v,UNetPP,3,Diamante-0016.tif,0.646636962890625,0.5993466377258301,0.31243896484375,0.5838433865803226,bright,4,3.99144447816608,4,4.22098404642016,True
no_n2v,UNetPP,3,Diamante-0017.tif,0.4816436767578125,0.46878576278686523,0.3063201904296875,0.5062624828643658,bright,4,2.0251612215754444,4,1.824239032975511,True
no_n2v,UNetPP,3,Diamante-0018.tif,0.3568878173828125,0.3866499662399292,0.374176025390625,0.39734684099441925,bright,10,1.7295321276475093,10,2.0832827650085206,True
no_n2v,UNetPP,3,Diamante-0019.tif,0.4270477294921875,0.43756937980651855,0.375244140625,0.39791767118090793,bright,10,1.5113006354175216,10,1.7369286624943174,True
no_n2v,UNetPP,3,Diamante-0020.tif,0.642608642578125,0.5760712623596191,0.3983001708984375,0.30367685558209867,bright,5,3.1304747497018677,5,4.314767171632614,True
no_n2v,UNetPP,3,Diamante-0021.tif,0.6901397705078125,0.587340235710144,0.607696533203125,0.2654347823061841,bright,5,1.9617316779774752,5,2.2679441208595024,True
no_n2v,UNetPP,3,Diamante-0022.tif,0.505706787109375,0.49502265453338623,0.2647247314453125,0.6272712095355528,bright,6,3.016556123992835,6,3.6976490271738927,True
no_n2v,UNetPP,3,Diamante-0023.tif,0.4101104736328125,0.41897764801979065,0.329437255859375,0.6081049778880114,bright,4,2.8146013470792237,7,3.2649216298067243,False
no_n2v,UNetPP,3,Diamante-0024.tif,0.4716949462890625,0.4698662757873535,0.3671112060546875,0.5949399315302536,bright,4,1.7054447598806237,4,1.6306476911031926,True
no_n2v,UNetPP,3,Diamante-0025.tif,0.5814208984375,0.5447548031806946,0.5421295166015625,0.3753798413417307,bright,20,1.2920749671087166,15,1.5970032809947032,False
no_n2v,UNetPP,3,Diamante-0026.tif,0.3038177490234375,0.3264985680580139,0.2980499267578125,0.562895885045937,bright,6,2.494206284744049,6,2.3685099067126756,True
no_n2v,UNetPP,3,Diamante-0027.tif,0.5545501708984375,0.5274564027786255,0.5046844482421875,0.4346126182974544,bright,20,1.1968350048236347,15,1.4229564266471102,False
no_n2v,UNetPP,3,Diamante-0028.tif,0.3178558349609375,0.3332775831222534,0.23992919921875,0.6651378347885291,bright,4,1.834623862914087,4,1.7781414817190768,True
no_n2v,UNetPP,3,Diamante-0029.tif,0.51177978515625,0.49846985936164856,0.29736328125,0.61180585471776,bright,5,1.4941464491865726,5,1.4254320768122293,True
no_n2v,UNetPP,3,Diamante-0030.tif,0.4769287109375,0.46107688546180725,0.28582763671875,0.5249933725188243,bright,4,1.6927351084550966,4,1.6337449193159697,True
with_n2v,AtomSegNet,1,Diamante-0001.tif,0.6395416259765625,0.586553156375885,0.4294891357421875,0.5063459382793393,bright,4,1.0636267863507558,4,1.9489477825468384,True
with_n2v,AtomSegNet,1,Diamante-0004.tif,0.769775390625,0.6801891326904297,0.3626251220703125,0.5016809709278989,bright,22,1.0997777962379605,6,1.2376783620497898,False
with_n2v,AtomSegNet,1,Diamante-0005.tif,0.6808319091796875,0.6168266534805298,0.3164825439453125,0.6946497474044869,bright,4,2.008806506632607,4,2.2889474957444995,True
with_n2v,AtomSegNet,1,Diamante-0006.tif,0.547210693359375,0.540916383266449,0.3345184326171875,0.4666363039364174,bright,10,1.7341791093841026,4,1.24511498505204,False
with_n2v,AtomSegNet,1,Diamante-0007.tif,0.5518035888671875,0.5363830327987671,0.380401611328125,0.4928350157313995,bright,11,1.6892554376480646,6,1.1963090172807598,False
with_n2v,AtomSegNet,1,Diamante-0008.tif,0.545257568359375,0.5281509160995483,0.3067474365234375,0.5302412619000479,bright,4,2.9196661099296617,4,5.39518721002318,True
with_n2v,AtomSegNet,1,Diamante-0009.tif,0.582275390625,0.5731079578399658,0.2624359130859375,0.6582236886483849,bright,5,4.602917836345904,5,5.321127338814372,True
with_n2v,AtomSegNet,1,Diamante-0010.tif,0.5975189208984375,0.5815304517745972,0.278594970703125,0.6485553976255571,bright,6,3.6188744396964765,5,4.4118807426247715,True
with_n2v,AtomSegNet,1,Diamante-0011.tif,0.5559539794921875,0.5536656975746155,0.2941436767578125,0.5467275300447015,bright,4,2.2089435076127715,4,2.49511996965686,True
with_n2v,AtomSegNet,1,Diamante-0012.tif,0.650482177734375,0.6209455728530884,0.305816650390625,0.576189868985434,bright,4,4.004886455654313,4,4.941949413290666,True
with_n2v,AtomSegNet,1,Diamante-0013.tif,0.524444580078125,0.5210260152816772,0.2245635986328125,0.6999215749609515,bright,5,1.7782758408144923,5,2.2287360871398465,True
with_n2v,AtomSegNet,1,Diamante-0014.tif,0.4901580810546875,0.4808947741985321,0.22381591796875,0.7571846912399999,bright,4,2.7391087067256894,4,3.170091158088875,True
with_n2v,AtomSegNet,1,Diamante-0015.tif,0.58929443359375,0.572921633720398,0.352081298828125,0.4449072488412159,bright,4,3.241301324307807,4,4.076404114874206,True
with_n2v,AtomSegNet,1,Diamante-0016.tif,0.591827392578125,0.5781293511390686,0.3394775390625,0.5307426826463874,bright,4,3.99144447816608,4,6.678827079015132,True
with_n2v,AtomSegNet,1,Diamante-0017.tif,0.5779571533203125,0.5723243951797485,0.316802978515625,0.49757050980495815,bright,4,2.0251612215754444,4,2.18489687112091,True
with_n2v,AtomSegNet,1,Diamante-0018.tif,0.5542144775390625,0.5416624546051025,0.3768768310546875,0.3872638564989041,bright,10,1.7295321276475093,10,1.78149760381337,True
with_n2v,AtomSegNet,1,Diamante-0019.tif,0.588104248046875,0.5731232762336731,0.3881988525390625,0.41048136791369716,bright,10,1.5113006354175216,4,1.5151304773587568,False
with_n2v,AtomSegNet,1,Diamante-0020.tif,0.578369140625,0.5613102912902832,0.3784637451171875,0.23680149404629733,bright,5,3.1304747497018677,5,6.73981116594879,True
with_n2v,AtomSegNet,1,Diamante-0021.tif,0.7400360107421875,0.6152411699295044,0.5999908447265625,0.1703024032421493,bright,5,1.9617316779774752,4,3.1229872446827605,True
with_n2v,AtomSegNet,1,Diamante-0022.tif,0.553436279296875,0.5481296181678772,0.274871826171875,0.6186240247034666,bright,6,3.016556123992835,6,4.181165979138944,True
with_n2v,AtomSegNet,1,Diamante-0023.tif,0.5363311767578125,0.5337053537368774,0.2993927001953125,0.5820163067232879,bright,4,2.8146013470792237,4,3.214862252766138,True
with_n2v,AtomSegNet,1,Diamante-0024.tif,0.612640380859375,0.5674034357070923,0.3691864013671875,0.5900293717997407,bright,4,1.7054447598806237,4,1.6795725673439588,True
with_n2v,AtomSegNet,1,Diamante-0025.tif,0.886810302734375,0.7408164143562317,0.3524017333984375,0.307059396086459,bright,20,1.2920749671087166,4,2.5008675320830966,False
with_n2v,AtomSegNet,1,Diamante-0026.tif,0.545196533203125,0.5139893889427185,0.2985076904296875,0.6022772627803861,bright,6,2.494206284744049,6,2.5951500998215633,True
with_n2v,AtomSegNet,1,Diamante-0027.tif,0.7810821533203125,0.6810150146484375,0.3796844482421875,0.40107035722372136,bright,20,1.1968350048236347,4,2.130973127508275,False
with_n2v,AtomSegNet,1,Diamante-0028.tif,0.4674224853515625,0.4529033303260803,0.2983245849609375,0.619205811054283,bright,4,1.834623862914087,4,1.7436906290636078,True
with_n2v,AtomSegNet,1,Diamante-0029.tif,0.622802734375,0.5934412479400635,0.2912750244140625,0.588547066513813,bright,5,1.4941464491865726,5,1.7348093602018664,True
with_n2v,AtomSegNet,1,Diamante-0030.tif,0.5460968017578125,0.543311357498169,0.317535400390625,0.5386751763176628,bright,4,1.6927351084550966,4,1.7415698404863864,True
with_n2v,AtomSegNet,2,Diamante-0001.tif,0.478424072265625,0.4884248971939087,0.6973876953125,0.4638728524981432,bright,4,1.0636267863507558,4,1.7042419410436611,True
with_n2v,AtomSegNet,2,Diamante-0004.tif,0.6510162353515625,0.5764268636703491,0.6228485107421875,0.4731371090986435,bright,22,1.0997777962379605,9,1.1176849268169535,False
with_n2v,AtomSegNet,2,Diamante-0005.tif,0.5642242431640625,0.5115401744842529,0.5499725341796875,0.6799441478140982,bright,4,2.008806506632607,4,1.9125165933689174,True
with_n2v,AtomSegNet,2,Diamante-0006.tif,0.494598388671875,0.4920766353607178,0.460662841796875,0.4680668629904024,bright,10,1.7341791093841026,10,1.9157624616331348,True
with_n2v,AtomSegNet,2,Diamante-0007.tif,0.47320556640625,0.4761587679386139,0.608489990234375,0.44646324327123005,bright,11,1.6892554376480646,11,2.0207555847675756,True
with_n2v,AtomSegNet,2,Diamante-0008.tif,0.4757232666015625,0.49832862615585327,0.4912109375,0.5212881576112394,bright,4,2.9196661099296617,4,3.91462646401923,True
with_n2v,AtomSegNet,2,Diamante-0009.tif,0.577728271484375,0.561465859413147,0.3656005859375,0.6324513209254922,bright,5,4.602917836345904,5,5.119075952676489,True
with_n2v,AtomSegNet,2,Diamante-0010.tif,0.5622711181640625,0.5474061369895935,0.420379638671875,0.615886577294172,bright,6,3.6188744396964765,5,3.406344357323535,True
with_n2v,AtomSegNet,2,Diamante-0011.tif,0.56280517578125,0.5416320562362671,0.367828369140625,0.5435340140960592,bright,4,2.2089435076127715,4,2.0664157710472786,True
with_n2v,AtomSegNet,2,Diamante-0012.tif,0.538116455078125,0.5367611646652222,0.5459747314453125,0.5245036403125444,bright,4,4.004886455654313,4,4.121948727625421,True
with_n2v,AtomSegNet,2,Diamante-0013.tif,0.538177490234375,0.5286818742752075,0.2679290771484375,0.6836450069068525,bright,5,1.7782758408144923,5,2.03062512076142,True
with_n2v,AtomSegNet,2,Diamante-0014.tif,0.487213134765625,0.4721614420413971,0.275299072265625,0.7623252232702638,bright,4,2.7391087067256894,4,2.79509870026916,True
with_n2v,AtomSegNet,2,Diamante-0015.tif,0.569305419921875,0.5551903247833252,0.4405364990234375,0.44228171254778076,bright,4,3.241301324307807,4,3.35705270408643,True
with_n2v,AtomSegNet,2,Diamante-0016.tif,0.5745391845703125,0.556205153465271,0.4115753173828125,0.49616883195419215,bright,4,3.99144447816608,4,5.688642446384208,True
with_n2v,AtomSegNet,2,Diamante-0017.tif,0.5652313232421875,0.5495764017105103,0.3981170654296875,0.4726358575447244,bright,4,2.0251612215754444,4,2.042698377982387,True
with_n2v,AtomSegNet,2,Diamante-0018.tif,0.49835205078125,0.5044689178466797,0.5814056396484375,0.3228819329312188,bright,10,1.7295321276475093,10,2.119223852338212,True
with_n2v,AtomSegNet,2,Diamante-0019.tif,0.5531158447265625,0.5348789691925049,0.61016845703125,0.34099665356712555,bright,10,1.5113006354175216,4,1.545360476723754,False
with_n2v,AtomSegNet,2,Diamante-0020.tif,0.534454345703125,0.5019574165344238,0.4451904296875,0.22831444235224563,bright,5,3.1304747497018677,5,5.593601490607567,True
with_n2v,AtomSegNet,2,Diamante-0021.tif,0.7671356201171875,0.6026233434677124,0.676300048828125,0.14203801780849318,bright,5,1.9617316779774752,4,2.4462707964824304,True
with_n2v,AtomSegNet,2,Diamante-0022.tif,0.5552215576171875,0.5497310161590576,0.3381195068359375,0.5940419657482789,bright,6,3.016556123992835,6,4.094971677382117,True
with_n2v,AtomSegNet,2,Diamante-0023.tif,0.4757843017578125,0.4898257553577423,0.4351043701171875,0.5566185191413807,bright,4,2.8146013470792237,4,3.1674516235308077,True
with_n2v,AtomSegNet,2,Diamante-0024.tif,0.512115478515625,0.4878735840320587,0.4804534912109375,0.5729903208781958,bright,4,1.7054447598806237,4,1.4579716415954591,True
with_n2v,AtomSegNet,2,Diamante-0025.tif,0.8202972412109375,0.6205576658248901,0.720703125,0.264682158614578,bright,20,1.2920749671087166,11,1.6310392402794882,False
with_n2v,AtomSegNet,2,Diamante-0026.tif,0.477569580078125,0.4484633803367615,0.558685302734375,0.6099642038420766,bright,6,2.494206284744049,6,2.40946534166756,True
with_n2v,AtomSegNet,2,Diamante-0027.tif,0.590850830078125,0.5396093726158142,0.7425689697265625,0.3824601297501719,bright,20,1.1968350048236347,4,1.6513997112188075,False
with_n2v,AtomSegNet,2,Diamante-0028.tif,0.433685302734375,0.4154360592365265,0.4013824462890625,0.6055610077355217,bright,4,1.834623862914087,4,1.5217000382015633,True
with_n2v,AtomSegNet,2,Diamante-0029.tif,0.6192169189453125,0.5819013118743896,0.3776702880859375,0.5885193645447784,bright,5,1.4941464491865726,5,1.5146587404231016,True
with_n2v,AtomSegNet,2,Diamante-0030.tif,0.5444488525390625,0.5250955820083618,0.3898773193359375,0.53093688146764,bright,4,1.6927351084550966,4,1.714765624665316,True
with_n2v,AtomSegNet,3,Diamante-0001.tif,0.6815948486328125,0.6169207096099854,0.4058837890625,0.4530510568708438,bright,4,1.0636267863507558,5,2.0684135511471293,True
with_n2v,AtomSegNet,3,Diamante-0004.tif,0.6656341552734375,0.6132352352142334,0.37591552734375,0.4412779999225106,bright,22,1.0997777962379605,8,1.2804548115887924,False
with_n2v,AtomSegNet,3,Diamante-0005.tif,0.562835693359375,0.5321311950683594,0.3197479248046875,0.6261242119207958,bright,4,2.008806506632607,4,2.2172636774720087,True
with_n2v,AtomSegNet,3,Diamante-0006.tif,0.503692626953125,0.49439558386802673,0.2935943603515625,0.45661942194380833,bright,10,1.7341791093841026,10,1.8485981268937908,True
with_n2v,AtomSegNet,3,Diamante-0007.tif,0.4548492431640625,0.45100829005241394,0.274261474609375,0.46619255799896775,bright,11,1.6892554376480646,6,1.257688854437421,False
with_n2v,AtomSegNet,3,Diamante-0008.tif,0.5457611083984375,0.5372880101203918,0.3219146728515625,0.4710897174436191,bright,4,2.9196661099296617,4,5.577392400496152,True
with_n2v,AtomSegNet,3,Diamante-0009.tif,0.552642822265625,0.5461322665214539,0.2944793701171875,0.6293203978099507,bright,5,4.602917836345904,5,5.845111346640335,True
with_n2v,AtomSegNet,3,Diamante-0010.tif,0.5631866455078125,0.548646092414856,0.30419921875,0.6048200405494377,bright,6,3.6188744396964765,4,3.9401415527909025,True
with_n2v,AtomSegNet,3,Diamante-0011.tif,0.52630615234375,0.5195366144180298,0.289154052734375,0.5358330737935664,bright,4,2.2089435076127715,4,2.1073467484068913,True
with_n2v,AtomSegNet,3,Diamante-0012.tif,0.6047515869140625,0.5785809755325317,0.2896270751953125,0.5357648824484651,bright,4,4.004886455654313,4,3.711173731576543,True
with_n2v,AtomSegNet,3,Diamante-0013.tif,0.500030517578125,0.4965974688529968,0.2741546630859375,0.6954321055503696,bright,5,1.7782758408144923,5,2.267315111876499,True
with_n2v,AtomSegNet,3,Diamante-0014.tif,0.4654541015625,0.4480249583721161,0.2639617919921875,0.7454093470937689,bright,4,2.7391087067256894,4,3.062195880432645,True
with_n2v,AtomSegNet,3,Diamante-0015.tif,0.5963287353515625,0.5761034488677979,0.332275390625,0.42852424969691744,bright,4,3.241301324307807,4,3.898571873375577,True
with_n2v,AtomSegNet,3,Diamante-0016.tif,0.536224365234375,0.5404069423675537,0.3567352294921875,0.45820103961401487,bright,4,3.99144447816608,4,6.780254565716614,True
with_n2v,AtomSegNet,3,Diamante-0017.tif,0.5608978271484375,0.5537847876548767,0.2919464111328125,0.47346760291008105,bright,4,2.0251612215754444,4,2.2435618983618704,True
with_n2v,AtomSegNet,3,Diamante-0018.tif,0.539642333984375,0.5213311910629272,0.3212432861328125,0.35941420823285025,bright,10,1.7295321276475093,10,1.8815209728651614,True
with_n2v,AtomSegNet,3,Diamante-0019.tif,0.547698974609375,0.5346701145172119,0.302337646484375,0.36280270219130384,bright,10,1.5113006354175216,4,1.3889949051003048,False
with_n2v,AtomSegNet,3,Diamante-0020.tif,0.5375213623046875,0.519045352935791,0.479217529296875,0.22363200317850532,bright,5,3.1304747497018677,5,5.69569773252453,True
with_n2v,AtomSegNet,3,Diamante-0021.tif,0.7227020263671875,0.6041173934936523,0.57037353515625,0.18261281622421077,bright,5,1.9617316779774752,4,2.2278171624134964,True
with_n2v,AtomSegNet,3,Diamante-0022.tif,0.53125,0.5298703908920288,0.321685791015625,0.5950498186203047,bright,6,3.016556123992835,6,4.2020471466261595,True
with_n2v,AtomSegNet,3,Diamante-0023.tif,0.5128021240234375,0.5076456665992737,0.33758544921875,0.557947053788966,bright,4,2.8146013470792237,4,3.488121709949619,True
with_n2v,AtomSegNet,3,Diamante-0024.tif,0.52520751953125,0.5068612694740295,0.3535003662109375,0.5605072436871253,bright,4,1.7054447598806237,4,1.8095281874020979,True
with_n2v,AtomSegNet,3,Diamante-0025.tif,0.870819091796875,0.7515751123428345,0.28448486328125,0.23762101860690923,bright,20,1.2920749671087166,4,1.672481223230864,False
with_n2v,AtomSegNet,3,Diamante-0026.tif,0.4475250244140625,0.44339197874069214,0.3194580078125,0.5532975648085687,bright,6,2.494206284744049,6,2.5460127078696178,True
with_n2v,AtomSegNet,3,Diamante-0027.tif,0.7166748046875,0.6355990171432495,0.3807830810546875,0.4313064102063572,bright,20,1.1968350048236347,4,1.6289019268771647,False
with_n2v,AtomSegNet,3,Diamante-0028.tif,0.4665679931640625,0.4486300051212311,0.3220367431640625,0.6079457623037673,bright,4,1.834623862914087,4,1.6014704048161026,True
with_n2v,AtomSegNet,3,Diamante-0029.tif,0.5946807861328125,0.5701247453689575,0.3201446533203125,0.5750760885372327,bright,5,1.4941464491865726,5,1.6941029365036133,True
with_n2v,AtomSegNet,3,Diamante-0030.tif,0.5118408203125,0.5114939212799072,0.3039093017578125,0.5195724533382533,bright,4,1.6927351084550966,4,1.6621766413975188,True
with_n2v,AtomSegNet,4,Diamante-0001.tif,0.6316986083984375,0.563167154788971,0.608367919921875,0.3614413866506648,bright,4,1.0636267863507558,4,1.673222064299071,True
with_n2v,AtomSegNet,4,Diamante-0004.tif,0.848358154296875,0.6768038272857666,0.4897308349609375,0.5142914058660932,bright,22,1.0997777962379605,6,1.2580997285602056,False
with_n2v,AtomSegNet,4,Diamante-0005.tif,0.6230621337890625,0.5434154272079468,0.5308380126953125,0.6964348397705518,bright,4,2.008806506632607,4,1.9069322074296307,True
with_n2v,AtomSegNet,4,Diamante-0006.tif,0.535247802734375,0.5062242150306702,0.48651123046875,0.48728172332838976,bright,10,1.7341791093841026,10,1.9959117115699976,True
with_n2v,AtomSegNet,4,Diamante-0007.tif,0.5254058837890625,0.4912853240966797,0.55523681640625,0.47006868094951954,bright,11,1.6892554376480646,11,1.8001676473998274,True
with_n2v,AtomSegNet,4,Diamante-0008.tif,0.56982421875,0.5477408170700073,0.467437744140625,0.523116215034433,bright,4,2.9196661099296617,4,5.082013067504163,True
with_n2v,AtomSegNet,4,Diamante-0009.tif,0.6154327392578125,0.5852386355400085,0.3629150390625,0.6505567759022233,bright,5,4.602917836345904,5,5.648232707516617,True
with_n2v,AtomSegNet,4,Diamante-0010.tif,0.62384033203125,0.5807010531425476,0.40191650390625,0.6301233000689954,bright,6,3.6188744396964765,5,4.275996728464831,True
with_n2v,AtomSegNet,4,Diamante-0011.tif,0.5762939453125,0.5478340983390808,0.40545654296875,0.5442090991430577,bright,4,2.2089435076127715,4,2.1485638271012903,True
with_n2v,AtomSegNet,4,Diamante-0012.tif,0.6885986328125,0.6096224188804626,0.4969024658203125,0.5491171525994274,bright,4,4.004886455654313,4,3.6628226513129056,True
with_n2v,AtomSegNet,4,Diamante-0013.tif,0.5343017578125,0.5265798568725586,0.2493438720703125,0.6922509667537856,bright,5,1.7782758408144923,5,2.1983126810981224,True
with_n2v,AtomSegNet,4,Diamante-0014.tif,0.494171142578125,0.4777376055717468,0.2671966552734375,0.7599246484486821,bright,4,2.7391087067256894,4,3.1703995363673827,True
with_n2v,AtomSegNet,4,Diamante-0015.tif,0.6165618896484375,0.5752651691436768,0.476165771484375,0.4554538341799787,bright,4,3.241301324307807,4,3.393556058601195,True
with_n2v,AtomSegNet,4,Diamante-0016.tif,0.642181396484375,0.596828043460846,0.41668701171875,0.5205695191786933,bright,4,3.99144447816608,4,5.737055535617995,True
with_n2v,AtomSegNet,4,Diamante-0017.tif,0.6020660400390625,0.5658122301101685,0.4254913330078125,0.47974212959135726,bright,4,2.0251612215754444,4,1.9999225313113809,True
with_n2v,AtomSegNet,4,Diamante-0018.tif,0.5597076416015625,0.5223290920257568,0.5663604736328125,0.3591566343437263,bright,10,1.7295321276475093,10,1.9048428801049107,True
with_n2v,AtomSegNet,4,Diamante-0019.tif,0.5847625732421875,0.5372287034988403,0.5896148681640625,0.37819273963228023,bright,10,1.5113006354175216,4,1.1900109743202412,False
with_n2v,AtomSegNet,4,Diamante-0020.tif,0.5200653076171875,0.514262318611145,0.475311279296875,0.23360421835760126,bright,5,3.1304747497018677,5,5.800985745137037,True
with_n2v,AtomSegNet,4,Diamante-0021.tif,0.693359375,0.5722391605377197,0.6948394775390625,0.19753932479739172,bright,5,1.9617316779774752,4,2.163795415404214,True
with_n2v,AtomSegNet,4,Diamante-0022.tif,0.5721282958984375,0.5629314184188843,0.335540771484375,0.6136715188335788,bright,6,3.016556123992835,6,4.054074155486242,True
with_n2v,AtomSegNet,4,Diamante-0023.tif,0.5505523681640625,0.5365291833877563,0.4540863037109375,0.583029436955572,bright,4,2.8146013470792237,4,3.1894485187081423,True
with_n2v,AtomSegNet,4,Diamante-0024.tif,0.58734130859375,0.5339681506156921,0.45343017578125,0.5872225609301561,bright,4,1.7054447598806237,4,1.7363030063277203,True
with_n2v,AtomSegNet,4,Diamante-0025.tif,0.9842071533203125,0.7321951389312744,0.3747406005859375,0.24800493920986288,bright,20,1.2920749671087166,10,1.2380241953566766,False
with_n2v,AtomSegNet,4,Diamante-0026.tif,0.5545196533203125,0.4916991591453552,0.512481689453125,0.5627751057743602,bright,6,2.494206284744049,6,2.6054739194569345,True
with_n2v,AtomSegNet,4,Diamante-0027.tif,0.822418212890625,0.6408460140228271,0.5944061279296875,0.4297730379812449,bright,20,1.1968350048236347,14,1.3729738273279934,False
with_n2v,AtomSegNet,4,Diamante-0028.tif,0.4438934326171875,0.4334096312522888,0.415283203125,0.6145088709136732,bright,4,1.834623862914087,4,1.8023635490120689,True
with_n2v,AtomSegNet,4,Diamante-0029.tif,0.6575927734375,0.6031801700592041,0.360565185546875,0.5849708594640272,bright,5,1.4941464491865726,5,1.7569644127841786,True
with_n2v,AtomSegNet,4,Diamante-0030.tif,0.560394287109375,0.5267077088356018,0.4066925048828125,0.5331354024767551,bright,4,1.6927351084550966,4,1.6573232000325098,True
with_n2v,AtomSegNet,5,Diamante-0001.tif,0.4401397705078125,0.46694839000701904,0.5732269287109375,0.5001764761755947,bright,4,1.0636267863507558,4,1.7788057711847236,True
with_n2v,AtomSegNet,5,Diamante-0004.tif,0.587921142578125,0.5511690378189087,0.4927978515625,0.544092324183436,bright,22,1.0997777962379605,14,1.2201448395383008,False
with_n2v,AtomSegNet,5,Diamante-0005.tif,0.5631103515625,0.514568030834198,0.5430755615234375,0.7207892551662276,bright,4,2.008806506632607,4,1.9265026853985017,True
with_n2v,AtomSegNet,5,Diamante-0006.tif,0.474517822265625,0.47505226731300354,0.4569854736328125,0.5067036505295057,bright,10,1.7341791093841026,10,2.1791109021061144,True
with_n2v,AtomSegNet,5,Diamante-0007.tif,0.417755126953125,0.4389427900314331,0.5797882080078125,0.5341033747033698,bright,11,1.6892554376480646,11,2.2127549482495645,True
with_n2v,AtomSegNet,5,Diamante-0008.tif,0.48968505859375,0.4924071431159973,0.4597625732421875,0.5513486083457918,bright,4,2.9196661099296617,4,3.9111382850294825,True
with_n2v,AtomSegNet,5,Diamante-0009.tif,0.6056060791015625,0.5706886053085327,0.39019775390625,0.6805852777554959,bright,5,4.602917836345904,5,4.785572214123495,True
with_n2v,AtomSegNet,5,Diamante-0010.tif,0.57647705078125,0.5460285544395447,0.4238739013671875,0.6703508672007665,bright,6,3.6188744396964765,6,3.9381851407072244,True
with_n2v,AtomSegNet,5,Diamante-0011.tif,0.5759429931640625,0.5489476919174194,0.39251708984375,0.5567804370184747,bright,4,2.2089435076127715,10,2.387586885411073,False
with_n2v,AtomSegNet,5,Diamante-0012.tif,0.567108154296875,0.5359148979187012,0.549224853515625,0.6024249612216784,bright,4,4.004886455654313,4,3.5563310042483405,True
with_n2v,AtomSegNet,5,Diamante-0013.tif,0.5453338623046875,0.5281894207000732,0.2567291259765625,0.7112193265312563,bright,5,1.7782758408144923,5,1.9583975241444387,True
with_n2v,AtomSegNet,5,Diamante-0014.tif,0.491241455078125,0.4689924716949463,0.2628173828125,0.772088640628709,bright,4,2.7391087067256894,4,2.770962115801954,True
with_n2v,AtomSegNet,5,Diamante-0015.tif,0.5965576171875,0.5649357438087463,0.4584503173828125,0.4576566459575871,bright,4,3.241301324307807,4,2.9661186883044057,True
with_n2v,AtomSegNet,5,Diamante-0016.tif,0.61669921875,0.5869547128677368,0.39093017578125,0.5209771169884022,bright,4,3.99144447816608,4,4.766471508435113,True
with_n2v,AtomSegNet,5,Diamante-0017.tif,0.5887603759765625,0.5559636354446411,0.426055908203125,0.4989195767642389,bright,4,2.0251612215754444,4,1.562284490002389,True
with_n2v,AtomSegNet,5,Diamante-0018.tif,0.483154296875,0.4770762324333191,0.532073974609375,0.4066504467468635,bright,10,1.7295321276475093,10,2.2567848822751073,True
with_n2v,AtomSegNet,5,Diamante-0019.tif,0.5040130615234375,0.49450525641441345,0.5478363037109375,0.4109267527436767,bright,10,1.5113006354175216,10,1.7576050686243105,True
with_n2v,AtomSegNet,5,Diamante-0020.tif,0.5609893798828125,0.5295138955116272,0.4240264892578125,0.2297170466636975,bright,5,3.1304747497018677,5,5.229072763965442,True
with_n2v,AtomSegNet,5,Diamante-0021.tif,0.804931640625,0.6318433880805969,0.61553955078125,0.15555860900572283,bright,5,1.9617316779774752,5,2.503071479014416,True
with_n2v,AtomSegNet,5,Diamante-0022.tif,0.5740509033203125,0.5567926168441772,0.3103179931640625,0.6336500094814512,bright,6,3.016556123992835,6,4.302562917139929,True
with_n2v,AtomSegNet,5,Diamante-0023.tif,0.4912567138671875,0.49036693572998047,0.4492034912109375,0.6112637751541787,bright,4,2.8146013470792237,5,3.394489684932379,True
with_n2v,AtomSegNet,5,Diamante-0024.tif,0.5402679443359375,0.5082699060440063,0.4674224853515625,0.5690718408800061,bright,4,1.7054447598806237,4,1.3796498770255796,True
with_n2v,AtomSegNet,5,Diamante-0025.tif,0.6989898681640625,0.6019561290740967,0.607330322265625,0.3799579911785878,bright,20,1.2920749671087166,14,1.4573315278900678,False
with_n2v,AtomSegNet,5,Diamante-0026.tif,0.4901275634765625,0.46185508370399475,0.5388336181640625,0.6274064824096891,bright,6,2.494206284744049,6,2.3254740170487,True
with_n2v,AtomSegNet,5,Diamante-0027.tif,0.54046630859375,0.5192369222640991,0.5852508544921875,0.4630181088712542,bright,20,1.1968350048236347,4,1.8521690214869466,False
with_n2v,AtomSegNet,5,Diamante-0028.tif,0.4378204345703125,0.4238327741622925,0.418731689453125,0.6781098151316726,bright,4,1.834623862914087,4,1.597849109663386,True
with_n2v,AtomSegNet,5,Diamante-0029.tif,0.645660400390625,0.5935893654823303,0.4032135009765625,0.5914133268878008,bright,5,1.4941464491865726,5,1.1640596578021127,True
with_n2v,AtomSegNet,5,Diamante-0030.tif,0.5936126708984375,0.5557482838630676,0.4146881103515625,0.5390786101522882,bright,4,1.6927351084550966,4,1.2905363746916299,True
with_n2v,HRNet,1,Diamante-0001.tif,0.3402557373046875,0.3723037540912628,0.4295654296875,0.3871747225367636,bright,4,1.0636267863507558,4,1.1017449990936656,True
with_n2v,HRNet,1,Diamante-0004.tif,0.6323394775390625,0.567764937877655,0.5239410400390625,0.4529354043533216,bright,22,1.0997777962379605,6,1.6415585743702974,False
with_n2v,HRNet,1,Diamante-0005.tif,0.5097198486328125,0.4822089672088623,0.4582366943359375,0.608589185642042,bright,4,2.008806506632607,4,1.935419628142749,True
with_n2v,HRNet,1,Diamante-0006.tif,0.4987640380859375,0.4805501103401184,0.4160614013671875,0.42577314215816836,bright,10,1.7341791093841026,10,2.137416111587881,True
with_n2v,HRNet,1,Diamante-0007.tif,0.4886322021484375,0.47619742155075073,0.4454193115234375,0.4082182224724362,bright,11,1.6892554376480646,11,1.8842150975747096,True
with_n2v,HRNet,1,Diamante-0008.tif,0.604827880859375,0.5595953464508057,0.441253662109375,0.453206337361968,bright,4,2.9196661099296617,4,3.909355627909314,True
with_n2v,HRNet,1,Diamante-0009.tif,0.5733184814453125,0.5388768315315247,0.3637237548828125,0.5815858723760904,bright,5,4.602917836345904,5,4.084164410732472,True
with_n2v,HRNet,1,Diamante-0010.tif,0.60443115234375,0.5623446702957153,0.395660400390625,0.515336535023408,bright,6,3.6188744396964765,4,3.4063922399600757,True
with_n2v,HRNet,1,Diamante-0011.tif,0.5198822021484375,0.49191683530807495,0.3712310791015625,0.4806739275916053,bright,4,2.2089435076127715,4,2.4713535927406207,True
with_n2v,HRNet,1,Diamante-0012.tif,0.5857086181640625,0.5425726175308228,0.477203369140625,0.4326532539980879,bright,4,4.004886455654313,4,4.0100761952274295,True
with_n2v,HRNet,1,Diamante-0013.tif,0.562469482421875,0.5358465909957886,0.265533447265625,0.6550653619782111,bright,5,1.7782758408144923,5,2.148064346761919,True
with_n2v,HRNet,1,Diamante-0014.tif,0.5474853515625,0.5193531513214111,0.2790679931640625,0.6877286221705943,bright,4,2.7391087067256894,4,2.7902089329144384,True
with_n2v,HRNet,1,Diamante-0015.tif,0.510284423828125,0.4863436818122864,0.4212646484375,0.3878651233361973,bright,4,3.241301324307807,4,3.3309323440152476,True
with_n2v,HRNet,1,Diamante-0016.tif,0.71343994140625,0.6517329216003418,0.353851318359375,0.4639165373308502,bright,4,3.99144447816608,4,5.145585200676938,True
with_n2v,HRNet,1,Diamante-0017.tif,0.576812744140625,0.544248104095459,0.381805419921875,0.4381817180204892,bright,4,2.0251612215754444,4,1.8786606111502377,True
with_n2v,HRNet,1,Diamante-0018.tif,0.4621734619140625,0.4514352083206177,0.4689483642578125,0.34362847423558707,bright,10,1.7295321276475093,4,1.2741873833013517,False
with_n2v,HRNet,1,Diamante-0019.tif,0.470947265625,0.4640973210334778,0.4642486572265625,0.3555984943081419,bright,10,1.5113006354175216,10,1.6466980541780813,True
with_n2v,HRNet,1,Diamante-0020.tif,0.5481109619140625,0.5192213654518127,0.47076416015625,0.2885318658158537,bright,5,3.1304747497018677,5,3.8760294585576007,True
with_n2v,HRNet,1,Diamante-0021.tif,0.642669677734375,0.5672227144241333,0.601654052734375,0.2094429500565705,bright,5,1.9617316779774752,5,2.6985632039265552,True
with_n2v,HRNet,1,Diamante-0022.tif,0.6250457763671875,0.5840793251991272,0.334381103515625,0.537576690494161,bright,6,3.016556123992835,6,3.281448944373375,True
with_n2v,HRNet,1,Diamante-0023.tif,0.5579376220703125,0.5254821181297302,0.419158935546875,0.4937676380818055,bright,4,2.8146013470792237,5,3.250792432783003,True
with_n2v,HRNet,1,Diamante-0024.tif,0.5067138671875,0.48868346214294434,0.4429473876953125,0.4801399494105842,bright,4,1.7054447598806237,4,1.9123385164553164,True
with_n2v,HRNet,1,Diamante-0025.tif,0.807647705078125,0.6789563894271851,0.45440673828125,0.2788740830064214,bright,20,1.2920749671087166,10,1.4579358718215247,False
with_n2v,HRNet,1,Diamante-0026.tif,0.4541015625,0.4335063099861145,0.43243408203125,0.46243520890867523,bright,6,2.494206284744049,6,2.2749846642396996,True
with_n2v,HRNet,1,Diamante-0027.tif,0.626129150390625,0.5626002550125122,0.5853729248046875,0.35524092330978674,bright,20,1.1968350048236347,11,1.5070881277797281,False
with_n2v,HRNet,1,Diamante-0028.tif,0.403106689453125,0.3976536989212036,0.319915771484375,0.622146933838714,bright,4,1.834623862914087,4,1.878295195813445,True
with_n2v,HRNet,1,Diamante-0029.tif,0.5924530029296875,0.5545240640640259,0.3456268310546875,0.5711309904404883,bright,5,1.4941464491865726,5,1.7214114735765653,True
with_n2v,HRNet,1,Diamante-0030.tif,0.5213165283203125,0.4878373146057129,0.3535614013671875,0.4906817939900214,bright,4,1.6927351084550966,4,1.5900990032267772,True
with_n2v,HRNet,2,Diamante-0001.tif,0.4878082275390625,0.47033774852752686,0.4050140380859375,0.43737715089120477,bright,4,1.0636267863507558,4,1.363828778412722,True
with_n2v,HRNet,2,Diamante-0004.tif,0.7233428955078125,0.6398798823356628,0.39215087890625,0.44602550422902937,bright,22,1.0997777962379605,6,1.2482586539490772,False
with_n2v,HRNet,2,Diamante-0005.tif,0.5975494384765625,0.5427238345146179,0.395111083984375,0.6257265830561538,bright,4,2.008806506632607,4,2.2954068202533544,True
with_n2v,HRNet,2,Diamante-0006.tif,0.51715087890625,0.47904348373413086,0.366729736328125,0.44798056319571394,bright,10,1.7341791093841026,10,2.2887206060889174,True
with_n2v,HRNet,2,Diamante-0007.tif,0.5733184814453125,0.523018479347229,0.4125823974609375,0.4508145829163678,bright,11,1.6892554376480646,11,1.9794841438693411,True
with_n2v,HRNet,2,Diamante-0008.tif,0.68756103515625,0.6177927255630493,0.335479736328125,0.46574296168237217,bright,4,2.9196661099296617,4,2.9215571141667307,True
with_n2v,HRNet,2,Diamante-0009.tif,0.6315765380859375,0.5804207921028137,0.3110198974609375,0.5921116119833285,bright,5,4.602917836345904,5,3.8464260915110855,True
with_n2v,HRNet,2,Diamante-0010.tif,0.6587677001953125,0.5983942747116089,0.33526611328125,0.5373900632219166,bright,6,3.6188744396964765,5,2.995543869946447,True
with_n2v,HRNet,2,Diamante-0011.tif,0.5583038330078125,0.5137189626693726,0.3248748779296875,0.5095396428673364,bright,4,2.2089435076127715,4,2.3350592221227546,True
with_n2v,HRNet,2,Diamante-0012.tif,0.667327880859375,0.5944564938545227,0.366607666015625,0.46316689292231167,bright,4,4.004886455654313,4,3.3668964416765976,True
with_n2v,HRNet,2,Diamante-0013.tif,0.5920562744140625,0.5574138760566711,0.2374725341796875,0.6670132534992553,bright,5,1.7782758408144923,5,1.7885299466486078,True
with_n2v,HRNet,2,Diamante-0014.tif,0.5503997802734375,0.5188825130462646,0.258514404296875,0.7273569196004372,bright,4,2.7391087067256894,4,2.581491763149957,True
with_n2v,HRNet,2,Diamante-0015.tif,0.582672119140625,0.537824273109436,0.36651611328125,0.41773164223929055,bright,4,3.241301324307807,4,2.902567661787652,True
with_n2v,HRNet,2,Diamante-0016.tif,0.76788330078125,0.7022985219955444,0.2752685546875,0.4924389159595729,bright,4,3.99144447816608,4,4.193081513024561,True
with_n2v,HRNet,2,Diamante-0017.tif,0.6199951171875,0.570056676864624,0.3189697265625,0.4686197520604143,bright,4,2.0251612215754444,4,1.6591568416912368,True
with_n2v,HRNet,2,Diamante-0018.tif,0.5053863525390625,0.46876436471939087,0.41162109375,0.35729317255470183,bright,10,1.7295321276475093,10,2.034718196094075,True
with_n2v,HRNet,2,Diamante-0019.tif,0.506988525390625,0.47410380840301514,0.40777587890625,0.3716092737357321,bright,10,1.5113006354175216,10,1.8643773562246146,True
with_n2v,HRNet,2,Diamante-0020.tif,0.7056884765625,0.644725501537323,0.2812957763671875,0.28691745811885877,bright,5,3.1304747497018677,5,3.666823856999209,True
with_n2v,HRNet,2,Diamante-0021.tif,0.88519287109375,0.7570287585258484,0.269927978515625,0.21772091525300258,bright,5,1.9617316779774752,5,2.261636652434817,True
with_n2v,HRNet,2,Diamante-0022.tif,0.66973876953125,0.6242077946662903,0.2716827392578125,0.5711632535361647,bright,6,3.016556123992835,6,3.1492326440040572,True
with_n2v,HRNet,2,Diamante-0023.tif,0.61358642578125,0.5607149600982666,0.34661865234375,0.5117163736254918,bright,4,2.8146013470792237,5,2.7277277582753086,True
with_n2v,HRNet,2,Diamante-0024.tif,0.6003570556640625,0.5540363788604736,0.366302490234375,0.5308733193436491,bright,4,1.7054447598806237,4,1.5710580218154093,True
with_n2v,HRNet,2,Diamante-0025.tif,0.7921142578125,0.6900674700737,0.36474609375,0.2713018430164454,bright,20,1.2920749671087166,4,1.3914037108126576,False
with_n2v,HRNet,2,Diamante-0026.tif,0.4952545166015625,0.4567393660545349,0.4019622802734375,0.5262454441524366,bright,6,2.494206284744049,6,2.1122953002595906,True
with_n2v,HRNet,2,Diamante-0027.tif,0.7081756591796875,0.6248048543930054,0.4179229736328125,0.38416958825132785,bright,20,1.1968350048236347,14,1.7446656512676593,False
with_n2v,HRNet,2,Diamante-0028.tif,0.4451751708984375,0.4215568006038666,0.30902099609375,0.6180450880683608,bright,4,1.834623862914087,4,1.8750343283015212,True
with_n2v,HRNet,2,Diamante-0029.tif,0.668365478515625,0.6076553463935852,0.299407958984375,0.5654636360292767,bright,5,1.4941464491865726,5,1.3947271552616682,True
with_n2v,HRNet,2,Diamante-0030.tif,0.5598297119140625,0.5086663961410522,0.2920074462890625,0.5174362653435004,bright,4,1.6927351084550966,4,1.4749743340484118,True
with_n2v,UNetPP,1,Diamante-0001.tif,0.589263916015625,0.5531663298606873,0.4166717529296875,0.3182682599558512,bright,4,1.0636267863507558,4,1.8807464408615004,True
with_n2v,UNetPP,1,Diamante-0004.tif,0.6047515869140625,0.5624653697013855,0.447540283203125,0.361517575941582,bright,22,1.0997777962379605,6,1.2626976173866686,False
with_n2v,UNetPP,1,Diamante-0005.tif,0.6085357666015625,0.5597823858261108,0.4359588623046875,0.5102216263033037,bright,4,2.008806506632607,4,1.7678080455590859,True
with_n2v,UNetPP,1,Diamante-0006.tif,0.5275115966796875,0.5093747973442078,0.3729705810546875,0.43463620954342913,bright,10,1.7341791093841026,10,1.730169857885272,True
with_n2v,UNetPP,1,Diamante-0007.tif,0.502166748046875,0.4884437322616577,0.3944854736328125,0.39100876259211437,bright,11,1.6892554376480646,11,2.2284524433637163,True
with_n2v,UNetPP,1,Diamante-0008.tif,0.6160430908203125,0.5706481337547302,0.4193878173828125,0.4289303680030052,bright,4,2.9196661099296617,4,3.2081792209425397,True
with_n2v,UNetPP,1,Diamante-0009.tif,0.5119171142578125,0.5070953965187073,0.3907623291015625,0.6050618231523618,bright,5,4.602917836345904,5,3.6631662431770415,True
with_n2v,UNetPP,1,Diamante-0010.tif,0.5473480224609375,0.5368205308914185,0.4005584716796875,0.516723783038815,bright,6,3.6188744396964765,5,4.41227854251317,True
with_n2v,UNetPP,1,Diamante-0011.tif,0.49188232421875,0.4873151183128357,0.305145263671875,0.43585454365754756,bright,4,2.2089435076127715,4,1.9961994873536537,True
with_n2v,UNetPP,1,Diamante-0012.tif,0.638916015625,0.5836669206619263,0.4398651123046875,0.41288604825361286,bright,4,4.004886455654313,4,2.3694651188160183,True
with_n2v,UNetPP,1,Diamante-0013.tif,0.42626953125,0.438412070274353,0.272918701171875,0.6860833388025036,bright,5,1.7782758408144923,4,1.431078682478792,True
with_n2v,UNetPP,1,Diamante-0014.tif,0.391204833984375,0.3968122601509094,0.2801513671875,0.7327040931096553,bright,4,2.7391087067256894,4,2.2855306643631215,True
with_n2v,UNetPP,1,Diamante-0015.tif,0.5831298828125,0.5571377873420715,0.3777923583984375,0.3499144476040203,bright,4,3.241301324307807,4,3.0766216210925936,True
with_n2v,UNetPP,1,Diamante-0016.tif,0.6294708251953125,0.5957598686218262,0.36712646484375,0.4356768542798412,bright,4,3.99144447816608,4,4.222708165036599,True
with_n2v,UNetPP,1,Diamante-0017.tif,0.5863800048828125,0.5563920736312866,0.3231201171875,0.4191875370790907,bright,4,2.0251612215754444,4,1.6265664020369732,True
with_n2v,UNetPP,1,Diamante-0018.tif,0.5163726806640625,0.4976561367511749,0.4035186767578125,0.31058138638797456,bright,10,1.7295321276475093,10,1.916212702402274,True
with_n2v,UNetPP,1,Diamante-0019.tif,0.5864715576171875,0.5495513677597046,0.4069671630859375,0.34646381583319796,bright,10,1.5113006354175216,10,2.0131112160404556,True
with_n2v,UNetPP,1,Diamante-0020.tif,0.522216796875,0.5002371072769165,0.3186492919921875,0.27150751312125443,bright,5,3.1304747497018677,5,2.135469256396184,True
with_n2v,UNetPP,1,Diamante-0021.tif,0.4582672119140625,0.46419596672058105,0.556915283203125,0.2336583679617647,bright,5,1.9617316779774752,4,1.4807880683352828,True
with_n2v,UNetPP,1,Diamante-0022.tif,0.489166259765625,0.49139824509620667,0.3160552978515625,0.5775380519604942,bright,6,3.016556123992835,4,2.5239873154235872,True
with_n2v,UNetPP,1,Diamante-0023.tif,0.4312286376953125,0.45119550824165344,0.382659912109375,0.5090386763570949,bright,4,2.8146013470792237,4,2.391530433995691,True
with_n2v,UNetPP,1,Diamante-0024.tif,0.5352630615234375,0.5227621793746948,0.3882598876953125,0.48420158971790017,bright,4,1.7054447598806237,4,1.8383911429184587,True
with_n2v,UNetPP,1,Diamante-0025.tif,0.6606903076171875,0.5879205465316772,0.48394775390625,0.1507509634512049,bright,20,1.2920749671087166,5,1.5576789892824232,False
with_n2v,UNetPP,1,Diamante-0026.tif,0.393157958984375,0.41419321298599243,0.3535919189453125,0.4647026127070356,bright,6,2.494206284744049,4,1.692255752223082,True
with_n2v,UNetPP,1,Diamante-0027.tif,0.470855712890625,0.48055171966552734,0.41693115234375,0.3109284587845255,bright,20,1.1968350048236347,16,1.7637470266449187,False
with_n2v,UNetPP,1,Diamante-0028.tif,0.4581146240234375,0.446185439825058,0.3962249755859375,0.5671264464694332,bright,4,1.834623862914087,4,1.663483165928847,True
with_n2v,UNetPP,1,Diamante-0029.tif,0.6091766357421875,0.5804716944694519,0.297271728515625,0.5172806047457066,bright,5,1.4941464491865726,5,1.3557016944416052,True
with_n2v,UNetPP,1,Diamante-0030.tif,0.532958984375,0.5233135223388672,0.3240966796875,0.45064211938686244,bright,4,1.6927351084550966,4,1.2880550388315664,True
with_n2v,UNetPP,2,Diamante-0001.tif,0.575958251953125,0.5448988080024719,0.371368408203125,0.36099326396750064,bright,4,1.0636267863507558,4,2.508614599420791,True
with_n2v,UNetPP,2,Diamante-0004.tif,0.6158447265625,0.5669198632240295,0.4190216064453125,0.46831069769475236,bright,22,1.0997777962379605,14,1.5513361973387316,False
with_n2v,UNetPP,2,Diamante-0005.tif,0.54461669921875,0.5204018354415894,0.4271240234375,0.6134921310902831,bright,4,2.008806506632607,4,2.2167186016304368,True
with_n2v,UNetPP,2,Diamante-0006.tif,0.426239013671875,0.4438895583152771,0.275360107421875,0.40736400168697207,bright,10,1.7341791093841026,10,1.4094428558352774,True
with_n2v,UNetPP,2,Diamante-0007.tif,0.4132232666015625,0.43119025230407715,0.34967041015625,0.41601331816895054,bright,11,1.6892554376480646,11,2.238149038857867,True
with_n2v,UNetPP,2,Diamante-0008.tif,0.65936279296875,0.6039905548095703,0.350128173828125,0.49328683005790536,bright,4,2.9196661099296617,4,4.070242983391346,True
with_n2v,UNetPP,2,Diamante-0009.tif,0.55267333984375,0.5364969968795776,0.3765411376953125,0.6462727335435103,bright,5,4.602917836345904,5,4.422336274391632,True
with_n2v,UNetPP,2,Diamante-0010.tif,0.5583343505859375,0.5390375852584839,0.3916168212890625,0.6292383769596784,bright,6,3.6188744396964765,5,4.594942427000933,True
with_n2v,UNetPP,2,Diamante-0011.tif,0.41754150390625,0.4373030960559845,0.282196044921875,0.4746424980178879,bright,4,2.2089435076127715,4,2.1304100766208642,True
with_n2v,UNetPP,2,Diamante-0012.tif,0.587066650390625,0.5528573989868164,0.378021240234375,0.5107153679889337,bright,4,4.004886455654313,4,4.01623519910108,True
with_n2v,UNetPP,2,Diamante-0013.tif,0.46014404296875,0.4718429446220398,0.251495361328125,0.6912620929904831,bright,5,1.7782758408144923,4,1.4038599093287507,True
with_n2v,UNetPP,2,Diamante-0014.tif,0.444915771484375,0.44592833518981934,0.2559661865234375,0.7706644679162519,bright,4,2.7391087067256894,4,2.2412971380096276,True
with_n2v,UNetPP,2,Diamante-0015.tif,0.48046875,0.49655646085739136,0.3426666259765625,0.3938832013211131,bright,4,3.241301324307807,4,3.5080650522330643,True
with_n2v,UNetPP,2,Diamante-0016.tif,0.6027679443359375,0.5790680050849915,0.3268890380859375,0.49054253726778013,bright,4,3.99144447816608,4,4.3448992932346195,True
with_n2v,UNetPP,2,Diamante-0017.tif,0.4773406982421875,0.48115482926368713,0.2854156494140625,0.46958259518233497,bright,4,2.0251612215754444,4,2.2244153203663215,True
with_n2v,UNetPP,2,Diamante-0018.tif,0.4380340576171875,0.45665284991264343,0.3316650390625,0.3150310627230133,bright,10,1.7295321276475093,10,1.656652728132769,True
with_n2v,UNetPP,2,Diamante-0019.tif,0.5285491943359375,0.5194888710975647,0.3668365478515625,0.3471135941701666,bright,10,1.5113006354175216,4,1.2518182660173263,False
with_n2v,UNetPP,2,Diamante-0020.tif,0.5980682373046875,0.5603204965591431,0.282562255859375,0.266665582471914,bright,5,3.1304747497018677,5,3.5502839034507163,True
with_n2v,UNetPP,2,Diamante-0021.tif,0.558319091796875,0.5163478851318359,0.57318115234375,0.2402309239705272,bright,5,1.9617316779774752,4,2.6543239075806753,True
with_n2v,UNetPP,2,Diamante-0022.tif,0.50067138671875,0.5069217681884766,0.262939453125,0.5987753593710049,bright,6,3.016556123992835,4,2.494435552123254,True
with_n2v,UNetPP,2,Diamante-0023.tif,0.432098388671875,0.45813900232315063,0.323516845703125,0.5634142517784964,bright,4,2.8146013470792237,4,2.767192753729863,True
with_n2v,UNetPP,2,Diamante-0024.tif,0.5393524169921875,0.5236315727233887,0.3927459716796875,0.5490902093789162,bright,4,1.7054447598806237,4,1.9023375343317455,True
with_n2v,UNetPP,2,Diamante-0025.tif,0.7816314697265625,0.6427263021469116,0.47491455078125,0.17599530380961842,bright,20,1.2920749671087166,15,1.8149104603471689,False
with_n2v,UNetPP,2,Diamante-0026.tif,0.40924072265625,0.4249255657196045,0.40362548828125,0.5441458506433626,bright,6,2.494206284744049,4,1.828937129529523,True
with_n2v,UNetPP,2,Diamante-0027.tif,0.5740203857421875,0.5501254796981812,0.4019012451171875,0.3183483583732072,bright,20,1.1968350048236347,16,1.910675084366133,False
with_n2v,UNetPP,2,Diamante-0028.tif,0.3596038818359375,0.38733747601509094,0.319183349609375,0.5564932760738004,bright,4,1.834623862914087,4,1.631303859220811,True
with_n2v,UNetPP,2,Diamante-0029.tif,0.60491943359375,0.5799428820610046,0.3094635009765625,0.540439456379412,bright,5,1.4941464491865726,5,1.6636035991492462,True
with_n2v,UNetPP,2,Diamante-0030.tif,0.444122314453125,0.4599164128303528,0.2998504638671875,0.5072819238327171,bright,4,1.6927351084550966,4,1.8922440312003797,True
with_n2v,UNetPP,3,Diamante-0001.tif,0.489593505859375,0.4909880459308624,0.3903656005859375,0.31924141852208077,bright,4,1.0636267863507558,4,2.071420491449138,True
with_n2v,UNetPP,3,Diamante-0004.tif,0.3941497802734375,0.4274311661720276,0.430511474609375,0.47092377670406094,bright,22,1.0997777962379605,5,1.5736984934003846,False
with_n2v,UNetPP,3,Diamante-0005.tif,0.4760894775390625,0.47591274976730347,0.31915283203125,0.5463448775118014,bright,4,2.008806506632607,4,2.4836604995638107,True
with_n2v,UNetPP,3,Diamante-0006.tif,0.4170074462890625,0.4461442530155182,0.3325653076171875,0.3760923304615229,bright,10,1.7341791093841026,10,2.107235017352499,True
with_n2v,UNetPP,3,Diamante-0007.tif,0.4098052978515625,0.42575716972351074,0.4014892578125,0.37334231395597345,bright,11,1.6892554376480646,11,2.353448024180058,True
with_n2v,UNetPP,3,Diamante-0008.tif,0.5526580810546875,0.5382001399993896,0.4140777587890625,0.41642633407677687,bright,4,2.9196661099296617,4,4.144744008416765,True
with_n2v,UNetPP,3,Diamante-0009.tif,0.4484405517578125,0.4768531322479248,0.3478546142578125,0.5795901169150443,bright,5,4.602917836345904,5,4.629914211316825,True
with_n2v,UNetPP,3,Diamante-0010.tif,0.4821624755859375,0.49459201097488403,0.41900634765625,0.501413134456066,bright,6,3.6188744396964765,4,3.845163729117467,True
with_n2v,UNetPP,3,Diamante-0011.tif,0.39422607421875,0.4258548617362976,0.353729248046875,0.44090742767983365,bright,4,2.2089435076127715,4,2.3957226677984984,True
with_n2v,UNetPP,3,Diamante-0012.tif,0.541900634765625,0.5298245549201965,0.4027557373046875,0.4118034085979746,bright,4,4.004886455654313,4,4.526668503385962,True
with_n2v,UNetPP,3,Diamante-0013.tif,0.448577880859375,0.4617575407028198,0.26361083984375,0.656568176065465,bright,5,1.7782758408144923,5,2.012740106886488,True
with_n2v,UNetPP,3,Diamante-0014.tif,0.4214630126953125,0.430392861366272,0.287994384765625,0.7014879686209619,bright,4,2.7391087067256894,4,3.2956978439919227,True
with_n2v,UNetPP,3,Diamante-0015.tif,0.480987548828125,0.49989014863967896,0.390045166015625,0.3498977902901173,bright,4,3.241301324307807,4,3.53366544523332,True
with_n2v,UNetPP,3,Diamante-0016.tif,0.4792633056640625,0.49234944581985474,0.3436431884765625,0.4349543072140636,bright,4,3.99144447816608,4,5.396604028555586,True
with_n2v,UNetPP,3,Diamante-0017.tif,0.4732208251953125,0.48978185653686523,0.3974456787109375,0.4051968872473435,bright,4,2.0251612215754444,4,2.05881233149139,True
with_n2v,UNetPP,3,Diamante-0018.tif,0.449615478515625,0.46948766708374023,0.391815185546875,0.26826439695838405,bright,10,1.7295321276475093,10,2.060925920118612,True
with_n2v,UNetPP,3,Diamante-0019.tif,0.503814697265625,0.5019139647483826,0.474365234375,0.32809126611388867,bright,10,1.5113006354175216,10,1.9282810644273778,True
with_n2v,UNetPP,3,Diamante-0020.tif,0.560516357421875,0.5268855094909668,0.306854248046875,0.26875414517233304,bright,5,3.1304747497018677,5,5.5610649847919635,True
with_n2v,UNetPP,3,Diamante-0021.tif,0.562225341796875,0.5189447999000549,0.583953857421875,0.22892943915108122,bright,5,1.9617316779774752,5,2.9696980296987925,True
with_n2v,UNetPP,3,Diamante-0022.tif,0.4599761962890625,0.47736895084381104,0.2846527099609375,0.5596384106617441,bright,6,3.016556123992835,6,3.6378364926971525,True
with_n2v,UNetPP,3,Diamante-0023.tif,0.457794189453125,0.47883114218711853,0.3493499755859375,0.42584545050110617,bright,4,2.8146013470792237,4,3.1143526469036416,True
with_n2v,UNetPP,3,Diamante-0024.tif,0.4743194580078125,0.480745792388916,0.2996826171875,0.4727031539902776,bright,4,1.7054447598806237,4,1.8947763191465496,True
with_n2v,UNetPP,3,Diamante-0025.tif,0.40997314453125,0.46418100595474243,0.7704315185546875,0.19109808431078287,bright,20,1.2920749671087166,15,1.6250439888954475,False
with_n2v,UNetPP,3,Diamante-0026.tif,0.258880615234375,0.29274311661720276,0.24560546875,0.4428326003186293,bright,6,2.494206284744049,6,1.9824423243354674,True
with_n2v,UNetPP,3,Diamante-0027.tif,0.4007415771484375,0.44290846586227417,0.4803314208984375,0.279893403522431,bright,20,1.1968350048236347,16,1.7277987545153375,False
with_n2v,UNetPP,3,Diamante-0028.tif,0.40716552734375,0.4057016372680664,0.3046417236328125,0.5418163424045349,bright,4,1.834623862914087,4,2.0292728793590262,True
with_n2v,UNetPP,3,Diamante-0029.tif,0.565887451171875,0.5594706535339355,0.3521881103515625,0.5250718272720561,bright,5,1.4941464491865726,5,1.5170547282528728,True
with_n2v,UNetPP,3,Diamante-0030.tif,0.4260101318359375,0.4488503336906433,0.3433074951171875,0.4632906713608385,bright,4,1.6927351084550966,4,1.7168850481174998,True
with_n2v,UNetPP,4,Diamante-0001.tif,0.5715484619140625,0.517406165599823,0.6756134033203125,0.362141051079118,bright,4,1.0636267863507558,4,1.4051627781579394,True
with_n2v,UNetPP,4,Diamante-0004.tif,0.7293243408203125,0.5772456526756287,0.7560882568359375,0.48837958566168344,bright,22,1.0997777962379605,6,1.3492832983632685,False
with_n2v,UNetPP,4,Diamante-0005.tif,0.679656982421875,0.5644437074661255,0.6622772216796875,0.6943541223641402,bright,4,2.008806506632607,4,2.0254870981149553,True
with_n2v,UNetPP,4,Diamante-0006.tif,0.522308349609375,0.4962371587753296,0.5450439453125,0.5150908165337933,bright,10,1.7341791093841026,10,1.6167780520579587,True
with_n2v,UNetPP,4,Diamante-0007.tif,0.5205078125,0.48202186822891235,0.5913238525390625,0.4678255540536133,bright,11,1.6892554376480646,11,2.0776298716788237,True
with_n2v,UNetPP,4,Diamante-0008.tif,0.7391815185546875,0.6129257678985596,0.5985565185546875,0.5427113346004391,bright,4,2.9196661099296617,4,3.963169410774593,True
with_n2v,UNetPP,4,Diamante-0009.tif,0.6560211181640625,0.5819275379180908,0.493408203125,0.67359045206372,bright,5,4.602917836345904,5,3.3008801822915355,True
with_n2v,UNetPP,4,Diamante-0010.tif,0.6915130615234375,0.59528648853302,0.5475311279296875,0.626438724727445,bright,6,3.6188744396964765,6,3.397845316483514,True
with_n2v,UNetPP,4,Diamante-0011.tif,0.5347442626953125,0.5044885277748108,0.463165283203125,0.5494966765860808,bright,4,2.2089435076127715,4,2.0441534992623756,True
with_n2v,UNetPP,4,Diamante-0012.tif,0.7246856689453125,0.5993649959564209,0.65667724609375,0.5666889708642112,bright,4,4.004886455654313,4,3.0698169832892472,True
with_n2v,UNetPP,4,Diamante-0013.tif,0.5483856201171875,0.526712954044342,0.29840087890625,0.6857389011763885,bright,5,1.7782758408144923,8,2.7354521245737344,False
with_n2v,UNetPP,4,Diamante-0014.tif,0.49835205078125,0.47293782234191895,0.267578125,0.7551867683355921,bright,4,2.7391087067256894,4,1.8714849275572798,True
with_n2v,UNetPP,4,Diamante-0015.tif,0.6164093017578125,0.5669469833374023,0.5177154541015625,0.4500319919905372,bright,4,3.241301324307807,4,2.946608623019728,True
with_n2v,UNetPP,4,Diamante-0016.tif,0.708251953125,0.6284803152084351,0.4314727783203125,0.49767849365922884,bright,4,3.99144447816608,4,2.6188490734073397,True
with_n2v,UNetPP,4,Diamante-0017.tif,0.6197509765625,0.5627396106719971,0.4838409423828125,0.4876117465779215,bright,4,2.0251612215754444,4,1.6990276337428019,True
with_n2v,UNetPP,4,Diamante-0018.tif,0.524627685546875,0.5023342967033386,0.600555419921875,0.3985830489034685,bright,10,1.7295321276475093,10,2.0313869974983776,True
with_n2v,UNetPP,4,Diamante-0019.tif,0.6176910400390625,0.5508348345756531,0.5899658203125,0.4078300671977504,bright,10,1.5113006354175216,4,1.1733353936416928,False
with_n2v,UNetPP,4,Diamante-0020.tif,0.635650634765625,0.5676546096801758,0.3699798583984375,0.29405651100834806,bright,5,3.1304747497018677,5,1.9300354890387903,True
with_n2v,UNetPP,4,Diamante-0021.tif,0.569366455078125,0.5122836828231812,0.6544189453125,0.26608933388593214,bright,5,1.9617316779774752,4,1.7468459000857226,True
with_n2v,UNetPP,4,Diamante-0022.tif,0.589324951171875,0.5600279569625854,0.348663330078125,0.614220315380436,bright,6,3.016556123992835,4,1.855568452768442,True
with_n2v,UNetPP,4,Diamante-0023.tif,0.6089019775390625,0.5516060590744019,0.5832977294921875,0.5543032645122469,bright,4,2.8146013470792237,4,2.492683978891097,True
with_n2v,UNetPP,4,Diamante-0024.tif,0.6454315185546875,0.5778761506080627,0.5277252197265625,0.5903010209790197,bright,4,1.7054447598806237,4,1.6989199803872426,True
with_n2v,UNetPP,4,Diamante-0025.tif,0.374908447265625,0.46945422887802124,0.9703826904296875,0.2058568601204976,bright,20,1.2920749671087166,4,1.3556030345224912,False
with_n2v,UNetPP,4,Diamante-0026.tif,0.4993133544921875,0.4704899191856384,0.6142730712890625,0.597501838179488,bright,6,2.494206284744049,4,1.8425458599550744,True
with_n2v,UNetPP,4,Diamante-0027.tif,0.704803466796875,0.5424736142158508,0.9230804443359375,0.42274604986298553,bright,20,1.1968350048236347,15,1.710352516725594,False
with_n2v,UNetPP,4,Diamante-0028.tif,0.5091094970703125,0.4851163923740387,0.454681396484375,0.7016985896818024,bright,4,1.834623862914087,4,1.776218204517755,True
with_n2v,UNetPP,4,Diamante-0029.tif,0.6807098388671875,0.6059137582778931,0.4580841064453125,0.6268141693122053,bright,5,1.4941464491865726,5,1.4969487481296266,True
with_n2v,UNetPP,4,Diamante-0030.tif,0.6080169677734375,0.5580343008041382,0.4794464111328125,0.5271589309557339,bright,4,1.6927351084550966,4,1.4107288351908012,True
with_n2v,UNetPP,5,Diamante-0001.tif,0.4169769287109375,0.4438026547431946,0.4354248046875,0.4699021236347972,bright,4,1.0636267863507558,4,1.1095062290366415,True
with_n2v,UNetPP,5,Diamante-0004.tif,0.4820709228515625,0.49808692932128906,0.4122772216796875,0.49734227222235877,bright,22,1.0997777962379605,17,1.5587019445752683,False
with_n2v,UNetPP,5,Diamante-0005.tif,0.396881103515625,0.4205496311187744,0.3042144775390625,0.6526862906285139,bright,4,2.008806506632607,10,1.3569879480768863,False
with_n2v,UNetPP,5,Diamante-0006.tif,0.38592529296875,0.404470294713974,0.28936767578125,0.48109294896395277,bright,10,1.7341791093841026,10,2.0099203378494197,True
with_n2v,UNetPP,5,Diamante-0007.tif,0.3570556640625,0.38099998235702515,0.313323974609375,0.4496329223732363,bright,11,1.6892554376480646,11,2.4917957131849415,True
with_n2v,UNetPP,5,Diamante-0008.tif,0.59808349609375,0.570528507232666,0.3903656005859375,0.48897499879709755,bright,4,2.9196661099296617,4,2.8551358669756675,True
with_n2v,UNetPP,5,Diamante-0009.tif,0.5024566650390625,0.5023791790008545,0.2878265380859375,0.6442252802153042,bright,5,4.602917836345904,6,3.2384649227297575,True
with_n2v,UNetPP,5,Diamante-0010.tif,0.5305023193359375,0.5244506597518921,0.3124237060546875,0.61224511283024,bright,6,3.6188744396964765,6,3.3828954257443185,True
with_n2v,UNetPP,5,Diamante-0011.tif,0.4693450927734375,0.4654923975467682,0.284271240234375,0.5170243876979761,bright,4,2.2089435076127715,4,1.6024920515824268,True
with_n2v,UNetPP,5,Diamante-0012.tif,0.5537567138671875,0.5399093627929688,0.4021759033203125,0.5205132165046046,bright,4,4.004886455654313,5,2.798409938889233,True
with_n2v,UNetPP,5,Diamante-0013.tif,0.5147247314453125,0.5085783004760742,0.20318603515625,0.6836262726290259,bright,5,1.7782758408144923,8,2.8203652946706894,False
with_n2v,UNetPP,5,Diamante-0014.tif,0.4531097412109375,0.44934242963790894,0.1919403076171875,0.7493427180266307,bright,4,2.7391087067256894,4,1.8844304985322766,True
with_n2v,UNetPP,5,Diamante-0015.tif,0.4870452880859375,0.4910419285297394,0.3180694580078125,0.44612833638587857,bright,4,3.241301324307807,4,2.3996485708998456,True
with_n2v,UNetPP,5,Diamante-0016.tif,0.6869049072265625,0.645858645439148,0.2897186279296875,0.5398949682415861,bright,4,3.99144447816608,4,3.228175415043409,True
with_n2v,UNetPP,5,Diamante-0017.tif,0.495574951171875,0.4852350354194641,0.2658233642578125,0.4733994808406121,bright,4,2.0251612215754444,10,1.7821322974286848,False
with_n2v,UNetPP,5,Diamante-0018.tif,0.4011077880859375,0.4197429120540619,0.3364105224609375,0.3616231218290991,bright,10,1.7295321276475093,10,1.97410129209367,True
with_n2v,UNetPP,5,Diamante-0019.tif,0.4334564208984375,0.44302845001220703,0.33599853515625,0.359768184478717,bright,10,1.5113006354175216,10,2.0437828626224555,True
with_n2v,UNetPP,5,Diamante-0020.tif,0.6367950439453125,0.6063411831855774,0.314666748046875,0.2674723386886615,bright,5,3.1304747497018677,5,1.8675477547335702,True
with_n2v,UNetPP,5,Diamante-0021.tif,0.676025390625,0.5964640378952026,0.4872283935546875,0.1961380176578151,bright,5,1.9617316779774752,4,2.01984849798713,True
with_n2v,UNetPP,5,Diamante-0022.tif,0.5738983154296875,0.5618159174919128,0.245147705078125,0.60390118942438,bright,6,3.016556123992835,4,2.0894052724196883,True
with_n2v,UNetPP,5,Diamante-0023.tif,0.5106201171875,0.5089311003684998,0.3487396240234375,0.5621863766592593,bright,4,2.8146013470792237,7,2.4678495921619796,False
with_n2v,UNetPP,5,Diamante-0024.tif,0.4835052490234375,0.49066466093063354,0.3347015380859375,0.5430617424394456,bright,4,1.7054447598806237,4,1.627978075187428,True
with_n2v,UNetPP,5,Diamante-0025.tif,0.377716064453125,0.42871230840682983,0.4821014404296875,0.34111138668283836,bright,20,1.2920749671087166,15,1.4571507141387832,False
with_n2v,UNetPP,5,Diamante-0026.tif,0.338470458984375,0.36186841130256653,0.2804718017578125,0.531156727986242,bright,6,2.494206284744049,4,1.4959618565286155,True
with_n2v,UNetPP,5,Diamante-0027.tif,0.4713287353515625,0.4870491623878479,0.472747802734375,0.39717582489147213,bright,20,1.1968350048236347,16,1.525661697755395,False
with_n2v,UNetPP,5,Diamante-0028.tif,0.3336181640625,0.3538875877857208,0.22998046875,0.6237203968328092,bright,4,1.834623862914087,14,1.8057359440305598,False
with_n2v,UNetPP,5,Diamante-0029.tif,0.5693817138671875,0.5537094473838806,0.273284912109375,0.5871720221266129,bright,5,1.4941464491865726,5,1.1688761064093636,True
with_n2v,UNetPP,5,Diamante-0030.tif,0.4802093505859375,0.47787779569625854,0.2697296142578125,0.5139625524637988,bright,4,1.6927351084550966,10,2.2322067105847276,False
